run_id,experiment_id,status,artifact_uri,start_time,end_time,metrics.lr-AdamW,metrics.test_pearson,metrics.epoch,metrics.test_spearman,metrics.train_loss,metrics.test_r2,metrics.val_spearman,metrics.val_loss,metrics.val_pearson,metrics.test_loss,metrics.val_r2,metrics.wait_count,metrics.best_score,metrics.stopped_epoch,metrics.restored_epoch,params.symmetric_shift,params.high_confidence_te_path,params.activation,params.num_conv_layers,params.kernel_size,params.legnet_bn_momentum,params.conv_stride,params.max_utr5_len,params.valid_fold,params.tx_info_path,params.differentiable,params.ks,params.adam_beta1,params.epochs,params.optimizer_name,params.rnn_type,params.num_heads,params.swa_lrs,params.model_class,params.filter_per_group,params.len_after_conv,params.split_utr5_cds_utr3_channels,params.max_seq_len,params.target_column_pattern,params.fused,params.use_Saluki_head,params.inner_cv_folds,params.betas,params.test_fold,params.eps,params.dropout,params.label_codons,params.amsgrad,params.ln_epsilon,params.use_double_linear_layer_head,params.lr,params.val_batch_size,params.high_confidence_tx_info_2_path,params.sample_info_path,params.se_reduction,params.train_batch_size,params.skip_transformer_layers,params.max_shift,params.high_confidence_tx_info_path,params.with_NAs,params.residual,params.remove_extreme_txs,params.conv_padding,params.label_utr5,params.outer_cv_folds,params.maximize,params.go_backwards,params.resize_factor,params.bn_momentum,params.swa_epoch_start,params.l2_scale,params.max_cds_utr3_len,params.individual_task_head,params.num_tfm_layers,params.weight_decay,params.capturable,params.label_up_probs,params.adam_beta2,params.pad_5_prime,params.augmentation_shifts,params.all_te_path,params.conv_dilation,params.foreach,params.label_3rd_nt_of_codons,params.num_targets,params.filters,params.optimizer,params.block_sizes,params.num_workers,params.label_utr3,params.label_splice_sites,params.test_batch_size,params.monitor,params.stopped_epoch,params.mode,params.min_delta,params.patience,tags.Mode,tags.mlflow.note.content,tags.mlflow.parentRunId,tags.mlflow.rootRunId,tags.mlflow.source.name,tags.mlflow.source.git.commit,tags.mlflow.log-model.history,tags.mlflow.runName,tags.mlflow.user,tags.mlflow.source.type
057db008d02743f4b319c5961b00ed41,3783008913534056,FINISHED,UPSTREAM_ARTIFACT_URI,2023-09-25 20:11:19.860000+00:00,2023-09-25 21:36:14.805000+00:00,6.25e-06,0.7211421132087708,200.0,0.7094568014144897,0.46670258045196533,0.5140881538391113,0.7035859823226929,0.43602389097213745,0.7168945074081421,0.4219520390033722,0.5077342391014099,,,,,True,data/Human_TE_paxdb_filter_hepg2all_fin.csv,relu,10,5,0.1,1,1381,8,data/appris_TE_with_NAs_07202023.txt,False,5,0.9,200,AdamW,gru,1,2.5e-06,TECNNMultiTasks,2,9,False,12288,^TE_,None,False,9,"(0.9, 0.998)",9,1e-08,0.3,True,False,0.007,True,0.0001,128,data/Human_TE_paxdb_filter_hepg2all_tx_info_with_delta_TE.txt,data/name_information.txt,4,64,False,0,data/Human_TE_paxdb_filter_hepg2all_tx_info.txt,True,False,True,0,False,10,False,True,2,0.9,60,0.001,11937,SingleLinearLayerHead,1,0.001,False,False,0.998,True,"[-3, -2, -1, 0, 1, 2, 3]",data/human_TE_cellline_all_NA_plain_07202023.csv,1,None,False,78,64,AdamW,"[64, 64, 64, 64, 64, 64, 64]",32,False,False,128,,,,,,testing,Test fold: 9. Validation fold: 8,8c8e8a779da245d1a5dd90af1d63787b,8c8e8a779da245d1a5dd90af1d63787b,upstream/src/main.py,435215584668198691c7be4caabd29c71fde43ee,"[{""artifact_path"":""model"",""flavors"":{""pytorch"":{""model_data"":""data"",""pytorch_version"":""2.0.0+cu117"",""code"":null},""python_function"":{""data"":""data"",""pickle_module_name"":""mlflow.pytorch.pickle_module"",""loader_module"":""mlflow.pytorch"",""env"":{""conda"":""conda.yaml"",""virtualenv"":""python_env.yaml""},""python_version"":""3.10.9""}},""run_id"":""057db008d02743f4b319c5961b00ed41"",""model_uuid"":""af89f2fbfac14a6b80f7c286669beaa6"",""utc_time_created"":""2023-09-25 21:35:55.399726"",""mlflow_version"":""2.3.2""}]",skillful-shrike-836,UPSTREAM_AUTHOR,LOCAL
9143579890a34b8185275db54d5232cc,3783008913534056,FINISHED,UPSTREAM_ARTIFACT_URI,2023-09-25 18:45:32.665000+00:00,2023-09-25 20:11:19.700000+00:00,1e-06,0.7100184559822083,200.0,0.6990318298339844,0.4763263761997223,0.49955883622169495,0.6985375881195068,0.4482574760913849,0.7037197351455688,0.4345622658729553,0.4880305826663971,,,,,True,data/Human_TE_paxdb_filter_hepg2all_fin.csv,relu,10,5,0.1,1,1381,7,data/appris_TE_with_NAs_07202023.txt,False,5,0.9,200,AdamW,gru,1,2.5e-06,TECNNMultiTasks,2,9,False,12288,^TE_,None,False,9,"(0.9, 0.998)",9,1e-08,0.3,True,False,0.007,True,0.0001,128,data/Human_TE_paxdb_filter_hepg2all_tx_info_with_delta_TE.txt,data/name_information.txt,4,64,False,0,data/Human_TE_paxdb_filter_hepg2all_tx_info.txt,True,False,True,0,False,10,False,True,2,0.9,60,0.001,11937,SingleLinearLayerHead,1,0.001,False,False,0.998,True,"[-3, -2, -1, 0, 1, 2, 3]",data/human_TE_cellline_all_NA_plain_07202023.csv,1,None,False,78,64,AdamW,"[64, 64, 64, 64, 64, 64, 64]",32,False,False,128,,,,,,testing,Test fold: 9. Validation fold: 7,8c8e8a779da245d1a5dd90af1d63787b,8c8e8a779da245d1a5dd90af1d63787b,upstream/src/main.py,435215584668198691c7be4caabd29c71fde43ee,"[{""artifact_path"":""model"",""flavors"":{""pytorch"":{""model_data"":""data"",""pytorch_version"":""2.0.0+cu117"",""code"":null},""python_function"":{""data"":""data"",""pickle_module_name"":""mlflow.pytorch.pickle_module"",""loader_module"":""mlflow.pytorch"",""env"":{""conda"":""conda.yaml"",""virtualenv"":""python_env.yaml""},""python_version"":""3.10.9""}},""run_id"":""9143579890a34b8185275db54d5232cc"",""model_uuid"":""4941790f4c134532820c32784d7d017a"",""utc_time_created"":""2023-09-25 20:11:00.491639"",""mlflow_version"":""2.3.2""}]",abrasive-dolphin-70,UPSTREAM_AUTHOR,LOCAL
7b60785f84d84eaeb9b2a62b84a276cd,3783008913534056,FINISHED,UPSTREAM_ARTIFACT_URI,2023-09-25 17:17:26.238000+00:00,2023-09-25 18:45:32.523000+00:00,1e-06,0.7136036157608032,200.0,0.7039140462875366,0.38654646277427673,0.5068735480308533,0.7027060985565186,0.43069180846214294,0.7108165621757507,0.4282345175743103,0.5017424821853638,,,,,True,data/Human_TE_paxdb_filter_hepg2all_fin.csv,relu,10,5,0.1,1,1381,6,data/appris_TE_with_NAs_07202023.txt,False,5,0.9,200,AdamW,gru,1,2.5e-06,TECNNMultiTasks,2,9,False,12288,^TE_,None,False,9,"(0.9, 0.998)",9,1e-08,0.3,True,False,0.007,True,0.0001,128,data/Human_TE_paxdb_filter_hepg2all_tx_info_with_delta_TE.txt,data/name_information.txt,4,64,False,0,data/Human_TE_paxdb_filter_hepg2all_tx_info.txt,True,False,True,0,False,10,False,True,2,0.9,60,0.001,11937,SingleLinearLayerHead,1,0.001,False,False,0.998,True,"[-3, -2, -1, 0, 1, 2, 3]",data/human_TE_cellline_all_NA_plain_07202023.csv,1,None,False,78,64,AdamW,"[64, 64, 64, 64, 64, 64, 64]",32,False,False,128,,,,,,testing,Test fold: 9. Validation fold: 6,8c8e8a779da245d1a5dd90af1d63787b,8c8e8a779da245d1a5dd90af1d63787b,upstream/src/main.py,435215584668198691c7be4caabd29c71fde43ee,"[{""artifact_path"":""model"",""flavors"":{""pytorch"":{""model_data"":""data"",""pytorch_version"":""2.0.0+cu117"",""code"":null},""python_function"":{""data"":""data"",""pickle_module_name"":""mlflow.pytorch.pickle_module"",""loader_module"":""mlflow.pytorch"",""env"":{""conda"":""conda.yaml"",""virtualenv"":""python_env.yaml""},""python_version"":""3.10.9""}},""run_id"":""7b60785f84d84eaeb9b2a62b84a276cd"",""model_uuid"":""dc98ef1a1c934d868fd6e5e98a2f6351"",""utc_time_created"":""2023-09-25 18:45:13.373165"",""mlflow_version"":""2.3.2""}]",serious-midge-203,UPSTREAM_AUTHOR,LOCAL
644d797500e24d22aebfd58c7ac5a403,3783008913534056,FINISHED,UPSTREAM_ARTIFACT_URI,2023-09-25 15:44:17.916000+00:00,2023-09-25 17:17:26.063000+00:00,1e-06,0.7090252041816711,200.0,0.6991560459136963,0.35065943002700806,0.5015609264373779,0.7179786562919617,0.46642839908599854,0.732072114944458,0.4328860640525818,0.47811979055404663,,,,,True,data/Human_TE_paxdb_filter_hepg2all_fin.csv,relu,10,5,0.1,1,1381,5,data/appris_TE_with_NAs_07202023.txt,False,5,0.9,200,AdamW,gru,1,2.5e-06,TECNNMultiTasks,2,9,False,12288,^TE_,None,False,9,"(0.9, 0.998)",9,1e-08,0.3,True,False,0.007,True,0.0001,128,data/Human_TE_paxdb_filter_hepg2all_tx_info_with_delta_TE.txt,data/name_information.txt,4,64,False,0,data/Human_TE_paxdb_filter_hepg2all_tx_info.txt,True,False,True,0,False,10,False,True,2,0.9,60,0.001,11937,SingleLinearLayerHead,1,0.001,False,False,0.998,True,"[-3, -2, -1, 0, 1, 2, 3]",data/human_TE_cellline_all_NA_plain_07202023.csv,1,None,False,78,64,AdamW,"[64, 64, 64, 64, 64, 64, 64]",32,False,False,128,,,,,,testing,Test fold: 9. Validation fold: 5,8c8e8a779da245d1a5dd90af1d63787b,8c8e8a779da245d1a5dd90af1d63787b,upstream/src/main.py,435215584668198691c7be4caabd29c71fde43ee,"[{""artifact_path"":""model"",""flavors"":{""pytorch"":{""model_data"":""data"",""pytorch_version"":""2.0.0+cu117"",""code"":null},""python_function"":{""data"":""data"",""pickle_module_name"":""mlflow.pytorch.pickle_module"",""loader_module"":""mlflow.pytorch"",""env"":{""conda"":""conda.yaml"",""virtualenv"":""python_env.yaml""},""python_version"":""3.10.9""}},""run_id"":""644d797500e24d22aebfd58c7ac5a403"",""model_uuid"":""01b67078b3804ecb81fea86d3439a35c"",""utc_time_created"":""2023-09-25 17:17:07.127970"",""mlflow_version"":""2.3.2""}]",chill-ant-929,UPSTREAM_AUTHOR,LOCAL
f0d91ad02e584847a51cfbac39e9cb28,3783008913534056,FINISHED,UPSTREAM_ARTIFACT_URI,2023-09-25 14:17:05.468000+00:00,2023-09-25 15:44:17.782000+00:00,1e-06,0.7101231217384338,200.0,0.6994788646697998,0.4693349003791809,0.49864864349365234,0.6910424828529358,0.4405146837234497,0.7057212591171265,0.43541309237480164,0.48387619853019714,,,,,True,data/Human_TE_paxdb_filter_hepg2all_fin.csv,relu,10,5,0.1,1,1381,4,data/appris_TE_with_NAs_07202023.txt,False,5,0.9,200,AdamW,gru,1,2.5e-06,TECNNMultiTasks,2,9,False,12288,^TE_,None,False,9,"(0.9, 0.998)",9,1e-08,0.3,True,False,0.007,True,0.0001,128,data/Human_TE_paxdb_filter_hepg2all_tx_info_with_delta_TE.txt,data/name_information.txt,4,64,False,0,data/Human_TE_paxdb_filter_hepg2all_tx_info.txt,True,False,True,0,False,10,False,True,2,0.9,60,0.001,11937,SingleLinearLayerHead,1,0.001,False,False,0.998,True,"[-3, -2, -1, 0, 1, 2, 3]",data/human_TE_cellline_all_NA_plain_07202023.csv,1,None,False,78,64,AdamW,"[64, 64, 64, 64, 64, 64, 64]",32,False,False,128,,,,,,testing,Test fold: 9. Validation fold: 4,8c8e8a779da245d1a5dd90af1d63787b,8c8e8a779da245d1a5dd90af1d63787b,upstream/src/main.py,435215584668198691c7be4caabd29c71fde43ee,"[{""artifact_path"":""model"",""flavors"":{""pytorch"":{""model_data"":""data"",""pytorch_version"":""2.0.0+cu117"",""code"":null},""python_function"":{""data"":""data"",""pickle_module_name"":""mlflow.pytorch.pickle_module"",""loader_module"":""mlflow.pytorch"",""env"":{""conda"":""conda.yaml"",""virtualenv"":""python_env.yaml""},""python_version"":""3.10.9""}},""run_id"":""f0d91ad02e584847a51cfbac39e9cb28"",""model_uuid"":""54aae6bc61bf4c16bed17947e8c4b04c"",""utc_time_created"":""2023-09-25 15:43:58.345591"",""mlflow_version"":""2.3.2""}]",gifted-calf-343,UPSTREAM_AUTHOR,LOCAL
b75460c9c00a4357bcb66640801d6900,3783008913534056,FINISHED,UPSTREAM_ARTIFACT_URI,2023-09-25 12:51:42.279000+00:00,2023-09-25 14:17:05.323000+00:00,1e-06,0.7141958475112915,200.0,0.7044945955276489,0.36981338262557983,0.5047652125358582,0.6995123028755188,0.4376654624938965,0.7172099351882935,0.43001776933670044,0.49402159452438354,,,,,True,data/Human_TE_paxdb_filter_hepg2all_fin.csv,relu,10,5,0.1,1,1381,3,data/appris_TE_with_NAs_07202023.txt,False,5,0.9,200,AdamW,gru,1,2.5e-06,TECNNMultiTasks,2,9,False,12288,^TE_,None,False,9,"(0.9, 0.998)",9,1e-08,0.3,True,False,0.007,True,0.0001,128,data/Human_TE_paxdb_filter_hepg2all_tx_info_with_delta_TE.txt,data/name_information.txt,4,64,False,0,data/Human_TE_paxdb_filter_hepg2all_tx_info.txt,True,False,True,0,False,10,False,True,2,0.9,60,0.001,11937,SingleLinearLayerHead,1,0.001,False,False,0.998,True,"[-3, -2, -1, 0, 1, 2, 3]",data/human_TE_cellline_all_NA_plain_07202023.csv,1,None,False,78,64,AdamW,"[64, 64, 64, 64, 64, 64, 64]",32,False,False,128,,,,,,testing,Test fold: 9. Validation fold: 3,8c8e8a779da245d1a5dd90af1d63787b,8c8e8a779da245d1a5dd90af1d63787b,upstream/src/main.py,435215584668198691c7be4caabd29c71fde43ee,"[{""artifact_path"":""model"",""flavors"":{""pytorch"":{""model_data"":""data"",""pytorch_version"":""2.0.0+cu117"",""code"":null},""python_function"":{""data"":""data"",""pickle_module_name"":""mlflow.pytorch.pickle_module"",""loader_module"":""mlflow.pytorch"",""env"":{""conda"":""conda.yaml"",""virtualenv"":""python_env.yaml""},""python_version"":""3.10.9""}},""run_id"":""b75460c9c00a4357bcb66640801d6900"",""model_uuid"":""07d7129c97824e8282725ccd8f919c97"",""utc_time_created"":""2023-09-25 14:16:41.279456"",""mlflow_version"":""2.3.2""}]",gentle-swan-103,UPSTREAM_AUTHOR,LOCAL
c3b120c515fd4d45881e67d1e8028d21,3783008913534056,FINISHED,UPSTREAM_ARTIFACT_URI,2023-09-25 11:25:19.663000+00:00,2023-09-25 12:51:42.106000+00:00,1e-06,0.711938738822937,200.0,0.7024668455123901,0.44896599650382996,0.5029804706573486,0.6937885284423828,0.42075350880622864,0.7064043879508972,0.4315130114555359,0.4925527572631836,,,,,True,data/Human_TE_paxdb_filter_hepg2all_fin.csv,relu,10,5,0.1,1,1381,2,data/appris_TE_with_NAs_07202023.txt,False,5,0.9,200,AdamW,gru,1,2.5e-06,TECNNMultiTasks,2,9,False,12288,^TE_,None,False,9,"(0.9, 0.998)",9,1e-08,0.3,True,False,0.007,True,0.0001,128,data/Human_TE_paxdb_filter_hepg2all_tx_info_with_delta_TE.txt,data/name_information.txt,4,64,False,0,data/Human_TE_paxdb_filter_hepg2all_tx_info.txt,True,False,True,0,False,10,False,True,2,0.9,60,0.001,11937,SingleLinearLayerHead,1,0.001,False,False,0.998,True,"[-3, -2, -1, 0, 1, 2, 3]",data/human_TE_cellline_all_NA_plain_07202023.csv,1,None,False,78,64,AdamW,"[64, 64, 64, 64, 64, 64, 64]",32,False,False,128,,,,,,testing,Test fold: 9. Validation fold: 2,8c8e8a779da245d1a5dd90af1d63787b,8c8e8a779da245d1a5dd90af1d63787b,upstream/src/main.py,435215584668198691c7be4caabd29c71fde43ee,"[{""artifact_path"":""model"",""flavors"":{""pytorch"":{""model_data"":""data"",""pytorch_version"":""2.0.0+cu117"",""code"":null},""python_function"":{""data"":""data"",""pickle_module_name"":""mlflow.pytorch.pickle_module"",""loader_module"":""mlflow.pytorch"",""env"":{""conda"":""conda.yaml"",""virtualenv"":""python_env.yaml""},""python_version"":""3.10.9""}},""run_id"":""c3b120c515fd4d45881e67d1e8028d21"",""model_uuid"":""0b9f9a20a49847faa172b9b8b5d49a91"",""utc_time_created"":""2023-09-25 12:51:22.804966"",""mlflow_version"":""2.3.2""}]",smiling-turtle-875,UPSTREAM_AUTHOR,LOCAL
0ded4e02c4a842d4b3a0fe9067fca970,3783008913534056,FINISHED,UPSTREAM_ARTIFACT_URI,2023-09-25 10:00:46.136000+00:00,2023-09-25 11:25:19.528000+00:00,1.5625e-06,0.7140552997589111,200.0,0.7059105038642883,0.4440879225730896,0.5079983472824097,0.683538556098938,0.43977051973342896,0.7012307047843933,0.42730697989463806,0.47972261905670166,,,,,True,data/Human_TE_paxdb_filter_hepg2all_fin.csv,relu,10,5,0.1,1,1381,1,data/appris_TE_with_NAs_07202023.txt,False,5,0.9,200,AdamW,gru,1,2.5e-06,TECNNMultiTasks,2,9,False,12288,^TE_,None,False,9,"(0.9, 0.998)",9,1e-08,0.3,True,False,0.007,True,0.0001,128,data/Human_TE_paxdb_filter_hepg2all_tx_info_with_delta_TE.txt,data/name_information.txt,4,64,False,0,data/Human_TE_paxdb_filter_hepg2all_tx_info.txt,True,False,True,0,False,10,False,True,2,0.9,60,0.001,11937,SingleLinearLayerHead,1,0.001,False,False,0.998,True,"[-3, -2, -1, 0, 1, 2, 3]",data/human_TE_cellline_all_NA_plain_07202023.csv,1,None,False,78,64,AdamW,"[64, 64, 64, 64, 64, 64, 64]",32,False,False,128,,,,,,testing,Test fold: 9. Validation fold: 1,8c8e8a779da245d1a5dd90af1d63787b,8c8e8a779da245d1a5dd90af1d63787b,upstream/src/main.py,435215584668198691c7be4caabd29c71fde43ee,"[{""artifact_path"":""model"",""flavors"":{""pytorch"":{""model_data"":""data"",""pytorch_version"":""2.0.0+cu117"",""code"":null},""python_function"":{""data"":""data"",""pickle_module_name"":""mlflow.pytorch.pickle_module"",""loader_module"":""mlflow.pytorch"",""env"":{""conda"":""conda.yaml"",""virtualenv"":""python_env.yaml""},""python_version"":""3.10.9""}},""run_id"":""0ded4e02c4a842d4b3a0fe9067fca970"",""model_uuid"":""e7c813be4dd1420e817767726e50077c"",""utc_time_created"":""2023-09-25 11:25:00.472585"",""mlflow_version"":""2.3.2""}]",incongruous-fawn-107,UPSTREAM_AUTHOR,LOCAL
4383701fa6ba4c37a82659f26b7ef018,3783008913534056,FINISHED,UPSTREAM_ARTIFACT_URI,2023-09-25 08:36:17.162000+00:00,2023-09-25 10:00:46.003000+00:00,3.125e-06,0.7131044864654541,200.0,0.7023279070854187,0.5242587924003601,0.5045066475868225,0.710525393486023,0.42106354236602783,0.723516583442688,0.43012726306915283,0.5178751945495605,,,,,True,data/Human_TE_paxdb_filter_hepg2all_fin.csv,relu,10,5,0.1,1,1381,0,data/appris_TE_with_NAs_07202023.txt,False,5,0.9,200,AdamW,gru,1,2.5e-06,TECNNMultiTasks,2,9,False,12288,^TE_,None,False,9,"(0.9, 0.998)",9,1e-08,0.3,True,False,0.007,True,0.0001,128,data/Human_TE_paxdb_filter_hepg2all_tx_info_with_delta_TE.txt,data/name_information.txt,4,64,False,0,data/Human_TE_paxdb_filter_hepg2all_tx_info.txt,True,False,True,0,False,10,False,True,2,0.9,60,0.001,11937,SingleLinearLayerHead,1,0.001,False,False,0.998,True,"[-3, -2, -1, 0, 1, 2, 3]",data/human_TE_cellline_all_NA_plain_07202023.csv,1,None,False,78,64,AdamW,"[64, 64, 64, 64, 64, 64, 64]",32,False,False,128,,,,,,testing,Test fold: 9. Validation fold: 0,8c8e8a779da245d1a5dd90af1d63787b,8c8e8a779da245d1a5dd90af1d63787b,upstream/src/main.py,435215584668198691c7be4caabd29c71fde43ee,"[{""artifact_path"":""model"",""flavors"":{""pytorch"":{""model_data"":""data"",""pytorch_version"":""2.0.0+cu117"",""code"":null},""python_function"":{""data"":""data"",""pickle_module_name"":""mlflow.pytorch.pickle_module"",""loader_module"":""mlflow.pytorch"",""env"":{""conda"":""conda.yaml"",""virtualenv"":""python_env.yaml""},""python_version"":""3.10.9""}},""run_id"":""4383701fa6ba4c37a82659f26b7ef018"",""model_uuid"":""104d0d4194994e629397ba341fd0982f"",""utc_time_created"":""2023-09-25 10:00:26.781519"",""mlflow_version"":""2.3.2""}]",brawny-eel-576,UPSTREAM_AUTHOR,LOCAL
303daa6f5b784dfc87755425c16e6641,3783008913534056,FINISHED,UPSTREAM_ARTIFACT_URI,2023-09-25 07:11:26.406000+00:00,2023-09-25 08:36:16.953000+00:00,1e-06,0.7126400470733643,200.0,0.7031795382499695,0.38148266077041626,0.4984148144721985,0.702588677406311,0.4467114210128784,0.7194953560829163,0.407149076461792,0.482430100440979,,,,,True,data/Human_TE_paxdb_filter_hepg2all_fin.csv,relu,10,5,0.1,1,1381,8,data/appris_TE_with_NAs_07202023.txt,False,5,0.9,200,AdamW,gru,1,2.5e-06,TECNNMultiTasks,2,9,False,12288,^TE_,None,False,9,"(0.9, 0.998)",8,1e-08,0.3,True,False,0.007,True,0.0001,128,data/Human_TE_paxdb_filter_hepg2all_tx_info_with_delta_TE.txt,data/name_information.txt,4,64,False,0,data/Human_TE_paxdb_filter_hepg2all_tx_info.txt,True,False,True,0,False,10,False,True,2,0.9,60,0.001,11937,SingleLinearLayerHead,1,0.001,False,False,0.998,True,"[-3, -2, -1, 0, 1, 2, 3]",data/human_TE_cellline_all_NA_plain_07202023.csv,1,None,False,78,64,AdamW,"[64, 64, 64, 64, 64, 64, 64]",32,False,False,128,,,,,,testing,Test fold: 8. Validation fold: 8,8c8e8a779da245d1a5dd90af1d63787b,8c8e8a779da245d1a5dd90af1d63787b,upstream/src/main.py,435215584668198691c7be4caabd29c71fde43ee,"[{""artifact_path"":""model"",""flavors"":{""pytorch"":{""model_data"":""data"",""pytorch_version"":""2.0.0+cu117"",""code"":null},""python_function"":{""data"":""data"",""pickle_module_name"":""mlflow.pytorch.pickle_module"",""loader_module"":""mlflow.pytorch"",""env"":{""conda"":""conda.yaml"",""virtualenv"":""python_env.yaml""},""python_version"":""3.10.9""}},""run_id"":""303daa6f5b784dfc87755425c16e6641"",""model_uuid"":""af9db5917e1341cbb31c152d13cb1c56"",""utc_time_created"":""2023-09-25 08:35:57.607952"",""mlflow_version"":""2.3.2""}]",rebellious-skink-845,UPSTREAM_AUTHOR,LOCAL
add6dd3d3641469ba847b54a6727ad3c,3783008913534056,FINISHED,UPSTREAM_ARTIFACT_URI,2023-09-25 05:47:22.894000+00:00,2023-09-25 07:11:26.259000+00:00,1e-06,0.7134398221969604,200.0,0.7035619616508484,0.40401211380958557,0.50645911693573,0.6926259994506836,0.45383724570274353,0.7076786756515503,0.40054041147232056,0.49551111459732056,,,,,True,data/Human_TE_paxdb_filter_hepg2all_fin.csv,relu,10,5,0.1,1,1381,7,data/appris_TE_with_NAs_07202023.txt,False,5,0.9,200,AdamW,gru,1,2.5e-06,TECNNMultiTasks,2,9,False,12288,^TE_,None,False,9,"(0.9, 0.998)",8,1e-08,0.3,True,False,0.007,True,0.0001,128,data/Human_TE_paxdb_filter_hepg2all_tx_info_with_delta_TE.txt,data/name_information.txt,4,64,False,0,data/Human_TE_paxdb_filter_hepg2all_tx_info.txt,True,False,True,0,False,10,False,True,2,0.9,60,0.001,11937,SingleLinearLayerHead,1,0.001,False,False,0.998,True,"[-3, -2, -1, 0, 1, 2, 3]",data/human_TE_cellline_all_NA_plain_07202023.csv,1,None,False,78,64,AdamW,"[64, 64, 64, 64, 64, 64, 64]",32,False,False,128,,,,,,testing,Test fold: 8. Validation fold: 7,8c8e8a779da245d1a5dd90af1d63787b,8c8e8a779da245d1a5dd90af1d63787b,upstream/src/main.py,435215584668198691c7be4caabd29c71fde43ee,"[{""artifact_path"":""model"",""flavors"":{""pytorch"":{""model_data"":""data"",""pytorch_version"":""2.0.0+cu117"",""code"":null},""python_function"":{""data"":""data"",""pickle_module_name"":""mlflow.pytorch.pickle_module"",""loader_module"":""mlflow.pytorch"",""env"":{""conda"":""conda.yaml"",""virtualenv"":""python_env.yaml""},""python_version"":""3.10.9""}},""run_id"":""add6dd3d3641469ba847b54a6727ad3c"",""model_uuid"":""155f8ad1f0d6448fb86efbb23a8e3a7b"",""utc_time_created"":""2023-09-25 07:11:06.814092"",""mlflow_version"":""2.3.2""}]",unleashed-zebra-734,UPSTREAM_AUTHOR,LOCAL
b26054a3b1ca4922a53cd0e36b12dd8a,3783008913534056,FINISHED,UPSTREAM_ARTIFACT_URI,2023-09-25 04:22:58.415000+00:00,2023-09-25 05:47:22.764000+00:00,6.25e-06,0.7006763219833374,200.0,0.6908551454544067,0.45816972851753235,0.4867429733276367,0.6793404817581177,0.48293545842170715,0.6853694915771484,0.4166018068790436,0.4462904930114746,,,,,True,data/Human_TE_paxdb_filter_hepg2all_fin.csv,relu,10,5,0.1,1,1381,6,data/appris_TE_with_NAs_07202023.txt,False,5,0.9,200,AdamW,gru,1,2.5e-06,TECNNMultiTasks,2,9,False,12288,^TE_,None,False,9,"(0.9, 0.998)",8,1e-08,0.3,True,False,0.007,True,0.0001,128,data/Human_TE_paxdb_filter_hepg2all_tx_info_with_delta_TE.txt,data/name_information.txt,4,64,False,0,data/Human_TE_paxdb_filter_hepg2all_tx_info.txt,True,False,True,0,False,10,False,True,2,0.9,60,0.001,11937,SingleLinearLayerHead,1,0.001,False,False,0.998,True,"[-3, -2, -1, 0, 1, 2, 3]",data/human_TE_cellline_all_NA_plain_07202023.csv,1,None,False,78,64,AdamW,"[64, 64, 64, 64, 64, 64, 64]",32,False,False,128,,,,,,testing,Test fold: 8. Validation fold: 6,8c8e8a779da245d1a5dd90af1d63787b,8c8e8a779da245d1a5dd90af1d63787b,upstream/src/main.py,435215584668198691c7be4caabd29c71fde43ee,"[{""artifact_path"":""model"",""flavors"":{""pytorch"":{""model_data"":""data"",""pytorch_version"":""2.0.0+cu117"",""code"":null},""python_function"":{""data"":""data"",""pickle_module_name"":""mlflow.pytorch.pickle_module"",""loader_module"":""mlflow.pytorch"",""env"":{""conda"":""conda.yaml"",""virtualenv"":""python_env.yaml""},""python_version"":""3.10.9""}},""run_id"":""b26054a3b1ca4922a53cd0e36b12dd8a"",""model_uuid"":""5395a9099fa34019b75809343c86c6da"",""utc_time_created"":""2023-09-25 05:47:03.800461"",""mlflow_version"":""2.3.2""}]",intrigued-frog-792,UPSTREAM_AUTHOR,LOCAL
c8d73e1e062c4b32a25d2294a0ae0345,3783008913534056,FINISHED,UPSTREAM_ARTIFACT_URI,2023-09-25 02:58:40.153000+00:00,2023-09-25 04:22:58.242000+00:00,1e-06,0.707236111164093,200.0,0.6975919008255005,0.48425114154815674,0.49774593114852905,0.7070555686950684,0.4268867075443268,0.7204557061195374,0.40749067068099976,0.5021951794624329,,,,,True,data/Human_TE_paxdb_filter_hepg2all_fin.csv,relu,10,5,0.1,1,1381,5,data/appris_TE_with_NAs_07202023.txt,False,5,0.9,200,AdamW,gru,1,2.5e-06,TECNNMultiTasks,2,9,False,12288,^TE_,None,False,9,"(0.9, 0.998)",8,1e-08,0.3,True,False,0.007,True,0.0001,128,data/Human_TE_paxdb_filter_hepg2all_tx_info_with_delta_TE.txt,data/name_information.txt,4,64,False,0,data/Human_TE_paxdb_filter_hepg2all_tx_info.txt,True,False,True,0,False,10,False,True,2,0.9,60,0.001,11937,SingleLinearLayerHead,1,0.001,False,False,0.998,True,"[-3, -2, -1, 0, 1, 2, 3]",data/human_TE_cellline_all_NA_plain_07202023.csv,1,None,False,78,64,AdamW,"[64, 64, 64, 64, 64, 64, 64]",32,False,False,128,,,,,,testing,Test fold: 8. Validation fold: 5,8c8e8a779da245d1a5dd90af1d63787b,8c8e8a779da245d1a5dd90af1d63787b,upstream/src/main.py,435215584668198691c7be4caabd29c71fde43ee,"[{""artifact_path"":""model"",""flavors"":{""pytorch"":{""model_data"":""data"",""pytorch_version"":""2.0.0+cu117"",""code"":null},""python_function"":{""data"":""data"",""pickle_module_name"":""mlflow.pytorch.pickle_module"",""loader_module"":""mlflow.pytorch"",""env"":{""conda"":""conda.yaml"",""virtualenv"":""python_env.yaml""},""python_version"":""3.10.9""}},""run_id"":""c8d73e1e062c4b32a25d2294a0ae0345"",""model_uuid"":""11a8677c7ae847ec9708e53af9877f99"",""utc_time_created"":""2023-09-25 04:22:39.203375"",""mlflow_version"":""2.3.2""}]",unique-penguin-40,UPSTREAM_AUTHOR,LOCAL
d3f0da56cdf5486b88f4942eb62681d6,3783008913534056,FINISHED,UPSTREAM_ARTIFACT_URI,2023-09-25 01:34:11.757000+00:00,2023-09-25 02:58:39.978000+00:00,1e-06,0.71266770362854,200.0,0.7063415050506592,0.4832274317741394,0.505526065826416,0.7141507863998413,0.4436832666397095,0.7238123416900635,0.4011572301387787,0.505837619304657,,,,,True,data/Human_TE_paxdb_filter_hepg2all_fin.csv,relu,10,5,0.1,1,1381,4,data/appris_TE_with_NAs_07202023.txt,False,5,0.9,200,AdamW,gru,1,2.5e-06,TECNNMultiTasks,2,9,False,12288,^TE_,None,False,9,"(0.9, 0.998)",8,1e-08,0.3,True,False,0.007,True,0.0001,128,data/Human_TE_paxdb_filter_hepg2all_tx_info_with_delta_TE.txt,data/name_information.txt,4,64,False,0,data/Human_TE_paxdb_filter_hepg2all_tx_info.txt,True,False,True,0,False,10,False,True,2,0.9,60,0.001,11937,SingleLinearLayerHead,1,0.001,False,False,0.998,True,"[-3, -2, -1, 0, 1, 2, 3]",data/human_TE_cellline_all_NA_plain_07202023.csv,1,None,False,78,64,AdamW,"[64, 64, 64, 64, 64, 64, 64]",32,False,False,128,,,,,,testing,Test fold: 8. Validation fold: 4,8c8e8a779da245d1a5dd90af1d63787b,8c8e8a779da245d1a5dd90af1d63787b,upstream/src/main.py,435215584668198691c7be4caabd29c71fde43ee,"[{""artifact_path"":""model"",""flavors"":{""pytorch"":{""model_data"":""data"",""pytorch_version"":""2.0.0+cu117"",""code"":null},""python_function"":{""data"":""data"",""pickle_module_name"":""mlflow.pytorch.pickle_module"",""loader_module"":""mlflow.pytorch"",""env"":{""conda"":""conda.yaml"",""virtualenv"":""python_env.yaml""},""python_version"":""3.10.9""}},""run_id"":""d3f0da56cdf5486b88f4942eb62681d6"",""model_uuid"":""1b15228ec5594f92a9fe934e20992d49"",""utc_time_created"":""2023-09-25 02:58:21.298460"",""mlflow_version"":""2.3.2""}]",enthused-moose-418,UPSTREAM_AUTHOR,LOCAL
cf8df06aab344f7194a0e4add8f2fa02,3783008913534056,FINISHED,UPSTREAM_ARTIFACT_URI,2023-09-25 00:09:37.259000+00:00,2023-09-25 01:34:11.630000+00:00,1e-06,0.7095529437065125,200.0,0.7012540102005005,0.44856491684913635,0.50095534324646,0.6858478784561157,0.4472261965274811,0.6913089752197266,0.40469956398010254,0.4732248783111572,,,,,True,data/Human_TE_paxdb_filter_hepg2all_fin.csv,relu,10,5,0.1,1,1381,3,data/appris_TE_with_NAs_07202023.txt,False,5,0.9,200,AdamW,gru,1,2.5e-06,TECNNMultiTasks,2,9,False,12288,^TE_,None,False,9,"(0.9, 0.998)",8,1e-08,0.3,True,False,0.007,True,0.0001,128,data/Human_TE_paxdb_filter_hepg2all_tx_info_with_delta_TE.txt,data/name_information.txt,4,64,False,0,data/Human_TE_paxdb_filter_hepg2all_tx_info.txt,True,False,True,0,False,10,False,True,2,0.9,60,0.001,11937,SingleLinearLayerHead,1,0.001,False,False,0.998,True,"[-3, -2, -1, 0, 1, 2, 3]",data/human_TE_cellline_all_NA_plain_07202023.csv,1,None,False,78,64,AdamW,"[64, 64, 64, 64, 64, 64, 64]",32,False,False,128,,,,,,testing,Test fold: 8. Validation fold: 3,8c8e8a779da245d1a5dd90af1d63787b,8c8e8a779da245d1a5dd90af1d63787b,upstream/src/main.py,435215584668198691c7be4caabd29c71fde43ee,"[{""artifact_path"":""model"",""flavors"":{""pytorch"":{""model_data"":""data"",""pytorch_version"":""2.0.0+cu117"",""code"":null},""python_function"":{""data"":""data"",""pickle_module_name"":""mlflow.pytorch.pickle_module"",""loader_module"":""mlflow.pytorch"",""env"":{""conda"":""conda.yaml"",""virtualenv"":""python_env.yaml""},""python_version"":""3.10.9""}},""run_id"":""cf8df06aab344f7194a0e4add8f2fa02"",""model_uuid"":""295bdc8bbb1e48b6af1c4906a3a9b271"",""utc_time_created"":""2023-09-25 01:33:52.252028"",""mlflow_version"":""2.3.2""}]",funny-koi-693,UPSTREAM_AUTHOR,LOCAL
57637dca69f74afda4859024c139a0fe,3783008913534056,FINISHED,UPSTREAM_ARTIFACT_URI,2023-09-24 22:44:17.036000+00:00,2023-09-25 00:09:37.089000+00:00,1e-06,0.7055507898330688,200.0,0.6967417001724243,0.6642076373100281,0.49582353234291077,0.6836683750152588,0.45967763662338257,0.6958311796188354,0.4090944528579712,0.4578584134578705,,,,,True,data/Human_TE_paxdb_filter_hepg2all_fin.csv,relu,10,5,0.1,1,1381,2,data/appris_TE_with_NAs_07202023.txt,False,5,0.9,200,AdamW,gru,1,2.5e-06,TECNNMultiTasks,2,9,False,12288,^TE_,None,False,9,"(0.9, 0.998)",8,1e-08,0.3,True,False,0.007,True,0.0001,128,data/Human_TE_paxdb_filter_hepg2all_tx_info_with_delta_TE.txt,data/name_information.txt,4,64,False,0,data/Human_TE_paxdb_filter_hepg2all_tx_info.txt,True,False,True,0,False,10,False,True,2,0.9,60,0.001,11937,SingleLinearLayerHead,1,0.001,False,False,0.998,True,"[-3, -2, -1, 0, 1, 2, 3]",data/human_TE_cellline_all_NA_plain_07202023.csv,1,None,False,78,64,AdamW,"[64, 64, 64, 64, 64, 64, 64]",32,False,False,128,,,,,,testing,Test fold: 8. Validation fold: 2,8c8e8a779da245d1a5dd90af1d63787b,8c8e8a779da245d1a5dd90af1d63787b,upstream/src/main.py,435215584668198691c7be4caabd29c71fde43ee,"[{""artifact_path"":""model"",""flavors"":{""pytorch"":{""model_data"":""data"",""pytorch_version"":""2.0.0+cu117"",""code"":null},""python_function"":{""data"":""data"",""pickle_module_name"":""mlflow.pytorch.pickle_module"",""loader_module"":""mlflow.pytorch"",""env"":{""conda"":""conda.yaml"",""virtualenv"":""python_env.yaml""},""python_version"":""3.10.9""}},""run_id"":""57637dca69f74afda4859024c139a0fe"",""model_uuid"":""e9218847f4c649ce889fb8c004905801"",""utc_time_created"":""2023-09-25 00:09:17.360705"",""mlflow_version"":""2.3.2""}]",learned-newt-582,UPSTREAM_AUTHOR,LOCAL
fd7f50da3fe74c448c2f43b603abe865,3783008913534056,FINISHED,UPSTREAM_ARTIFACT_URI,2023-09-24 21:19:08.422000+00:00,2023-09-24 22:44:16.878000+00:00,1.5625e-06,0.7106328010559082,200.0,0.701462984085083,0.4353794753551483,0.5018576979637146,0.7271031737327576,0.42037710547447205,0.7420271635055542,0.40393656492233276,0.536327600479126,,,,,True,data/Human_TE_paxdb_filter_hepg2all_fin.csv,relu,10,5,0.1,1,1381,1,data/appris_TE_with_NAs_07202023.txt,False,5,0.9,200,AdamW,gru,1,2.5e-06,TECNNMultiTasks,2,9,False,12288,^TE_,None,False,9,"(0.9, 0.998)",8,1e-08,0.3,True,False,0.007,True,0.0001,128,data/Human_TE_paxdb_filter_hepg2all_tx_info_with_delta_TE.txt,data/name_information.txt,4,64,False,0,data/Human_TE_paxdb_filter_hepg2all_tx_info.txt,True,False,True,0,False,10,False,True,2,0.9,60,0.001,11937,SingleLinearLayerHead,1,0.001,False,False,0.998,True,"[-3, -2, -1, 0, 1, 2, 3]",data/human_TE_cellline_all_NA_plain_07202023.csv,1,None,False,78,64,AdamW,"[64, 64, 64, 64, 64, 64, 64]",32,False,False,128,,,,,,testing,Test fold: 8. Validation fold: 1,8c8e8a779da245d1a5dd90af1d63787b,8c8e8a779da245d1a5dd90af1d63787b,upstream/src/main.py,435215584668198691c7be4caabd29c71fde43ee,"[{""artifact_path"":""model"",""flavors"":{""pytorch"":{""model_data"":""data"",""pytorch_version"":""2.0.0+cu117"",""code"":null},""python_function"":{""data"":""data"",""pickle_module_name"":""mlflow.pytorch.pickle_module"",""loader_module"":""mlflow.pytorch"",""env"":{""conda"":""conda.yaml"",""virtualenv"":""python_env.yaml""},""python_version"":""3.10.9""}},""run_id"":""fd7f50da3fe74c448c2f43b603abe865"",""model_uuid"":""9e718f2f85884852a7dee95d56e6352f"",""utc_time_created"":""2023-09-24 22:43:57.765357"",""mlflow_version"":""2.3.2""}]",efficient-finch-337,UPSTREAM_AUTHOR,LOCAL
3c8401c18f764efe8cae7aadebaf35cd,3783008913534056,FINISHED,UPSTREAM_ARTIFACT_URI,2023-09-24 19:54:25.802000+00:00,2023-09-24 21:19:08.286000+00:00,6.25e-06,0.7090798616409302,200.0,0.6988202929496765,0.43628939986228943,0.500582218170166,0.7014317512512207,0.4412829279899597,0.7145336866378784,0.4049317240715027,0.484657883644104,,,,,True,data/Human_TE_paxdb_filter_hepg2all_fin.csv,relu,10,5,0.1,1,1381,0,data/appris_TE_with_NAs_07202023.txt,False,5,0.9,200,AdamW,gru,1,2.5e-06,TECNNMultiTasks,2,9,False,12288,^TE_,None,False,9,"(0.9, 0.998)",8,1e-08,0.3,True,False,0.007,True,0.0001,128,data/Human_TE_paxdb_filter_hepg2all_tx_info_with_delta_TE.txt,data/name_information.txt,4,64,False,0,data/Human_TE_paxdb_filter_hepg2all_tx_info.txt,True,False,True,0,False,10,False,True,2,0.9,60,0.001,11937,SingleLinearLayerHead,1,0.001,False,False,0.998,True,"[-3, -2, -1, 0, 1, 2, 3]",data/human_TE_cellline_all_NA_plain_07202023.csv,1,None,False,78,64,AdamW,"[64, 64, 64, 64, 64, 64, 64]",32,False,False,128,,,,,,testing,Test fold: 8. Validation fold: 0,8c8e8a779da245d1a5dd90af1d63787b,8c8e8a779da245d1a5dd90af1d63787b,upstream/src/main.py,435215584668198691c7be4caabd29c71fde43ee,"[{""artifact_path"":""model"",""flavors"":{""pytorch"":{""model_data"":""data"",""pytorch_version"":""2.0.0+cu117"",""code"":null},""python_function"":{""data"":""data"",""pickle_module_name"":""mlflow.pytorch.pickle_module"",""loader_module"":""mlflow.pytorch"",""env"":{""conda"":""conda.yaml"",""virtualenv"":""python_env.yaml""},""python_version"":""3.10.9""}},""run_id"":""3c8401c18f764efe8cae7aadebaf35cd"",""model_uuid"":""0b1e331870834cd7bd943f9644a5cfd1"",""utc_time_created"":""2023-09-24 21:18:49.350681"",""mlflow_version"":""2.3.2""}]",burly-jay-947,UPSTREAM_AUTHOR,LOCAL
3f7af710a5be403baae1d317cc730d3c,3783008913534056,FINISHED,UPSTREAM_ARTIFACT_URI,2023-09-24 18:29:37.971000+00:00,2023-09-24 19:54:25.664000+00:00,1.5625e-06,0.7041090130805969,200.0,0.6885281801223755,0.3644580543041229,0.4932447075843811,0.7090246677398682,0.41459017992019653,0.7238930463790894,0.42060017585754395,0.5197542905807495,,,,,True,data/Human_TE_paxdb_filter_hepg2all_fin.csv,relu,10,5,0.1,1,1381,8,data/appris_TE_with_NAs_07202023.txt,False,5,0.9,200,AdamW,gru,1,2.5e-06,TECNNMultiTasks,2,9,False,12288,^TE_,None,False,9,"(0.9, 0.998)",7,1e-08,0.3,True,False,0.007,True,0.0001,128,data/Human_TE_paxdb_filter_hepg2all_tx_info_with_delta_TE.txt,data/name_information.txt,4,64,False,0,data/Human_TE_paxdb_filter_hepg2all_tx_info.txt,True,False,True,0,False,10,False,True,2,0.9,60,0.001,11937,SingleLinearLayerHead,1,0.001,False,False,0.998,True,"[-3, -2, -1, 0, 1, 2, 3]",data/human_TE_cellline_all_NA_plain_07202023.csv,1,None,False,78,64,AdamW,"[64, 64, 64, 64, 64, 64, 64]",32,False,False,128,,,,,,testing,Test fold: 7. Validation fold: 8,8c8e8a779da245d1a5dd90af1d63787b,8c8e8a779da245d1a5dd90af1d63787b,upstream/src/main.py,435215584668198691c7be4caabd29c71fde43ee,"[{""artifact_path"":""model"",""flavors"":{""pytorch"":{""model_data"":""data"",""pytorch_version"":""2.0.0+cu117"",""code"":null},""python_function"":{""data"":""data"",""pickle_module_name"":""mlflow.pytorch.pickle_module"",""loader_module"":""mlflow.pytorch"",""env"":{""conda"":""conda.yaml"",""virtualenv"":""python_env.yaml""},""python_version"":""3.10.9""}},""run_id"":""3f7af710a5be403baae1d317cc730d3c"",""model_uuid"":""f98a6319faa04bddb953ed7b428153fb"",""utc_time_created"":""2023-09-24 19:54:06.777610"",""mlflow_version"":""2.3.2""}]",unleashed-steed-849,UPSTREAM_AUTHOR,LOCAL
f9b719a3d0fd4f60a1cd2775352381de,3783008913534056,FINISHED,UPSTREAM_ARTIFACT_URI,2023-09-24 17:05:26.834000+00:00,2023-09-24 18:29:37.806000+00:00,1e-06,0.6993119716644287,200.0,0.6835991144180298,0.5287761092185974,0.4854542016983032,0.6993394494056702,0.456720232963562,0.7093931436538696,0.4269392192363739,0.46593451499938965,,,,,True,data/Human_TE_paxdb_filter_hepg2all_fin.csv,relu,10,5,0.1,1,1381,7,data/appris_TE_with_NAs_07202023.txt,False,5,0.9,200,AdamW,gru,1,2.5e-06,TECNNMultiTasks,2,9,False,12288,^TE_,None,False,9,"(0.9, 0.998)",7,1e-08,0.3,True,False,0.007,True,0.0001,128,data/Human_TE_paxdb_filter_hepg2all_tx_info_with_delta_TE.txt,data/name_information.txt,4,64,False,0,data/Human_TE_paxdb_filter_hepg2all_tx_info.txt,True,False,True,0,False,10,False,True,2,0.9,60,0.001,11937,SingleLinearLayerHead,1,0.001,False,False,0.998,True,"[-3, -2, -1, 0, 1, 2, 3]",data/human_TE_cellline_all_NA_plain_07202023.csv,1,None,False,78,64,AdamW,"[64, 64, 64, 64, 64, 64, 64]",32,False,False,128,,,,,,testing,Test fold: 7. Validation fold: 7,8c8e8a779da245d1a5dd90af1d63787b,8c8e8a779da245d1a5dd90af1d63787b,upstream/src/main.py,435215584668198691c7be4caabd29c71fde43ee,"[{""artifact_path"":""model"",""flavors"":{""pytorch"":{""model_data"":""data"",""pytorch_version"":""2.0.0+cu117"",""code"":null},""python_function"":{""data"":""data"",""pickle_module_name"":""mlflow.pytorch.pickle_module"",""loader_module"":""mlflow.pytorch"",""env"":{""conda"":""conda.yaml"",""virtualenv"":""python_env.yaml""},""python_version"":""3.10.9""}},""run_id"":""f9b719a3d0fd4f60a1cd2775352381de"",""model_uuid"":""b49e669320e84e1ab44ce7cc72e57244"",""utc_time_created"":""2023-09-24 18:29:18.650247"",""mlflow_version"":""2.3.2""}]",amazing-croc-104,UPSTREAM_AUTHOR,LOCAL
af6aafdb74c14dd4840c7e85d754d598,3783008913534056,FINISHED,UPSTREAM_ARTIFACT_URI,2023-09-24 15:41:13.003000+00:00,2023-09-24 17:05:26.699000+00:00,3.125e-06,0.705813467502594,200.0,0.6909023523330688,0.4806702733039856,0.4938373863697052,0.7245966196060181,0.4171859622001648,0.736689567565918,0.4200493395328522,0.5362372398376465,,,,,True,data/Human_TE_paxdb_filter_hepg2all_fin.csv,relu,10,5,0.1,1,1381,6,data/appris_TE_with_NAs_07202023.txt,False,5,0.9,200,AdamW,gru,1,2.5e-06,TECNNMultiTasks,2,9,False,12288,^TE_,None,False,9,"(0.9, 0.998)",7,1e-08,0.3,True,False,0.007,True,0.0001,128,data/Human_TE_paxdb_filter_hepg2all_tx_info_with_delta_TE.txt,data/name_information.txt,4,64,False,0,data/Human_TE_paxdb_filter_hepg2all_tx_info.txt,True,False,True,0,False,10,False,True,2,0.9,60,0.001,11937,SingleLinearLayerHead,1,0.001,False,False,0.998,True,"[-3, -2, -1, 0, 1, 2, 3]",data/human_TE_cellline_all_NA_plain_07202023.csv,1,None,False,78,64,AdamW,"[64, 64, 64, 64, 64, 64, 64]",32,False,False,128,,,,,,testing,Test fold: 7. Validation fold: 6,8c8e8a779da245d1a5dd90af1d63787b,8c8e8a779da245d1a5dd90af1d63787b,upstream/src/main.py,435215584668198691c7be4caabd29c71fde43ee,"[{""artifact_path"":""model"",""flavors"":{""pytorch"":{""model_data"":""data"",""pytorch_version"":""2.0.0+cu117"",""code"":null},""python_function"":{""data"":""data"",""pickle_module_name"":""mlflow.pytorch.pickle_module"",""loader_module"":""mlflow.pytorch"",""env"":{""conda"":""conda.yaml"",""virtualenv"":""python_env.yaml""},""python_version"":""3.10.9""}},""run_id"":""af6aafdb74c14dd4840c7e85d754d598"",""model_uuid"":""c4c219ded6614a7ab72cde73cb89ec9c"",""utc_time_created"":""2023-09-24 17:05:07.440354"",""mlflow_version"":""2.3.2""}]",big-yak-594,UPSTREAM_AUTHOR,LOCAL
43548e3209fb4b1b84827bc93ebe1747,3783008913534056,FINISHED,UPSTREAM_ARTIFACT_URI,2023-09-24 14:17:08.130000+00:00,2023-09-24 15:41:12.868000+00:00,1.5625e-06,0.6907045841217041,200.0,0.6755955815315247,0.48606404662132263,0.4740312099456787,0.70572429895401,0.42894405126571655,0.7141978740692139,0.4362993836402893,0.5040534734725952,,,,,True,data/Human_TE_paxdb_filter_hepg2all_fin.csv,relu,10,5,0.1,1,1381,5,data/appris_TE_with_NAs_07202023.txt,False,5,0.9,200,AdamW,gru,1,2.5e-06,TECNNMultiTasks,2,9,False,12288,^TE_,None,False,9,"(0.9, 0.998)",7,1e-08,0.3,True,False,0.007,True,0.0001,128,data/Human_TE_paxdb_filter_hepg2all_tx_info_with_delta_TE.txt,data/name_information.txt,4,64,False,0,data/Human_TE_paxdb_filter_hepg2all_tx_info.txt,True,False,True,0,False,10,False,True,2,0.9,60,0.001,11937,SingleLinearLayerHead,1,0.001,False,False,0.998,True,"[-3, -2, -1, 0, 1, 2, 3]",data/human_TE_cellline_all_NA_plain_07202023.csv,1,None,False,78,64,AdamW,"[64, 64, 64, 64, 64, 64, 64]",32,False,False,128,,,,,,testing,Test fold: 7. Validation fold: 5,8c8e8a779da245d1a5dd90af1d63787b,8c8e8a779da245d1a5dd90af1d63787b,upstream/src/main.py,435215584668198691c7be4caabd29c71fde43ee,"[{""artifact_path"":""model"",""flavors"":{""pytorch"":{""model_data"":""data"",""pytorch_version"":""2.0.0+cu117"",""code"":null},""python_function"":{""data"":""data"",""pickle_module_name"":""mlflow.pytorch.pickle_module"",""loader_module"":""mlflow.pytorch"",""env"":{""conda"":""conda.yaml"",""virtualenv"":""python_env.yaml""},""python_version"":""3.10.9""}},""run_id"":""43548e3209fb4b1b84827bc93ebe1747"",""model_uuid"":""6a1583b967344130b776e886ed70367a"",""utc_time_created"":""2023-09-24 15:40:54.067921"",""mlflow_version"":""2.3.2""}]",calm-crab-730,UPSTREAM_AUTHOR,LOCAL
95b0ca40ea114591a21eb0f159db64e8,3783008913534056,FINISHED,UPSTREAM_ARTIFACT_URI,2023-09-24 12:53:23.679000+00:00,2023-09-24 14:17:07.996000+00:00,1e-06,0.636897623538971,200.0,0.6300363540649414,0.747579038143158,0.3805060088634491,0.6618191003799438,0.5268046855926514,0.6614863872528076,0.5135763883590698,0.4065050184726715,,,,,True,data/Human_TE_paxdb_filter_hepg2all_fin.csv,relu,10,5,0.1,1,1381,4,data/appris_TE_with_NAs_07202023.txt,False,5,0.9,200,AdamW,gru,1,2.5e-06,TECNNMultiTasks,2,9,False,12288,^TE_,None,False,9,"(0.9, 0.998)",7,1e-08,0.3,True,False,0.007,True,0.0001,128,data/Human_TE_paxdb_filter_hepg2all_tx_info_with_delta_TE.txt,data/name_information.txt,4,64,False,0,data/Human_TE_paxdb_filter_hepg2all_tx_info.txt,True,False,True,0,False,10,False,True,2,0.9,60,0.001,11937,SingleLinearLayerHead,1,0.001,False,False,0.998,True,"[-3, -2, -1, 0, 1, 2, 3]",data/human_TE_cellline_all_NA_plain_07202023.csv,1,None,False,78,64,AdamW,"[64, 64, 64, 64, 64, 64, 64]",32,False,False,128,,,,,,testing,Test fold: 7. Validation fold: 4,8c8e8a779da245d1a5dd90af1d63787b,8c8e8a779da245d1a5dd90af1d63787b,upstream/src/main.py,435215584668198691c7be4caabd29c71fde43ee,"[{""artifact_path"":""model"",""flavors"":{""pytorch"":{""model_data"":""data"",""pytorch_version"":""2.0.0+cu117"",""code"":null},""python_function"":{""data"":""data"",""pickle_module_name"":""mlflow.pytorch.pickle_module"",""loader_module"":""mlflow.pytorch"",""env"":{""conda"":""conda.yaml"",""virtualenv"":""python_env.yaml""},""python_version"":""3.10.9""}},""run_id"":""95b0ca40ea114591a21eb0f159db64e8"",""model_uuid"":""14cb1ae1fa804c7da44821708c53619b"",""utc_time_created"":""2023-09-24 14:16:48.795965"",""mlflow_version"":""2.3.2""}]",rogue-flea-683,UPSTREAM_AUTHOR,LOCAL
0c30bb8f490b4d1f97621c0f4840d356,3783008913534056,FINISHED,UPSTREAM_ARTIFACT_URI,2023-09-24 11:29:35.508000+00:00,2023-09-24 12:53:23.517000+00:00,6.25e-06,0.707142174243927,200.0,0.6912540197372437,0.49356648325920105,0.4972323477268219,0.7057669758796692,0.4329987168312073,0.7180389761924744,0.41717982292175293,0.5130082368850708,,,,,True,data/Human_TE_paxdb_filter_hepg2all_fin.csv,relu,10,5,0.1,1,1381,3,data/appris_TE_with_NAs_07202023.txt,False,5,0.9,200,AdamW,gru,1,2.5e-06,TECNNMultiTasks,2,9,False,12288,^TE_,None,False,9,"(0.9, 0.998)",7,1e-08,0.3,True,False,0.007,True,0.0001,128,data/Human_TE_paxdb_filter_hepg2all_tx_info_with_delta_TE.txt,data/name_information.txt,4,64,False,0,data/Human_TE_paxdb_filter_hepg2all_tx_info.txt,True,False,True,0,False,10,False,True,2,0.9,60,0.001,11937,SingleLinearLayerHead,1,0.001,False,False,0.998,True,"[-3, -2, -1, 0, 1, 2, 3]",data/human_TE_cellline_all_NA_plain_07202023.csv,1,None,False,78,64,AdamW,"[64, 64, 64, 64, 64, 64, 64]",32,False,False,128,,,,,,testing,Test fold: 7. Validation fold: 3,8c8e8a779da245d1a5dd90af1d63787b,8c8e8a779da245d1a5dd90af1d63787b,upstream/src/main.py,435215584668198691c7be4caabd29c71fde43ee,"[{""artifact_path"":""model"",""flavors"":{""pytorch"":{""model_data"":""data"",""pytorch_version"":""2.0.0+cu117"",""code"":null},""python_function"":{""data"":""data"",""pickle_module_name"":""mlflow.pytorch.pickle_module"",""loader_module"":""mlflow.pytorch"",""env"":{""conda"":""conda.yaml"",""virtualenv"":""python_env.yaml""},""python_version"":""3.10.9""}},""run_id"":""0c30bb8f490b4d1f97621c0f4840d356"",""model_uuid"":""9738405ec79c46558a0953a27c589f89"",""utc_time_created"":""2023-09-24 12:53:04.347497"",""mlflow_version"":""2.3.2""}]",awesome-whale-240,UPSTREAM_AUTHOR,LOCAL
eb1fecfde34f4063a1d99d6618f39024,3783008913534056,FINISHED,UPSTREAM_ARTIFACT_URI,2023-09-24 10:05:43.198000+00:00,2023-09-24 11:29:35.343000+00:00,1e-06,0.7018204927444458,200.0,0.6851571798324585,0.3909534513950348,0.49061352014541626,0.7017478346824646,0.4372902512550354,0.7121559381484985,0.4227292835712433,0.49020805954933167,,,,,True,data/Human_TE_paxdb_filter_hepg2all_fin.csv,relu,10,5,0.1,1,1381,2,data/appris_TE_with_NAs_07202023.txt,False,5,0.9,200,AdamW,gru,1,2.5e-06,TECNNMultiTasks,2,9,False,12288,^TE_,None,False,9,"(0.9, 0.998)",7,1e-08,0.3,True,False,0.007,True,0.0001,128,data/Human_TE_paxdb_filter_hepg2all_tx_info_with_delta_TE.txt,data/name_information.txt,4,64,False,0,data/Human_TE_paxdb_filter_hepg2all_tx_info.txt,True,False,True,0,False,10,False,True,2,0.9,60,0.001,11937,SingleLinearLayerHead,1,0.001,False,False,0.998,True,"[-3, -2, -1, 0, 1, 2, 3]",data/human_TE_cellline_all_NA_plain_07202023.csv,1,None,False,78,64,AdamW,"[64, 64, 64, 64, 64, 64, 64]",32,False,False,128,,,,,,testing,Test fold: 7. Validation fold: 2,8c8e8a779da245d1a5dd90af1d63787b,8c8e8a779da245d1a5dd90af1d63787b,upstream/src/main.py,435215584668198691c7be4caabd29c71fde43ee,"[{""artifact_path"":""model"",""flavors"":{""pytorch"":{""model_data"":""data"",""pytorch_version"":""2.0.0+cu117"",""code"":null},""python_function"":{""data"":""data"",""pickle_module_name"":""mlflow.pytorch.pickle_module"",""loader_module"":""mlflow.pytorch"",""env"":{""conda"":""conda.yaml"",""virtualenv"":""python_env.yaml""},""python_version"":""3.10.9""}},""run_id"":""eb1fecfde34f4063a1d99d6618f39024"",""model_uuid"":""c857b64685df40459386afc280eb6a89"",""utc_time_created"":""2023-09-24 11:29:16.129769"",""mlflow_version"":""2.3.2""}]",likeable-dog-194,UPSTREAM_AUTHOR,LOCAL
00d0cce262be430cba85ccbe36060351,3783008913534056,FINISHED,UPSTREAM_ARTIFACT_URI,2023-09-24 08:41:27.211000+00:00,2023-09-24 10:05:43.068000+00:00,3.125e-06,0.7022711038589478,200.0,0.6878852844238281,0.494353711605072,0.4911605417728424,0.7078423500061035,0.43522584438323975,0.7201374769210815,0.42221599817276,0.48875415325164795,,,,,True,data/Human_TE_paxdb_filter_hepg2all_fin.csv,relu,10,5,0.1,1,1381,1,data/appris_TE_with_NAs_07202023.txt,False,5,0.9,200,AdamW,gru,1,2.5e-06,TECNNMultiTasks,2,9,False,12288,^TE_,None,False,9,"(0.9, 0.998)",7,1e-08,0.3,True,False,0.007,True,0.0001,128,data/Human_TE_paxdb_filter_hepg2all_tx_info_with_delta_TE.txt,data/name_information.txt,4,64,False,0,data/Human_TE_paxdb_filter_hepg2all_tx_info.txt,True,False,True,0,False,10,False,True,2,0.9,60,0.001,11937,SingleLinearLayerHead,1,0.001,False,False,0.998,True,"[-3, -2, -1, 0, 1, 2, 3]",data/human_TE_cellline_all_NA_plain_07202023.csv,1,None,False,78,64,AdamW,"[64, 64, 64, 64, 64, 64, 64]",32,False,False,128,,,,,,testing,Test fold: 7. Validation fold: 1,8c8e8a779da245d1a5dd90af1d63787b,8c8e8a779da245d1a5dd90af1d63787b,upstream/src/main.py,435215584668198691c7be4caabd29c71fde43ee,"[{""artifact_path"":""model"",""flavors"":{""pytorch"":{""model_data"":""data"",""pytorch_version"":""2.0.0+cu117"",""code"":null},""python_function"":{""data"":""data"",""pickle_module_name"":""mlflow.pytorch.pickle_module"",""loader_module"":""mlflow.pytorch"",""env"":{""conda"":""conda.yaml"",""virtualenv"":""python_env.yaml""},""python_version"":""3.10.9""}},""run_id"":""00d0cce262be430cba85ccbe36060351"",""model_uuid"":""f37d521f8b054d0989b8cb79c3f52db5"",""utc_time_created"":""2023-09-24 10:05:24.034947"",""mlflow_version"":""2.3.2""}]",worried-turtle-175,UPSTREAM_AUTHOR,LOCAL
c369c36ae9994ad092b597d97f795d50,3783008913534056,FINISHED,UPSTREAM_ARTIFACT_URI,2023-09-24 07:17:57.619000+00:00,2023-09-24 08:41:27.045000+00:00,1e-06,0.6922957897186279,200.0,0.6778631210327148,0.49144622683525085,0.46704643964767456,0.6827588081359863,0.456894189119339,0.6959086060523987,0.4419894814491272,0.4695872366428375,,,,,True,data/Human_TE_paxdb_filter_hepg2all_fin.csv,relu,10,5,0.1,1,1381,0,data/appris_TE_with_NAs_07202023.txt,False,5,0.9,200,AdamW,gru,1,2.5e-06,TECNNMultiTasks,2,9,False,12288,^TE_,None,False,9,"(0.9, 0.998)",7,1e-08,0.3,True,False,0.007,True,0.0001,128,data/Human_TE_paxdb_filter_hepg2all_tx_info_with_delta_TE.txt,data/name_information.txt,4,64,False,0,data/Human_TE_paxdb_filter_hepg2all_tx_info.txt,True,False,True,0,False,10,False,True,2,0.9,60,0.001,11937,SingleLinearLayerHead,1,0.001,False,False,0.998,True,"[-3, -2, -1, 0, 1, 2, 3]",data/human_TE_cellline_all_NA_plain_07202023.csv,1,None,False,78,64,AdamW,"[64, 64, 64, 64, 64, 64, 64]",32,False,False,128,,,,,,testing,Test fold: 7. Validation fold: 0,8c8e8a779da245d1a5dd90af1d63787b,8c8e8a779da245d1a5dd90af1d63787b,upstream/src/main.py,435215584668198691c7be4caabd29c71fde43ee,"[{""artifact_path"":""model"",""flavors"":{""pytorch"":{""model_data"":""data"",""pytorch_version"":""2.0.0+cu117"",""code"":null},""python_function"":{""data"":""data"",""pickle_module_name"":""mlflow.pytorch.pickle_module"",""loader_module"":""mlflow.pytorch"",""env"":{""conda"":""conda.yaml"",""virtualenv"":""python_env.yaml""},""python_version"":""3.10.9""}},""run_id"":""c369c36ae9994ad092b597d97f795d50"",""model_uuid"":""fc36a6e9a8494a89abd7c930dd4721c3"",""utc_time_created"":""2023-09-24 08:41:07.142766"",""mlflow_version"":""2.3.2""}]",fun-whale-686,UPSTREAM_AUTHOR,LOCAL
224f63e51213453285344907185b05d9,3783008913534056,FINISHED,UPSTREAM_ARTIFACT_URI,2023-09-24 05:54:30.852000+00:00,2023-09-24 07:17:57.493000+00:00,6.25e-06,0.723118245601654,200.0,0.7206814289093018,0.51767897605896,0.517555296421051,0.6942208409309387,0.4538278579711914,0.7027429938316345,0.4236331284046173,0.48849767446517944,,,,,True,data/Human_TE_paxdb_filter_hepg2all_fin.csv,relu,10,5,0.1,1,1381,8,data/appris_TE_with_NAs_07202023.txt,False,5,0.9,200,AdamW,gru,1,2.5e-06,TECNNMultiTasks,2,9,False,12288,^TE_,None,False,9,"(0.9, 0.998)",6,1e-08,0.3,True,False,0.007,True,0.0001,128,data/Human_TE_paxdb_filter_hepg2all_tx_info_with_delta_TE.txt,data/name_information.txt,4,64,False,0,data/Human_TE_paxdb_filter_hepg2all_tx_info.txt,True,False,True,0,False,10,False,True,2,0.9,60,0.001,11937,SingleLinearLayerHead,1,0.001,False,False,0.998,True,"[-3, -2, -1, 0, 1, 2, 3]",data/human_TE_cellline_all_NA_plain_07202023.csv,1,None,False,78,64,AdamW,"[64, 64, 64, 64, 64, 64, 64]",32,False,False,128,,,,,,testing,Test fold: 6. Validation fold: 8,8c8e8a779da245d1a5dd90af1d63787b,8c8e8a779da245d1a5dd90af1d63787b,upstream/src/main.py,435215584668198691c7be4caabd29c71fde43ee,"[{""artifact_path"":""model"",""flavors"":{""pytorch"":{""model_data"":""data"",""pytorch_version"":""2.0.0+cu117"",""code"":null},""python_function"":{""data"":""data"",""pickle_module_name"":""mlflow.pytorch.pickle_module"",""loader_module"":""mlflow.pytorch"",""env"":{""conda"":""conda.yaml"",""virtualenv"":""python_env.yaml""},""python_version"":""3.10.9""}},""run_id"":""224f63e51213453285344907185b05d9"",""model_uuid"":""4683671faa44489b8094b3a31d7149b6"",""utc_time_created"":""2023-09-24 07:17:38.398385"",""mlflow_version"":""2.3.2""}]",mercurial-steed-204,UPSTREAM_AUTHOR,LOCAL
131ca12aaf074edbbe9ed3eb13e816fa,3783008913534056,FINISHED,UPSTREAM_ARTIFACT_URI,2023-09-24 04:31:03.815000+00:00,2023-09-24 05:54:30.694000+00:00,3.125e-06,0.7369064688682556,200.0,0.7323850393295288,0.5134433507919312,0.5400877594947815,0.7059396505355835,0.4116370677947998,0.7224637866020203,0.4039357900619507,0.5173218250274658,,,,,True,data/Human_TE_paxdb_filter_hepg2all_fin.csv,relu,10,5,0.1,1,1381,7,data/appris_TE_with_NAs_07202023.txt,False,5,0.9,200,AdamW,gru,1,2.5e-06,TECNNMultiTasks,2,9,False,12288,^TE_,None,False,9,"(0.9, 0.998)",6,1e-08,0.3,True,False,0.007,True,0.0001,128,data/Human_TE_paxdb_filter_hepg2all_tx_info_with_delta_TE.txt,data/name_information.txt,4,64,False,0,data/Human_TE_paxdb_filter_hepg2all_tx_info.txt,True,False,True,0,False,10,False,True,2,0.9,60,0.001,11937,SingleLinearLayerHead,1,0.001,False,False,0.998,True,"[-3, -2, -1, 0, 1, 2, 3]",data/human_TE_cellline_all_NA_plain_07202023.csv,1,None,False,78,64,AdamW,"[64, 64, 64, 64, 64, 64, 64]",32,False,False,128,,,,,,testing,Test fold: 6. Validation fold: 7,8c8e8a779da245d1a5dd90af1d63787b,8c8e8a779da245d1a5dd90af1d63787b,upstream/src/main.py,435215584668198691c7be4caabd29c71fde43ee,"[{""artifact_path"":""model"",""flavors"":{""pytorch"":{""model_data"":""data"",""pytorch_version"":""2.0.0+cu117"",""code"":null},""python_function"":{""data"":""data"",""pickle_module_name"":""mlflow.pytorch.pickle_module"",""loader_module"":""mlflow.pytorch"",""env"":{""conda"":""conda.yaml"",""virtualenv"":""python_env.yaml""},""python_version"":""3.10.9""}},""run_id"":""131ca12aaf074edbbe9ed3eb13e816fa"",""model_uuid"":""8583d0dbdf024256968ebeb4aea6d930"",""utc_time_created"":""2023-09-24 05:54:10.712404"",""mlflow_version"":""2.3.2""}]",placid-dog-619,UPSTREAM_AUTHOR,LOCAL
69de6cd06769484697ab47bb2f223fb8,3783008913534056,FINISHED,UPSTREAM_ARTIFACT_URI,2023-09-24 03:06:55.326000+00:00,2023-09-24 04:31:03.675000+00:00,1e-06,0.7372183799743652,200.0,0.7332918643951416,0.4323248565196991,0.539919376373291,0.6898825168609619,0.41906988620758057,0.7068971395492554,0.4037860631942749,0.499149352312088,,,,,True,data/Human_TE_paxdb_filter_hepg2all_fin.csv,relu,10,5,0.1,1,1381,6,data/appris_TE_with_NAs_07202023.txt,False,5,0.9,200,AdamW,gru,1,2.5e-06,TECNNMultiTasks,2,9,False,12288,^TE_,None,False,9,"(0.9, 0.998)",6,1e-08,0.3,True,False,0.007,True,0.0001,128,data/Human_TE_paxdb_filter_hepg2all_tx_info_with_delta_TE.txt,data/name_information.txt,4,64,False,0,data/Human_TE_paxdb_filter_hepg2all_tx_info.txt,True,False,True,0,False,10,False,True,2,0.9,60,0.001,11937,SingleLinearLayerHead,1,0.001,False,False,0.998,True,"[-3, -2, -1, 0, 1, 2, 3]",data/human_TE_cellline_all_NA_plain_07202023.csv,1,None,False,78,64,AdamW,"[64, 64, 64, 64, 64, 64, 64]",32,False,False,128,,,,,,testing,Test fold: 6. Validation fold: 6,8c8e8a779da245d1a5dd90af1d63787b,8c8e8a779da245d1a5dd90af1d63787b,upstream/src/main.py,435215584668198691c7be4caabd29c71fde43ee,"[{""artifact_path"":""model"",""flavors"":{""pytorch"":{""model_data"":""data"",""pytorch_version"":""2.0.0+cu117"",""code"":null},""python_function"":{""data"":""data"",""pickle_module_name"":""mlflow.pytorch.pickle_module"",""loader_module"":""mlflow.pytorch"",""env"":{""conda"":""conda.yaml"",""virtualenv"":""python_env.yaml""},""python_version"":""3.10.9""}},""run_id"":""69de6cd06769484697ab47bb2f223fb8"",""model_uuid"":""1a39d5497a4243d69433373042188b93"",""utc_time_created"":""2023-09-24 04:30:44.016783"",""mlflow_version"":""2.3.2""}]",worried-foal-605,UPSTREAM_AUTHOR,LOCAL
65e0099460d94d6aa004a67fc11d97b0,3783008913534056,FINISHED,UPSTREAM_ARTIFACT_URI,2023-09-24 01:44:18.325000+00:00,2023-09-24 03:06:55.193000+00:00,1e-06,0.7262178063392639,200.0,0.7212427854537964,0.3885902166366577,0.5226044654846191,0.7106242179870605,0.4220559000968933,0.7264569401741028,0.41909059882164,0.5094130635261536,,,,,True,data/Human_TE_paxdb_filter_hepg2all_fin.csv,relu,10,5,0.1,1,1381,5,data/appris_TE_with_NAs_07202023.txt,False,5,0.9,200,AdamW,gru,1,2.5e-06,TECNNMultiTasks,2,9,False,12288,^TE_,None,False,9,"(0.9, 0.998)",6,1e-08,0.3,True,False,0.007,True,0.0001,128,data/Human_TE_paxdb_filter_hepg2all_tx_info_with_delta_TE.txt,data/name_information.txt,4,64,False,0,data/Human_TE_paxdb_filter_hepg2all_tx_info.txt,True,False,True,0,False,10,False,True,2,0.9,60,0.001,11937,SingleLinearLayerHead,1,0.001,False,False,0.998,True,"[-3, -2, -1, 0, 1, 2, 3]",data/human_TE_cellline_all_NA_plain_07202023.csv,1,None,False,78,64,AdamW,"[64, 64, 64, 64, 64, 64, 64]",32,False,False,128,,,,,,testing,Test fold: 6. Validation fold: 5,8c8e8a779da245d1a5dd90af1d63787b,8c8e8a779da245d1a5dd90af1d63787b,upstream/src/main.py,435215584668198691c7be4caabd29c71fde43ee,"[{""artifact_path"":""model"",""flavors"":{""pytorch"":{""model_data"":""data"",""pytorch_version"":""2.0.0+cu117"",""code"":null},""python_function"":{""data"":""data"",""pickle_module_name"":""mlflow.pytorch.pickle_module"",""loader_module"":""mlflow.pytorch"",""env"":{""conda"":""conda.yaml"",""virtualenv"":""python_env.yaml""},""python_version"":""3.10.9""}},""run_id"":""65e0099460d94d6aa004a67fc11d97b0"",""model_uuid"":""2d8143f96ea043869e94298249b1b2a0"",""utc_time_created"":""2023-09-24 03:06:35.915296"",""mlflow_version"":""2.3.2""}]",nebulous-whale-111,UPSTREAM_AUTHOR,LOCAL
54a0a6d011fb434398580cf1a392382a,3783008913534056,FINISHED,UPSTREAM_ARTIFACT_URI,2023-09-24 00:20:38.981000+00:00,2023-09-24 01:44:18.189000+00:00,1e-06,0.7313931584358215,200.0,0.7285228371620178,0.46401724219322205,0.5281679630279541,0.7021783590316772,0.420768678188324,0.7113553285598755,0.4144771099090576,0.5001046061515808,,,,,True,data/Human_TE_paxdb_filter_hepg2all_fin.csv,relu,10,5,0.1,1,1381,4,data/appris_TE_with_NAs_07202023.txt,False,5,0.9,200,AdamW,gru,1,2.5e-06,TECNNMultiTasks,2,9,False,12288,^TE_,None,False,9,"(0.9, 0.998)",6,1e-08,0.3,True,False,0.007,True,0.0001,128,data/Human_TE_paxdb_filter_hepg2all_tx_info_with_delta_TE.txt,data/name_information.txt,4,64,False,0,data/Human_TE_paxdb_filter_hepg2all_tx_info.txt,True,False,True,0,False,10,False,True,2,0.9,60,0.001,11937,SingleLinearLayerHead,1,0.001,False,False,0.998,True,"[-3, -2, -1, 0, 1, 2, 3]",data/human_TE_cellline_all_NA_plain_07202023.csv,1,None,False,78,64,AdamW,"[64, 64, 64, 64, 64, 64, 64]",32,False,False,128,,,,,,testing,Test fold: 6. Validation fold: 4,8c8e8a779da245d1a5dd90af1d63787b,8c8e8a779da245d1a5dd90af1d63787b,upstream/src/main.py,435215584668198691c7be4caabd29c71fde43ee,"[{""artifact_path"":""model"",""flavors"":{""pytorch"":{""model_data"":""data"",""pytorch_version"":""2.0.0+cu117"",""code"":null},""python_function"":{""data"":""data"",""pickle_module_name"":""mlflow.pytorch.pickle_module"",""loader_module"":""mlflow.pytorch"",""env"":{""conda"":""conda.yaml"",""virtualenv"":""python_env.yaml""},""python_version"":""3.10.9""}},""run_id"":""54a0a6d011fb434398580cf1a392382a"",""model_uuid"":""70d24839a2ac4deabe1c7b7b6ee98d58"",""utc_time_created"":""2023-09-24 01:43:59.516037"",""mlflow_version"":""2.3.2""}]",bold-tern-504,UPSTREAM_AUTHOR,LOCAL
8a8240363ac94b4caca6281926c016d6,3783008913534056,FINISHED,UPSTREAM_ARTIFACT_URI,2023-09-23 22:57:38.543000+00:00,2023-09-24 00:20:38.845000+00:00,1.5625e-06,0.7278436422348022,200.0,0.7253805994987488,0.41482290625572205,0.5235037803649902,0.6802181005477905,0.4687291979789734,0.6939338445663452,0.41844454407691956,0.4482473134994507,,,,,True,data/Human_TE_paxdb_filter_hepg2all_fin.csv,relu,10,5,0.1,1,1381,3,data/appris_TE_with_NAs_07202023.txt,False,5,0.9,200,AdamW,gru,1,2.5e-06,TECNNMultiTasks,2,9,False,12288,^TE_,None,False,9,"(0.9, 0.998)",6,1e-08,0.3,True,False,0.007,True,0.0001,128,data/Human_TE_paxdb_filter_hepg2all_tx_info_with_delta_TE.txt,data/name_information.txt,4,64,False,0,data/Human_TE_paxdb_filter_hepg2all_tx_info.txt,True,False,True,0,False,10,False,True,2,0.9,60,0.001,11937,SingleLinearLayerHead,1,0.001,False,False,0.998,True,"[-3, -2, -1, 0, 1, 2, 3]",data/human_TE_cellline_all_NA_plain_07202023.csv,1,None,False,78,64,AdamW,"[64, 64, 64, 64, 64, 64, 64]",32,False,False,128,,,,,,testing,Test fold: 6. Validation fold: 3,8c8e8a779da245d1a5dd90af1d63787b,8c8e8a779da245d1a5dd90af1d63787b,upstream/src/main.py,435215584668198691c7be4caabd29c71fde43ee,"[{""artifact_path"":""model"",""flavors"":{""pytorch"":{""model_data"":""data"",""pytorch_version"":""2.0.0+cu117"",""code"":null},""python_function"":{""data"":""data"",""pickle_module_name"":""mlflow.pytorch.pickle_module"",""loader_module"":""mlflow.pytorch"",""env"":{""conda"":""conda.yaml"",""virtualenv"":""python_env.yaml""},""python_version"":""3.10.9""}},""run_id"":""8a8240363ac94b4caca6281926c016d6"",""model_uuid"":""33a7b8b22ca84f26ab1dc349db64709f"",""utc_time_created"":""2023-09-24 00:20:19.448498"",""mlflow_version"":""2.3.2""}]",clean-doe-223,UPSTREAM_AUTHOR,LOCAL
6c59effe15614913aedb88d8b41b978c,3783008913534056,FINISHED,UPSTREAM_ARTIFACT_URI,2023-09-23 21:34:00.965000+00:00,2023-09-23 22:57:38.416000+00:00,6.25e-06,0.7317914962768555,200.0,0.7294900417327881,0.39126667380332947,0.5303314924240112,0.7124236822128296,0.4652143120765686,0.7230359315872192,0.41248616576194763,0.4872608780860901,,,,,True,data/Human_TE_paxdb_filter_hepg2all_fin.csv,relu,10,5,0.1,1,1381,2,data/appris_TE_with_NAs_07202023.txt,False,5,0.9,200,AdamW,gru,1,2.5e-06,TECNNMultiTasks,2,9,False,12288,^TE_,None,False,9,"(0.9, 0.998)",6,1e-08,0.3,True,False,0.007,True,0.0001,128,data/Human_TE_paxdb_filter_hepg2all_tx_info_with_delta_TE.txt,data/name_information.txt,4,64,False,0,data/Human_TE_paxdb_filter_hepg2all_tx_info.txt,True,False,True,0,False,10,False,True,2,0.9,60,0.001,11937,SingleLinearLayerHead,1,0.001,False,False,0.998,True,"[-3, -2, -1, 0, 1, 2, 3]",data/human_TE_cellline_all_NA_plain_07202023.csv,1,None,False,78,64,AdamW,"[64, 64, 64, 64, 64, 64, 64]",32,False,False,128,,,,,,testing,Test fold: 6. Validation fold: 2,8c8e8a779da245d1a5dd90af1d63787b,8c8e8a779da245d1a5dd90af1d63787b,upstream/src/main.py,435215584668198691c7be4caabd29c71fde43ee,"[{""artifact_path"":""model"",""flavors"":{""pytorch"":{""model_data"":""data"",""pytorch_version"":""2.0.0+cu117"",""code"":null},""python_function"":{""data"":""data"",""pickle_module_name"":""mlflow.pytorch.pickle_module"",""loader_module"":""mlflow.pytorch"",""env"":{""conda"":""conda.yaml"",""virtualenv"":""python_env.yaml""},""python_version"":""3.10.9""}},""run_id"":""6c59effe15614913aedb88d8b41b978c"",""model_uuid"":""2b71be136a244710afe5a4d4198b3ec1"",""utc_time_created"":""2023-09-23 22:57:19.598507"",""mlflow_version"":""2.3.2""}]",fortunate-horse-951,UPSTREAM_AUTHOR,LOCAL
fe4885418b04417eb4aeb85877a83afa,3783008913534056,FINISHED,UPSTREAM_ARTIFACT_URI,2023-09-23 20:11:26.159000+00:00,2023-09-23 21:34:00.840000+00:00,1e-06,0.7228606939315796,200.0,0.720706582069397,0.4116658866405487,0.5195220708847046,0.7013285160064697,0.45011550188064575,0.7091425657272339,0.42183274030685425,0.49854573607444763,,,,,True,data/Human_TE_paxdb_filter_hepg2all_fin.csv,relu,10,5,0.1,1,1381,1,data/appris_TE_with_NAs_07202023.txt,False,5,0.9,200,AdamW,gru,1,2.5e-06,TECNNMultiTasks,2,9,False,12288,^TE_,None,False,9,"(0.9, 0.998)",6,1e-08,0.3,True,False,0.007,True,0.0001,128,data/Human_TE_paxdb_filter_hepg2all_tx_info_with_delta_TE.txt,data/name_information.txt,4,64,False,0,data/Human_TE_paxdb_filter_hepg2all_tx_info.txt,True,False,True,0,False,10,False,True,2,0.9,60,0.001,11937,SingleLinearLayerHead,1,0.001,False,False,0.998,True,"[-3, -2, -1, 0, 1, 2, 3]",data/human_TE_cellline_all_NA_plain_07202023.csv,1,None,False,78,64,AdamW,"[64, 64, 64, 64, 64, 64, 64]",32,False,False,128,,,,,,testing,Test fold: 6. Validation fold: 1,8c8e8a779da245d1a5dd90af1d63787b,8c8e8a779da245d1a5dd90af1d63787b,upstream/src/main.py,435215584668198691c7be4caabd29c71fde43ee,"[{""artifact_path"":""model"",""flavors"":{""pytorch"":{""model_data"":""data"",""pytorch_version"":""2.0.0+cu117"",""code"":null},""python_function"":{""data"":""data"",""pickle_module_name"":""mlflow.pytorch.pickle_module"",""loader_module"":""mlflow.pytorch"",""env"":{""conda"":""conda.yaml"",""virtualenv"":""python_env.yaml""},""python_version"":""3.10.9""}},""run_id"":""fe4885418b04417eb4aeb85877a83afa"",""model_uuid"":""b8039388a2c849bcb11f2d59928437ed"",""utc_time_created"":""2023-09-23 21:33:42.164540"",""mlflow_version"":""2.3.2""}]",carefree-deer-725,UPSTREAM_AUTHOR,LOCAL
38c972a6a03a4b2881ee48b1f39c2807,3783008913534056,FINISHED,UPSTREAM_ARTIFACT_URI,2023-09-23 18:48:39.523000+00:00,2023-09-23 20:11:26.038000+00:00,1e-06,0.7071087956428528,200.0,0.7057157158851624,0.4864131808280945,0.48674362897872925,0.6672933101654053,0.4541323184967041,0.6870262622833252,0.45065659284591675,0.45869746804237366,,,,,True,data/Human_TE_paxdb_filter_hepg2all_fin.csv,relu,10,5,0.1,1,1381,0,data/appris_TE_with_NAs_07202023.txt,False,5,0.9,200,AdamW,gru,1,2.5e-06,TECNNMultiTasks,2,9,False,12288,^TE_,None,False,9,"(0.9, 0.998)",6,1e-08,0.3,True,False,0.007,True,0.0001,128,data/Human_TE_paxdb_filter_hepg2all_tx_info_with_delta_TE.txt,data/name_information.txt,4,64,False,0,data/Human_TE_paxdb_filter_hepg2all_tx_info.txt,True,False,True,0,False,10,False,True,2,0.9,60,0.001,11937,SingleLinearLayerHead,1,0.001,False,False,0.998,True,"[-3, -2, -1, 0, 1, 2, 3]",data/human_TE_cellline_all_NA_plain_07202023.csv,1,None,False,78,64,AdamW,"[64, 64, 64, 64, 64, 64, 64]",32,False,False,128,,,,,,testing,Test fold: 6. Validation fold: 0,8c8e8a779da245d1a5dd90af1d63787b,8c8e8a779da245d1a5dd90af1d63787b,upstream/src/main.py,435215584668198691c7be4caabd29c71fde43ee,"[{""artifact_path"":""model"",""flavors"":{""pytorch"":{""model_data"":""data"",""pytorch_version"":""2.0.0+cu117"",""code"":null},""python_function"":{""data"":""data"",""pickle_module_name"":""mlflow.pytorch.pickle_module"",""loader_module"":""mlflow.pytorch"",""env"":{""conda"":""conda.yaml"",""virtualenv"":""python_env.yaml""},""python_version"":""3.10.9""}},""run_id"":""38c972a6a03a4b2881ee48b1f39c2807"",""model_uuid"":""f3555083970e497ba447ace99d9a9dfa"",""utc_time_created"":""2023-09-23 20:11:07.068450"",""mlflow_version"":""2.3.2""}]",dapper-mouse-769,UPSTREAM_AUTHOR,LOCAL
7f9c831e6fbb4d7b82fed019ad9ef32b,3783008913534056,FINISHED,UPSTREAM_ARTIFACT_URI,2023-09-23 17:25:26.578000+00:00,2023-09-23 18:48:39.371000+00:00,1.5625e-06,0.7209300994873047,200.0,0.707490086555481,0.41539859771728516,0.517072319984436,0.7112354040145874,0.41937538981437683,0.7210744619369507,0.41868114471435547,0.5121826529502869,,,,,True,data/Human_TE_paxdb_filter_hepg2all_fin.csv,relu,10,5,0.1,1,1381,8,data/appris_TE_with_NAs_07202023.txt,False,5,0.9,200,AdamW,gru,1,2.5e-06,TECNNMultiTasks,2,9,False,12288,^TE_,None,False,9,"(0.9, 0.998)",5,1e-08,0.3,True,False,0.007,True,0.0001,128,data/Human_TE_paxdb_filter_hepg2all_tx_info_with_delta_TE.txt,data/name_information.txt,4,64,False,0,data/Human_TE_paxdb_filter_hepg2all_tx_info.txt,True,False,True,0,False,10,False,True,2,0.9,60,0.001,11937,SingleLinearLayerHead,1,0.001,False,False,0.998,True,"[-3, -2, -1, 0, 1, 2, 3]",data/human_TE_cellline_all_NA_plain_07202023.csv,1,None,False,78,64,AdamW,"[64, 64, 64, 64, 64, 64, 64]",32,False,False,128,,,,,,testing,Test fold: 5. Validation fold: 8,8c8e8a779da245d1a5dd90af1d63787b,8c8e8a779da245d1a5dd90af1d63787b,upstream/src/main.py,435215584668198691c7be4caabd29c71fde43ee,"[{""artifact_path"":""model"",""flavors"":{""pytorch"":{""model_data"":""data"",""pytorch_version"":""2.0.0+cu117"",""code"":null},""python_function"":{""data"":""data"",""pickle_module_name"":""mlflow.pytorch.pickle_module"",""loader_module"":""mlflow.pytorch"",""env"":{""conda"":""conda.yaml"",""virtualenv"":""python_env.yaml""},""python_version"":""3.10.9""}},""run_id"":""7f9c831e6fbb4d7b82fed019ad9ef32b"",""model_uuid"":""b64ab7d3770f490db8ff6172f972383b"",""utc_time_created"":""2023-09-23 18:48:20.499985"",""mlflow_version"":""2.3.2""}]",capricious-sow-30,UPSTREAM_AUTHOR,LOCAL
34ca29bf68dd4aa0aaec3627b39298fe,3783008913534056,FINISHED,UPSTREAM_ARTIFACT_URI,2023-09-23 16:02:58.972000+00:00,2023-09-23 17:25:26.375000+00:00,1e-06,0.7235047221183777,200.0,0.7103145718574524,0.3728238344192505,0.5232583284378052,0.690300464630127,0.42779678106307983,0.7047515511512756,0.41345471143722534,0.48904097080230713,,,,,True,data/Human_TE_paxdb_filter_hepg2all_fin.csv,relu,10,5,0.1,1,1381,7,data/appris_TE_with_NAs_07202023.txt,False,5,0.9,200,AdamW,gru,1,2.5e-06,TECNNMultiTasks,2,9,False,12288,^TE_,None,False,9,"(0.9, 0.998)",5,1e-08,0.3,True,False,0.007,True,0.0001,128,data/Human_TE_paxdb_filter_hepg2all_tx_info_with_delta_TE.txt,data/name_information.txt,4,64,False,0,data/Human_TE_paxdb_filter_hepg2all_tx_info.txt,True,False,True,0,False,10,False,True,2,0.9,60,0.001,11937,SingleLinearLayerHead,1,0.001,False,False,0.998,True,"[-3, -2, -1, 0, 1, 2, 3]",data/human_TE_cellline_all_NA_plain_07202023.csv,1,None,False,78,64,AdamW,"[64, 64, 64, 64, 64, 64, 64]",32,False,False,128,,,,,,testing,Test fold: 5. Validation fold: 7,8c8e8a779da245d1a5dd90af1d63787b,8c8e8a779da245d1a5dd90af1d63787b,upstream/src/main.py,435215584668198691c7be4caabd29c71fde43ee,"[{""artifact_path"":""model"",""flavors"":{""pytorch"":{""model_data"":""data"",""pytorch_version"":""2.0.0+cu117"",""code"":null},""python_function"":{""data"":""data"",""pickle_module_name"":""mlflow.pytorch.pickle_module"",""loader_module"":""mlflow.pytorch"",""env"":{""conda"":""conda.yaml"",""virtualenv"":""python_env.yaml""},""python_version"":""3.10.9""}},""run_id"":""34ca29bf68dd4aa0aaec3627b39298fe"",""model_uuid"":""f697e722b09040cba44d226a8dcee4e0"",""utc_time_created"":""2023-09-23 17:25:07.482490"",""mlflow_version"":""2.3.2""}]",adaptable-grub-952,UPSTREAM_AUTHOR,LOCAL
00025c74093f4910b6c324fa7fd6baf3,3783008913534056,FINISHED,UPSTREAM_ARTIFACT_URI,2023-09-23 14:40:39.075000+00:00,2023-09-23 16:02:58.824000+00:00,1e-06,0.7248706817626953,200.0,0.7094454765319824,0.42532801628112793,0.5237845778465271,0.7188805341720581,0.4412441849708557,0.7246271371841431,0.4129320979118347,0.5088922381401062,,,,,True,data/Human_TE_paxdb_filter_hepg2all_fin.csv,relu,10,5,0.1,1,1381,6,data/appris_TE_with_NAs_07202023.txt,False,5,0.9,200,AdamW,gru,1,2.5e-06,TECNNMultiTasks,2,9,False,12288,^TE_,None,False,9,"(0.9, 0.998)",5,1e-08,0.3,True,False,0.007,True,0.0001,128,data/Human_TE_paxdb_filter_hepg2all_tx_info_with_delta_TE.txt,data/name_information.txt,4,64,False,0,data/Human_TE_paxdb_filter_hepg2all_tx_info.txt,True,False,True,0,False,10,False,True,2,0.9,60,0.001,11937,SingleLinearLayerHead,1,0.001,False,False,0.998,True,"[-3, -2, -1, 0, 1, 2, 3]",data/human_TE_cellline_all_NA_plain_07202023.csv,1,None,False,78,64,AdamW,"[64, 64, 64, 64, 64, 64, 64]",32,False,False,128,,,,,,testing,Test fold: 5. Validation fold: 6,8c8e8a779da245d1a5dd90af1d63787b,8c8e8a779da245d1a5dd90af1d63787b,upstream/src/main.py,435215584668198691c7be4caabd29c71fde43ee,"[{""artifact_path"":""model"",""flavors"":{""pytorch"":{""model_data"":""data"",""pytorch_version"":""2.0.0+cu117"",""code"":null},""python_function"":{""data"":""data"",""pickle_module_name"":""mlflow.pytorch.pickle_module"",""loader_module"":""mlflow.pytorch"",""env"":{""conda"":""conda.yaml"",""virtualenv"":""python_env.yaml""},""python_version"":""3.10.9""}},""run_id"":""00025c74093f4910b6c324fa7fd6baf3"",""model_uuid"":""d4a9d8bd69324e03ad509e3b5310a515"",""utc_time_created"":""2023-09-23 16:02:39.921704"",""mlflow_version"":""2.3.2""}]",unequaled-snake-512,UPSTREAM_AUTHOR,LOCAL
4fc41a6a1d2a4fc8b20885004d957408,3783008913534056,FINISHED,UPSTREAM_ARTIFACT_URI,2023-09-23 13:17:41.517000+00:00,2023-09-23 14:40:38.941000+00:00,1e-06,0.7239634990692139,200.0,0.7090118527412415,0.49405184388160706,0.5227433443069458,0.6897402405738831,0.4650585353374481,0.7049694657325745,0.41391652822494507,0.47532978653907776,,,,,True,data/Human_TE_paxdb_filter_hepg2all_fin.csv,relu,10,5,0.1,1,1381,5,data/appris_TE_with_NAs_07202023.txt,False,5,0.9,200,AdamW,gru,1,2.5e-06,TECNNMultiTasks,2,9,False,12288,^TE_,None,False,9,"(0.9, 0.998)",5,1e-08,0.3,True,False,0.007,True,0.0001,128,data/Human_TE_paxdb_filter_hepg2all_tx_info_with_delta_TE.txt,data/name_information.txt,4,64,False,0,data/Human_TE_paxdb_filter_hepg2all_tx_info.txt,True,False,True,0,False,10,False,True,2,0.9,60,0.001,11937,SingleLinearLayerHead,1,0.001,False,False,0.998,True,"[-3, -2, -1, 0, 1, 2, 3]",data/human_TE_cellline_all_NA_plain_07202023.csv,1,None,False,78,64,AdamW,"[64, 64, 64, 64, 64, 64, 64]",32,False,False,128,,,,,,testing,Test fold: 5. Validation fold: 5,8c8e8a779da245d1a5dd90af1d63787b,8c8e8a779da245d1a5dd90af1d63787b,upstream/src/main.py,435215584668198691c7be4caabd29c71fde43ee,"[{""artifact_path"":""model"",""flavors"":{""pytorch"":{""model_data"":""data"",""pytorch_version"":""2.0.0+cu117"",""code"":null},""python_function"":{""data"":""data"",""pickle_module_name"":""mlflow.pytorch.pickle_module"",""loader_module"":""mlflow.pytorch"",""env"":{""conda"":""conda.yaml"",""virtualenv"":""python_env.yaml""},""python_version"":""3.10.9""}},""run_id"":""4fc41a6a1d2a4fc8b20885004d957408"",""model_uuid"":""2079ee245f1948f08beff6a6da856ad3"",""utc_time_created"":""2023-09-23 14:40:20.642631"",""mlflow_version"":""2.3.2""}]",masked-elk-817,UPSTREAM_AUTHOR,LOCAL
d03225c7a4354893bafcee40c6f0de5c,3783008913534056,FINISHED,UPSTREAM_ARTIFACT_URI,2023-09-23 11:55:15.921000+00:00,2023-09-23 13:17:41.378000+00:00,1e-06,0.6929060816764832,200.0,0.680054247379303,0.5321232080459595,0.4745752811431885,0.6852236390113831,0.4737606644630432,0.6974755525588989,0.45550721883773804,0.46132564544677734,,,,,True,data/Human_TE_paxdb_filter_hepg2all_fin.csv,relu,10,5,0.1,1,1381,4,data/appris_TE_with_NAs_07202023.txt,False,5,0.9,200,AdamW,gru,1,2.5e-06,TECNNMultiTasks,2,9,False,12288,^TE_,None,False,9,"(0.9, 0.998)",5,1e-08,0.3,True,False,0.007,True,0.0001,128,data/Human_TE_paxdb_filter_hepg2all_tx_info_with_delta_TE.txt,data/name_information.txt,4,64,False,0,data/Human_TE_paxdb_filter_hepg2all_tx_info.txt,True,False,True,0,False,10,False,True,2,0.9,60,0.001,11937,SingleLinearLayerHead,1,0.001,False,False,0.998,True,"[-3, -2, -1, 0, 1, 2, 3]",data/human_TE_cellline_all_NA_plain_07202023.csv,1,None,False,78,64,AdamW,"[64, 64, 64, 64, 64, 64, 64]",32,False,False,128,,,,,,testing,Test fold: 5. Validation fold: 4,8c8e8a779da245d1a5dd90af1d63787b,8c8e8a779da245d1a5dd90af1d63787b,upstream/src/main.py,435215584668198691c7be4caabd29c71fde43ee,"[{""artifact_path"":""model"",""flavors"":{""pytorch"":{""model_data"":""data"",""pytorch_version"":""2.0.0+cu117"",""code"":null},""python_function"":{""data"":""data"",""pickle_module_name"":""mlflow.pytorch.pickle_module"",""loader_module"":""mlflow.pytorch"",""env"":{""conda"":""conda.yaml"",""virtualenv"":""python_env.yaml""},""python_version"":""3.10.9""}},""run_id"":""d03225c7a4354893bafcee40c6f0de5c"",""model_uuid"":""46f9b44b1b59413694d1642a21d420b4"",""utc_time_created"":""2023-09-23 13:17:22.811904"",""mlflow_version"":""2.3.2""}]",legendary-turtle-910,UPSTREAM_AUTHOR,LOCAL
19df49828b41477292e818d63cd9b736,3783008913534056,FINISHED,UPSTREAM_ARTIFACT_URI,2023-09-23 10:32:38.501000+00:00,2023-09-23 11:55:15.777000+00:00,1e-06,0.7205125093460083,200.0,0.7046659588813782,0.45093849301338196,0.5177946090698242,0.6968191862106323,0.4431002140045166,0.7097024917602539,0.4179668426513672,0.498801589012146,,,,,True,data/Human_TE_paxdb_filter_hepg2all_fin.csv,relu,10,5,0.1,1,1381,3,data/appris_TE_with_NAs_07202023.txt,False,5,0.9,200,AdamW,gru,1,2.5e-06,TECNNMultiTasks,2,9,False,12288,^TE_,None,False,9,"(0.9, 0.998)",5,1e-08,0.3,True,False,0.007,True,0.0001,128,data/Human_TE_paxdb_filter_hepg2all_tx_info_with_delta_TE.txt,data/name_information.txt,4,64,False,0,data/Human_TE_paxdb_filter_hepg2all_tx_info.txt,True,False,True,0,False,10,False,True,2,0.9,60,0.001,11937,SingleLinearLayerHead,1,0.001,False,False,0.998,True,"[-3, -2, -1, 0, 1, 2, 3]",data/human_TE_cellline_all_NA_plain_07202023.csv,1,None,False,78,64,AdamW,"[64, 64, 64, 64, 64, 64, 64]",32,False,False,128,,,,,,testing,Test fold: 5. Validation fold: 3,8c8e8a779da245d1a5dd90af1d63787b,8c8e8a779da245d1a5dd90af1d63787b,upstream/src/main.py,435215584668198691c7be4caabd29c71fde43ee,"[{""artifact_path"":""model"",""flavors"":{""pytorch"":{""model_data"":""data"",""pytorch_version"":""2.0.0+cu117"",""code"":null},""python_function"":{""data"":""data"",""pickle_module_name"":""mlflow.pytorch.pickle_module"",""loader_module"":""mlflow.pytorch"",""env"":{""conda"":""conda.yaml"",""virtualenv"":""python_env.yaml""},""python_version"":""3.10.9""}},""run_id"":""19df49828b41477292e818d63cd9b736"",""model_uuid"":""792dc1ceee0e48e1af5cfeebb36cf775"",""utc_time_created"":""2023-09-23 11:54:56.757782"",""mlflow_version"":""2.3.2""}]",sassy-skink-557,UPSTREAM_AUTHOR,LOCAL
77f9d6157b794a97bc4b2edce5a9b894,3783008913534056,FINISHED,UPSTREAM_ARTIFACT_URI,2023-09-23 09:09:18.319000+00:00,2023-09-23 10:32:38.370000+00:00,1e-06,0.7232897281646729,200.0,0.709895670413971,0.4703879654407501,0.5198028683662415,0.7058809995651245,0.4242270290851593,0.7178552150726318,0.4164320230484009,0.508040189743042,,,,,True,data/Human_TE_paxdb_filter_hepg2all_fin.csv,relu,10,5,0.1,1,1381,2,data/appris_TE_with_NAs_07202023.txt,False,5,0.9,200,AdamW,gru,1,2.5e-06,TECNNMultiTasks,2,9,False,12288,^TE_,None,False,9,"(0.9, 0.998)",5,1e-08,0.3,True,False,0.007,True,0.0001,128,data/Human_TE_paxdb_filter_hepg2all_tx_info_with_delta_TE.txt,data/name_information.txt,4,64,False,0,data/Human_TE_paxdb_filter_hepg2all_tx_info.txt,True,False,True,0,False,10,False,True,2,0.9,60,0.001,11937,SingleLinearLayerHead,1,0.001,False,False,0.998,True,"[-3, -2, -1, 0, 1, 2, 3]",data/human_TE_cellline_all_NA_plain_07202023.csv,1,None,False,78,64,AdamW,"[64, 64, 64, 64, 64, 64, 64]",32,False,False,128,,,,,,testing,Test fold: 5. Validation fold: 2,8c8e8a779da245d1a5dd90af1d63787b,8c8e8a779da245d1a5dd90af1d63787b,upstream/src/main.py,435215584668198691c7be4caabd29c71fde43ee,"[{""artifact_path"":""model"",""flavors"":{""pytorch"":{""model_data"":""data"",""pytorch_version"":""2.0.0+cu117"",""code"":null},""python_function"":{""data"":""data"",""pickle_module_name"":""mlflow.pytorch.pickle_module"",""loader_module"":""mlflow.pytorch"",""env"":{""conda"":""conda.yaml"",""virtualenv"":""python_env.yaml""},""python_version"":""3.10.9""}},""run_id"":""77f9d6157b794a97bc4b2edce5a9b894"",""model_uuid"":""9d220e28167c4b2d861f55bc1cd83838"",""utc_time_created"":""2023-09-23 10:32:19.540415"",""mlflow_version"":""2.3.2""}]",suave-mink-820,UPSTREAM_AUTHOR,LOCAL
777919e478674366a316e56357ad4150,3783008913534056,FINISHED,UPSTREAM_ARTIFACT_URI,2023-09-23 07:46:33.207000+00:00,2023-09-23 09:09:18.199000+00:00,1e-06,0.7203364372253418,200.0,0.7060039639472961,0.47298115491867065,0.5181635022163391,0.6945849657058716,0.43595585227012634,0.7031886577606201,0.4178481101989746,0.4861644506454468,,,,,True,data/Human_TE_paxdb_filter_hepg2all_fin.csv,relu,10,5,0.1,1,1381,1,data/appris_TE_with_NAs_07202023.txt,False,5,0.9,200,AdamW,gru,1,2.5e-06,TECNNMultiTasks,2,9,False,12288,^TE_,None,False,9,"(0.9, 0.998)",5,1e-08,0.3,True,False,0.007,True,0.0001,128,data/Human_TE_paxdb_filter_hepg2all_tx_info_with_delta_TE.txt,data/name_information.txt,4,64,False,0,data/Human_TE_paxdb_filter_hepg2all_tx_info.txt,True,False,True,0,False,10,False,True,2,0.9,60,0.001,11937,SingleLinearLayerHead,1,0.001,False,False,0.998,True,"[-3, -2, -1, 0, 1, 2, 3]",data/human_TE_cellline_all_NA_plain_07202023.csv,1,None,False,78,64,AdamW,"[64, 64, 64, 64, 64, 64, 64]",32,False,False,128,,,,,,testing,Test fold: 5. Validation fold: 1,8c8e8a779da245d1a5dd90af1d63787b,8c8e8a779da245d1a5dd90af1d63787b,upstream/src/main.py,435215584668198691c7be4caabd29c71fde43ee,"[{""artifact_path"":""model"",""flavors"":{""pytorch"":{""model_data"":""data"",""pytorch_version"":""2.0.0+cu117"",""code"":null},""python_function"":{""data"":""data"",""pickle_module_name"":""mlflow.pytorch.pickle_module"",""loader_module"":""mlflow.pytorch"",""env"":{""conda"":""conda.yaml"",""virtualenv"":""python_env.yaml""},""python_version"":""3.10.9""}},""run_id"":""777919e478674366a316e56357ad4150"",""model_uuid"":""72ec1f291a314ac1aa5dc9e81f2cc0f6"",""utc_time_created"":""2023-09-23 09:08:59.446998"",""mlflow_version"":""2.3.2""}]",victorious-sheep-43,UPSTREAM_AUTHOR,LOCAL
fa61fb3f4aba4cd6bebf02b7d887efea,3783008913534056,FINISHED,UPSTREAM_ARTIFACT_URI,2023-09-23 06:24:21.185000+00:00,2023-09-23 07:46:33.096000+00:00,2.5e-05,0.7218588590621948,200.0,0.7082698941230774,0.5098181962966919,0.5206598043441772,0.6781878471374512,0.48366105556488037,0.6904966831207275,0.4157220721244812,0.42127084732055664,,,,,True,data/Human_TE_paxdb_filter_hepg2all_fin.csv,relu,10,5,0.1,1,1381,0,data/appris_TE_with_NAs_07202023.txt,False,5,0.9,200,AdamW,gru,1,2.5e-06,TECNNMultiTasks,2,9,False,12288,^TE_,None,False,9,"(0.9, 0.998)",5,1e-08,0.3,True,False,0.007,True,0.0001,128,data/Human_TE_paxdb_filter_hepg2all_tx_info_with_delta_TE.txt,data/name_information.txt,4,64,False,0,data/Human_TE_paxdb_filter_hepg2all_tx_info.txt,True,False,True,0,False,10,False,True,2,0.9,60,0.001,11937,SingleLinearLayerHead,1,0.001,False,False,0.998,True,"[-3, -2, -1, 0, 1, 2, 3]",data/human_TE_cellline_all_NA_plain_07202023.csv,1,None,False,78,64,AdamW,"[64, 64, 64, 64, 64, 64, 64]",32,False,False,128,,,,,,testing,Test fold: 5. Validation fold: 0,8c8e8a779da245d1a5dd90af1d63787b,8c8e8a779da245d1a5dd90af1d63787b,upstream/src/main.py,435215584668198691c7be4caabd29c71fde43ee,"[{""artifact_path"":""model"",""flavors"":{""pytorch"":{""model_data"":""data"",""pytorch_version"":""2.0.0+cu117"",""code"":null},""python_function"":{""data"":""data"",""pickle_module_name"":""mlflow.pytorch.pickle_module"",""loader_module"":""mlflow.pytorch"",""env"":{""conda"":""conda.yaml"",""virtualenv"":""python_env.yaml""},""python_version"":""3.10.9""}},""run_id"":""fa61fb3f4aba4cd6bebf02b7d887efea"",""model_uuid"":""dcca4c0cbd604cfcbfd892ed2d12f2d1"",""utc_time_created"":""2023-09-23 07:46:14.198856"",""mlflow_version"":""2.3.2""}]",sassy-calf-742,UPSTREAM_AUTHOR,LOCAL
f67815d41c7543e1b2163d3850a60507,3783008913534056,FINISHED,UPSTREAM_ARTIFACT_URI,2023-09-23 05:02:18.516000+00:00,2023-09-23 06:24:21.011000+00:00,1e-06,0.7218198180198669,200.0,0.708030104637146,0.45413607358932495,0.5167674422264099,0.7019741535186768,0.43127912282943726,0.7147060036659241,0.4246580898761749,0.4987265467643738,,,,,True,data/Human_TE_paxdb_filter_hepg2all_fin.csv,relu,10,5,0.1,1,1381,8,data/appris_TE_with_NAs_07202023.txt,False,5,0.9,200,AdamW,gru,1,2.5e-06,TECNNMultiTasks,2,9,False,12288,^TE_,None,False,9,"(0.9, 0.998)",4,1e-08,0.3,True,False,0.007,True,0.0001,128,data/Human_TE_paxdb_filter_hepg2all_tx_info_with_delta_TE.txt,data/name_information.txt,4,64,False,0,data/Human_TE_paxdb_filter_hepg2all_tx_info.txt,True,False,True,0,False,10,False,True,2,0.9,60,0.001,11937,SingleLinearLayerHead,1,0.001,False,False,0.998,True,"[-3, -2, -1, 0, 1, 2, 3]",data/human_TE_cellline_all_NA_plain_07202023.csv,1,None,False,78,64,AdamW,"[64, 64, 64, 64, 64, 64, 64]",32,False,False,128,,,,,,testing,Test fold: 4. Validation fold: 8,8c8e8a779da245d1a5dd90af1d63787b,8c8e8a779da245d1a5dd90af1d63787b,upstream/src/main.py,435215584668198691c7be4caabd29c71fde43ee,"[{""artifact_path"":""model"",""flavors"":{""pytorch"":{""model_data"":""data"",""pytorch_version"":""2.0.0+cu117"",""code"":null},""python_function"":{""data"":""data"",""pickle_module_name"":""mlflow.pytorch.pickle_module"",""loader_module"":""mlflow.pytorch"",""env"":{""conda"":""conda.yaml"",""virtualenv"":""python_env.yaml""},""python_version"":""3.10.9""}},""run_id"":""f67815d41c7543e1b2163d3850a60507"",""model_uuid"":""55b12607061b42a19b7455418d960730"",""utc_time_created"":""2023-09-23 06:24:02.168491"",""mlflow_version"":""2.3.2""}]",thoughtful-skink-244,UPSTREAM_AUTHOR,LOCAL
38d518784f2240e5afe203dee5d02b45,3783008913534056,FINISHED,UPSTREAM_ARTIFACT_URI,2023-09-23 03:40:42.009000+00:00,2023-09-23 05:02:18.356000+00:00,3.125e-06,0.7269166111946106,200.0,0.7137338519096375,0.4633773863315582,0.5251777172088623,0.6971926689147949,0.41870129108428955,0.7111845016479492,0.4174058139324188,0.5053359270095825,,,,,True,data/Human_TE_paxdb_filter_hepg2all_fin.csv,relu,10,5,0.1,1,1381,7,data/appris_TE_with_NAs_07202023.txt,False,5,0.9,200,AdamW,gru,1,2.5e-06,TECNNMultiTasks,2,9,False,12288,^TE_,None,False,9,"(0.9, 0.998)",4,1e-08,0.3,True,False,0.007,True,0.0001,128,data/Human_TE_paxdb_filter_hepg2all_tx_info_with_delta_TE.txt,data/name_information.txt,4,64,False,0,data/Human_TE_paxdb_filter_hepg2all_tx_info.txt,True,False,True,0,False,10,False,True,2,0.9,60,0.001,11937,SingleLinearLayerHead,1,0.001,False,False,0.998,True,"[-3, -2, -1, 0, 1, 2, 3]",data/human_TE_cellline_all_NA_plain_07202023.csv,1,None,False,78,64,AdamW,"[64, 64, 64, 64, 64, 64, 64]",32,False,False,128,,,,,,testing,Test fold: 4. Validation fold: 7,8c8e8a779da245d1a5dd90af1d63787b,8c8e8a779da245d1a5dd90af1d63787b,upstream/src/main.py,435215584668198691c7be4caabd29c71fde43ee,"[{""artifact_path"":""model"",""flavors"":{""pytorch"":{""model_data"":""data"",""pytorch_version"":""2.0.0+cu117"",""code"":null},""python_function"":{""data"":""data"",""pickle_module_name"":""mlflow.pytorch.pickle_module"",""loader_module"":""mlflow.pytorch"",""env"":{""conda"":""conda.yaml"",""virtualenv"":""python_env.yaml""},""python_version"":""3.10.9""}},""run_id"":""38d518784f2240e5afe203dee5d02b45"",""model_uuid"":""31817e94e6ea4d85993bc217a1d2694f"",""utc_time_created"":""2023-09-23 05:01:59.399448"",""mlflow_version"":""2.3.2""}]",nosy-shrimp-653,UPSTREAM_AUTHOR,LOCAL
a6913ed6496549ea9f598a8c6f5f735f,3783008913534056,FINISHED,UPSTREAM_ARTIFACT_URI,2023-09-23 02:18:56.644000+00:00,2023-09-23 03:40:41.866000+00:00,1e-06,0.7237618565559387,200.0,0.7109787464141846,0.44024157524108887,0.5187923312187195,0.700796365737915,0.41275912523269653,0.7139514684677124,0.4231184124946594,0.501389741897583,,,,,True,data/Human_TE_paxdb_filter_hepg2all_fin.csv,relu,10,5,0.1,1,1381,6,data/appris_TE_with_NAs_07202023.txt,False,5,0.9,200,AdamW,gru,1,2.5e-06,TECNNMultiTasks,2,9,False,12288,^TE_,None,False,9,"(0.9, 0.998)",4,1e-08,0.3,True,False,0.007,True,0.0001,128,data/Human_TE_paxdb_filter_hepg2all_tx_info_with_delta_TE.txt,data/name_information.txt,4,64,False,0,data/Human_TE_paxdb_filter_hepg2all_tx_info.txt,True,False,True,0,False,10,False,True,2,0.9,60,0.001,11937,SingleLinearLayerHead,1,0.001,False,False,0.998,True,"[-3, -2, -1, 0, 1, 2, 3]",data/human_TE_cellline_all_NA_plain_07202023.csv,1,None,False,78,64,AdamW,"[64, 64, 64, 64, 64, 64, 64]",32,False,False,128,,,,,,testing,Test fold: 4. Validation fold: 6,8c8e8a779da245d1a5dd90af1d63787b,8c8e8a779da245d1a5dd90af1d63787b,upstream/src/main.py,435215584668198691c7be4caabd29c71fde43ee,"[{""artifact_path"":""model"",""flavors"":{""pytorch"":{""model_data"":""data"",""pytorch_version"":""2.0.0+cu117"",""code"":null},""python_function"":{""data"":""data"",""pickle_module_name"":""mlflow.pytorch.pickle_module"",""loader_module"":""mlflow.pytorch"",""env"":{""conda"":""conda.yaml"",""virtualenv"":""python_env.yaml""},""python_version"":""3.10.9""}},""run_id"":""a6913ed6496549ea9f598a8c6f5f735f"",""model_uuid"":""70a4da10fa58412a865a1f4ddf3ec703"",""utc_time_created"":""2023-09-23 03:40:23.560805"",""mlflow_version"":""2.3.2""}]",blushing-swan-847,UPSTREAM_AUTHOR,LOCAL
60c92cd29e5a4c0c87e08e4fa9b064cc,3783008913534056,FINISHED,UPSTREAM_ARTIFACT_URI,2023-09-23 00:56:19.229000+00:00,2023-09-23 02:18:56.517000+00:00,1e-06,0.7243759632110596,200.0,0.7131920456886292,0.3898434340953827,0.5206505060195923,0.7000815868377686,0.5090710520744324,0.7080258131027222,0.4216699004173279,0.42176949977874756,,,,,True,data/Human_TE_paxdb_filter_hepg2all_fin.csv,relu,10,5,0.1,1,1381,5,data/appris_TE_with_NAs_07202023.txt,False,5,0.9,200,AdamW,gru,1,2.5e-06,TECNNMultiTasks,2,9,False,12288,^TE_,None,False,9,"(0.9, 0.998)",4,1e-08,0.3,True,False,0.007,True,0.0001,128,data/Human_TE_paxdb_filter_hepg2all_tx_info_with_delta_TE.txt,data/name_information.txt,4,64,False,0,data/Human_TE_paxdb_filter_hepg2all_tx_info.txt,True,False,True,0,False,10,False,True,2,0.9,60,0.001,11937,SingleLinearLayerHead,1,0.001,False,False,0.998,True,"[-3, -2, -1, 0, 1, 2, 3]",data/human_TE_cellline_all_NA_plain_07202023.csv,1,None,False,78,64,AdamW,"[64, 64, 64, 64, 64, 64, 64]",32,False,False,128,,,,,,testing,Test fold: 4. Validation fold: 5,8c8e8a779da245d1a5dd90af1d63787b,8c8e8a779da245d1a5dd90af1d63787b,upstream/src/main.py,435215584668198691c7be4caabd29c71fde43ee,"[{""artifact_path"":""model"",""flavors"":{""pytorch"":{""model_data"":""data"",""pytorch_version"":""2.0.0+cu117"",""code"":null},""python_function"":{""data"":""data"",""pickle_module_name"":""mlflow.pytorch.pickle_module"",""loader_module"":""mlflow.pytorch"",""env"":{""conda"":""conda.yaml"",""virtualenv"":""python_env.yaml""},""python_version"":""3.10.9""}},""run_id"":""60c92cd29e5a4c0c87e08e4fa9b064cc"",""model_uuid"":""73c9a0f1a99545a788bbe97a7fc70893"",""utc_time_created"":""2023-09-23 02:18:38.287525"",""mlflow_version"":""2.3.2""}]",unruly-wasp-951,UPSTREAM_AUTHOR,LOCAL
540f97e0d047402d87c1565cb7f5c495,3783008913534056,FINISHED,UPSTREAM_ARTIFACT_URI,2023-09-22 23:33:37.272000+00:00,2023-09-23 00:56:19.113000+00:00,1e-06,0.6975768804550171,200.0,0.6868329048156738,0.5821747183799744,0.4694865345954895,0.6932485103607178,0.49446362257003784,0.7011879682540894,0.4664556384086609,0.45593491196632385,,,,,True,data/Human_TE_paxdb_filter_hepg2all_fin.csv,relu,10,5,0.1,1,1381,4,data/appris_TE_with_NAs_07202023.txt,False,5,0.9,200,AdamW,gru,1,2.5e-06,TECNNMultiTasks,2,9,False,12288,^TE_,None,False,9,"(0.9, 0.998)",4,1e-08,0.3,True,False,0.007,True,0.0001,128,data/Human_TE_paxdb_filter_hepg2all_tx_info_with_delta_TE.txt,data/name_information.txt,4,64,False,0,data/Human_TE_paxdb_filter_hepg2all_tx_info.txt,True,False,True,0,False,10,False,True,2,0.9,60,0.001,11937,SingleLinearLayerHead,1,0.001,False,False,0.998,True,"[-3, -2, -1, 0, 1, 2, 3]",data/human_TE_cellline_all_NA_plain_07202023.csv,1,None,False,78,64,AdamW,"[64, 64, 64, 64, 64, 64, 64]",32,False,False,128,,,,,,testing,Test fold: 4. Validation fold: 4,8c8e8a779da245d1a5dd90af1d63787b,8c8e8a779da245d1a5dd90af1d63787b,upstream/src/main.py,435215584668198691c7be4caabd29c71fde43ee,"[{""artifact_path"":""model"",""flavors"":{""pytorch"":{""model_data"":""data"",""pytorch_version"":""2.0.0+cu117"",""code"":null},""python_function"":{""data"":""data"",""pickle_module_name"":""mlflow.pytorch.pickle_module"",""loader_module"":""mlflow.pytorch"",""env"":{""conda"":""conda.yaml"",""virtualenv"":""python_env.yaml""},""python_version"":""3.10.9""}},""run_id"":""540f97e0d047402d87c1565cb7f5c495"",""model_uuid"":""15bf0beaddc948b38d7bf10f8208bbe7"",""utc_time_created"":""2023-09-23 00:56:00.218410"",""mlflow_version"":""2.3.2""}]",nebulous-crane-288,UPSTREAM_AUTHOR,LOCAL
59d3a35a891a4c5b836c866bbcc843e7,3783008913534056,FINISHED,UPSTREAM_ARTIFACT_URI,2023-09-22 22:11:07.896000+00:00,2023-09-22 23:33:37.137000+00:00,1e-06,0.7177337408065796,200.0,0.7051384449005127,0.5246686935424805,0.5047028064727783,0.7022759914398193,0.43351078033447266,0.7146757245063782,0.43546944856643677,0.4988974332809448,,,,,True,data/Human_TE_paxdb_filter_hepg2all_fin.csv,relu,10,5,0.1,1,1381,3,data/appris_TE_with_NAs_07202023.txt,False,5,0.9,200,AdamW,gru,1,2.5e-06,TECNNMultiTasks,2,9,False,12288,^TE_,None,False,9,"(0.9, 0.998)",4,1e-08,0.3,True,False,0.007,True,0.0001,128,data/Human_TE_paxdb_filter_hepg2all_tx_info_with_delta_TE.txt,data/name_information.txt,4,64,False,0,data/Human_TE_paxdb_filter_hepg2all_tx_info.txt,True,False,True,0,False,10,False,True,2,0.9,60,0.001,11937,SingleLinearLayerHead,1,0.001,False,False,0.998,True,"[-3, -2, -1, 0, 1, 2, 3]",data/human_TE_cellline_all_NA_plain_07202023.csv,1,None,False,78,64,AdamW,"[64, 64, 64, 64, 64, 64, 64]",32,False,False,128,,,,,,testing,Test fold: 4. Validation fold: 3,8c8e8a779da245d1a5dd90af1d63787b,8c8e8a779da245d1a5dd90af1d63787b,upstream/src/main.py,435215584668198691c7be4caabd29c71fde43ee,"[{""artifact_path"":""model"",""flavors"":{""pytorch"":{""model_data"":""data"",""pytorch_version"":""2.0.0+cu117"",""code"":null},""python_function"":{""data"":""data"",""pickle_module_name"":""mlflow.pytorch.pickle_module"",""loader_module"":""mlflow.pytorch"",""env"":{""conda"":""conda.yaml"",""virtualenv"":""python_env.yaml""},""python_version"":""3.10.9""}},""run_id"":""59d3a35a891a4c5b836c866bbcc843e7"",""model_uuid"":""f5eaa2fda17b4a3b86b64f4045097376"",""utc_time_created"":""2023-09-22 23:33:19.062068"",""mlflow_version"":""2.3.2""}]",burly-moth-137,UPSTREAM_AUTHOR,LOCAL
3d4ff8e9396f46fbb1ff72810a217f0f,3783008913534056,FINISHED,UPSTREAM_ARTIFACT_URI,2023-09-22 20:49:19.647000+00:00,2023-09-22 22:11:07.776000+00:00,1e-06,0.7254766821861267,200.0,0.7148280739784241,0.41560986638069153,0.5168464183807373,0.70753413438797,0.40902507305145264,0.7217242121696472,0.4250940680503845,0.5124531388282776,,,,,True,data/Human_TE_paxdb_filter_hepg2all_fin.csv,relu,10,5,0.1,1,1381,2,data/appris_TE_with_NAs_07202023.txt,False,5,0.9,200,AdamW,gru,1,2.5e-06,TECNNMultiTasks,2,9,False,12288,^TE_,None,False,9,"(0.9, 0.998)",4,1e-08,0.3,True,False,0.007,True,0.0001,128,data/Human_TE_paxdb_filter_hepg2all_tx_info_with_delta_TE.txt,data/name_information.txt,4,64,False,0,data/Human_TE_paxdb_filter_hepg2all_tx_info.txt,True,False,True,0,False,10,False,True,2,0.9,60,0.001,11937,SingleLinearLayerHead,1,0.001,False,False,0.998,True,"[-3, -2, -1, 0, 1, 2, 3]",data/human_TE_cellline_all_NA_plain_07202023.csv,1,None,False,78,64,AdamW,"[64, 64, 64, 64, 64, 64, 64]",32,False,False,128,,,,,,testing,Test fold: 4. Validation fold: 2,8c8e8a779da245d1a5dd90af1d63787b,8c8e8a779da245d1a5dd90af1d63787b,upstream/src/main.py,435215584668198691c7be4caabd29c71fde43ee,"[{""artifact_path"":""model"",""flavors"":{""pytorch"":{""model_data"":""data"",""pytorch_version"":""2.0.0+cu117"",""code"":null},""python_function"":{""data"":""data"",""pickle_module_name"":""mlflow.pytorch.pickle_module"",""loader_module"":""mlflow.pytorch"",""env"":{""conda"":""conda.yaml"",""virtualenv"":""python_env.yaml""},""python_version"":""3.10.9""}},""run_id"":""3d4ff8e9396f46fbb1ff72810a217f0f"",""model_uuid"":""bba7bcdc1ef64f77884ec09ca9e13172"",""utc_time_created"":""2023-09-22 22:10:49.349065"",""mlflow_version"":""2.3.2""}]",painted-flea-67,UPSTREAM_AUTHOR,LOCAL
a569cb3e25b24729aa634dfc0c58635c,3783008913534056,FINISHED,UPSTREAM_ARTIFACT_URI,2023-09-22 19:24:29.102000+00:00,2023-09-22 20:49:19.524000+00:00,1.5625e-06,0.7237329483032227,200.0,0.709888756275177,0.5041665434837341,0.5202846527099609,0.6906183958053589,0.4389713704586029,0.7065725922584534,0.42167341709136963,0.49511057138442993,,,,,True,data/Human_TE_paxdb_filter_hepg2all_fin.csv,relu,10,5,0.1,1,1381,1,data/appris_TE_with_NAs_07202023.txt,False,5,0.9,200,AdamW,gru,1,2.5e-06,TECNNMultiTasks,2,9,False,12288,^TE_,None,False,9,"(0.9, 0.998)",4,1e-08,0.3,True,False,0.007,True,0.0001,128,data/Human_TE_paxdb_filter_hepg2all_tx_info_with_delta_TE.txt,data/name_information.txt,4,64,False,0,data/Human_TE_paxdb_filter_hepg2all_tx_info.txt,True,False,True,0,False,10,False,True,2,0.9,60,0.001,11937,SingleLinearLayerHead,1,0.001,False,False,0.998,True,"[-3, -2, -1, 0, 1, 2, 3]",data/human_TE_cellline_all_NA_plain_07202023.csv,1,None,False,78,64,AdamW,"[64, 64, 64, 64, 64, 64, 64]",32,False,False,128,,,,,,testing,Test fold: 4. Validation fold: 1,8c8e8a779da245d1a5dd90af1d63787b,8c8e8a779da245d1a5dd90af1d63787b,upstream/src/main.py,435215584668198691c7be4caabd29c71fde43ee,"[{""artifact_path"":""model"",""flavors"":{""pytorch"":{""model_data"":""data"",""pytorch_version"":""2.0.0+cu117"",""code"":null},""python_function"":{""data"":""data"",""pickle_module_name"":""mlflow.pytorch.pickle_module"",""loader_module"":""mlflow.pytorch"",""env"":{""conda"":""conda.yaml"",""virtualenv"":""python_env.yaml""},""python_version"":""3.10.9""}},""run_id"":""a569cb3e25b24729aa634dfc0c58635c"",""model_uuid"":""3dc4302dbc044008a8fa393bfa46c097"",""utc_time_created"":""2023-09-22 20:49:00.934284"",""mlflow_version"":""2.3.2""}]",adaptable-zebra-418,UPSTREAM_AUTHOR,LOCAL
6772cf48f10043779bbe6669988071aa,3783008913534056,FINISHED,UPSTREAM_ARTIFACT_URI,2023-09-22 18:03:06.711000+00:00,2023-09-22 19:24:28.980000+00:00,1.5625e-06,0.7260879278182983,200.0,0.7141931056976318,0.4281609058380127,0.5202070474624634,0.7035499811172485,0.43721240758895874,0.7139495015144348,0.4218894839286804,0.5005136728286743,,,,,True,data/Human_TE_paxdb_filter_hepg2all_fin.csv,relu,10,5,0.1,1,1381,0,data/appris_TE_with_NAs_07202023.txt,False,5,0.9,200,AdamW,gru,1,2.5e-06,TECNNMultiTasks,2,9,False,12288,^TE_,None,False,9,"(0.9, 0.998)",4,1e-08,0.3,True,False,0.007,True,0.0001,128,data/Human_TE_paxdb_filter_hepg2all_tx_info_with_delta_TE.txt,data/name_information.txt,4,64,False,0,data/Human_TE_paxdb_filter_hepg2all_tx_info.txt,True,False,True,0,False,10,False,True,2,0.9,60,0.001,11937,SingleLinearLayerHead,1,0.001,False,False,0.998,True,"[-3, -2, -1, 0, 1, 2, 3]",data/human_TE_cellline_all_NA_plain_07202023.csv,1,None,False,78,64,AdamW,"[64, 64, 64, 64, 64, 64, 64]",32,False,False,128,,,,,,testing,Test fold: 4. Validation fold: 0,8c8e8a779da245d1a5dd90af1d63787b,8c8e8a779da245d1a5dd90af1d63787b,upstream/src/main.py,435215584668198691c7be4caabd29c71fde43ee,"[{""artifact_path"":""model"",""flavors"":{""pytorch"":{""model_data"":""data"",""pytorch_version"":""2.0.0+cu117"",""code"":null},""python_function"":{""data"":""data"",""pickle_module_name"":""mlflow.pytorch.pickle_module"",""loader_module"":""mlflow.pytorch"",""env"":{""conda"":""conda.yaml"",""virtualenv"":""python_env.yaml""},""python_version"":""3.10.9""}},""run_id"":""6772cf48f10043779bbe6669988071aa"",""model_uuid"":""78e3ead9df444769a8845aea470b58d2"",""utc_time_created"":""2023-09-22 19:24:10.351090"",""mlflow_version"":""2.3.2""}]",upset-midge-261,UPSTREAM_AUTHOR,LOCAL
a27d87d8a4574258bd41792e95ee8092,3783008913534056,FINISHED,UPSTREAM_ARTIFACT_URI,2023-09-22 16:41:21.521000+00:00,2023-09-22 18:03:06.549000+00:00,6.25e-06,0.7276103496551514,200.0,0.7161567211151123,0.43331554532051086,0.5202739834785461,0.7103055119514465,0.4459199607372284,0.7226406931877136,0.4283047914505005,0.5070028305053711,,,,,True,data/Human_TE_paxdb_filter_hepg2all_fin.csv,relu,10,5,0.1,1,1381,8,data/appris_TE_with_NAs_07202023.txt,False,5,0.9,200,AdamW,gru,1,2.5e-06,TECNNMultiTasks,2,9,False,12288,^TE_,None,False,9,"(0.9, 0.998)",3,1e-08,0.3,True,False,0.007,True,0.0001,128,data/Human_TE_paxdb_filter_hepg2all_tx_info_with_delta_TE.txt,data/name_information.txt,4,64,False,0,data/Human_TE_paxdb_filter_hepg2all_tx_info.txt,True,False,True,0,False,10,False,True,2,0.9,60,0.001,11937,SingleLinearLayerHead,1,0.001,False,False,0.998,True,"[-3, -2, -1, 0, 1, 2, 3]",data/human_TE_cellline_all_NA_plain_07202023.csv,1,None,False,78,64,AdamW,"[64, 64, 64, 64, 64, 64, 64]",32,False,False,128,,,,,,testing,Test fold: 3. Validation fold: 8,8c8e8a779da245d1a5dd90af1d63787b,8c8e8a779da245d1a5dd90af1d63787b,upstream/src/main.py,435215584668198691c7be4caabd29c71fde43ee,"[{""artifact_path"":""model"",""flavors"":{""pytorch"":{""model_data"":""data"",""pytorch_version"":""2.0.0+cu117"",""code"":null},""python_function"":{""data"":""data"",""pickle_module_name"":""mlflow.pytorch.pickle_module"",""loader_module"":""mlflow.pytorch"",""env"":{""conda"":""conda.yaml"",""virtualenv"":""python_env.yaml""},""python_version"":""3.10.9""}},""run_id"":""a27d87d8a4574258bd41792e95ee8092"",""model_uuid"":""8974ab799dc3439695e73395b8a98ee6"",""utc_time_created"":""2023-09-22 18:02:48.128843"",""mlflow_version"":""2.3.2""}]",loud-crab-110,UPSTREAM_AUTHOR,LOCAL
12da1c794add4e28ac8499f6210b202e,3783008913534056,FINISHED,UPSTREAM_ARTIFACT_URI,2023-09-22 15:16:36.205000+00:00,2023-09-22 16:41:21.366000+00:00,1e-06,0.725950300693512,200.0,0.7119656801223755,0.4347628951072693,0.5195430517196655,0.6966646313667297,0.44064629077911377,0.7063961029052734,0.42930924892425537,0.4791584610939026,,,,,True,data/Human_TE_paxdb_filter_hepg2all_fin.csv,relu,10,5,0.1,1,1381,7,data/appris_TE_with_NAs_07202023.txt,False,5,0.9,200,AdamW,gru,1,2.5e-06,TECNNMultiTasks,2,9,False,12288,^TE_,None,False,9,"(0.9, 0.998)",3,1e-08,0.3,True,False,0.007,True,0.0001,128,data/Human_TE_paxdb_filter_hepg2all_tx_info_with_delta_TE.txt,data/name_information.txt,4,64,False,0,data/Human_TE_paxdb_filter_hepg2all_tx_info.txt,True,False,True,0,False,10,False,True,2,0.9,60,0.001,11937,SingleLinearLayerHead,1,0.001,False,False,0.998,True,"[-3, -2, -1, 0, 1, 2, 3]",data/human_TE_cellline_all_NA_plain_07202023.csv,1,None,False,78,64,AdamW,"[64, 64, 64, 64, 64, 64, 64]",32,False,False,128,,,,,,testing,Test fold: 3. Validation fold: 7,8c8e8a779da245d1a5dd90af1d63787b,8c8e8a779da245d1a5dd90af1d63787b,upstream/src/main.py,435215584668198691c7be4caabd29c71fde43ee,"[{""artifact_path"":""model"",""flavors"":{""pytorch"":{""model_data"":""data"",""pytorch_version"":""2.0.0+cu117"",""code"":null},""python_function"":{""data"":""data"",""pickle_module_name"":""mlflow.pytorch.pickle_module"",""loader_module"":""mlflow.pytorch"",""env"":{""conda"":""conda.yaml"",""virtualenv"":""python_env.yaml""},""python_version"":""3.10.9""}},""run_id"":""12da1c794add4e28ac8499f6210b202e"",""model_uuid"":""3913b91995a04c9e82d64866693d9893"",""utc_time_created"":""2023-09-22 16:41:01.165280"",""mlflow_version"":""2.3.2""}]",whimsical-doe-763,UPSTREAM_AUTHOR,LOCAL
bbda79dddeec4878bae21f474463a26d,3783008913534056,FINISHED,UPSTREAM_ARTIFACT_URI,2023-09-22 13:53:22.908000+00:00,2023-09-22 15:16:36.059000+00:00,1e-06,0.7308276295661926,200.0,0.7184306383132935,0.4715675413608551,0.5281865000724792,0.7013522386550903,0.4446287751197815,0.7143953442573547,0.4205987751483917,0.47904399037361145,,,,,True,data/Human_TE_paxdb_filter_hepg2all_fin.csv,relu,10,5,0.1,1,1381,6,data/appris_TE_with_NAs_07202023.txt,False,5,0.9,200,AdamW,gru,1,2.5e-06,TECNNMultiTasks,2,9,False,12288,^TE_,None,False,9,"(0.9, 0.998)",3,1e-08,0.3,True,False,0.007,True,0.0001,128,data/Human_TE_paxdb_filter_hepg2all_tx_info_with_delta_TE.txt,data/name_information.txt,4,64,False,0,data/Human_TE_paxdb_filter_hepg2all_tx_info.txt,True,False,True,0,False,10,False,True,2,0.9,60,0.001,11937,SingleLinearLayerHead,1,0.001,False,False,0.998,True,"[-3, -2, -1, 0, 1, 2, 3]",data/human_TE_cellline_all_NA_plain_07202023.csv,1,None,False,78,64,AdamW,"[64, 64, 64, 64, 64, 64, 64]",32,False,False,128,,,,,,testing,Test fold: 3. Validation fold: 6,8c8e8a779da245d1a5dd90af1d63787b,8c8e8a779da245d1a5dd90af1d63787b,upstream/src/main.py,435215584668198691c7be4caabd29c71fde43ee,"[{""artifact_path"":""model"",""flavors"":{""pytorch"":{""model_data"":""data"",""pytorch_version"":""2.0.0+cu117"",""code"":null},""python_function"":{""data"":""data"",""pickle_module_name"":""mlflow.pytorch.pickle_module"",""loader_module"":""mlflow.pytorch"",""env"":{""conda"":""conda.yaml"",""virtualenv"":""python_env.yaml""},""python_version"":""3.10.9""}},""run_id"":""bbda79dddeec4878bae21f474463a26d"",""model_uuid"":""459cf9abab3b4db98272a4064cf9d82d"",""utc_time_created"":""2023-09-22 15:16:17.391903"",""mlflow_version"":""2.3.2""}]",nebulous-fox-484,UPSTREAM_AUTHOR,LOCAL
62cbcc6328004fde98ff2b3a160417db,3783008913534056,FINISHED,UPSTREAM_ARTIFACT_URI,2023-09-22 12:32:08.830000+00:00,2023-09-22 13:53:22.772000+00:00,1e-06,0.7292450070381165,200.0,0.71711266040802,0.4587198793888092,0.528516948223114,0.7020784020423889,0.43484920263290405,0.71565181016922,0.4216289520263672,0.49675917625427246,,,,,True,data/Human_TE_paxdb_filter_hepg2all_fin.csv,relu,10,5,0.1,1,1381,5,data/appris_TE_with_NAs_07202023.txt,False,5,0.9,200,AdamW,gru,1,2.5e-06,TECNNMultiTasks,2,9,False,12288,^TE_,None,False,9,"(0.9, 0.998)",3,1e-08,0.3,True,False,0.007,True,0.0001,128,data/Human_TE_paxdb_filter_hepg2all_tx_info_with_delta_TE.txt,data/name_information.txt,4,64,False,0,data/Human_TE_paxdb_filter_hepg2all_tx_info.txt,True,False,True,0,False,10,False,True,2,0.9,60,0.001,11937,SingleLinearLayerHead,1,0.001,False,False,0.998,True,"[-3, -2, -1, 0, 1, 2, 3]",data/human_TE_cellline_all_NA_plain_07202023.csv,1,None,False,78,64,AdamW,"[64, 64, 64, 64, 64, 64, 64]",32,False,False,128,,,,,,testing,Test fold: 3. Validation fold: 5,8c8e8a779da245d1a5dd90af1d63787b,8c8e8a779da245d1a5dd90af1d63787b,upstream/src/main.py,435215584668198691c7be4caabd29c71fde43ee,"[{""artifact_path"":""model"",""flavors"":{""pytorch"":{""model_data"":""data"",""pytorch_version"":""2.0.0+cu117"",""code"":null},""python_function"":{""data"":""data"",""pickle_module_name"":""mlflow.pytorch.pickle_module"",""loader_module"":""mlflow.pytorch"",""env"":{""conda"":""conda.yaml"",""virtualenv"":""python_env.yaml""},""python_version"":""3.10.9""}},""run_id"":""62cbcc6328004fde98ff2b3a160417db"",""model_uuid"":""4839921cff3b4023a190744847712c60"",""utc_time_created"":""2023-09-22 13:53:00.335393"",""mlflow_version"":""2.3.2""}]",suave-snipe-820,UPSTREAM_AUTHOR,LOCAL
f98a5603003b4388afd9dc85eea9ae60,3783008913534056,FINISHED,UPSTREAM_ARTIFACT_URI,2023-09-22 11:10:57.585000+00:00,2023-09-22 12:32:08.686000+00:00,6.25e-06,0.7306902408599854,200.0,0.7146993279457092,0.3601604700088501,0.5287553071975708,0.713220477104187,0.43462929129600525,0.7251644134521484,0.4204409718513489,0.5173218250274658,,,,,True,data/Human_TE_paxdb_filter_hepg2all_fin.csv,relu,10,5,0.1,1,1381,4,data/appris_TE_with_NAs_07202023.txt,False,5,0.9,200,AdamW,gru,1,2.5e-06,TECNNMultiTasks,2,9,False,12288,^TE_,None,False,9,"(0.9, 0.998)",3,1e-08,0.3,True,False,0.007,True,0.0001,128,data/Human_TE_paxdb_filter_hepg2all_tx_info_with_delta_TE.txt,data/name_information.txt,4,64,False,0,data/Human_TE_paxdb_filter_hepg2all_tx_info.txt,True,False,True,0,False,10,False,True,2,0.9,60,0.001,11937,SingleLinearLayerHead,1,0.001,False,False,0.998,True,"[-3, -2, -1, 0, 1, 2, 3]",data/human_TE_cellline_all_NA_plain_07202023.csv,1,None,False,78,64,AdamW,"[64, 64, 64, 64, 64, 64, 64]",32,False,False,128,,,,,,testing,Test fold: 3. Validation fold: 4,8c8e8a779da245d1a5dd90af1d63787b,8c8e8a779da245d1a5dd90af1d63787b,upstream/src/main.py,435215584668198691c7be4caabd29c71fde43ee,"[{""artifact_path"":""model"",""flavors"":{""pytorch"":{""model_data"":""data"",""pytorch_version"":""2.0.0+cu117"",""code"":null},""python_function"":{""data"":""data"",""pickle_module_name"":""mlflow.pytorch.pickle_module"",""loader_module"":""mlflow.pytorch"",""env"":{""conda"":""conda.yaml"",""virtualenv"":""python_env.yaml""},""python_version"":""3.10.9""}},""run_id"":""f98a5603003b4388afd9dc85eea9ae60"",""model_uuid"":""a4166db3691b48d3a5e4276f0ffc7adf"",""utc_time_created"":""2023-09-22 12:31:50.390726"",""mlflow_version"":""2.3.2""}]",peaceful-chimp-534,UPSTREAM_AUTHOR,LOCAL
5d35cd547af445ab9d320dc111fc9df3,3783008913534056,FINISHED,UPSTREAM_ARTIFACT_URI,2023-09-22 09:50:24.620000+00:00,2023-09-22 11:10:57.346000+00:00,1e-06,0.7336543202400208,200.0,0.7221832871437073,0.3524760603904724,0.5312550067901611,0.6955282688140869,0.4708167314529419,0.7065224647521973,0.4186958074569702,0.4711045026779175,,,,,True,data/Human_TE_paxdb_filter_hepg2all_fin.csv,relu,10,5,0.1,1,1381,3,data/appris_TE_with_NAs_07202023.txt,False,5,0.9,200,AdamW,gru,1,2.5e-06,TECNNMultiTasks,2,9,False,12288,^TE_,None,False,9,"(0.9, 0.998)",3,1e-08,0.3,True,False,0.007,True,0.0001,128,data/Human_TE_paxdb_filter_hepg2all_tx_info_with_delta_TE.txt,data/name_information.txt,4,64,False,0,data/Human_TE_paxdb_filter_hepg2all_tx_info.txt,True,False,True,0,False,10,False,True,2,0.9,60,0.001,11937,SingleLinearLayerHead,1,0.001,False,False,0.998,True,"[-3, -2, -1, 0, 1, 2, 3]",data/human_TE_cellline_all_NA_plain_07202023.csv,1,None,False,78,64,AdamW,"[64, 64, 64, 64, 64, 64, 64]",32,False,False,128,,,,,,testing,Test fold: 3. Validation fold: 3,8c8e8a779da245d1a5dd90af1d63787b,8c8e8a779da245d1a5dd90af1d63787b,upstream/src/main.py,435215584668198691c7be4caabd29c71fde43ee,"[{""artifact_path"":""model"",""flavors"":{""pytorch"":{""model_data"":""data"",""pytorch_version"":""2.0.0+cu117"",""code"":null},""python_function"":{""data"":""data"",""pickle_module_name"":""mlflow.pytorch.pickle_module"",""loader_module"":""mlflow.pytorch"",""env"":{""conda"":""conda.yaml"",""virtualenv"":""python_env.yaml""},""python_version"":""3.10.9""}},""run_id"":""5d35cd547af445ab9d320dc111fc9df3"",""model_uuid"":""35d3f0856b854599aa7175c4654cce9a"",""utc_time_created"":""2023-09-22 11:10:39.316462"",""mlflow_version"":""2.3.2""}]",abrasive-swan-580,UPSTREAM_AUTHOR,LOCAL
28c8f56aff0a48d78be3928e1db310d5,3783008913534056,FINISHED,UPSTREAM_ARTIFACT_URI,2023-09-22 08:29:33.014000+00:00,2023-09-22 09:50:24.502000+00:00,1e-06,0.7271835803985596,200.0,0.7144456505775452,0.5233479738235474,0.5236684083938599,0.7016069889068604,0.40588313341140747,0.7142038345336914,0.4247724711894989,0.49968409538269043,,,,,True,data/Human_TE_paxdb_filter_hepg2all_fin.csv,relu,10,5,0.1,1,1381,2,data/appris_TE_with_NAs_07202023.txt,False,5,0.9,200,AdamW,gru,1,2.5e-06,TECNNMultiTasks,2,9,False,12288,^TE_,None,False,9,"(0.9, 0.998)",3,1e-08,0.3,True,False,0.007,True,0.0001,128,data/Human_TE_paxdb_filter_hepg2all_tx_info_with_delta_TE.txt,data/name_information.txt,4,64,False,0,data/Human_TE_paxdb_filter_hepg2all_tx_info.txt,True,False,True,0,False,10,False,True,2,0.9,60,0.001,11937,SingleLinearLayerHead,1,0.001,False,False,0.998,True,"[-3, -2, -1, 0, 1, 2, 3]",data/human_TE_cellline_all_NA_plain_07202023.csv,1,None,False,78,64,AdamW,"[64, 64, 64, 64, 64, 64, 64]",32,False,False,128,,,,,,testing,Test fold: 3. Validation fold: 2,8c8e8a779da245d1a5dd90af1d63787b,8c8e8a779da245d1a5dd90af1d63787b,upstream/src/main.py,435215584668198691c7be4caabd29c71fde43ee,"[{""artifact_path"":""model"",""flavors"":{""pytorch"":{""model_data"":""data"",""pytorch_version"":""2.0.0+cu117"",""code"":null},""python_function"":{""data"":""data"",""pickle_module_name"":""mlflow.pytorch.pickle_module"",""loader_module"":""mlflow.pytorch"",""env"":{""conda"":""conda.yaml"",""virtualenv"":""python_env.yaml""},""python_version"":""3.10.9""}},""run_id"":""28c8f56aff0a48d78be3928e1db310d5"",""model_uuid"":""a96e0249e8a94451894ec0ba9aa0c813"",""utc_time_created"":""2023-09-22 09:50:05.931698"",""mlflow_version"":""2.3.2""}]",trusting-worm-723,UPSTREAM_AUTHOR,LOCAL
eeb31f762fdd4b3da3e9b40a5dde4e7f,3783008913534056,FINISHED,UPSTREAM_ARTIFACT_URI,2023-09-22 07:08:11.769000+00:00,2023-09-22 08:29:32.879000+00:00,1e-06,0.7286182045936584,200.0,0.7166889905929565,0.3769427239894867,0.5230350494384766,0.6999304294586182,0.4090108275413513,0.7096103429794312,0.42575308680534363,0.4953269064426422,,,,,True,data/Human_TE_paxdb_filter_hepg2all_fin.csv,relu,10,5,0.1,1,1381,1,data/appris_TE_with_NAs_07202023.txt,False,5,0.9,200,AdamW,gru,1,2.5e-06,TECNNMultiTasks,2,9,False,12288,^TE_,None,False,9,"(0.9, 0.998)",3,1e-08,0.3,True,False,0.007,True,0.0001,128,data/Human_TE_paxdb_filter_hepg2all_tx_info_with_delta_TE.txt,data/name_information.txt,4,64,False,0,data/Human_TE_paxdb_filter_hepg2all_tx_info.txt,True,False,True,0,False,10,False,True,2,0.9,60,0.001,11937,SingleLinearLayerHead,1,0.001,False,False,0.998,True,"[-3, -2, -1, 0, 1, 2, 3]",data/human_TE_cellline_all_NA_plain_07202023.csv,1,None,False,78,64,AdamW,"[64, 64, 64, 64, 64, 64, 64]",32,False,False,128,,,,,,testing,Test fold: 3. Validation fold: 1,8c8e8a779da245d1a5dd90af1d63787b,8c8e8a779da245d1a5dd90af1d63787b,upstream/src/main.py,435215584668198691c7be4caabd29c71fde43ee,"[{""artifact_path"":""model"",""flavors"":{""pytorch"":{""model_data"":""data"",""pytorch_version"":""2.0.0+cu117"",""code"":null},""python_function"":{""data"":""data"",""pickle_module_name"":""mlflow.pytorch.pickle_module"",""loader_module"":""mlflow.pytorch"",""env"":{""conda"":""conda.yaml"",""virtualenv"":""python_env.yaml""},""python_version"":""3.10.9""}},""run_id"":""eeb31f762fdd4b3da3e9b40a5dde4e7f"",""model_uuid"":""e5fdcf778d534fb48b9cc765393e6605"",""utc_time_created"":""2023-09-22 08:29:14.599525"",""mlflow_version"":""2.3.2""}]",amusing-gull-356,UPSTREAM_AUTHOR,LOCAL
0fe366a471c44cea8c6f3b87f12ea8aa,3783008913534056,FINISHED,UPSTREAM_ARTIFACT_URI,2023-09-22 05:46:45.551000+00:00,2023-09-22 07:08:11.651000+00:00,1.25e-05,0.7292618751525879,200.0,0.7146871089935303,0.5138031840324402,0.5247909426689148,0.7182493209838867,0.4149567782878876,0.7345816493034363,0.4235813021659851,0.5317935943603516,,,,,True,data/Human_TE_paxdb_filter_hepg2all_fin.csv,relu,10,5,0.1,1,1381,0,data/appris_TE_with_NAs_07202023.txt,False,5,0.9,200,AdamW,gru,1,2.5e-06,TECNNMultiTasks,2,9,False,12288,^TE_,None,False,9,"(0.9, 0.998)",3,1e-08,0.3,True,False,0.007,True,0.0001,128,data/Human_TE_paxdb_filter_hepg2all_tx_info_with_delta_TE.txt,data/name_information.txt,4,64,False,0,data/Human_TE_paxdb_filter_hepg2all_tx_info.txt,True,False,True,0,False,10,False,True,2,0.9,60,0.001,11937,SingleLinearLayerHead,1,0.001,False,False,0.998,True,"[-3, -2, -1, 0, 1, 2, 3]",data/human_TE_cellline_all_NA_plain_07202023.csv,1,None,False,78,64,AdamW,"[64, 64, 64, 64, 64, 64, 64]",32,False,False,128,,,,,,testing,Test fold: 3. Validation fold: 0,8c8e8a779da245d1a5dd90af1d63787b,8c8e8a779da245d1a5dd90af1d63787b,upstream/src/main.py,435215584668198691c7be4caabd29c71fde43ee,"[{""artifact_path"":""model"",""flavors"":{""pytorch"":{""model_data"":""data"",""pytorch_version"":""2.0.0+cu117"",""code"":null},""python_function"":{""data"":""data"",""pickle_module_name"":""mlflow.pytorch.pickle_module"",""loader_module"":""mlflow.pytorch"",""env"":{""conda"":""conda.yaml"",""virtualenv"":""python_env.yaml""},""python_version"":""3.10.9""}},""run_id"":""0fe366a471c44cea8c6f3b87f12ea8aa"",""model_uuid"":""7edc016b748a45babb1ae39212288b76"",""utc_time_created"":""2023-09-22 07:07:53.952631"",""mlflow_version"":""2.3.2""}]",delicate-jay-881,UPSTREAM_AUTHOR,LOCAL
8e6a39d4b261425ca7503ab871147bda,3783008913534056,FINISHED,UPSTREAM_ARTIFACT_URI,2023-09-22 04:25:41.052000+00:00,2023-09-22 05:46:45.379000+00:00,1e-06,0.6990463733673096,200.0,0.6900359988212585,0.45734483003616333,0.48559683561325073,0.7097530961036682,0.42434558272361755,0.7239712476730347,0.466872900724411,0.5119315981864929,,,,,True,data/Human_TE_paxdb_filter_hepg2all_fin.csv,relu,10,5,0.1,1,1381,8,data/appris_TE_with_NAs_07202023.txt,False,5,0.9,200,AdamW,gru,1,2.5e-06,TECNNMultiTasks,2,9,False,12288,^TE_,None,False,9,"(0.9, 0.998)",2,1e-08,0.3,True,False,0.007,True,0.0001,128,data/Human_TE_paxdb_filter_hepg2all_tx_info_with_delta_TE.txt,data/name_information.txt,4,64,False,0,data/Human_TE_paxdb_filter_hepg2all_tx_info.txt,True,False,True,0,False,10,False,True,2,0.9,60,0.001,11937,SingleLinearLayerHead,1,0.001,False,False,0.998,True,"[-3, -2, -1, 0, 1, 2, 3]",data/human_TE_cellline_all_NA_plain_07202023.csv,1,None,False,78,64,AdamW,"[64, 64, 64, 64, 64, 64, 64]",32,False,False,128,,,,,,testing,Test fold: 2. Validation fold: 8,8c8e8a779da245d1a5dd90af1d63787b,8c8e8a779da245d1a5dd90af1d63787b,upstream/src/main.py,435215584668198691c7be4caabd29c71fde43ee,"[{""artifact_path"":""model"",""flavors"":{""pytorch"":{""model_data"":""data"",""pytorch_version"":""2.0.0+cu117"",""code"":null},""python_function"":{""data"":""data"",""pickle_module_name"":""mlflow.pytorch.pickle_module"",""loader_module"":""mlflow.pytorch"",""env"":{""conda"":""conda.yaml"",""virtualenv"":""python_env.yaml""},""python_version"":""3.10.9""}},""run_id"":""8e6a39d4b261425ca7503ab871147bda"",""model_uuid"":""c6977bb2dca04522b2ebb26d7d7bb6dc"",""utc_time_created"":""2023-09-22 05:46:26.884370"",""mlflow_version"":""2.3.2""}]",melodic-frog-365,UPSTREAM_AUTHOR,LOCAL
5ab25e86fa6547ca8603c8061a24b4f8,3783008913534056,FINISHED,UPSTREAM_ARTIFACT_URI,2023-09-22 03:05:06.408000+00:00,2023-09-22 04:25:40.919000+00:00,1e-06,0.5928740501403809,200.0,0.5813925266265869,0.556235671043396,0.3294508457183838,0.5958447456359863,0.5646406412124634,0.6033292412757874,0.6111866235733032,0.3247765302658081,,,,,True,data/Human_TE_paxdb_filter_hepg2all_fin.csv,relu,10,5,0.1,1,1381,7,data/appris_TE_with_NAs_07202023.txt,False,5,0.9,200,AdamW,gru,1,2.5e-06,TECNNMultiTasks,2,9,False,12288,^TE_,None,False,9,"(0.9, 0.998)",2,1e-08,0.3,True,False,0.007,True,0.0001,128,data/Human_TE_paxdb_filter_hepg2all_tx_info_with_delta_TE.txt,data/name_information.txt,4,64,False,0,data/Human_TE_paxdb_filter_hepg2all_tx_info.txt,True,False,True,0,False,10,False,True,2,0.9,60,0.001,11937,SingleLinearLayerHead,1,0.001,False,False,0.998,True,"[-3, -2, -1, 0, 1, 2, 3]",data/human_TE_cellline_all_NA_plain_07202023.csv,1,None,False,78,64,AdamW,"[64, 64, 64, 64, 64, 64, 64]",32,False,False,128,,,,,,testing,Test fold: 2. Validation fold: 7,8c8e8a779da245d1a5dd90af1d63787b,8c8e8a779da245d1a5dd90af1d63787b,upstream/src/main.py,435215584668198691c7be4caabd29c71fde43ee,"[{""artifact_path"":""model"",""flavors"":{""pytorch"":{""model_data"":""data"",""pytorch_version"":""2.0.0+cu117"",""code"":null},""python_function"":{""data"":""data"",""pickle_module_name"":""mlflow.pytorch.pickle_module"",""loader_module"":""mlflow.pytorch"",""env"":{""conda"":""conda.yaml"",""virtualenv"":""python_env.yaml""},""python_version"":""3.10.9""}},""run_id"":""5ab25e86fa6547ca8603c8061a24b4f8"",""model_uuid"":""bdebd7c452ee40468201d59029acfb9c"",""utc_time_created"":""2023-09-22 04:25:22.260820"",""mlflow_version"":""2.3.2""}]",hilarious-shark-439,UPSTREAM_AUTHOR,LOCAL
0ad046d67ba7481881d5c7f918acedb4,3783008913534056,FINISHED,UPSTREAM_ARTIFACT_URI,2023-09-22 01:43:12.813000+00:00,2023-09-22 03:05:06.285000+00:00,1e-06,0.702932596206665,200.0,0.6914703845977783,0.4426407814025879,0.4929463863372803,0.709014892578125,0.40208932757377625,0.7239837646484375,0.45587489008903503,0.5221917033195496,,,,,True,data/Human_TE_paxdb_filter_hepg2all_fin.csv,relu,10,5,0.1,1,1381,6,data/appris_TE_with_NAs_07202023.txt,False,5,0.9,200,AdamW,gru,1,2.5e-06,TECNNMultiTasks,2,9,False,12288,^TE_,None,False,9,"(0.9, 0.998)",2,1e-08,0.3,True,False,0.007,True,0.0001,128,data/Human_TE_paxdb_filter_hepg2all_tx_info_with_delta_TE.txt,data/name_information.txt,4,64,False,0,data/Human_TE_paxdb_filter_hepg2all_tx_info.txt,True,False,True,0,False,10,False,True,2,0.9,60,0.001,11937,SingleLinearLayerHead,1,0.001,False,False,0.998,True,"[-3, -2, -1, 0, 1, 2, 3]",data/human_TE_cellline_all_NA_plain_07202023.csv,1,None,False,78,64,AdamW,"[64, 64, 64, 64, 64, 64, 64]",32,False,False,128,,,,,,testing,Test fold: 2. Validation fold: 6,8c8e8a779da245d1a5dd90af1d63787b,8c8e8a779da245d1a5dd90af1d63787b,upstream/src/main.py,435215584668198691c7be4caabd29c71fde43ee,"[{""artifact_path"":""model"",""flavors"":{""pytorch"":{""model_data"":""data"",""pytorch_version"":""2.0.0+cu117"",""code"":null},""python_function"":{""data"":""data"",""pickle_module_name"":""mlflow.pytorch.pickle_module"",""loader_module"":""mlflow.pytorch"",""env"":{""conda"":""conda.yaml"",""virtualenv"":""python_env.yaml""},""python_version"":""3.10.9""}},""run_id"":""0ad046d67ba7481881d5c7f918acedb4"",""model_uuid"":""1e63cd2590484ab8b73f11b744bdf403"",""utc_time_created"":""2023-09-22 03:04:48.029137"",""mlflow_version"":""2.3.2""}]",inquisitive-duck-368,UPSTREAM_AUTHOR,LOCAL
0d98bed4eccb4e5ca34254d4e76661aa,3783008913534056,FINISHED,UPSTREAM_ARTIFACT_URI,2023-09-22 00:21:58.101000+00:00,2023-09-22 01:43:12.691000+00:00,1e-06,0.7010917663574219,200.0,0.689989447593689,0.3506987690925598,0.48860836029052734,0.6925056576728821,0.4325576424598694,0.7020865082740784,0.4654744863510132,0.48960644006729126,,,,,True,data/Human_TE_paxdb_filter_hepg2all_fin.csv,relu,10,5,0.1,1,1381,5,data/appris_TE_with_NAs_07202023.txt,False,5,0.9,200,AdamW,gru,1,2.5e-06,TECNNMultiTasks,2,9,False,12288,^TE_,None,False,9,"(0.9, 0.998)",2,1e-08,0.3,True,False,0.007,True,0.0001,128,data/Human_TE_paxdb_filter_hepg2all_tx_info_with_delta_TE.txt,data/name_information.txt,4,64,False,0,data/Human_TE_paxdb_filter_hepg2all_tx_info.txt,True,False,True,0,False,10,False,True,2,0.9,60,0.001,11937,SingleLinearLayerHead,1,0.001,False,False,0.998,True,"[-3, -2, -1, 0, 1, 2, 3]",data/human_TE_cellline_all_NA_plain_07202023.csv,1,None,False,78,64,AdamW,"[64, 64, 64, 64, 64, 64, 64]",32,False,False,128,,,,,,testing,Test fold: 2. Validation fold: 5,8c8e8a779da245d1a5dd90af1d63787b,8c8e8a779da245d1a5dd90af1d63787b,upstream/src/main.py,435215584668198691c7be4caabd29c71fde43ee,"[{""artifact_path"":""model"",""flavors"":{""pytorch"":{""model_data"":""data"",""pytorch_version"":""2.0.0+cu117"",""code"":null},""python_function"":{""data"":""data"",""pickle_module_name"":""mlflow.pytorch.pickle_module"",""loader_module"":""mlflow.pytorch"",""env"":{""conda"":""conda.yaml"",""virtualenv"":""python_env.yaml""},""python_version"":""3.10.9""}},""run_id"":""0d98bed4eccb4e5ca34254d4e76661aa"",""model_uuid"":""d1cb665d554e4c39ab5c1df2668dfccb"",""utc_time_created"":""2023-09-22 01:42:53.899769"",""mlflow_version"":""2.3.2""}]",useful-ape-77,UPSTREAM_AUTHOR,LOCAL
94ffdd2c3c3f42388e0ca10a0b1a5a65,3783008913534056,FINISHED,UPSTREAM_ARTIFACT_URI,2023-09-21 22:58:08.092000+00:00,2023-09-22 00:21:57.970000+00:00,1e-06,0.6954449415206909,200.0,0.6863116025924683,0.4836848974227905,0.4766615629196167,0.7017240524291992,0.445147305727005,0.7151484489440918,0.473014771938324,0.4862653315067291,,,,,True,data/Human_TE_paxdb_filter_hepg2all_fin.csv,relu,10,5,0.1,1,1381,4,data/appris_TE_with_NAs_07202023.txt,False,5,0.9,200,AdamW,gru,1,2.5e-06,TECNNMultiTasks,2,9,False,12288,^TE_,None,False,9,"(0.9, 0.998)",2,1e-08,0.3,True,False,0.007,True,0.0001,128,data/Human_TE_paxdb_filter_hepg2all_tx_info_with_delta_TE.txt,data/name_information.txt,4,64,False,0,data/Human_TE_paxdb_filter_hepg2all_tx_info.txt,True,False,True,0,False,10,False,True,2,0.9,60,0.001,11937,SingleLinearLayerHead,1,0.001,False,False,0.998,True,"[-3, -2, -1, 0, 1, 2, 3]",data/human_TE_cellline_all_NA_plain_07202023.csv,1,None,False,78,64,AdamW,"[64, 64, 64, 64, 64, 64, 64]",32,False,False,128,,,,,,testing,Test fold: 2. Validation fold: 4,8c8e8a779da245d1a5dd90af1d63787b,8c8e8a779da245d1a5dd90af1d63787b,upstream/src/main.py,435215584668198691c7be4caabd29c71fde43ee,"[{""artifact_path"":""model"",""flavors"":{""pytorch"":{""model_data"":""data"",""pytorch_version"":""2.0.0+cu117"",""code"":null},""python_function"":{""data"":""data"",""pickle_module_name"":""mlflow.pytorch.pickle_module"",""loader_module"":""mlflow.pytorch"",""env"":{""conda"":""conda.yaml"",""virtualenv"":""python_env.yaml""},""python_version"":""3.10.9""}},""run_id"":""94ffdd2c3c3f42388e0ca10a0b1a5a65"",""model_uuid"":""20e01d971d014bdc92d5bb63e9e7c2ef"",""utc_time_created"":""2023-09-22 00:21:39.602807"",""mlflow_version"":""2.3.2""}]",adventurous-trout-5,UPSTREAM_AUTHOR,LOCAL
3002bf6350a1421ea5975770fa4c4b3f,3783008913534056,FINISHED,UPSTREAM_ARTIFACT_URI,2023-09-21 21:20:46.077000+00:00,2023-09-21 22:58:07.969000+00:00,1e-06,0.6904627084732056,200.0,0.6807688474655151,0.46106353402137756,0.4699695110321045,0.6946198344230652,0.44232454895973206,0.7084972262382507,0.48129117488861084,0.4823715388774872,,,,,True,data/Human_TE_paxdb_filter_hepg2all_fin.csv,relu,10,5,0.1,1,1381,3,data/appris_TE_with_NAs_07202023.txt,False,5,0.9,200,AdamW,gru,1,2.5e-06,TECNNMultiTasks,2,9,False,12288,^TE_,None,False,9,"(0.9, 0.998)",2,1e-08,0.3,True,False,0.007,True,0.0001,128,data/Human_TE_paxdb_filter_hepg2all_tx_info_with_delta_TE.txt,data/name_information.txt,4,64,False,0,data/Human_TE_paxdb_filter_hepg2all_tx_info.txt,True,False,True,0,False,10,False,True,2,0.9,60,0.001,11937,SingleLinearLayerHead,1,0.001,False,False,0.998,True,"[-3, -2, -1, 0, 1, 2, 3]",data/human_TE_cellline_all_NA_plain_07202023.csv,1,None,False,78,64,AdamW,"[64, 64, 64, 64, 64, 64, 64]",32,False,False,128,,,,,,testing,Test fold: 2. Validation fold: 3,8c8e8a779da245d1a5dd90af1d63787b,8c8e8a779da245d1a5dd90af1d63787b,upstream/src/main.py,435215584668198691c7be4caabd29c71fde43ee,"[{""artifact_path"":""model"",""flavors"":{""pytorch"":{""model_data"":""data"",""pytorch_version"":""2.0.0+cu117"",""code"":null},""python_function"":{""data"":""data"",""pickle_module_name"":""mlflow.pytorch.pickle_module"",""loader_module"":""mlflow.pytorch"",""env"":{""conda"":""conda.yaml"",""virtualenv"":""python_env.yaml""},""python_version"":""3.10.9""}},""run_id"":""3002bf6350a1421ea5975770fa4c4b3f"",""model_uuid"":""834e6c67e04a491e995c3d1c33e737a2"",""utc_time_created"":""2023-09-21 22:57:49.979890"",""mlflow_version"":""2.3.2""}]",overjoyed-ram-532,UPSTREAM_AUTHOR,LOCAL
f70a6079608e4a82ab3ccc2c49f35faa,3783008913534056,FINISHED,UPSTREAM_ARTIFACT_URI,2023-09-21 19:56:49.572000+00:00,2023-09-21 21:20:45.907000+00:00,1e-06,0.6755014657974243,200.0,0.6679351329803467,0.48481443524360657,0.450263649225235,0.6868495345115662,0.4586733877658844,0.6946454644203186,0.4986115097999573,0.4735466539859772,,,,,True,data/Human_TE_paxdb_filter_hepg2all_fin.csv,relu,10,5,0.1,1,1381,2,data/appris_TE_with_NAs_07202023.txt,False,5,0.9,200,AdamW,gru,1,2.5e-06,TECNNMultiTasks,2,9,False,12288,^TE_,None,False,9,"(0.9, 0.998)",2,1e-08,0.3,True,False,0.007,True,0.0001,128,data/Human_TE_paxdb_filter_hepg2all_tx_info_with_delta_TE.txt,data/name_information.txt,4,64,False,0,data/Human_TE_paxdb_filter_hepg2all_tx_info.txt,True,False,True,0,False,10,False,True,2,0.9,60,0.001,11937,SingleLinearLayerHead,1,0.001,False,False,0.998,True,"[-3, -2, -1, 0, 1, 2, 3]",data/human_TE_cellline_all_NA_plain_07202023.csv,1,None,False,78,64,AdamW,"[64, 64, 64, 64, 64, 64, 64]",32,False,False,128,,,,,,testing,Test fold: 2. Validation fold: 2,8c8e8a779da245d1a5dd90af1d63787b,8c8e8a779da245d1a5dd90af1d63787b,upstream/src/main.py,435215584668198691c7be4caabd29c71fde43ee,"[{""artifact_path"":""model"",""flavors"":{""pytorch"":{""model_data"":""data"",""pytorch_version"":""2.0.0+cu117"",""code"":null},""python_function"":{""data"":""data"",""pickle_module_name"":""mlflow.pytorch.pickle_module"",""loader_module"":""mlflow.pytorch"",""env"":{""conda"":""conda.yaml"",""virtualenv"":""python_env.yaml""},""python_version"":""3.10.9""}},""run_id"":""f70a6079608e4a82ab3ccc2c49f35faa"",""model_uuid"":""1792628b9e12448e91fde5892000f8a1"",""utc_time_created"":""2023-09-21 21:20:27.321876"",""mlflow_version"":""2.3.2""}]",funny-croc-23,UPSTREAM_AUTHOR,LOCAL
0818d970b3634b698e32b5a87a2b47ca,3783008913534056,FINISHED,UPSTREAM_ARTIFACT_URI,2023-09-21 18:33:03.489000+00:00,2023-09-21 19:56:49.391000+00:00,3.125e-06,0.6912986040115356,200.0,0.6809349060058594,0.4080857038497925,0.47548216581344604,0.7134616374969482,0.4311304986476898,0.7250611782073975,0.46956586837768555,0.5193063616752625,,,,,True,data/Human_TE_paxdb_filter_hepg2all_fin.csv,relu,10,5,0.1,1,1381,1,data/appris_TE_with_NAs_07202023.txt,False,5,0.9,200,AdamW,gru,1,2.5e-06,TECNNMultiTasks,2,9,False,12288,^TE_,None,False,9,"(0.9, 0.998)",2,1e-08,0.3,True,False,0.007,True,0.0001,128,data/Human_TE_paxdb_filter_hepg2all_tx_info_with_delta_TE.txt,data/name_information.txt,4,64,False,0,data/Human_TE_paxdb_filter_hepg2all_tx_info.txt,True,False,True,0,False,10,False,True,2,0.9,60,0.001,11937,SingleLinearLayerHead,1,0.001,False,False,0.998,True,"[-3, -2, -1, 0, 1, 2, 3]",data/human_TE_cellline_all_NA_plain_07202023.csv,1,None,False,78,64,AdamW,"[64, 64, 64, 64, 64, 64, 64]",32,False,False,128,,,,,,testing,Test fold: 2. Validation fold: 1,8c8e8a779da245d1a5dd90af1d63787b,8c8e8a779da245d1a5dd90af1d63787b,upstream/src/main.py,435215584668198691c7be4caabd29c71fde43ee,"[{""artifact_path"":""model"",""flavors"":{""pytorch"":{""model_data"":""data"",""pytorch_version"":""2.0.0+cu117"",""code"":null},""python_function"":{""data"":""data"",""pickle_module_name"":""mlflow.pytorch.pickle_module"",""loader_module"":""mlflow.pytorch"",""env"":{""conda"":""conda.yaml"",""virtualenv"":""python_env.yaml""},""python_version"":""3.10.9""}},""run_id"":""0818d970b3634b698e32b5a87a2b47ca"",""model_uuid"":""09d5f58faa2842fc9d0f44aff3534b18"",""utc_time_created"":""2023-09-21 19:56:30.533320"",""mlflow_version"":""2.3.2""}]",rogue-ram-447,UPSTREAM_AUTHOR,LOCAL
ff276cf4e7af45fe8d9680b258e556f3,3783008913534056,FINISHED,UPSTREAM_ARTIFACT_URI,2023-09-21 17:06:39.119000+00:00,2023-09-21 18:33:03.363000+00:00,1e-06,0.6978327035903931,200.0,0.6870839595794678,0.4339049756526947,0.4820536971092224,0.6912249326705933,0.48406511545181274,0.7003915309906006,0.47356346249580383,0.4509042501449585,,,,,True,data/Human_TE_paxdb_filter_hepg2all_fin.csv,relu,10,5,0.1,1,1381,0,data/appris_TE_with_NAs_07202023.txt,False,5,0.9,200,AdamW,gru,1,2.5e-06,TECNNMultiTasks,2,9,False,12288,^TE_,None,False,9,"(0.9, 0.998)",2,1e-08,0.3,True,False,0.007,True,0.0001,128,data/Human_TE_paxdb_filter_hepg2all_tx_info_with_delta_TE.txt,data/name_information.txt,4,64,False,0,data/Human_TE_paxdb_filter_hepg2all_tx_info.txt,True,False,True,0,False,10,False,True,2,0.9,60,0.001,11937,SingleLinearLayerHead,1,0.001,False,False,0.998,True,"[-3, -2, -1, 0, 1, 2, 3]",data/human_TE_cellline_all_NA_plain_07202023.csv,1,None,False,78,64,AdamW,"[64, 64, 64, 64, 64, 64, 64]",32,False,False,128,,,,,,testing,Test fold: 2. Validation fold: 0,8c8e8a779da245d1a5dd90af1d63787b,8c8e8a779da245d1a5dd90af1d63787b,upstream/src/main.py,435215584668198691c7be4caabd29c71fde43ee,"[{""artifact_path"":""model"",""flavors"":{""pytorch"":{""model_data"":""data"",""pytorch_version"":""2.0.0+cu117"",""code"":null},""python_function"":{""data"":""data"",""pickle_module_name"":""mlflow.pytorch.pickle_module"",""loader_module"":""mlflow.pytorch"",""env"":{""conda"":""conda.yaml"",""virtualenv"":""python_env.yaml""},""python_version"":""3.10.9""}},""run_id"":""ff276cf4e7af45fe8d9680b258e556f3"",""model_uuid"":""2a950494935b48ad84fb09d8751e32ee"",""utc_time_created"":""2023-09-21 18:32:44.967798"",""mlflow_version"":""2.3.2""}]",adaptable-pug-808,UPSTREAM_AUTHOR,LOCAL
ef1510de8ebb4cf08bdd08b2e12f176e,3783008913534056,FINISHED,UPSTREAM_ARTIFACT_URI,2023-09-21 15:41:55.749000+00:00,2023-09-21 17:06:38.956000+00:00,1e-06,0.7214375734329224,200.0,0.7049502730369568,0.4245428144931793,0.5172216892242432,0.7045265436172485,0.4168998897075653,0.7160208821296692,0.38858482241630554,0.5049946904182434,,,,,True,data/Human_TE_paxdb_filter_hepg2all_fin.csv,relu,10,5,0.1,1,1381,8,data/appris_TE_with_NAs_07202023.txt,False,5,0.9,200,AdamW,gru,1,2.5e-06,TECNNMultiTasks,2,9,False,12288,^TE_,None,False,9,"(0.9, 0.998)",1,1e-08,0.3,True,False,0.007,True,0.0001,128,data/Human_TE_paxdb_filter_hepg2all_tx_info_with_delta_TE.txt,data/name_information.txt,4,64,False,0,data/Human_TE_paxdb_filter_hepg2all_tx_info.txt,True,False,True,0,False,10,False,True,2,0.9,60,0.001,11937,SingleLinearLayerHead,1,0.001,False,False,0.998,True,"[-3, -2, -1, 0, 1, 2, 3]",data/human_TE_cellline_all_NA_plain_07202023.csv,1,None,False,78,64,AdamW,"[64, 64, 64, 64, 64, 64, 64]",32,False,False,128,,,,,,testing,Test fold: 1. Validation fold: 8,8c8e8a779da245d1a5dd90af1d63787b,8c8e8a779da245d1a5dd90af1d63787b,upstream/src/main.py,435215584668198691c7be4caabd29c71fde43ee,"[{""artifact_path"":""model"",""flavors"":{""pytorch"":{""model_data"":""data"",""pytorch_version"":""2.0.0+cu117"",""code"":null},""python_function"":{""data"":""data"",""pickle_module_name"":""mlflow.pytorch.pickle_module"",""loader_module"":""mlflow.pytorch"",""env"":{""conda"":""conda.yaml"",""virtualenv"":""python_env.yaml""},""python_version"":""3.10.9""}},""run_id"":""ef1510de8ebb4cf08bdd08b2e12f176e"",""model_uuid"":""6349f94ddad94e52bcd6769a96e42112"",""utc_time_created"":""2023-09-21 17:06:21.175762"",""mlflow_version"":""2.3.2""}]",wistful-vole-466,UPSTREAM_AUTHOR,LOCAL
2a6ec703c9f043b28f9885cea8296120,3783008913534056,FINISHED,UPSTREAM_ARTIFACT_URI,2023-09-21 14:16:56.725000+00:00,2023-09-21 15:41:55.589000+00:00,1e-06,0.71736741065979,200.0,0.7030859589576721,0.4229307174682617,0.5089439153671265,0.6904429793357849,0.4339691400527954,0.7128003835678101,0.39500439167022705,0.48575350642204285,,,,,True,data/Human_TE_paxdb_filter_hepg2all_fin.csv,relu,10,5,0.1,1,1381,7,data/appris_TE_with_NAs_07202023.txt,False,5,0.9,200,AdamW,gru,1,2.5e-06,TECNNMultiTasks,2,9,False,12288,^TE_,None,False,9,"(0.9, 0.998)",1,1e-08,0.3,True,False,0.007,True,0.0001,128,data/Human_TE_paxdb_filter_hepg2all_tx_info_with_delta_TE.txt,data/name_information.txt,4,64,False,0,data/Human_TE_paxdb_filter_hepg2all_tx_info.txt,True,False,True,0,False,10,False,True,2,0.9,60,0.001,11937,SingleLinearLayerHead,1,0.001,False,False,0.998,True,"[-3, -2, -1, 0, 1, 2, 3]",data/human_TE_cellline_all_NA_plain_07202023.csv,1,None,False,78,64,AdamW,"[64, 64, 64, 64, 64, 64, 64]",32,False,False,128,,,,,,testing,Test fold: 1. Validation fold: 7,8c8e8a779da245d1a5dd90af1d63787b,8c8e8a779da245d1a5dd90af1d63787b,upstream/src/main.py,435215584668198691c7be4caabd29c71fde43ee,"[{""artifact_path"":""model"",""flavors"":{""pytorch"":{""model_data"":""data"",""pytorch_version"":""2.0.0+cu117"",""code"":null},""python_function"":{""data"":""data"",""pickle_module_name"":""mlflow.pytorch.pickle_module"",""loader_module"":""mlflow.pytorch"",""env"":{""conda"":""conda.yaml"",""virtualenv"":""python_env.yaml""},""python_version"":""3.10.9""}},""run_id"":""2a6ec703c9f043b28f9885cea8296120"",""model_uuid"":""f5ecab5e1b06403baac2ceb511b23c08"",""utc_time_created"":""2023-09-21 15:41:37.773585"",""mlflow_version"":""2.3.2""}]",casual-snail-92,UPSTREAM_AUTHOR,LOCAL
d894a1482ede474c820d9468715e4037,3783008913534056,FINISHED,UPSTREAM_ARTIFACT_URI,2023-09-21 12:53:34.965000+00:00,2023-09-21 14:16:56.584000+00:00,1e-06,0.7071187496185303,200.0,0.6937967538833618,0.4348001182079315,0.49556589126586914,0.7087762951850891,0.46316099166870117,0.7145285606384277,0.40816086530685425,0.49465179443359375,,,,,True,data/Human_TE_paxdb_filter_hepg2all_fin.csv,relu,10,5,0.1,1,1381,6,data/appris_TE_with_NAs_07202023.txt,False,5,0.9,200,AdamW,gru,1,2.5e-06,TECNNMultiTasks,2,9,False,12288,^TE_,None,False,9,"(0.9, 0.998)",1,1e-08,0.3,True,False,0.007,True,0.0001,128,data/Human_TE_paxdb_filter_hepg2all_tx_info_with_delta_TE.txt,data/name_information.txt,4,64,False,0,data/Human_TE_paxdb_filter_hepg2all_tx_info.txt,True,False,True,0,False,10,False,True,2,0.9,60,0.001,11937,SingleLinearLayerHead,1,0.001,False,False,0.998,True,"[-3, -2, -1, 0, 1, 2, 3]",data/human_TE_cellline_all_NA_plain_07202023.csv,1,None,False,78,64,AdamW,"[64, 64, 64, 64, 64, 64, 64]",32,False,False,128,,,,,,testing,Test fold: 1. Validation fold: 6,8c8e8a779da245d1a5dd90af1d63787b,8c8e8a779da245d1a5dd90af1d63787b,upstream/src/main.py,435215584668198691c7be4caabd29c71fde43ee,"[{""artifact_path"":""model"",""flavors"":{""pytorch"":{""model_data"":""data"",""pytorch_version"":""2.0.0+cu117"",""code"":null},""python_function"":{""data"":""data"",""pickle_module_name"":""mlflow.pytorch.pickle_module"",""loader_module"":""mlflow.pytorch"",""env"":{""conda"":""conda.yaml"",""virtualenv"":""python_env.yaml""},""python_version"":""3.10.9""}},""run_id"":""d894a1482ede474c820d9468715e4037"",""model_uuid"":""c2b165bffa50442f9c1379a693f9cdd4"",""utc_time_created"":""2023-09-21 14:16:38.232108"",""mlflow_version"":""2.3.2""}]",skillful-toad-33,UPSTREAM_AUTHOR,LOCAL
173920e2dfe844e1a0dc3cf9a1edce98,3783008913534056,FINISHED,UPSTREAM_ARTIFACT_URI,2023-09-21 11:30:35.281000+00:00,2023-09-21 12:53:34.837000+00:00,1.5625e-06,0.7164586782455444,200.0,0.6996182799339294,0.4856548607349396,0.5099328756332397,0.6907777786254883,0.4481847286224365,0.6999846696853638,0.39752286672592163,0.48559796810150146,,,,,True,data/Human_TE_paxdb_filter_hepg2all_fin.csv,relu,10,5,0.1,1,1381,5,data/appris_TE_with_NAs_07202023.txt,False,5,0.9,200,AdamW,gru,1,2.5e-06,TECNNMultiTasks,2,9,False,12288,^TE_,None,False,9,"(0.9, 0.998)",1,1e-08,0.3,True,False,0.007,True,0.0001,128,data/Human_TE_paxdb_filter_hepg2all_tx_info_with_delta_TE.txt,data/name_information.txt,4,64,False,0,data/Human_TE_paxdb_filter_hepg2all_tx_info.txt,True,False,True,0,False,10,False,True,2,0.9,60,0.001,11937,SingleLinearLayerHead,1,0.001,False,False,0.998,True,"[-3, -2, -1, 0, 1, 2, 3]",data/human_TE_cellline_all_NA_plain_07202023.csv,1,None,False,78,64,AdamW,"[64, 64, 64, 64, 64, 64, 64]",32,False,False,128,,,,,,testing,Test fold: 1. Validation fold: 5,8c8e8a779da245d1a5dd90af1d63787b,8c8e8a779da245d1a5dd90af1d63787b,upstream/src/main.py,435215584668198691c7be4caabd29c71fde43ee,"[{""artifact_path"":""model"",""flavors"":{""pytorch"":{""model_data"":""data"",""pytorch_version"":""2.0.0+cu117"",""code"":null},""python_function"":{""data"":""data"",""pickle_module_name"":""mlflow.pytorch.pickle_module"",""loader_module"":""mlflow.pytorch"",""env"":{""conda"":""conda.yaml"",""virtualenv"":""python_env.yaml""},""python_version"":""3.10.9""}},""run_id"":""173920e2dfe844e1a0dc3cf9a1edce98"",""model_uuid"":""bf74778987ef46409298740c2c58fc5a"",""utc_time_created"":""2023-09-21 12:53:16.414145"",""mlflow_version"":""2.3.2""}]",youthful-trout-889,UPSTREAM_AUTHOR,LOCAL
864e367a040c4defab3d466e0b99109e,3783008913534056,FINISHED,UPSTREAM_ARTIFACT_URI,2023-09-21 10:07:49.020000+00:00,2023-09-21 11:30:35.149000+00:00,1.5625e-06,0.7140658497810364,200.0,0.6970874071121216,0.4282225966453552,0.5063055753707886,0.6878883242607117,0.4255183935165405,0.7022002935409546,0.39503300189971924,0.48605877161026,,,,,True,data/Human_TE_paxdb_filter_hepg2all_fin.csv,relu,10,5,0.1,1,1381,4,data/appris_TE_with_NAs_07202023.txt,False,5,0.9,200,AdamW,gru,1,2.5e-06,TECNNMultiTasks,2,9,False,12288,^TE_,None,False,9,"(0.9, 0.998)",1,1e-08,0.3,True,False,0.007,True,0.0001,128,data/Human_TE_paxdb_filter_hepg2all_tx_info_with_delta_TE.txt,data/name_information.txt,4,64,False,0,data/Human_TE_paxdb_filter_hepg2all_tx_info.txt,True,False,True,0,False,10,False,True,2,0.9,60,0.001,11937,SingleLinearLayerHead,1,0.001,False,False,0.998,True,"[-3, -2, -1, 0, 1, 2, 3]",data/human_TE_cellline_all_NA_plain_07202023.csv,1,None,False,78,64,AdamW,"[64, 64, 64, 64, 64, 64, 64]",32,False,False,128,,,,,,testing,Test fold: 1. Validation fold: 4,8c8e8a779da245d1a5dd90af1d63787b,8c8e8a779da245d1a5dd90af1d63787b,upstream/src/main.py,435215584668198691c7be4caabd29c71fde43ee,"[{""artifact_path"":""model"",""flavors"":{""pytorch"":{""model_data"":""data"",""pytorch_version"":""2.0.0+cu117"",""code"":null},""python_function"":{""data"":""data"",""pickle_module_name"":""mlflow.pytorch.pickle_module"",""loader_module"":""mlflow.pytorch"",""env"":{""conda"":""conda.yaml"",""virtualenv"":""python_env.yaml""},""python_version"":""3.10.9""}},""run_id"":""864e367a040c4defab3d466e0b99109e"",""model_uuid"":""147ebe2dfa864a8e8d779b3623acbdfb"",""utc_time_created"":""2023-09-21 11:30:17.118183"",""mlflow_version"":""2.3.2""}]",unruly-shoat-474,UPSTREAM_AUTHOR,LOCAL
33e3c4532982489aa06b7497c3579cfb,3783008913534056,FINISHED,UPSTREAM_ARTIFACT_URI,2023-09-21 08:45:18.693000+00:00,2023-09-21 10:07:48.894000+00:00,3.125e-06,0.7033517956733704,200.0,0.6884958744049072,0.3654571771621704,0.4916994571685791,0.6988926529884338,0.4525465667247772,0.6971732378005981,0.41691726446151733,0.4816702604293823,,,,,True,data/Human_TE_paxdb_filter_hepg2all_fin.csv,relu,10,5,0.1,1,1381,3,data/appris_TE_with_NAs_07202023.txt,False,5,0.9,200,AdamW,gru,1,2.5e-06,TECNNMultiTasks,2,9,False,12288,^TE_,None,False,9,"(0.9, 0.998)",1,1e-08,0.3,True,False,0.007,True,0.0001,128,data/Human_TE_paxdb_filter_hepg2all_tx_info_with_delta_TE.txt,data/name_information.txt,4,64,False,0,data/Human_TE_paxdb_filter_hepg2all_tx_info.txt,True,False,True,0,False,10,False,True,2,0.9,60,0.001,11937,SingleLinearLayerHead,1,0.001,False,False,0.998,True,"[-3, -2, -1, 0, 1, 2, 3]",data/human_TE_cellline_all_NA_plain_07202023.csv,1,None,False,78,64,AdamW,"[64, 64, 64, 64, 64, 64, 64]",32,False,False,128,,,,,,testing,Test fold: 1. Validation fold: 3,8c8e8a779da245d1a5dd90af1d63787b,8c8e8a779da245d1a5dd90af1d63787b,upstream/src/main.py,435215584668198691c7be4caabd29c71fde43ee,"[{""artifact_path"":""model"",""flavors"":{""pytorch"":{""model_data"":""data"",""pytorch_version"":""2.0.0+cu117"",""code"":null},""python_function"":{""data"":""data"",""pickle_module_name"":""mlflow.pytorch.pickle_module"",""loader_module"":""mlflow.pytorch"",""env"":{""conda"":""conda.yaml"",""virtualenv"":""python_env.yaml""},""python_version"":""3.10.9""}},""run_id"":""33e3c4532982489aa06b7497c3579cfb"",""model_uuid"":""243d7c022ce2418d9f8e88d03f968dba"",""utc_time_created"":""2023-09-21 10:07:30.668743"",""mlflow_version"":""2.3.2""}]",carefree-ray-803,UPSTREAM_AUTHOR,LOCAL
6ba9d52314a74086aaeaccc9c31a2c52,3783008913534056,FINISHED,UPSTREAM_ARTIFACT_URI,2023-09-21 07:21:27.273000+00:00,2023-09-21 08:45:18.525000+00:00,1e-06,0.7194291949272156,200.0,0.7029072642326355,0.439021497964859,0.5147085785865784,0.6838423609733582,0.43823158740997314,0.7009469270706177,0.3890089690685272,0.49028676748275757,,,,,True,data/Human_TE_paxdb_filter_hepg2all_fin.csv,relu,10,5,0.1,1,1381,2,data/appris_TE_with_NAs_07202023.txt,False,5,0.9,200,AdamW,gru,1,2.5e-06,TECNNMultiTasks,2,9,False,12288,^TE_,None,False,9,"(0.9, 0.998)",1,1e-08,0.3,True,False,0.007,True,0.0001,128,data/Human_TE_paxdb_filter_hepg2all_tx_info_with_delta_TE.txt,data/name_information.txt,4,64,False,0,data/Human_TE_paxdb_filter_hepg2all_tx_info.txt,True,False,True,0,False,10,False,True,2,0.9,60,0.001,11937,SingleLinearLayerHead,1,0.001,False,False,0.998,True,"[-3, -2, -1, 0, 1, 2, 3]",data/human_TE_cellline_all_NA_plain_07202023.csv,1,None,False,78,64,AdamW,"[64, 64, 64, 64, 64, 64, 64]",32,False,False,128,,,,,,testing,Test fold: 1. Validation fold: 2,8c8e8a779da245d1a5dd90af1d63787b,8c8e8a779da245d1a5dd90af1d63787b,upstream/src/main.py,435215584668198691c7be4caabd29c71fde43ee,"[{""artifact_path"":""model"",""flavors"":{""pytorch"":{""model_data"":""data"",""pytorch_version"":""2.0.0+cu117"",""code"":null},""python_function"":{""data"":""data"",""pickle_module_name"":""mlflow.pytorch.pickle_module"",""loader_module"":""mlflow.pytorch"",""env"":{""conda"":""conda.yaml"",""virtualenv"":""python_env.yaml""},""python_version"":""3.10.9""}},""run_id"":""6ba9d52314a74086aaeaccc9c31a2c52"",""model_uuid"":""cb06ff460e68400fb15a3977f437d0c6"",""utc_time_created"":""2023-09-21 08:44:55.492032"",""mlflow_version"":""2.3.2""}]",calm-mink-211,UPSTREAM_AUTHOR,LOCAL
eca5c035d937499689ce9cf80f4af092,3783008913534056,FINISHED,UPSTREAM_ARTIFACT_URI,2023-09-21 05:58:27.765000+00:00,2023-09-21 07:21:27.112000+00:00,3.125e-06,0.7103957533836365,200.0,0.6947954893112183,0.4837474524974823,0.49987438321113586,0.6763391494750977,0.4389137029647827,0.694315493106842,0.40797239542007446,0.46874839067459106,,,,,True,data/Human_TE_paxdb_filter_hepg2all_fin.csv,relu,10,5,0.1,1,1381,1,data/appris_TE_with_NAs_07202023.txt,False,5,0.9,200,AdamW,gru,1,2.5e-06,TECNNMultiTasks,2,9,False,12288,^TE_,None,False,9,"(0.9, 0.998)",1,1e-08,0.3,True,False,0.007,True,0.0001,128,data/Human_TE_paxdb_filter_hepg2all_tx_info_with_delta_TE.txt,data/name_information.txt,4,64,False,0,data/Human_TE_paxdb_filter_hepg2all_tx_info.txt,True,False,True,0,False,10,False,True,2,0.9,60,0.001,11937,SingleLinearLayerHead,1,0.001,False,False,0.998,True,"[-3, -2, -1, 0, 1, 2, 3]",data/human_TE_cellline_all_NA_plain_07202023.csv,1,None,False,78,64,AdamW,"[64, 64, 64, 64, 64, 64, 64]",32,False,False,128,,,,,,testing,Test fold: 1. Validation fold: 1,8c8e8a779da245d1a5dd90af1d63787b,8c8e8a779da245d1a5dd90af1d63787b,upstream/src/main.py,435215584668198691c7be4caabd29c71fde43ee,"[{""artifact_path"":""model"",""flavors"":{""pytorch"":{""model_data"":""data"",""pytorch_version"":""2.0.0+cu117"",""code"":null},""python_function"":{""data"":""data"",""pickle_module_name"":""mlflow.pytorch.pickle_module"",""loader_module"":""mlflow.pytorch"",""env"":{""conda"":""conda.yaml"",""virtualenv"":""python_env.yaml""},""python_version"":""3.10.9""}},""run_id"":""eca5c035d937499689ce9cf80f4af092"",""model_uuid"":""45637b73b48442e3a43ff3b07ad478a6"",""utc_time_created"":""2023-09-21 07:21:09.326730"",""mlflow_version"":""2.3.2""}]",powerful-shrew-405,UPSTREAM_AUTHOR,LOCAL
86d88305945243a6921480206159deae,3783008913534056,FINISHED,UPSTREAM_ARTIFACT_URI,2023-09-21 04:33:42.924000+00:00,2023-09-21 05:58:27.629000+00:00,1e-06,0.7093753814697266,200.0,0.6953699588775635,0.42713862657546997,0.4982658624649048,0.7238876819610596,0.437796950340271,0.7322509288787842,0.40716034173965454,0.5246022939682007,,,,,True,data/Human_TE_paxdb_filter_hepg2all_fin.csv,relu,10,5,0.1,1,1381,0,data/appris_TE_with_NAs_07202023.txt,False,5,0.9,200,AdamW,gru,1,2.5e-06,TECNNMultiTasks,2,9,False,12288,^TE_,None,False,9,"(0.9, 0.998)",1,1e-08,0.3,True,False,0.007,True,0.0001,128,data/Human_TE_paxdb_filter_hepg2all_tx_info_with_delta_TE.txt,data/name_information.txt,4,64,False,0,data/Human_TE_paxdb_filter_hepg2all_tx_info.txt,True,False,True,0,False,10,False,True,2,0.9,60,0.001,11937,SingleLinearLayerHead,1,0.001,False,False,0.998,True,"[-3, -2, -1, 0, 1, 2, 3]",data/human_TE_cellline_all_NA_plain_07202023.csv,1,None,False,78,64,AdamW,"[64, 64, 64, 64, 64, 64, 64]",32,False,False,128,,,,,,testing,Test fold: 1. Validation fold: 0,8c8e8a779da245d1a5dd90af1d63787b,8c8e8a779da245d1a5dd90af1d63787b,upstream/src/main.py,435215584668198691c7be4caabd29c71fde43ee,"[{""artifact_path"":""model"",""flavors"":{""pytorch"":{""model_data"":""data"",""pytorch_version"":""2.0.0+cu117"",""code"":null},""python_function"":{""data"":""data"",""pickle_module_name"":""mlflow.pytorch.pickle_module"",""loader_module"":""mlflow.pytorch"",""env"":{""conda"":""conda.yaml"",""virtualenv"":""python_env.yaml""},""python_version"":""3.10.9""}},""run_id"":""86d88305945243a6921480206159deae"",""model_uuid"":""97b0ac78a6e543559be7e1aeee83a47d"",""utc_time_created"":""2023-09-21 05:58:09.865029"",""mlflow_version"":""2.3.2""}]",bittersweet-croc-410,UPSTREAM_AUTHOR,LOCAL
3e495ec75a0348cb9db67f6382da6879,3783008913534056,FINISHED,UPSTREAM_ARTIFACT_URI,2023-09-21 03:12:08.750000+00:00,2023-09-21 04:33:42.750000+00:00,1e-06,0.7082090973854065,200.0,0.6951200366020203,0.3696999251842499,0.489155650138855,0.7094752788543701,0.44948500394821167,0.7245739698410034,0.4469258189201355,0.4948630630970001,,,,,True,data/Human_TE_paxdb_filter_hepg2all_fin.csv,relu,10,5,0.1,1,1381,8,data/appris_TE_with_NAs_07202023.txt,False,5,0.9,200,AdamW,gru,1,2.5e-06,TECNNMultiTasks,2,9,False,12288,^TE_,None,False,9,"(0.9, 0.998)",0,1e-08,0.3,True,False,0.007,True,0.0001,128,data/Human_TE_paxdb_filter_hepg2all_tx_info_with_delta_TE.txt,data/name_information.txt,4,64,False,0,data/Human_TE_paxdb_filter_hepg2all_tx_info.txt,True,False,True,0,False,10,False,True,2,0.9,60,0.001,11937,SingleLinearLayerHead,1,0.001,False,False,0.998,True,"[-3, -2, -1, 0, 1, 2, 3]",data/human_TE_cellline_all_NA_plain_07202023.csv,1,None,False,78,64,AdamW,"[64, 64, 64, 64, 64, 64, 64]",32,False,False,128,,,,,,testing,Test fold: 0. Validation fold: 8,8c8e8a779da245d1a5dd90af1d63787b,8c8e8a779da245d1a5dd90af1d63787b,upstream/src/main.py,435215584668198691c7be4caabd29c71fde43ee,"[{""artifact_path"":""model"",""flavors"":{""pytorch"":{""model_data"":""data"",""pytorch_version"":""2.0.0+cu117"",""code"":null},""python_function"":{""data"":""data"",""pickle_module_name"":""mlflow.pytorch.pickle_module"",""loader_module"":""mlflow.pytorch"",""env"":{""conda"":""conda.yaml"",""virtualenv"":""python_env.yaml""},""python_version"":""3.10.9""}},""run_id"":""3e495ec75a0348cb9db67f6382da6879"",""model_uuid"":""3a9e8a953ddd4fd9b46f1b486a667c68"",""utc_time_created"":""2023-09-21 04:33:23.813500"",""mlflow_version"":""2.3.2""}]",tasteful-pig-294,UPSTREAM_AUTHOR,LOCAL
3a9d793487e84a72afded03715b8f9ee,3783008913534056,FINISHED,UPSTREAM_ARTIFACT_URI,2023-09-21 01:48:12.464000+00:00,2023-09-21 03:12:08.626000+00:00,1e-06,0.6981042623519897,200.0,0.6876004934310913,0.4659554958343506,0.4826156795024872,0.6981139183044434,0.4611607491970062,0.7070439457893372,0.4522249400615692,0.45462822914123535,,,,,True,data/Human_TE_paxdb_filter_hepg2all_fin.csv,relu,10,5,0.1,1,1381,7,data/appris_TE_with_NAs_07202023.txt,False,5,0.9,200,AdamW,gru,1,2.5e-06,TECNNMultiTasks,2,9,False,12288,^TE_,None,False,9,"(0.9, 0.998)",0,1e-08,0.3,True,False,0.007,True,0.0001,128,data/Human_TE_paxdb_filter_hepg2all_tx_info_with_delta_TE.txt,data/name_information.txt,4,64,False,0,data/Human_TE_paxdb_filter_hepg2all_tx_info.txt,True,False,True,0,False,10,False,True,2,0.9,60,0.001,11937,SingleLinearLayerHead,1,0.001,False,False,0.998,True,"[-3, -2, -1, 0, 1, 2, 3]",data/human_TE_cellline_all_NA_plain_07202023.csv,1,None,False,78,64,AdamW,"[64, 64, 64, 64, 64, 64, 64]",32,False,False,128,,,,,,testing,Test fold: 0. Validation fold: 7,8c8e8a779da245d1a5dd90af1d63787b,8c8e8a779da245d1a5dd90af1d63787b,upstream/src/main.py,435215584668198691c7be4caabd29c71fde43ee,"[{""artifact_path"":""model"",""flavors"":{""pytorch"":{""model_data"":""data"",""pytorch_version"":""2.0.0+cu117"",""code"":null},""python_function"":{""data"":""data"",""pickle_module_name"":""mlflow.pytorch.pickle_module"",""loader_module"":""mlflow.pytorch"",""env"":{""conda"":""conda.yaml"",""virtualenv"":""python_env.yaml""},""python_version"":""3.10.9""}},""run_id"":""3a9d793487e84a72afded03715b8f9ee"",""model_uuid"":""4a1fc46adb1944e8aed68a488a6a5e27"",""utc_time_created"":""2023-09-21 03:11:51.066498"",""mlflow_version"":""2.3.2""}]",gaudy-goat-381,UPSTREAM_AUTHOR,LOCAL
dee295337146482684ebc2dd17fd1a8b,3783008913534056,FINISHED,UPSTREAM_ARTIFACT_URI,2023-09-21 00:26:37.168000+00:00,2023-09-21 01:48:12.299000+00:00,1e-06,0.7000187039375305,200.0,0.6865413188934326,0.4534611403942108,0.48604774475097656,0.7208002805709839,0.41992032527923584,0.7289466857910156,0.44945958256721497,0.5205981135368347,,,,,True,data/Human_TE_paxdb_filter_hepg2all_fin.csv,relu,10,5,0.1,1,1381,6,data/appris_TE_with_NAs_07202023.txt,False,5,0.9,200,AdamW,gru,1,2.5e-06,TECNNMultiTasks,2,9,False,12288,^TE_,None,False,9,"(0.9, 0.998)",0,1e-08,0.3,True,False,0.007,True,0.0001,128,data/Human_TE_paxdb_filter_hepg2all_tx_info_with_delta_TE.txt,data/name_information.txt,4,64,False,0,data/Human_TE_paxdb_filter_hepg2all_tx_info.txt,True,False,True,0,False,10,False,True,2,0.9,60,0.001,11937,SingleLinearLayerHead,1,0.001,False,False,0.998,True,"[-3, -2, -1, 0, 1, 2, 3]",data/human_TE_cellline_all_NA_plain_07202023.csv,1,None,False,78,64,AdamW,"[64, 64, 64, 64, 64, 64, 64]",32,False,False,128,,,,,,testing,Test fold: 0. Validation fold: 6,8c8e8a779da245d1a5dd90af1d63787b,8c8e8a779da245d1a5dd90af1d63787b,upstream/src/main.py,435215584668198691c7be4caabd29c71fde43ee,"[{""artifact_path"":""model"",""flavors"":{""pytorch"":{""model_data"":""data"",""pytorch_version"":""2.0.0+cu117"",""code"":null},""python_function"":{""data"":""data"",""pickle_module_name"":""mlflow.pytorch.pickle_module"",""loader_module"":""mlflow.pytorch"",""env"":{""conda"":""conda.yaml"",""virtualenv"":""python_env.yaml""},""python_version"":""3.10.9""}},""run_id"":""dee295337146482684ebc2dd17fd1a8b"",""model_uuid"":""ab4194907ee3477f97ad59f80e50dffe"",""utc_time_created"":""2023-09-21 01:47:54.203768"",""mlflow_version"":""2.3.2""}]",abundant-crane-637,UPSTREAM_AUTHOR,LOCAL
aa335f1b3fcf4a968cd15657a6023240,3783008913534056,FINISHED,UPSTREAM_ARTIFACT_URI,2023-09-20 23:04:30.019000+00:00,2023-09-21 00:26:37.041000+00:00,1e-06,0.697471559047699,200.0,0.6859993934631348,0.36425158381462097,0.48061662912368774,0.6758543252944946,0.4545893669128418,0.6888303160667419,0.4540526270866394,0.4551225006580353,,,,,True,data/Human_TE_paxdb_filter_hepg2all_fin.csv,relu,10,5,0.1,1,1381,5,data/appris_TE_with_NAs_07202023.txt,False,5,0.9,200,AdamW,gru,1,2.5e-06,TECNNMultiTasks,2,9,False,12288,^TE_,None,False,9,"(0.9, 0.998)",0,1e-08,0.3,True,False,0.007,True,0.0001,128,data/Human_TE_paxdb_filter_hepg2all_tx_info_with_delta_TE.txt,data/name_information.txt,4,64,False,0,data/Human_TE_paxdb_filter_hepg2all_tx_info.txt,True,False,True,0,False,10,False,True,2,0.9,60,0.001,11937,SingleLinearLayerHead,1,0.001,False,False,0.998,True,"[-3, -2, -1, 0, 1, 2, 3]",data/human_TE_cellline_all_NA_plain_07202023.csv,1,None,False,78,64,AdamW,"[64, 64, 64, 64, 64, 64, 64]",32,False,False,128,,,,,,testing,Test fold: 0. Validation fold: 5,8c8e8a779da245d1a5dd90af1d63787b,8c8e8a779da245d1a5dd90af1d63787b,upstream/src/main.py,435215584668198691c7be4caabd29c71fde43ee,"[{""artifact_path"":""model"",""flavors"":{""pytorch"":{""model_data"":""data"",""pytorch_version"":""2.0.0+cu117"",""code"":null},""python_function"":{""data"":""data"",""pickle_module_name"":""mlflow.pytorch.pickle_module"",""loader_module"":""mlflow.pytorch"",""env"":{""conda"":""conda.yaml"",""virtualenv"":""python_env.yaml""},""python_version"":""3.10.9""}},""run_id"":""aa335f1b3fcf4a968cd15657a6023240"",""model_uuid"":""d98ea5ba475744f9b16e2cb76be6558c"",""utc_time_created"":""2023-09-21 00:26:18.852850"",""mlflow_version"":""2.3.2""}]",capable-bee-148,UPSTREAM_AUTHOR,LOCAL
5aa149a922834dd89c15adb9f04255df,3783008913534056,FINISHED,UPSTREAM_ARTIFACT_URI,2023-09-20 21:42:59.051000+00:00,2023-09-20 23:04:29.888000+00:00,1.25e-05,0.7126300930976868,200.0,0.7022698521614075,0.3750001788139343,0.5035577416419983,0.7195655107498169,0.4289023280143738,0.7341556549072266,0.43403828144073486,0.5372018814086914,,,,,True,data/Human_TE_paxdb_filter_hepg2all_fin.csv,relu,10,5,0.1,1,1381,4,data/appris_TE_with_NAs_07202023.txt,False,5,0.9,200,AdamW,gru,1,2.5e-06,TECNNMultiTasks,2,9,False,12288,^TE_,None,False,9,"(0.9, 0.998)",0,1e-08,0.3,True,False,0.007,True,0.0001,128,data/Human_TE_paxdb_filter_hepg2all_tx_info_with_delta_TE.txt,data/name_information.txt,4,64,False,0,data/Human_TE_paxdb_filter_hepg2all_tx_info.txt,True,False,True,0,False,10,False,True,2,0.9,60,0.001,11937,SingleLinearLayerHead,1,0.001,False,False,0.998,True,"[-3, -2, -1, 0, 1, 2, 3]",data/human_TE_cellline_all_NA_plain_07202023.csv,1,None,False,78,64,AdamW,"[64, 64, 64, 64, 64, 64, 64]",32,False,False,128,,,,,,testing,Test fold: 0. Validation fold: 4,8c8e8a779da245d1a5dd90af1d63787b,8c8e8a779da245d1a5dd90af1d63787b,upstream/src/main.py,435215584668198691c7be4caabd29c71fde43ee,"[{""artifact_path"":""model"",""flavors"":{""pytorch"":{""model_data"":""data"",""pytorch_version"":""2.0.0+cu117"",""code"":null},""python_function"":{""data"":""data"",""pickle_module_name"":""mlflow.pytorch.pickle_module"",""loader_module"":""mlflow.pytorch"",""env"":{""conda"":""conda.yaml"",""virtualenv"":""python_env.yaml""},""python_version"":""3.10.9""}},""run_id"":""5aa149a922834dd89c15adb9f04255df"",""model_uuid"":""1fce63e19fbf4bd796033fef6083519d"",""utc_time_created"":""2023-09-20 23:04:11.857415"",""mlflow_version"":""2.3.2""}]",legendary-bird-724,UPSTREAM_AUTHOR,LOCAL
6c1a41c776fe43feb13db0b539ac7d02,3783008913534056,FINISHED,UPSTREAM_ARTIFACT_URI,2023-09-20 20:20:48.679000+00:00,2023-09-20 21:42:58.928000+00:00,1.5625e-06,0.7083910703659058,200.0,0.6971803307533264,0.4440622329711914,0.4978605806827545,0.703388512134552,0.4237220287322998,0.7215754985809326,0.43892645835876465,0.5157968401908875,,,,,True,data/Human_TE_paxdb_filter_hepg2all_fin.csv,relu,10,5,0.1,1,1381,3,data/appris_TE_with_NAs_07202023.txt,False,5,0.9,200,AdamW,gru,1,2.5e-06,TECNNMultiTasks,2,9,False,12288,^TE_,None,False,9,"(0.9, 0.998)",0,1e-08,0.3,True,False,0.007,True,0.0001,128,data/Human_TE_paxdb_filter_hepg2all_tx_info_with_delta_TE.txt,data/name_information.txt,4,64,False,0,data/Human_TE_paxdb_filter_hepg2all_tx_info.txt,True,False,True,0,False,10,False,True,2,0.9,60,0.001,11937,SingleLinearLayerHead,1,0.001,False,False,0.998,True,"[-3, -2, -1, 0, 1, 2, 3]",data/human_TE_cellline_all_NA_plain_07202023.csv,1,None,False,78,64,AdamW,"[64, 64, 64, 64, 64, 64, 64]",32,False,False,128,,,,,,testing,Test fold: 0. Validation fold: 3,8c8e8a779da245d1a5dd90af1d63787b,8c8e8a779da245d1a5dd90af1d63787b,upstream/src/main.py,435215584668198691c7be4caabd29c71fde43ee,"[{""artifact_path"":""model"",""flavors"":{""pytorch"":{""model_data"":""data"",""pytorch_version"":""2.0.0+cu117"",""code"":null},""python_function"":{""data"":""data"",""pickle_module_name"":""mlflow.pytorch.pickle_module"",""loader_module"":""mlflow.pytorch"",""env"":{""conda"":""conda.yaml"",""virtualenv"":""python_env.yaml""},""python_version"":""3.10.9""}},""run_id"":""6c1a41c776fe43feb13db0b539ac7d02"",""model_uuid"":""559193ea182a41b19a1121cfad9bb72e"",""utc_time_created"":""2023-09-20 21:42:41.530388"",""mlflow_version"":""2.3.2""}]",clumsy-toad-434,UPSTREAM_AUTHOR,LOCAL
2888f290aef04b7faf5894f6a95d54d1,3783008913534056,FINISHED,UPSTREAM_ARTIFACT_URI,2023-09-20 18:58:54.343000+00:00,2023-09-20 20:20:48.550000+00:00,1e-06,0.7065416574478149,200.0,0.6937611103057861,0.3766743242740631,0.4956684112548828,0.7049189805984497,0.44001638889312744,0.7179350256919861,0.4409341514110565,0.4895913600921631,,,,,True,data/Human_TE_paxdb_filter_hepg2all_fin.csv,relu,10,5,0.1,1,1381,2,data/appris_TE_with_NAs_07202023.txt,False,5,0.9,200,AdamW,gru,1,2.5e-06,TECNNMultiTasks,2,9,False,12288,^TE_,None,False,9,"(0.9, 0.998)",0,1e-08,0.3,True,False,0.007,True,0.0001,128,data/Human_TE_paxdb_filter_hepg2all_tx_info_with_delta_TE.txt,data/name_information.txt,4,64,False,0,data/Human_TE_paxdb_filter_hepg2all_tx_info.txt,True,False,True,0,False,10,False,True,2,0.9,60,0.001,11937,SingleLinearLayerHead,1,0.001,False,False,0.998,True,"[-3, -2, -1, 0, 1, 2, 3]",data/human_TE_cellline_all_NA_plain_07202023.csv,1,None,False,78,64,AdamW,"[64, 64, 64, 64, 64, 64, 64]",32,False,False,128,,,,,,testing,Test fold: 0. Validation fold: 2,8c8e8a779da245d1a5dd90af1d63787b,8c8e8a779da245d1a5dd90af1d63787b,upstream/src/main.py,435215584668198691c7be4caabd29c71fde43ee,"[{""artifact_path"":""model"",""flavors"":{""pytorch"":{""model_data"":""data"",""pytorch_version"":""2.0.0+cu117"",""code"":null},""python_function"":{""data"":""data"",""pickle_module_name"":""mlflow.pytorch.pickle_module"",""loader_module"":""mlflow.pytorch"",""env"":{""conda"":""conda.yaml"",""virtualenv"":""python_env.yaml""},""python_version"":""3.10.9""}},""run_id"":""2888f290aef04b7faf5894f6a95d54d1"",""model_uuid"":""de7b4954b0a84c9fbb264f731ee20649"",""utc_time_created"":""2023-09-20 20:20:30.640101"",""mlflow_version"":""2.3.2""}]",honorable-jay-707,UPSTREAM_AUTHOR,LOCAL
fb622b4ef10440dcb08fb170fe37402e,3783008913534056,FINISHED,UPSTREAM_ARTIFACT_URI,2023-09-20 17:35:43.822000+00:00,2023-09-20 18:58:54.179000+00:00,1e-06,0.7035105228424072,200.0,0.6924828290939331,0.42549070715904236,0.4909038543701172,0.7023414969444275,0.429811954498291,0.7086218595504761,0.44501736760139465,0.4982425570487976,,,,,True,data/Human_TE_paxdb_filter_hepg2all_fin.csv,relu,10,5,0.1,1,1381,1,data/appris_TE_with_NAs_07202023.txt,False,5,0.9,200,AdamW,gru,1,2.5e-06,TECNNMultiTasks,2,9,False,12288,^TE_,None,False,9,"(0.9, 0.998)",0,1e-08,0.3,True,False,0.007,True,0.0001,128,data/Human_TE_paxdb_filter_hepg2all_tx_info_with_delta_TE.txt,data/name_information.txt,4,64,False,0,data/Human_TE_paxdb_filter_hepg2all_tx_info.txt,True,False,True,0,False,10,False,True,2,0.9,60,0.001,11937,SingleLinearLayerHead,1,0.001,False,False,0.998,True,"[-3, -2, -1, 0, 1, 2, 3]",data/human_TE_cellline_all_NA_plain_07202023.csv,1,None,False,78,64,AdamW,"[64, 64, 64, 64, 64, 64, 64]",32,False,False,128,,,,,,testing,Test fold: 0. Validation fold: 1,8c8e8a779da245d1a5dd90af1d63787b,8c8e8a779da245d1a5dd90af1d63787b,upstream/src/main.py,435215584668198691c7be4caabd29c71fde43ee,"[{""artifact_path"":""model"",""flavors"":{""pytorch"":{""model_data"":""data"",""pytorch_version"":""2.0.0+cu117"",""code"":null},""python_function"":{""data"":""data"",""pickle_module_name"":""mlflow.pytorch.pickle_module"",""loader_module"":""mlflow.pytorch"",""env"":{""conda"":""conda.yaml"",""virtualenv"":""python_env.yaml""},""python_version"":""3.10.9""}},""run_id"":""fb622b4ef10440dcb08fb170fe37402e"",""model_uuid"":""36ac4f96b26a4f8586c0a6702c2531ad"",""utc_time_created"":""2023-09-20 18:58:36.478652"",""mlflow_version"":""2.3.2""}]",adaptable-stag-100,UPSTREAM_AUTHOR,LOCAL
224e64e3a1e144dca95bfe187cd25f1d,3783008913534056,FINISHED,UPSTREAM_ARTIFACT_URI,2023-09-20 16:10:23.308000+00:00,2023-09-20 17:35:43.693000+00:00,2.5e-05,0.7103115320205688,200.0,0.7006263732910156,0.345895916223526,0.5003820657730103,0.6891269087791443,0.4189826250076294,0.7059617042541504,0.43688952922821045,0.48642614483833313,,,,,True,data/Human_TE_paxdb_filter_hepg2all_fin.csv,relu,10,5,0.1,1,1381,0,data/appris_TE_with_NAs_07202023.txt,False,5,0.9,200,AdamW,gru,1,2.5e-06,TECNNMultiTasks,2,9,False,12288,^TE_,None,False,9,"(0.9, 0.998)",0,1e-08,0.3,True,False,0.007,True,0.0001,128,data/Human_TE_paxdb_filter_hepg2all_tx_info_with_delta_TE.txt,data/name_information.txt,4,64,False,0,data/Human_TE_paxdb_filter_hepg2all_tx_info.txt,True,False,True,0,False,10,False,True,2,0.9,60,0.001,11937,SingleLinearLayerHead,1,0.001,False,False,0.998,True,"[-3, -2, -1, 0, 1, 2, 3]",data/human_TE_cellline_all_NA_plain_07202023.csv,1,None,False,78,64,AdamW,"[64, 64, 64, 64, 64, 64, 64]",32,False,False,128,,,,,,testing,Test fold: 0. Validation fold: 0,8c8e8a779da245d1a5dd90af1d63787b,8c8e8a779da245d1a5dd90af1d63787b,upstream/src/main.py,435215584668198691c7be4caabd29c71fde43ee,"[{""artifact_path"":""model"",""flavors"":{""pytorch"":{""model_data"":""data"",""pytorch_version"":""2.0.0+cu117"",""code"":null},""python_function"":{""data"":""data"",""pickle_module_name"":""mlflow.pytorch.pickle_module"",""loader_module"":""mlflow.pytorch"",""env"":{""conda"":""conda.yaml"",""virtualenv"":""python_env.yaml""},""python_version"":""3.10.9""}},""run_id"":""224e64e3a1e144dca95bfe187cd25f1d"",""model_uuid"":""b219c68c526b416e8e94ed26e93dad28"",""utc_time_created"":""2023-09-20 17:35:24.805795"",""mlflow_version"":""2.3.2""}]",omniscient-ant-224,UPSTREAM_AUTHOR,LOCAL
