Condition,Expert,Z_Score
uORF,Single Base,-0.21824647
uORF,Codon,0.20715132
uORF,9-mer,-0.22285387
uORF,Ribosome,0.74332875
uORF,Single Base,-4.8672805
uORF,Codon,1.1282885
uORF,9-mer,2.933662
uORF,Ribosome,10.8488
uORF,Single Base,-79.92861
uORF,Codon,29.238682
uORF,9-mer,33.20179
uORF,Ribosome,149.3699
uORF,Single Base,0.96493566
uORF,Codon,-0.97149837
uORF,9-mer,-0.9185757
uORF,Ribosome,-0.963305
uORF,Single Base,-0.7078447
uORF,Codon,0.02520532
uORF,9-mer,0.5285515
uORF,Ribosome,0.3256071
uORF,Single Base,-0.44855744
uORF,Codon,0.064184576
uORF,9-mer,0.94103855
uORF,Ribosome,-0.11776013
uORF,Single Base,0.7963495
uORF,Codon,-0.6037234
uORF,9-mer,-0.79998577
uORF,Ribosome,-0.5481251
uORF,Single Base,-1.601716
uORF,Codon,1.9166135
uORF,9-mer,-1.83739
uORF,Ribosome,1.0922529
uORF,Single Base,-5.921271
uORF,Codon,3.6732569
uORF,9-mer,3.3590012
uORF,Ribosome,5.88341
uORF,Single Base,-0.832192
uORF,Codon,-0.06445231
uORF,9-mer,2.0084927
uORF,Ribosome,0.8571362
uORF,Single Base,-0.106805675
uORF,Codon,0.9124658
uORF,9-mer,-0.44972432
uORF,Ribosome,-0.17398669
uORF,Single Base,1.4622927
uORF,Codon,-0.8084654
uORF,9-mer,-1.8438108
uORF,Ribosome,-0.51576847
uORF,Single Base,1.2753613
uORF,Codon,-1.3406693
uORF,9-mer,0.2685612
uORF,Ribosome,-0.72765255
uORF,Single Base,-9.593594
uORF,Codon,3.9897113
uORF,9-mer,7.674612
uORF,Ribosome,41.39006
uORF,Single Base,-0.2828836
uORF,Codon,0.3082921
uORF,9-mer,-0.68193215
uORF,Ribosome,0.8001928
uORF,Single Base,1.424986
uORF,Codon,-1.2004683
uORF,9-mer,-1.486602
uORF,Ribosome,-1.6605198
uORF,Single Base,-1.36878
uORF,Codon,1.3652903
uORF,9-mer,1.0260719
uORF,Ribosome,1.5321656
uORF,Single Base,-15.5798235
uORF,Codon,4.711645
uORF,9-mer,18.536522
uORF,Ribosome,48.14396
uORF,Single Base,-1.8924335
uORF,Codon,3.1712403
uORF,9-mer,-1.5103513
uORF,Ribosome,1.747529
uORF,Single Base,-2.1894321
uORF,Codon,0.016230162
uORF,9-mer,3.5610297
uORF,Ribosome,4.9790673
uORF,Single Base,-0.42902726
uORF,Codon,0.6849441
uORF,9-mer,-0.2762163
uORF,Ribosome,0.5957588
uORF,Single Base,0.296959
uORF,Codon,-0.0070434995
uORF,9-mer,-0.08909739
uORF,Ribosome,-0.5582034
uORF,Single Base,-0.4736592
uORF,Codon,0.9382755
uORF,9-mer,-0.56539834
uORF,Ribosome,0.5625299
uORF,Single Base,0.400076
uORF,Codon,-0.23435056
uORF,9-mer,-0.65952563
uORF,Ribosome,-0.25735041
uORF,Single Base,0.18601476
uORF,Codon,-0.3621115
uORF,9-mer,0.51996523
uORF,Ribosome,0.07150565
uORF,Single Base,-1.7885392
uORF,Codon,1.3843503
uORF,9-mer,0.88090837
uORF,Ribosome,2.470717
uORF,Single Base,-2.3489316
uORF,Codon,2.101859
uORF,9-mer,0.083300315
uORF,Ribosome,3.649647
uORF,Single Base,-2.5594127
uORF,Codon,1.0127069
uORF,9-mer,3.1059108
uORF,Ribosome,4.76023
uORF,Single Base,1.088773
uORF,Codon,-0.19774535
uORF,9-mer,-1.4441919
uORF,Ribosome,-0.87264895
uORF,Single Base,2.1093893
uORF,Codon,-1.5583003
uORF,9-mer,-1.6355829
uORF,Ribosome,-2.4591973
uORF,Single Base,-0.5435119
uORF,Codon,0.51509285
uORF,9-mer,0.6996771
uORF,Ribosome,0.31343618
uORF,Single Base,-0.7040371
uORF,Codon,0.8455942
uORF,9-mer,0.28664
uORF,Ribosome,0.8243935
uORF,Single Base,-0.27738112
uORF,Codon,0.027629232
uORF,9-mer,0.7705441
uORF,Ribosome,0.37857133
uORF,Single Base,-1.0099316
uORF,Codon,0.5983974
uORF,9-mer,1.8780677
uORF,Ribosome,0.47402808
uORF,Single Base,-2.5067484
uORF,Codon,1.5113083
uORF,9-mer,2.7753458
uORF,Ribosome,3.5005608
uORF,Single Base,-0.07418611
uORF,Codon,-0.19457363
uORF,9-mer,0.3920476
uORF,Ribosome,0.15581122
uORF,Single Base,1.0648712
uORF,Codon,-0.90006125
uORF,9-mer,-0.43025655
uORF,Ribosome,-1.5721779
uORF,Single Base,-0.8860316
uORF,Codon,0.85628843
uORF,9-mer,0.40786195
uORF,Ribosome,1.2196918
uORF,Single Base,0.62901
uORF,Codon,-0.33581567
uORF,9-mer,-1.3891286
uORF,Ribosome,0.25164956
uORF,Single Base,-1.8645082
uORF,Codon,0.67026484
uORF,9-mer,2.6500058
uORF,Ribosome,2.1807141
uORF,Single Base,-1.5838529
uORF,Codon,1.3379048
uORF,9-mer,1.3768011
uORF,Ribosome,1.7453225
uORF,Single Base,-0.11234795
uORF,Codon,0.04091045
uORF,9-mer,-0.95377517
uORF,Ribosome,0.5120819
uORF,Single Base,-0.25284663
uORF,Codon,0.36401582
uORF,9-mer,-0.023587635
uORF,Ribosome,0.21524297
uORF,Single Base,-1.1157509
uORF,Codon,1.0267035
uORF,9-mer,1.2765424
uORF,Ribosome,1.0513666
uORF,Single Base,-1.4456261
uORF,Codon,2.187201
uORF,9-mer,0.94170886
uORF,Ribosome,1.0191102
uORF,Single Base,-0.5251321
uORF,Codon,0.6764567
uORF,9-mer,0.27667537
uORF,Ribosome,-0.39121452
uORF,Single Base,0.509057
uORF,Codon,-0.19875893
uORF,9-mer,-0.750247
uORF,Ribosome,-0.92141056
uORF,Single Base,0.6078313
uORF,Codon,-0.4859233
uORF,9-mer,-0.5863123
uORF,Ribosome,-0.78259873
uORF,Single Base,-0.16641262
uORF,Codon,0.41122824
uORF,9-mer,0.26048
uORF,Ribosome,-0.6835143
uORF,Single Base,0.22314139
uORF,Codon,0.38116974
uORF,9-mer,-1.3491133
uORF,Ribosome,0.53542966
uORF,Single Base,-0.57436925
uORF,Codon,0.5448365
uORF,9-mer,-0.15423703
uORF,Ribosome,0.9182424
uORF,Single Base,0.6985331
uORF,Codon,0.2775158
uORF,9-mer,-0.50522673
uORF,Ribosome,-1.0858731
uORF,Single Base,-0.15205409
uORF,Codon,0.15469378
uORF,9-mer,0.31198886
uORF,Ribosome,-0.009060638
uORF,Single Base,-2.6556537
uORF,Codon,1.4302232
uORF,9-mer,1.8177578
uORF,Ribosome,3.8107176
uORF,Single Base,-0.49602127
uORF,Codon,-0.02371226
uORF,9-mer,1.1747494
uORF,Ribosome,0.8413446
uORF,Single Base,1.7109978
uORF,Codon,-0.9049333
uORF,9-mer,-1.494536
uORF,Ribosome,-0.9477264
uORF,Single Base,-1.788309
uORF,Codon,1.8951452
uORF,9-mer,0.6111354
uORF,Ribosome,1.5585568
uORF,Single Base,-0.4873614
uORF,Codon,0.23460855
uORF,9-mer,1.1044676
uORF,Ribosome,0.5743921
uORF,Single Base,0.707447
uORF,Codon,0.59008783
uORF,9-mer,-1.9838421
uORF,Ribosome,-0.7529768
uORF,Single Base,-0.22632286
uORF,Codon,0.21209763
uORF,9-mer,0.05281883
uORF,Ribosome,-0.023343492
uORF,Single Base,-0.596807
uORF,Codon,0.37368593
uORF,9-mer,0.4020795
uORF,Ribosome,0.91268444
uORF,Single Base,1.4072436
uORF,Codon,-1.5255165
uORF,9-mer,-0.7255168
uORF,Ribosome,-1.3681405
uORF,Single Base,-2.4942932
uORF,Codon,2.6528184
uORF,9-mer,1.697728
uORF,Ribosome,2.4292183
uORF,Single Base,0.50174576
uORF,Codon,-0.5636007
uORF,9-mer,-0.0181777
uORF,Ribosome,-0.580399
uORF,Single Base,-82.121315
uORF,Codon,66.43418
uORF,9-mer,21.363678
uORF,Ribosome,62.297333
uORF,Single Base,-0.8743324
uORF,Codon,0.43216956
uORF,9-mer,0.9889226
uORF,Ribosome,0.96050704
uORF,Single Base,-0.01543474
uORF,Codon,-0.025015242
uORF,9-mer,0.07696928
uORF,Ribosome,0.017302135
uORF,Single Base,-0.3348684
uORF,Codon,-0.35322008
uORF,9-mer,1.4762751
uORF,Ribosome,1.257042
uORF,Single Base,2.0924692
uORF,Codon,0.11346563
uORF,9-mer,-3.6526873
uORF,Ribosome,-1.0106441
uORF,Single Base,0.078553356
uORF,Codon,0.15967326
uORF,9-mer,-0.5793016
uORF,Ribosome,0.014980421
uORF,Single Base,-2.04348
uORF,Codon,1.9105846
uORF,9-mer,2.1236718
uORF,Ribosome,2.1235878
uORF,Single Base,-2.6359706
uORF,Codon,2.3804445
uORF,9-mer,0.067664556
uORF,Ribosome,4.5135236
uORF,Single Base,-1.9083867
uORF,Codon,2.270212
uORF,9-mer,1.4643455
uORF,Ribosome,1.7552577
uORF,Single Base,-1.1956235
uORF,Codon,0.934149
uORF,9-mer,0.7590904
uORF,Ribosome,0.13400759
uORF,Single Base,1.4832344
uORF,Codon,-0.9408908
uORF,9-mer,-1.6921083
uORF,Ribosome,-1.1896405
uORF,Single Base,-1.1376696
uORF,Codon,0.75496936
uORF,9-mer,0.8011213
uORF,Ribosome,0.3497073
uORF,Single Base,0.10958087
uORF,Codon,0.46904814
uORF,9-mer,-1.4574318
uORF,Ribosome,-0.26008597
uORF,Single Base,-1.4327267
uORF,Codon,4.1063113
uORF,9-mer,-1.8974364
uORF,Ribosome,0.6215551
uORF,Single Base,-10.626666
uORF,Codon,6.6076636
uORF,9-mer,10.382485
uORF,Ribosome,21.725359
uORF,Single Base,0.37853706
uORF,Codon,0.48263943
uORF,9-mer,-1.9686395
uORF,Ribosome,-0.39503446
uORF,Single Base,0.453339
uORF,Codon,-0.28163347
uORF,9-mer,-0.3747264
uORF,Ribosome,-0.36346817
uORF,Single Base,-0.3870073
uORF,Codon,0.53957164
uORF,9-mer,-0.14244685
uORF,Ribosome,0.3649784
uORF,Single Base,0.37825197
uORF,Codon,-0.040366452
uORF,9-mer,-1.3942027
uORF,Ribosome,-0.055632632
uORF,Single Base,0.917349
uORF,Codon,-0.8073953
uORF,9-mer,-0.96720916
uORF,Ribosome,-1.0356432
uORF,Single Base,-1.5184047
uORF,Codon,1.3654358
uORF,9-mer,-0.36901635
uORF,Ribosome,1.6220026
uORF,Single Base,-0.5471461
uORF,Codon,0.4384721
uORF,9-mer,-0.034398958
uORF,Ribosome,0.99621904
uORF,Single Base,0.14114323
uORF,Codon,-0.1643985
uORF,9-mer,-0.3120676
uORF,Ribosome,0.13525978
uORF,Single Base,1.1542135
uORF,Codon,-0.5338262
uORF,9-mer,-1.0883925
uORF,Ribosome,-2.3038428
uORF,Single Base,-1.0637884
uORF,Codon,0.22792162
uORF,9-mer,0.9649781
uORF,Ribosome,1.1608582
uORF,Single Base,1.0044378
uORF,Codon,-1.2883309
uORF,9-mer,-0.41642797
uORF,Ribosome,-0.4090071
uORF,Single Base,-2.8032243
uORF,Codon,2.9189613
uORF,9-mer,0.91212386
uORF,Ribosome,1.1310873
uORF,Single Base,0.5164485
uORF,Codon,-0.44427702
uORF,9-mer,-0.5565528
uORF,Ribosome,-0.62848413
uORF,Single Base,1.0014608
uORF,Codon,-1.0393925
uORF,9-mer,-1.0570105
uORF,Ribosome,-0.911975
uORF,Single Base,0.030558659
uORF,Codon,0.045908537
uORF,9-mer,0.024959173
uORF,Ribosome,-0.19574708
uORF,Single Base,-1.7396005
uORF,Codon,0.83924544
uORF,9-mer,1.7518234
uORF,Ribosome,2.5524125
uORF,Single Base,0.7547385
uORF,Codon,-0.55416
uORF,9-mer,-1.4101516
uORF,Ribosome,-0.73135364
uORF,Single Base,1.1766438
uORF,Codon,-0.38717318
uORF,9-mer,-1.3607463
uORF,Ribosome,-0.9616485
uORF,Single Base,-2.2796326
uORF,Codon,2.5888298
uORF,9-mer,-0.8767169
uORF,Ribosome,3.5249767
uORF,Single Base,-0.65002185
uORF,Codon,1.7249229
uORF,9-mer,-0.29092538
uORF,Ribosome,0.32890406
uORF,Single Base,0.0013284264
uORF,Codon,-0.012080867
uORF,9-mer,-0.44111574
uORF,Ribosome,1.0319394
uORF,Single Base,-3.071259
uORF,Codon,1.4064372
uORF,9-mer,3.338262
uORF,Ribosome,8.1323595
uORF,Single Base,0.21817638
uORF,Codon,0.08371953
uORF,9-mer,-0.047773615
uORF,Ribosome,-0.91841924
uORF,Single Base,-0.9919041
uORF,Codon,0.7741564
uORF,9-mer,0.9643973
uORF,Ribosome,1.2690606
uORF,Single Base,-1.5405523
uORF,Codon,0.91624403
uORF,9-mer,1.7809613
uORF,Ribosome,1.310579
uORF,Single Base,-3.2038128
uORF,Codon,2.185911
uORF,9-mer,4.0908365
uORF,Ribosome,5.006588
uORF,Single Base,1.1797427
uORF,Codon,-1.2027072
uORF,9-mer,-0.9385005
uORF,Ribosome,-0.80208737
uORF,Single Base,-0.22283632
uORF,Codon,1.5077795
uORF,9-mer,-1.4500657
uORF,Ribosome,-0.64122146
uORF,Single Base,0.6492463
uORF,Codon,-0.702844
uORF,9-mer,-0.051909566
uORF,Ribosome,-0.76821005
uORF,Single Base,-1.0921255
uORF,Codon,0.70002484
uORF,9-mer,0.74499637
uORF,Ribosome,-0.064770356
uORF,Single Base,-1.4048153
uORF,Codon,-0.019580184
uORF,9-mer,1.7811044
uORF,Ribosome,1.9544313
uORF,Single Base,-1.3552058
uORF,Codon,0.061912518
uORF,9-mer,3.8500504
uORF,Ribosome,2.3159115
uORF,Single Base,-4.3430476
uORF,Codon,3.3941019
uORF,9-mer,3.2382054
uORF,Ribosome,6.4444914
uORF,Single Base,0.07016393
uORF,Codon,0.5602529
uORF,9-mer,-0.5515584
uORF,Ribosome,-0.057824038
uORF,Single Base,1.0384932
uORF,Codon,-1.0098999
uORF,9-mer,-1.118723
uORF,Ribosome,-0.9706577
uORF,Single Base,-0.583644
uORF,Codon,0.48337436
uORF,9-mer,0.3997044
uORF,Ribosome,0.89478874
uORF,Single Base,0.5942734
uORF,Codon,-0.7061621
uORF,9-mer,-0.44438776
uORF,Ribosome,-0.44902334
uORF,Single Base,-3.4239342
uORF,Codon,0.97522944
uORF,9-mer,2.4574673
uORF,Ribosome,6.5112643
uORF,Single Base,-3.7876873
uORF,Codon,7.5501556
uORF,9-mer,0.010616521
uORF,Ribosome,3.845573
uORF,Single Base,0.5885559
uORF,Codon,-0.38682193
uORF,9-mer,-0.36158344
uORF,Ribosome,-1.0968987
uORF,Single Base,-0.17034768
uORF,Codon,0.15545614
uORF,9-mer,-0.33576542
uORF,Ribosome,0.4412717
uORF,Single Base,-11.473319
uORF,Codon,7.453075
uORF,9-mer,12.707205
uORF,Ribosome,17.50852
uORF,Single Base,-0.44432056
uORF,Codon,0.20604524
uORF,9-mer,-0.069560654
uORF,Ribosome,1.6207346
uORF,Single Base,-0.8037307
uORF,Codon,0.050693974
uORF,9-mer,1.5012082
uORF,Ribosome,0.93249017
uORF,Single Base,3.9860559
uORF,Codon,-3.7252724
uORF,9-mer,-3.5511553
uORF,Ribosome,-3.3666446
uORF,Single Base,-0.11176369
uORF,Codon,-0.19440566
uORF,9-mer,0.17820217
uORF,Ribosome,0.85755914
uORF,Single Base,0.66387826
uORF,Codon,-0.83754444
uORF,9-mer,-0.21913949
uORF,Ribosome,-0.4077812
uORF,Single Base,1.6703626
uORF,Codon,-1.1560545
uORF,9-mer,-1.3543051
uORF,Ribosome,-1.7552577
uORF,Single Base,-1.8961315
uORF,Codon,2.4172747
uORF,9-mer,-0.12964953
uORF,Ribosome,1.8498652
uORF,Single Base,-3.878155
uORF,Codon,5.1086826
uORF,9-mer,0.026120147
uORF,Ribosome,4.15884
uORF,Single Base,-2.2545407
uORF,Codon,0.8738521
uORF,9-mer,2.244843
uORF,Ribosome,2.455783
uORF,Single Base,-1.29256
uORF,Codon,0.88417673
uORF,9-mer,1.1087415
uORF,Ribosome,1.0094036
uORF,Single Base,-1.5011122
uORF,Codon,2.8144677
uORF,9-mer,-0.27619472
uORF,Ribosome,0.80770874
uORF,Single Base,0.264152
uORF,Codon,-0.5000076
uORF,9-mer,-0.034848373
uORF,Ribosome,0.05121166
uORF,Single Base,-0.20317532
uORF,Codon,0.9635676
uORF,9-mer,-1.4405587
uORF,Ribosome,-0.2864928
uORF,Single Base,-1.0141894
uORF,Codon,0.8479116
uORF,9-mer,0.15914632
uORF,Ribosome,1.5937538
uORF,Single Base,-0.50956285
uORF,Codon,0.45294818
uORF,9-mer,0.38496035
uORF,Ribosome,0.55739784
uORF,Single Base,-0.30802912
uORF,Codon,0.2673966
uORF,9-mer,0.26240915
uORF,Ribosome,0.3743259
uORF,Single Base,-2.7486176
uORF,Codon,2.7855194
uORF,9-mer,0.018029246
uORF,Ribosome,3.0225484
uORF,Single Base,-8.935066
uORF,Codon,6.6826897
uORF,9-mer,0.70970714
uORF,Ribosome,10.08909
uORF,Single Base,-34.4671
uORF,Codon,20.564323
uORF,9-mer,17.891958
uORF,Ribosome,46.992527
uORF,Single Base,-1.2260925
uORF,Codon,1.2197331
uORF,9-mer,0.07761128
uORF,Ribosome,0.0136409
uORF,Single Base,1.6148984
uORF,Codon,-1.4356545
uORF,9-mer,-1.419829
uORF,Ribosome,-1.3378991
uORF,Single Base,-2.2295449
uORF,Codon,1.8372086
uORF,9-mer,0.2677192
uORF,Ribosome,1.5007517
uORF,Single Base,-1.1742297
uORF,Codon,0.7566833
uORF,9-mer,1.5640712
uORF,Ribosome,1.3555298
uORF,Single Base,-0.667117
uORF,Codon,0.723615
uORF,9-mer,0.52924985
uORF,Ribosome,0.2955902
uORF,Single Base,1.169621
uORF,Codon,-0.49656534
uORF,9-mer,-1.3491089
uORF,Ribosome,-1.2339487
uORF,Single Base,-0.109447494
uORF,Codon,0.050353896
uORF,9-mer,0.36165497
uORF,Ribosome,-0.3923972
uORF,Single Base,-3.211695
uORF,Codon,2.324901
uORF,9-mer,3.103385
uORF,Ribosome,4.977653
uORF,Single Base,0.26296204
uORF,Codon,-0.813999
uORF,9-mer,2.09951
uORF,Ribosome,0.8485158
uORF,Single Base,-119.32481
uORF,Codon,61.20627
uORF,9-mer,38.56487
uORF,Ribosome,110.06716
uORF,Single Base,0.07890345
uORF,Codon,0.49614835
uORF,9-mer,-0.35032165
uORF,Ribosome,-0.3935007
uORF,Single Base,-3.122004
uORF,Codon,1.663791
uORF,9-mer,3.6988237
uORF,Ribosome,2.3275714
uORF,Single Base,2.08207
uORF,Codon,-0.7480597
uORF,9-mer,-2.8811474
uORF,Ribosome,-1.5318973
uORF,Single Base,-0.045241006
uORF,Codon,-0.48376903
uORF,9-mer,0.83919644
uORF,Ribosome,0.25229576
uORF,Single Base,0.7537734
uORF,Codon,0.7471744
uORF,9-mer,-2.6785994
uORF,Ribosome,0.24906132
uORF,Single Base,-0.4273568
uORF,Codon,-0.24189551
uORF,9-mer,1.0043157
uORF,Ribosome,0.051056277
uORF,Single Base,0.5237444
uORF,Codon,-0.26279986
uORF,9-mer,-0.8067065
uORF,Ribosome,-0.6860828
uORF,Single Base,-0.89022285
uORF,Codon,0.85157657
uORF,9-mer,0.48196074
uORF,Ribosome,0.9963444
uORF,Single Base,0.90087324
uORF,Codon,-0.40515736
uORF,9-mer,-0.68569773
uORF,Ribosome,-1.3141173
uORF,Single Base,0.28780147
uORF,Codon,-0.25376794
uORF,9-mer,-0.112885885
uORF,Ribosome,-0.34636647
uORF,Single Base,-1.6091064
uORF,Codon,1.470304
uORF,9-mer,1.311364
uORF,Ribosome,1.3938398
uORF,Single Base,-5.7960954
uORF,Codon,6.141853
uORF,9-mer,3.0213823
uORF,Ribosome,6.231275
uORF,Single Base,-4.0914006
uORF,Codon,2.8983374
uORF,9-mer,0.7330405
uORF,Ribosome,6.8609824
uORF,Single Base,-1.7614474
uORF,Codon,1.603114
uORF,9-mer,1.4348227
uORF,Ribosome,1.6623516
uORF,Single Base,-0.40970618
uORF,Codon,-0.23375934
uORF,9-mer,0.5558133
uORF,Ribosome,0.71004236
uORF,Single Base,-0.099802524
uORF,Codon,0.30223924
uORF,9-mer,-0.6074276
uORF,Ribosome,0.8431756
uORF,Single Base,0.77538115
uORF,Codon,0.35068178
uORF,9-mer,-2.9524565
uORF,Ribosome,0.5032958
uORF,Single Base,0.44135278
uORF,Codon,-0.31105518
uORF,9-mer,-0.58961755
uORF,Ribosome,-0.43239433
uORF,Single Base,0.37662455
uORF,Codon,-0.4118443
uORF,9-mer,0.13516715
uORF,Ribosome,-0.6009602
uORF,Single Base,-1.3765194
uORF,Codon,0.18512303
uORF,9-mer,0.25227785
uORF,Ribosome,2.9223044
uORF,Single Base,-0.6409084
uORF,Codon,1.0212011
uORF,9-mer,0.19158716
uORF,Ribosome,0.21110688
uORF,Single Base,0.22938426
uORF,Codon,-0.3631306
uORF,9-mer,0.14753613
uORF,Ribosome,-0.24203856
uORF,Single Base,-0.1723542
uORF,Codon,-0.11404438
uORF,9-mer,0.4105359
uORF,Ribosome,-0.2516788
uORF,Single Base,0.77864116
uORF,Codon,-1.1139373
uORF,9-mer,0.9820584
uORF,Ribosome,-0.8860983
uORF,Single Base,0.25932935
uORF,Codon,0.124384396
uORF,9-mer,-0.34904775
uORF,Ribosome,-0.5479448
uORF,Single Base,-0.5002237
uORF,Codon,0.91892433
uORF,9-mer,-1.3944347
uORF,Ribosome,0.44897452
uORF,Single Base,0.6026196
uORF,Codon,-0.40806666
uORF,9-mer,-0.4316635
uORF,Ribosome,-0.9016475
uORF,Single Base,-2.1589313
uORF,Codon,1.0789143
uORF,9-mer,2.014723
uORF,Ribosome,2.1088111
uORF,Single Base,-1.6227412
uORF,Codon,3.0827703
uORF,9-mer,-1.0708586
uORF,Ribosome,1.6312735
uORF,Single Base,-9.872768
uORF,Codon,6.9534826
uORF,9-mer,8.129712
uORF,Ribosome,15.368183
uORF,Single Base,0.23244682
uORF,Codon,-0.099280104
uORF,9-mer,-0.22132507
uORF,Ribosome,-0.3473179
uORF,Single Base,0.040050898
uORF,Codon,1.0386829
uORF,9-mer,-1.3365266
uORF,Ribosome,-0.5877433
uORF,Single Base,1.3344034
uORF,Codon,-1.2812719
uORF,9-mer,-1.480778
uORF,Ribosome,-1.1977601
uORF,Single Base,-0.49736568
uORF,Codon,1.3669565
uORF,9-mer,-1.7431986
uORF,Ribosome,0.473842
uORF,Single Base,-76.059235
uORF,Codon,42.040283
uORF,9-mer,29.101515
uORF,Ribosome,143.19725
uORF,Single Base,-0.07155009
uORF,Codon,0.242983
uORF,9-mer,-0.82483095
uORF,Ribosome,0.3853371
uORF,Single Base,0.90302926
uORF,Codon,-0.62163067
uORF,9-mer,-0.3612117
uORF,Ribosome,-0.6607574
uORF,Single Base,-1.8314466
uORF,Codon,1.0211561
uORF,9-mer,1.9474169
uORF,Ribosome,1.0924851
uORF,Single Base,-1.9471654
uORF,Codon,2.2624261
uORF,9-mer,-0.19503863
uORF,Ribosome,1.9215897
uORF,Single Base,-0.5124387
uORF,Codon,0.3369166
uORF,9-mer,0.6002548
uORF,Ribosome,0.5924317
uORF,Single Base,0.21072133
uORF,Codon,0.9667325
uORF,9-mer,-1.1497781
uORF,Ribosome,-0.44807404
uORF,Single Base,-2.2945616
uORF,Codon,2.0942605
uORF,9-mer,2.1833453
uORF,Ribosome,2.5992076
uORF,Single Base,0.7863431
uORF,Codon,-0.6988339
uORF,9-mer,-1.2213044
uORF,Ribosome,-0.6098276
uORF,Single Base,-0.51658714
uORF,Codon,0.44646993
uORF,9-mer,0.69765764
uORF,Ribosome,0.46934173
uORF,Single Base,1.3718874
uORF,Codon,-1.2444983
uORF,9-mer,-0.61021185
uORF,Ribosome,-0.757589
uORF,Single Base,-2.4523084
uORF,Codon,1.3373156
uORF,9-mer,3.6944664
uORF,Ribosome,3.7771935
uORF,Single Base,1.5053464
uORF,Codon,-1.8825555
uORF,9-mer,-0.8100381
uORF,Ribosome,-0.8503865
uORF,Single Base,-7.900033
uORF,Codon,5.3981533
uORF,9-mer,5.0726595
uORF,Ribosome,19.1502
uORF,Single Base,-0.9908634
uORF,Codon,7.0196414
uORF,9-mer,-3.3103938
uORF,Ribosome,3.0060513
uORF,Single Base,-0.4574393
uORF,Codon,-0.6186299
uORF,9-mer,1.3952445
uORF,Ribosome,0.26527628
uORF,Single Base,0.1405552
uORF,Codon,-0.09433142
uORF,9-mer,-0.052046828
uORF,Ribosome,-0.31179878
uORF,Single Base,-14.782476
uORF,Codon,7.3332767
uORF,9-mer,17.013147
uORF,Ribosome,49.337723
uORF,Single Base,-0.14928782
uORF,Codon,-0.37294468
uORF,9-mer,0.91954726
uORF,Ribosome,-0.5566769
uORF,Single Base,0.12837182
uORF,Codon,-0.19478796
uORF,9-mer,0.9809436
uORF,Ribosome,-0.43491724
uORF,Single Base,-7.1837716
uORF,Codon,10.175491
uORF,9-mer,-3.3773155
uORF,Ribosome,0.9439023
uORF,Single Base,-0.8869514
uORF,Codon,0.34261695
uORF,9-mer,1.2396615
uORF,Ribosome,0.8854605
uORF,Single Base,-1.186883
uORF,Codon,0.02301899
uORF,9-mer,2.7321832
uORF,Ribosome,1.4541556
uORF,Single Base,-0.62987435
uORF,Codon,-0.6347375
uORF,9-mer,1.5161682
uORF,Ribosome,1.7283254
uORF,Single Base,-1.1361517
uORF,Codon,0.4547622
uORF,9-mer,0.009480506
uORF,Ribosome,3.165232
uORF,Single Base,-0.24844821
uORF,Codon,0.1662848
uORF,9-mer,0.16039105
uORF,Ribosome,0.45407614
uORF,Single Base,-2.5172777
uORF,Codon,2.8702464
uORF,9-mer,0.7481717
uORF,Ribosome,2.1943054
uORF,Single Base,1.2783015
uORF,Codon,-1.3785145
uORF,9-mer,-1.2320448
uORF,Ribosome,-0.6939397
uORF,Single Base,1.2425535
uORF,Codon,-1.2503315
uORF,9-mer,-1.1428677
uORF,Ribosome,-1.1977165
uORF,Single Base,-0.034992382
uORF,Codon,-0.21729049
uORF,9-mer,0.5590304
uORF,Ribosome,0.44335926
uORF,Single Base,-1.1647053
uORF,Codon,1.1484782
uORF,9-mer,1.2520552
uORF,Ribosome,1.0257429
uORF,Single Base,-0.8761557
uORF,Codon,1.8169472
uORF,9-mer,-1.9377599
uORF,Ribosome,1.8398283
uORF,Single Base,0.7863939
uORF,Codon,-0.935038
uORF,9-mer,-0.010043966
uORF,Ribosome,-0.93487245
uORF,Single Base,0.71877724
uORF,Codon,-0.37517232
uORF,9-mer,-1.1193663
uORF,Ribosome,-0.5450903
uORF,Single Base,-0.35821426
uORF,Codon,0.3265408
uORF,9-mer,-0.28189433
uORF,Ribosome,0.8575913
uORF,Single Base,0.48315015
uORF,Codon,-1.2967919
uORF,9-mer,2.9042046
uORF,Ribosome,1.0667851
uORF,Single Base,0.08468631
uORF,Codon,0.15477447
uORF,9-mer,-1.3462754
uORF,Ribosome,0.2924669
uORF,Single Base,1.3195688
uORF,Codon,-1.1038437
uORF,9-mer,-0.117819436
uORF,Ribosome,-1.6953738
uORF,Single Base,-19.511034
uORF,Codon,11.041468
uORF,9-mer,16.427149
uORF,Ribosome,31.359423
uORF,Single Base,-13.603575
uORF,Codon,7.6814117
uORF,9-mer,12.516743
uORF,Ribosome,27.553871
uORF,Single Base,-44.51367
uORF,Codon,26.363928
uORF,9-mer,22.493206
uORF,Ribosome,62.825737
uORF,Single Base,-0.216047
uORF,Codon,-0.6106349
uORF,9-mer,2.1023846
uORF,Ribosome,1.6967193
uORF,Single Base,-5.0989604
uORF,Codon,7.2157216
uORF,9-mer,0.8287962
uORF,Ribosome,4.9199805
uORF,Single Base,2.4590728
uORF,Codon,-2.8481715
uORF,9-mer,-1.1878572
uORF,Ribosome,-0.996068
uORF,Single Base,-0.58437383
uORF,Codon,0.5958323
uORF,9-mer,0.6132182
uORF,Ribosome,0.5121892
uORF,Single Base,-0.1592532
uORF,Codon,0.34045777
uORF,9-mer,0.34484923
uORF,Ribosome,-0.6774899
uORF,Single Base,3.148513
uORF,Codon,-1.1448518
uORF,9-mer,-2.4537408
uORF,Ribosome,-2.4233003
uORF,Single Base,-0.9073254
uORF,Codon,0.2357285
uORF,9-mer,1.081403
uORF,Ribosome,1.3308408
uORF,Single Base,-0.3437017
uORF,Codon,-1.1796298
uORF,9-mer,1.0743247
uORF,Ribosome,0.69390166
uORF,Single Base,-0.06572981
uORF,Codon,0.28369176
uORF,9-mer,-0.5979794
uORF,Ribosome,0.6601434
uORF,Single Base,-1.753261
uORF,Codon,1.8231897
uORF,9-mer,1.1455562
uORF,Ribosome,0.6545495
uORF,Single Base,-0.05685208
uORF,Codon,-0.37967098
uORF,9-mer,0.4226498
uORF,Ribosome,0.51638883
uORF,Single Base,-0.118302815
uORF,Codon,0.17553987
uORF,9-mer,0.101990886
uORF,Ribosome,0.019925307
uORF,Single Base,0.69715667
uORF,Codon,0.1034902
uORF,9-mer,-1.5841419
uORF,Ribosome,0.0180498
uORF,Single Base,-2.5412724
uORF,Codon,3.9720998
uORF,9-mer,-0.04454872
uORF,Ribosome,0.9390729
uORF,Single Base,-0.7180619
uORF,Codon,-0.325026
uORF,9-mer,2.8487706
uORF,Ribosome,-0.3045187
uORF,Single Base,-1.0353972
uORF,Codon,0.5139412
uORF,9-mer,1.3798658
uORF,Ribosome,1.2113872
uORF,Single Base,-0.56268144
uORF,Codon,0.22939341
uORF,9-mer,0.40767822
uORF,Ribosome,0.8215762
uORF,Single Base,1.914028
uORF,Codon,0.5351028
uORF,9-mer,-2.6004746
uORF,Ribosome,-1.5393481
uORF,Single Base,0.70440763
uORF,Codon,-0.14489588
uORF,9-mer,-0.71827364
uORF,Ribosome,-2.3288348
uORF,Single Base,1.0195136
uORF,Codon,-0.64373213
uORF,9-mer,-1.6642985
uORF,Ribosome,-0.75604683
uORF,Single Base,-1.9752506
uORF,Codon,2.7740686
uORF,9-mer,0.3545543
uORF,Ribosome,2.5970387
uORF,Single Base,0.7291014
uORF,Codon,-0.12580958
uORF,9-mer,-2.4800441
uORF,Ribosome,-0.41611332
uORF,Single Base,-0.70517033
uORF,Codon,1.5306661
uORF,9-mer,-0.47621945
uORF,Ribosome,1.0022119
uORF,Single Base,-31.871283
uORF,Codon,13.324671
uORF,9-mer,20.83731
uORF,Ribosome,98.56101
uORF,Single Base,-1.0220715
uORF,Codon,1.4093875
uORF,9-mer,-0.50739074
uORF,Ribosome,1.1668875
uORF,Single Base,-1.2101369
uORF,Codon,3.3198247
uORF,9-mer,-4.8368187
uORF,Ribosome,0.28213266
uORF,Single Base,-88.963486
uORF,Codon,44.09939
uORF,9-mer,33.46429
uORF,Ribosome,79.201324
uORF,Single Base,-0.79514897
uORF,Codon,1.6069244
uORF,9-mer,-1.2422116
uORF,Ribosome,1.6856716
uORF,Single Base,0.26994094
uORF,Codon,0.13347517
uORF,9-mer,-1.8006704
uORF,Ribosome,-0.19859247
uORF,Single Base,-1.6326789
uORF,Codon,2.3284461
uORF,9-mer,-1.6254468
uORF,Ribosome,2.0016782
uORF,Single Base,-2.3999164
uORF,Codon,2.4486103
uORF,9-mer,1.0173092
uORF,Ribosome,2.3916962
uORF,Single Base,-0.2652661
uORF,Codon,0.37994367
uORF,9-mer,0.003646066
uORF,Ribosome,-0.157314
uORF,Single Base,-0.12552147
uORF,Codon,0.2422919
uORF,9-mer,-0.48859262
uORF,Ribosome,0.08666108
uORF,Single Base,-2.048937
uORF,Codon,-1.1069543
uORF,9-mer,2.0307302
uORF,Ribosome,3.7184284
uORF,Single Base,-1.133641
uORF,Codon,0.90986425
uORF,9-mer,0.03684725
uORF,Ribosome,0.5518319
uORF,Single Base,1.4290814
uORF,Codon,0.12888327
uORF,9-mer,-2.8780794
uORF,Ribosome,-0.9830496
uORF,Single Base,-0.21373977
uORF,Codon,-0.06561371
uORF,9-mer,0.9469804
uORF,Ribosome,0.0035438864
uORF,Single Base,0.4362547
uORF,Codon,-0.12636264
uORF,9-mer,-1.0289549
uORF,Ribosome,-0.26748127
uORF,Single Base,0.9451155
uORF,Codon,-0.33414096
uORF,9-mer,-1.1680425
uORF,Ribosome,-0.8727066
uORF,Single Base,0.24398462
uORF,Codon,0.116511434
uORF,9-mer,-0.316156
uORF,Ribosome,-0.20793171
uORF,Single Base,0.6959561
uORF,Codon,-0.7821898
uORF,9-mer,-0.15220006
uORF,Ribosome,-0.72721726
uORF,Single Base,0.47681087
uORF,Codon,-1.2387428
uORF,9-mer,1.6694624
uORF,Ribosome,-1.2536236
uORF,Single Base,0.17127821
uORF,Codon,0.64502394
uORF,9-mer,-1.2707037
uORF,Ribosome,-0.57522506
uORF,Single Base,0.39539668
uORF,Codon,-0.5130174
uORF,9-mer,0.79315543
uORF,Ribosome,-0.448308
uORF,Single Base,0.07929361
uORF,Codon,-0.77083814
uORF,9-mer,0.2898682
uORF,Ribosome,0.3736156
uORF,Single Base,-0.21113162
uORF,Codon,0.09098376
uORF,9-mer,0.3106943
uORF,Ribosome,0.2612586
uORF,Single Base,1.3617823
uORF,Codon,-1.0553395
uORF,9-mer,-1.2791909
uORF,Ribosome,-1.5136586
uORF,Single Base,-1.5613421
uORF,Codon,1.0872699
uORF,9-mer,-0.6579452
uORF,Ribosome,2.6062438
uORF,Single Base,-1.773934
uORF,Codon,0.42953146
uORF,9-mer,2.4275591
uORF,Ribosome,3.1021943
uORF,Single Base,0.21119696
uORF,Codon,-0.17236769
uORF,9-mer,-0.07974944
uORF,Ribosome,-0.24501732
uORF,Single Base,-0.022670189
uORF,Codon,0.82100356
uORF,9-mer,-1.8379006
uORF,Ribosome,0.08057048
uORF,Single Base,-0.739271
uORF,Codon,1.4353702
uORF,9-mer,-0.048569597
uORF,Ribosome,0.0086334655
uORF,Single Base,-2.0840628
uORF,Codon,2.3830256
uORF,9-mer,1.314266
uORF,Ribosome,1.4992841
uORF,Single Base,0.33468896
uORF,Codon,-0.0912041
uORF,9-mer,-0.5411187
uORF,Ribosome,-0.31982508
uORF,Single Base,1.0019667
uORF,Codon,-1.0260437
uORF,9-mer,-0.31798586
uORF,Ribosome,-1.1878299
uORF,Single Base,-0.354127
uORF,Codon,0.6189683
uORF,9-mer,0.058945
uORF,Ribosome,0.2011293
uORF,Single Base,0.18390106
uORF,Codon,-0.060721863
uORF,9-mer,-0.13740459
uORF,Ribosome,-0.43889835
uORF,Single Base,-1.5782664
uORF,Codon,1.2577412
uORF,9-mer,1.7486321
uORF,Ribosome,1.7759931
uORF,Single Base,-1.1137828
uORF,Codon,0.54984504
uORF,9-mer,0.57208705
uORF,Ribosome,0.46070844
uORF,Single Base,-1.9653146
uORF,Codon,0.44582385
uORF,9-mer,1.9430104
uORF,Ribosome,2.9448314
uORF,Single Base,-0.88092464
uORF,Codon,2.4825113
uORF,9-mer,-1.0911957
uORF,Ribosome,0.22425371
uORF,Single Base,0.20057982
uORF,Codon,-0.087628156
uORF,9-mer,-0.4644935
uORF,Ribosome,-0.12268597
uORF,Single Base,0.14393169
uORF,Codon,-0.20087591
uORF,9-mer,0.07799498
uORF,Ribosome,0.3137201
uORF,Single Base,-0.25448918
uORF,Codon,0.842976
uORF,9-mer,-1.2410158
uORF,Ribosome,0.005411032
uORF,Single Base,-44.946968
uORF,Codon,26.865086
uORF,9-mer,27.924257
uORF,Ribosome,39.712578
uORF,Single Base,-0.64073986
uORF,Codon,0.22545077
uORF,9-mer,0.8890886
uORF,Ribosome,0.92682505
uORF,Single Base,0.21951352
uORF,Codon,-0.2887208
uORF,9-mer,0.12170532
uORF,Ribosome,-0.21153668
uORF,Single Base,0.25236338
uORF,Codon,-0.12684517
uORF,9-mer,-0.2860985
uORF,Ribosome,-0.29925537
uORF,Single Base,1.4708719
uORF,Codon,-1.5414797
uORF,9-mer,-1.4563556
uORF,Ribosome,-1.3160548
uORF,Single Base,-0.6488774
uORF,Codon,0.80486995
uORF,9-mer,0.397888
uORF,Ribosome,0.5707485
uORF,Single Base,-1.8704921
uORF,Codon,1.6323234
uORF,9-mer,-0.8551074
uORF,Ribosome,3.7935083
uORF,Single Base,-2.8078535
uORF,Codon,5.2781854
uORF,9-mer,-0.20616087
uORF,Ribosome,2.1410704
uORF,Single Base,1.3596658
uORF,Codon,-0.79227984
uORF,9-mer,-2.25073
uORF,Ribosome,-1.0308865
uORF,Single Base,-11.173555
uORF,Codon,8.038455
uORF,9-mer,11.186912
uORF,Ribosome,17.72376
uORF,Single Base,-0.93052626
uORF,Codon,2.114262
uORF,9-mer,-1.1422904
uORF,Ribosome,0.18324302
uORF,Single Base,2.0581005
uORF,Codon,-1.5264735
uORF,9-mer,-1.0854664
uORF,Ribosome,-1.5794314
uORF,Single Base,-2.277068
uORF,Codon,1.8000754
uORF,9-mer,1.2521222
uORF,Ribosome,1.5655932
uORF,Single Base,-0.116446786
uORF,Codon,3.6660824
uORF,9-mer,-2.698808
uORF,Ribosome,-0.7841469
uORF,Single Base,0.31925464
uORF,Codon,0.9548365
uORF,9-mer,-2.063358
uORF,Ribosome,0.03695586
uORF,Single Base,-9.428729
uORF,Codon,6.8904166
uORF,9-mer,3.9760838
uORF,Ribosome,12.545823
uORF,Single Base,0.13647076
uORF,Codon,-0.2718973
uORF,9-mer,0.48163858
uORF,Ribosome,-0.3942944
uORF,Single Base,1.8154216
uORF,Codon,-0.9629624
uORF,9-mer,-0.9305021
uORF,Ribosome,-0.56045794
uORF,Single Base,-1.8666098
uORF,Codon,0.61877394
uORF,9-mer,2.161097
uORF,Ribosome,3.0123286
uORF,Single Base,-0.8192598
uORF,Codon,0.53910875
uORF,9-mer,0.7240147
uORF,Ribosome,1.0560993
uORF,Single Base,-1.9810295
uORF,Codon,1.129425
uORF,9-mer,0.2969819
uORF,Ribosome,4.6884284
uORF,Single Base,0.57447195
uORF,Codon,0.09588661
uORF,9-mer,-0.55968153
uORF,Ribosome,-1.710879
uORF,Single Base,1.3530917
uORF,Codon,-1.4661978
uORF,9-mer,-0.8067142
uORF,Ribosome,-1.4832997
uORF,Single Base,-5.7417264
uORF,Codon,3.7721117
uORF,9-mer,4.531189
uORF,Ribosome,12.569434
uORF,Single Base,2.7468903
uORF,Codon,-2.661172
uORF,9-mer,-1.4381349
uORF,Ribosome,-2.2297268
uORF,Single Base,-5.2268324
uORF,Codon,3.664523
uORF,9-mer,2.574093
uORF,Ribosome,10.500876
uORF,Single Base,-1.0164553
uORF,Codon,1.1286125
uORF,9-mer,0.2611559
uORF,Ribosome,0.8517483
uORF,Single Base,0.07636148
uORF,Codon,0.19606595
uORF,9-mer,-0.69924396
uORF,Ribosome,0.3056809
uORF,Single Base,1.672874
uORF,Codon,-0.6237515
uORF,9-mer,-2.0047436
uORF,Ribosome,-1.3956945
uORF,Single Base,0.21805927
uORF,Codon,0.19378366
uORF,9-mer,-0.62438947
uORF,Ribosome,-0.18900166
uORF,Single Base,-1.0519937
uORF,Codon,0.75238824
uORF,9-mer,0.18665943
uORF,Ribosome,0.65332586
uORF,Single Base,0.77221835
uORF,Codon,-0.6341429
uORF,9-mer,-0.92374796
uORF,Ribosome,-0.7851645
uORF,Single Base,0.3282137
uORF,Codon,-0.811594
uORF,9-mer,0.9774346
uORF,Ribosome,0.22514322
uORF,Single Base,-0.2535301
uORF,Codon,0.9613435
uORF,9-mer,-0.93839824
uORF,Ribosome,0.27201474
uORF,Single Base,-2.7248683
uORF,Codon,2.4896846
uORF,9-mer,3.0278525
uORF,Ribosome,2.7866247
uORF,Single Base,0.04595464
uORF,Codon,0.46532595
uORF,9-mer,-1.0706971
uORF,Ribosome,0.4309665
uORF,Single Base,0.705254
uORF,Codon,-0.22511257
uORF,9-mer,-1.4144647
uORF,Ribosome,-0.79136497
uORF,Single Base,-0.33052245
uORF,Codon,0.1795377
uORF,9-mer,0.8484446
uORF,Ribosome,0.0029626682
uORF,Single Base,-1.3443499
uORF,Codon,2.3613553
uORF,9-mer,-0.15331031
uORF,Ribosome,-0.33217815
uORF,Single Base,-2.7325988
uORF,Codon,2.8828614
uORF,9-mer,-0.0015166829
uORF,Ribosome,4.0793386
uORF,Single Base,-0.025613936
uORF,Codon,0.28314045
uORF,9-mer,-0.08147905
uORF,Ribosome,-0.22487976
uORF,Single Base,-3.4795434
uORF,Codon,3.5798955
uORF,9-mer,1.291836
uORF,Ribosome,2.4478142
uORF,Single Base,-1.1977901
uORF,Codon,1.9165319
uORF,9-mer,0.58023554
uORF,Ribosome,0.6979792
uORF,Single Base,-1.2676208
uORF,Codon,1.4854785
uORF,9-mer,0.9505033
uORF,Ribosome,1.2039517
uORF,Single Base,-2.9574153
uORF,Codon,2.5367308
uORF,9-mer,2.8178988
uORF,Ribosome,3.1134157
uORF,Single Base,-0.32475096
uORF,Codon,-0.9453687
uORF,9-mer,1.707598
uORF,Ribosome,0.6759774
uORF,Single Base,0.6113539
uORF,Codon,-0.37459686
uORF,9-mer,-0.7219582
uORF,Ribosome,-0.5999702
uORF,Single Base,-14.839774
uORF,Codon,6.7349553
uORF,9-mer,22.870232
uORF,Ribosome,50.702877
uORF,Single Base,-1.8294636
uORF,Codon,0.96763074
uORF,9-mer,1.40394
uORF,Ribosome,1.9384546
uORF,Single Base,0.32068083
uORF,Codon,-0.20137157
uORF,9-mer,-0.14360225
uORF,Ribosome,-0.57356226
uORF,Single Base,-2.6677713
uORF,Codon,1.6516794
uORF,9-mer,3.9623156
uORF,Ribosome,3.7382295
uORF,Single Base,-1.4527769
uORF,Codon,1.3168743
uORF,9-mer,1.2109147
uORF,Ribosome,1.5447781
uORF,Single Base,0.8124941
uORF,Codon,-0.97514486
uORF,9-mer,0.19644797
uORF,Ribosome,-0.680258
uORF,Single Base,1.159178
uORF,Codon,-0.8263006
uORF,9-mer,-0.73696697
uORF,Ribosome,-0.9884433
uORF,Single Base,1.1916286
uORF,Codon,0.42258063
uORF,9-mer,-2.0735652
uORF,Ribosome,-1.7817738
uORF,Single Base,0.4582077
uORF,Codon,-0.042999886
uORF,9-mer,-0.26412687
uORF,Ribosome,-0.7830143
uORF,Single Base,0.15218817
uORF,Codon,0.32025513
uORF,9-mer,-0.775477
uORF,Ribosome,-0.13500789
uORF,Single Base,0.23233618
uORF,Codon,-0.14773494
uORF,9-mer,-0.5531995
uORF,Ribosome,-0.19987766
uORF,Single Base,0.34219295
uORF,Codon,0.35620654
uORF,9-mer,-0.7484669
uORF,Ribosome,-0.690658
uORF,Single Base,-1.2106093
uORF,Codon,1.0625132
uORF,9-mer,-0.53182524
uORF,Ribosome,2.4656956
uORF,Single Base,2.126587
uORF,Codon,-1.4573182
uORF,9-mer,-0.16947116
uORF,Ribosome,-2.1148298
uORF,Single Base,-108.605515
uORF,Codon,65.06814
uORF,9-mer,36.935944
uORF,Ribosome,243.52605
uORF,Single Base,-2.5312781
uORF,Codon,3.1759624
uORF,9-mer,-1.371582
uORF,Ribosome,1.0459269
uORF,Single Base,0.18820378
uORF,Codon,1.2899028
uORF,9-mer,-2.3492653
uORF,Ribosome,0.8618032
uORF,Single Base,0.4388319
uORF,Codon,-0.21520491
uORF,9-mer,-1.5327978
uORF,Ribosome,-0.34393132
uORF,Single Base,-0.88183224
uORF,Codon,0.99312085
uORF,9-mer,1.449381
uORF,Ribosome,-0.34084854
uORF,Single Base,0.22017315
uORF,Codon,-0.2002891
uORF,9-mer,-0.963384
uORF,Ribosome,0.37289405
uORF,Single Base,-10.480904
uORF,Codon,5.086831
uORF,9-mer,18.136892
uORF,Ribosome,20.253317
uORF,Single Base,1.8598534
uORF,Codon,-0.7555633
uORF,9-mer,-1.9166962
uORF,Ribosome,-1.690927
uORF,Single Base,0.065886326
uORF,Codon,0.20264746
uORF,9-mer,-0.53113854
uORF,Ribosome,0.014903802
uORF,Single Base,-0.66556984
uORF,Codon,0.31335777
uORF,9-mer,0.975766
uORF,Ribosome,-0.9002159
uORF,Single Base,-27.24595
uORF,Codon,13.789533
uORF,9-mer,12.041627
uORF,Ribosome,33.651653
uORF,Single Base,-72.59948
uORF,Codon,40.85058
uORF,9-mer,16.19944
uORF,Ribosome,131.80931
uORF,Single Base,1.3707951
uORF,Codon,-0.70593697
uORF,9-mer,-2.1663594
uORF,Ribosome,-0.68767995
uORF,Single Base,-12.705428
uORF,Codon,7.434204
uORF,9-mer,11.071692
uORF,Ribosome,25.014948
uORF,Single Base,-1.3922156
uORF,Codon,1.7608843
uORF,9-mer,0.9879579
uORF,Ribosome,1.1839001
uORF,Single Base,-2.3388243
uORF,Codon,0.39833465
uORF,9-mer,4.3175836
uORF,Ribosome,1.9836893
uORF,Single Base,-30.794432
uORF,Codon,21.931702
uORF,9-mer,30.301527
uORF,Ribosome,31.457048
uORF,Single Base,-2.2522767
uORF,Codon,1.2669276
uORF,9-mer,1.487071
uORF,Ribosome,3.7240245
uORF,Single Base,0.49244624
uORF,Codon,-0.43668932
uORF,9-mer,0.21391685
uORF,Ribosome,-0.9756285
uORF,Single Base,-8.427915
uORF,Codon,5.7026825
uORF,9-mer,2.5277746
uORF,Ribosome,13.790626
uORF,Single Base,0.2197985
uORF,Codon,0.103713214
uORF,9-mer,-0.9682293
uORF,Ribosome,-0.45021632
uORF,Single Base,0.23349518
uORF,Codon,-0.15038103
uORF,9-mer,-0.046108384
uORF,Ribosome,-0.40558162
uORF,Single Base,0.4574898
uORF,Codon,-0.6325972
uORF,9-mer,0.23530447
uORF,Ribosome,-0.46130788
uORF,Single Base,0.7293243
uORF,Codon,-1.4470512
uORF,9-mer,0.38204232
uORF,Ribosome,-1.1979032
uORF,Single Base,0.4325443
uORF,Codon,0.086917296
uORF,9-mer,-1.1073178
uORF,Ribosome,-0.43785268
uORF,Single Base,-0.6239596
uORF,Codon,0.6707483
uORF,9-mer,0.73677367
uORF,Ribosome,-0.43083832
uORF,Single Base,0.93537056
uORF,Codon,0.40915135
uORF,9-mer,-3.0302472
uORF,Ribosome,-0.4711304
uORF,Single Base,-1.7941244
uORF,Codon,0.79464436
uORF,9-mer,1.595804
uORF,Ribosome,2.1347873
uORF,Single Base,0.68575907
uORF,Codon,1.1099669
uORF,9-mer,-4.2039595
uORF,Ribosome,-0.55717826
uORF,Single Base,0.11238664
uORF,Codon,0.58362436
uORF,9-mer,-1.1216474
uORF,Ribosome,-0.32849237
uORF,Single Base,0.97661835
uORF,Codon,-0.5658724
uORF,9-mer,-0.5325461
uORF,Ribosome,-0.39331713
uORF,Single Base,0.33758065
uORF,Codon,-0.34954605
uORF,9-mer,0.03141195
uORF,Ribosome,-0.20995516
uORF,Single Base,0.06506697
uORF,Codon,-0.3290747
uORF,9-mer,1.1679193
uORF,Ribosome,-0.4019859
uORF,Single Base,-0.12444888
uORF,Codon,-0.8084729
uORF,9-mer,1.6144694
uORF,Ribosome,0.4156628
uORF,Single Base,0.21433842
uORF,Codon,-2.1078317
uORF,9-mer,1.2367526
uORF,Ribosome,-0.17893147
uORF,Single Base,1.1846716
uORF,Codon,-1.223002
uORF,9-mer,-1.0835394
uORF,Ribosome,-0.91910595
uORF,Single Base,0.694498
uORF,Codon,-0.9310146
uORF,9-mer,-0.29562414
uORF,Ribosome,-0.6291539
uORF,Single Base,-1.6360835
uORF,Codon,0.6018061
uORF,9-mer,2.2971668
uORF,Ribosome,0.7400728
uORF,Single Base,-1.0917987
uORF,Codon,1.5143919
uORF,9-mer,-0.1497365
uORF,Ribosome,0.7004585
uORF,Single Base,0.58821124
uORF,Codon,0.13029036
uORF,9-mer,-1.7130235
uORF,Ribosome,-0.5299637
uORF,Single Base,0.58742565
uORF,Codon,-0.59236807
uORF,9-mer,0.12806162
uORF,Ribosome,-1.0078362
uORF,Single Base,-1.3086102
uORF,Codon,0.20220886
uORF,9-mer,1.790546
uORF,Ribosome,2.5642242
uORF,Single Base,0.8538699
uORF,Codon,-0.44742808
uORF,9-mer,-0.9003512
uORF,Ribosome,-1.054816
uORF,Single Base,-3.162904
uORF,Codon,3.9810903
uORF,9-mer,-2.8612533
uORF,Ribosome,2.6194472
uORF,Single Base,-0.4876944
uORF,Codon,-0.302678
uORF,9-mer,0.7013051
uORF,Ribosome,1.0033559
uORF,Single Base,-23.150911
uORF,Codon,13.658595
uORF,9-mer,17.626137
uORF,Ribosome,32.89525
uORF,Single Base,-0.055814106
uORF,Codon,0.23840174
uORF,9-mer,-0.14491859
uORF,Ribosome,-0.031522334
uORF,Single Base,0.51120293
uORF,Codon,1.0735309
uORF,9-mer,-2.4246426
uORF,Ribosome,-0.033004873
uORF,Single Base,1.5686864
uORF,Codon,0.27099892
uORF,9-mer,-2.7159889
uORF,Ribosome,-1.6195887
uORF,Single Base,-1.060321
uORF,Codon,1.5998133
uORF,9-mer,0.34206125
uORF,Ribosome,0.73570424
uORF,Single Base,0.44047225
uORF,Codon,-0.19366695
uORF,9-mer,-0.5524285
uORF,Ribosome,-0.6350882
uORF,Single Base,-0.020355117
uORF,Codon,-0.76222545
uORF,9-mer,0.4930989
uORF,Ribosome,0.88355595
uORF,Single Base,0.1298299
uORF,Codon,-0.006818976
uORF,9-mer,-0.35083103
uORF,Ribosome,-0.15279458
uORF,Single Base,-0.4862717
uORF,Codon,-0.6670988
uORF,9-mer,2.1850555
uORF,Ribosome,0.77019805
uORF,Single Base,-0.52226293
uORF,Codon,1.2715167
uORF,9-mer,-0.5488213
uORF,Ribosome,-0.0072581014
uORF,Single Base,-0.1260339
uORF,Codon,0.27794543
uORF,9-mer,-0.17942938
uORF,Ribosome,0.14186046
uORF,Single Base,-1.0111703
uORF,Codon,1.1410898
uORF,9-mer,0.81741464
uORF,Ribosome,0.9833277
uORF,Single Base,-1.7835274
uORF,Codon,0.89950955
uORF,9-mer,1.2659168
uORF,Ribosome,2.909549
uORF,Single Base,1.1181875
uORF,Codon,-0.38283783
uORF,9-mer,-1.5567102
uORF,Ribosome,-0.4741895
uORF,Single Base,0.8424865
uORF,Codon,-1.5640155
uORF,9-mer,-0.65331984
uORF,Ribosome,0.37441006
uORF,Single Base,0.4674172
uORF,Codon,-0.29891744
uORF,9-mer,-0.45025408
uORF,Ribosome,-0.62485635
uORF,Single Base,-0.03797226
uORF,Codon,0.33681113
uORF,9-mer,-0.9032352
uORF,Ribosome,0.014722239
uORF,Single Base,0.17531723
uORF,Codon,0.54775983
uORF,9-mer,-1.3504843
uORF,Ribosome,-0.12878399
uORF,Single Base,-0.8882358
uORF,Codon,1.3815781
uORF,9-mer,-0.5754229
uORF,Ribosome,0.23813842
uORF,Single Base,-0.8953438
uORF,Codon,1.9681666
uORF,9-mer,-1.049065
uORF,Ribosome,0.8589323
uORF,Single Base,-1.6869868
uORF,Codon,1.3283999
uORF,9-mer,-0.9582186
uORF,Ribosome,2.1166384
uORF,Single Base,-0.7490916
uORF,Codon,0.6838874
uORF,9-mer,-0.06289887
uORF,Ribosome,1.0789721
uORF,Single Base,-7.9143753
uORF,Codon,10.888318
uORF,9-mer,2.7884274
uORF,Ribosome,7.8744483
uORF,Single Base,-45.281776
uORF,Codon,19.631243
uORF,9-mer,47.207165
uORF,Ribosome,62.459846
uORF,Single Base,-1.3215803
uORF,Codon,0.8676612
uORF,9-mer,-0.14420551
uORF,Ribosome,2.864382
uORF,Single Base,0.3017329
uORF,Codon,-0.37831208
uORF,9-mer,0.34679258
uORF,Ribosome,-0.36611012
uORF,Single Base,0.7705905
uORF,Codon,-0.040086485
uORF,9-mer,-1.5074527
uORF,Ribosome,-0.4828097
uORF,Single Base,-2.2393773
uORF,Codon,0.085479766
uORF,9-mer,3.7841043
uORF,Ribosome,2.055582
uORF,Single Base,-1.0032414
uORF,Codon,0.12826611
uORF,9-mer,0.55225766
uORF,Ribosome,1.4986187
uORF,Single Base,-1.5285162
uORF,Codon,0.49381036
uORF,9-mer,1.7953869
uORF,Ribosome,2.2143416
uORF,Single Base,0.5085101
uORF,Codon,-0.51698655
uORF,9-mer,-0.07222454
uORF,Ribosome,-0.700557
uORF,Single Base,-5.5977106
uORF,Codon,5.0059586
uORF,9-mer,0.39385235
uORF,Ribosome,8.332108
uORF,Single Base,2.4052181
uORF,Codon,-1.8094215
uORF,9-mer,-0.51622933
uORF,Ribosome,-2.6132038
uORF,Single Base,0.14966902
uORF,Codon,-0.08710383
uORF,9-mer,-0.1565762
uORF,Ribosome,-0.1910158
uORF,Single Base,0.19704545
uORF,Codon,-0.118460424
uORF,9-mer,-0.26462057
uORF,Ribosome,-0.23723772
uORF,Single Base,-13.856319
uORF,Codon,5.1590633
uORF,9-mer,12.980236
uORF,Ribosome,61.27792
uORF,Single Base,0.009904391
uORF,Codon,0.7316164
uORF,9-mer,-0.8531725
uORF,Ribosome,-0.23056974
uORF,Single Base,0.27385637
uORF,Codon,-0.0673169
uORF,9-mer,-0.58796805
uORF,Ribosome,0.41440883
uORF,Single Base,-1.3858302
uORF,Codon,2.4818132
uORF,9-mer,-0.51697403
uORF,Ribosome,0.5296705
uORF,Single Base,0.9047024
uORF,Codon,-0.7916551
uORF,9-mer,-0.7843148
uORF,Ribosome,-1.0175562
uORF,Single Base,0.38637185
uORF,Codon,0.28369284
uORF,9-mer,-1.7295915
uORF,Ribosome,-0.104024746
uORF,Single Base,0.07134698
uORF,Codon,-0.03132979
uORF,9-mer,0.23311487
uORF,Ribosome,-0.59357035
uORF,Single Base,0.4973328
uORF,Codon,-0.50066996
uORF,9-mer,-0.32958567
uORF,Ribosome,-0.6150716
uORF,Single Base,-14.95474
uORF,Codon,9.18783
uORF,9-mer,13.277444
uORF,Ribosome,26.90007
uORF,Single Base,-0.7777736
uORF,Codon,-0.33487743
uORF,9-mer,0.8257482
uORF,Ribosome,1.4203771
uORF,Single Base,1.5044724
uORF,Codon,-1.6973722
uORF,9-mer,-1.0494039
uORF,Ribosome,-1.2673595
uORF,Single Base,-1.2390903
uORF,Codon,1.4262816
uORF,9-mer,-1.3678086
uORF,Ribosome,0.88301605
uORF,Single Base,-0.83160925
uORF,Codon,0.7498614
uORF,9-mer,1.1485521
uORF,Ribosome,0.6707421
uORF,Single Base,-0.55761576
uORF,Codon,0.50530165
uORF,9-mer,0.27998936
uORF,Ribosome,0.58963466
uORF,Single Base,0.6047755
uORF,Codon,-1.404902
uORF,9-mer,0.26352015
uORF,Ribosome,-0.5437899
uORF,Single Base,-1.4385499
uORF,Codon,1.1718763
uORF,9-mer,1.0819495
uORF,Ribosome,1.7345351
uORF,Single Base,-0.813454
uORF,Codon,-0.31490013
uORF,9-mer,1.6149663
uORF,Ribosome,1.1944224
uORF,Single Base,-0.5868673
uORF,Codon,-0.5423834
uORF,9-mer,2.3307273
uORF,Ribosome,-0.098968975
uORF,Single Base,-46.69701
uORF,Codon,24.363247
uORF,9-mer,15.7094
uORF,Ribosome,60.106884
uORF,Single Base,-2.7071772
uORF,Codon,1.312756
uORF,9-mer,1.964349
uORF,Ribosome,4.2335644
uORF,Single Base,-1.0996498
uORF,Codon,1.4861301
uORF,9-mer,0.24605782
uORF,Ribosome,0.67037815
uORF,Single Base,1.2398509
uORF,Codon,-1.7409059
uORF,9-mer,-1.063508
uORF,Ribosome,-0.75788903
uORF,Single Base,1.2479025
uORF,Codon,-1.4859664
uORF,9-mer,-0.42661056
uORF,Ribosome,-0.56489676
uORF,Single Base,-0.92608035
uORF,Codon,0.76696837
uORF,9-mer,0.6381286
uORF,Ribosome,1.2023073
uORF,Single Base,0.35856214
uORF,Codon,2.0700114
uORF,9-mer,-6.134558
uORF,Ribosome,-0.4125933
uORF,Single Base,-2.4568226
uORF,Codon,2.2458794
uORF,9-mer,2.1781406
uORF,Ribosome,2.8482397
uORF,Single Base,-1.3856294
uORF,Codon,0.2541215
uORF,9-mer,1.5794291
uORF,Ribosome,1.3084553
uORF,Single Base,-0.7738765
uORF,Codon,0.8464478
uORF,9-mer,-0.9166732
uORF,Ribosome,1.5935822
uORF,Single Base,-1.2188827
uORF,Codon,2.7288527
uORF,9-mer,-0.63739586
uORF,Ribosome,-0.32214388
uORF,Single Base,0.5593379
uORF,Codon,-0.54107434
uORF,9-mer,-0.7204828
uORF,Ribosome,-0.40660998
uORF,Single Base,-6.411768
uORF,Codon,6.5476875
uORF,9-mer,-0.05185255
uORF,Ribosome,6.2496066
uORF,Single Base,-2.1550503
uORF,Codon,1.5942229
uORF,9-mer,0.14292592
uORF,Ribosome,4.685355
uORF,Single Base,-3.5130332
uORF,Codon,3.2151718
uORF,9-mer,1.0740362
uORF,Ribosome,2.9769495
uORF,Single Base,2.2264943
uORF,Codon,-1.6788208
uORF,9-mer,-3.0347877
uORF,Ribosome,-1.4709357
uORF,Single Base,-2.760919
uORF,Codon,3.716076
uORF,9-mer,0.52035624
uORF,Ribosome,1.372693
uORF,Single Base,-14.612336
uORF,Codon,14.704408
uORF,9-mer,10.218825
uORF,Ribosome,11.263114
uORF,Single Base,-4.0219455
uORF,Codon,4.9274125
uORF,9-mer,-0.18349916
uORF,Ribosome,2.0638745
uORF,Single Base,-0.2582336
uORF,Codon,-0.09169941
uORF,9-mer,0.47197974
uORF,Ribosome,0.19394056
uORF,Single Base,0.7857581
uORF,Codon,-0.6391358
uORF,9-mer,-0.1305353
uORF,Ribosome,-0.7237401
uORF,Single Base,0.5034497
uORF,Codon,-0.46695474
uORF,9-mer,0.031986922
uORF,Ribosome,-0.5109025
uORF,Single Base,-10.783662
uORF,Codon,5.047843
uORF,9-mer,13.704471
uORF,Ribosome,31.092335
uORF,Single Base,0.74213463
uORF,Codon,-0.35472578
uORF,9-mer,-0.994804
uORF,Ribosome,-0.7759204
uORF,Single Base,0.5643116
uORF,Codon,-0.07043336
uORF,9-mer,-1.9570715
uORF,Ribosome,-0.28629848
uORF,Single Base,-0.30393046
uORF,Codon,0.13172074
uORF,9-mer,0.2592641
uORF,Ribosome,0.72929776
uORF,Single Base,0.87423134
uORF,Codon,-0.6121361
uORF,9-mer,-1.3902173
uORF,Ribosome,0.083272405
uORF,Single Base,-1.2897003
uORF,Codon,1.4821398
uORF,9-mer,1.1116595
uORF,Ribosome,0.8883385
uORF,Single Base,-0.66523063
uORF,Codon,0.4125044
uORF,9-mer,1.6811712
uORF,Ribosome,0.37979147
uORF,Single Base,-1.2166573
uORF,Codon,0.32608938
uORF,9-mer,1.3955232
uORF,Ribosome,1.4434476
uORF,Single Base,-0.99076307
uORF,Codon,1.2004663
uORF,9-mer,0.81740254
uORF,Ribosome,0.8046044
uORF,Single Base,0.234977
uORF,Codon,-0.17927872
uORF,9-mer,-0.33233953
uORF,Ribosome,-0.14672747
uORF,Single Base,0.7102333
uORF,Codon,-0.8449411
uORF,9-mer,0.76955706
uORF,Ribosome,-0.46017188
uORF,Single Base,-2.8069646
uORF,Codon,2.2067025
uORF,9-mer,0.62557936
uORF,Ribosome,3.7630136
uORF,Single Base,0.67163247
uORF,Codon,-0.92642367
uORF,9-mer,0.9150088
uORF,Ribosome,-0.6726817
uORF,Single Base,-0.60322154
uORF,Codon,0.068450324
uORF,9-mer,0.8942371
uORF,Ribosome,0.41070622
uORF,Single Base,-0.98228985
uORF,Codon,0.23675713
uORF,9-mer,0.6793827
uORF,Ribosome,2.0352228
uORF,Single Base,-23.298162
uORF,Codon,11.195827
uORF,9-mer,13.700338
uORF,Ribosome,45.142315
uORF,Single Base,-1.8324151
uORF,Codon,0.6513933
uORF,9-mer,2.6748688
uORF,Ribosome,2.071107
uORF,Single Base,-1.2658955
uORF,Codon,0.8074061
uORF,9-mer,1.6534996
uORF,Ribosome,1.9383339
uORF,Single Base,2.187684
uORF,Codon,-1.4168825
uORF,9-mer,-2.343518
uORF,Ribosome,-1.5591838
uORF,Single Base,-3.9679537
uORF,Codon,4.1907883
uORF,9-mer,3.273369
uORF,Ribosome,1.4985131
uORF,Single Base,1.0116538
uORF,Codon,-0.9550432
uORF,9-mer,0.25409555
uORF,Ribosome,-1.2169082
uORF,Single Base,-1.5064931
uORF,Codon,1.9393669
uORF,9-mer,0.31674084
uORF,Ribosome,1.4292891
uORF,Single Base,-0.7678536
uORF,Codon,-0.17770791
uORF,9-mer,0.8926817
uORF,Ribosome,4.55414
uORF,Single Base,-4.4778
uORF,Codon,6.432293
uORF,9-mer,1.0134197
uORF,Ribosome,4.2992454
uORF,Single Base,0.008012885
uORF,Codon,-0.23256719
uORF,9-mer,0.36507294
uORF,Ribosome,-0.35264215
uORF,Single Base,-0.66091704
uORF,Codon,-0.6220027
uORF,9-mer,3.1572862
uORF,Ribosome,0.4273681
uORF,Single Base,-0.5009293
uORF,Codon,0.4124534
uORF,9-mer,0.2604458
uORF,Ribosome,0.36102265
uORF,Single Base,-1.4491252
uORF,Codon,1.3563112
uORF,9-mer,1.1656995
uORF,Ribosome,1.7917151
uORF,Single Base,1.1935773
uORF,Codon,-0.3774425
uORF,9-mer,-1.6199028
uORF,Ribosome,-0.58923143
uORF,Single Base,-1.096281
uORF,Codon,1.1432655
uORF,9-mer,0.4771524
uORF,Ribosome,1.1969005
uORF,Single Base,0.20139858
uORF,Codon,-0.27361953
uORF,9-mer,0.26844433
uORF,Ribosome,-0.20941944
uORF,Single Base,-0.33253875
uORF,Codon,0.52240777
uORF,9-mer,-1.4574772
uORF,Ribosome,0.5918121
uORF,Single Base,1.050567
uORF,Codon,-1.0695226
uORF,9-mer,-1.1235871
uORF,Ribosome,-0.9354313
uORF,Single Base,-90.67601
uORF,Codon,55.849533
uORF,9-mer,19.260612
uORF,Ribosome,112.07832
uORF,Single Base,-177.10847
uORF,Codon,59.41669
uORF,9-mer,38.947666
uORF,Ribosome,140.25854
uORF,Single Base,-19.231789
uORF,Codon,11.8062105
uORF,9-mer,15.751211
uORF,Ribosome,49.27481
uORF,Single Base,-1.1014378
uORF,Codon,3.383337
uORF,9-mer,-1.5375355
uORF,Ribosome,0.805423
uORF,Single Base,-1.0515496
uORF,Codon,0.6938224
uORF,9-mer,0.85342914
uORF,Ribosome,1.1089628
uORF,Single Base,0.35928395
uORF,Codon,-0.74886847
uORF,9-mer,0.02524596
uORF,Ribosome,0.51791555
uORF,Single Base,-0.6828704
uORF,Codon,0.40695554
uORF,9-mer,1.0214033
uORF,Ribosome,0.4872133
uORF,Single Base,0.4598923
uORF,Codon,-0.9015381
uORF,9-mer,0.96978354
uORF,Ribosome,-0.28884536
uORF,Single Base,-2.2040813
uORF,Codon,0.9775172
uORF,9-mer,2.2826347
uORF,Ribosome,2.0356874
uORF,Single Base,-2.4462092
uORF,Codon,1.4111266
uORF,9-mer,4.0902553
uORF,Ribosome,3.797322
uORF,Single Base,-1.304503
uORF,Codon,0.6718099
uORF,9-mer,1.774226
uORF,Ribosome,1.1036997
uORF,Single Base,-0.21974686
uORF,Codon,0.22860503
uORF,9-mer,0.28471613
uORF,Ribosome,0.044774402
uORF,Single Base,-3.7467048
uORF,Codon,2.0996752
uORF,9-mer,2.5491383
uORF,Ribosome,3.9859154
uORF,Single Base,-1.6146978
uORF,Codon,1.8061854
uORF,9-mer,0.46543843
uORF,Ribosome,0.73074514
uORF,Single Base,-2.0206792
uORF,Codon,1.5114363
uORF,9-mer,3.7566354
uORF,Ribosome,1.7063506
uORF,Single Base,2.4802399
uORF,Codon,-2.458144
uORF,9-mer,-1.0774844
uORF,Ribosome,-1.3788824
uORF,Single Base,-0.63575727
uORF,Codon,0.09902875
uORF,9-mer,0.96769464
uORF,Ribosome,0.29748127
uORF,Single Base,-1.8642142
uORF,Codon,1.49684
uORF,9-mer,1.2007949
uORF,Ribosome,2.0206485
uORF,Single Base,0.863798
uORF,Codon,-0.16483049
uORF,9-mer,-0.80037963
uORF,Ribosome,-3.109379
uORF,Single Base,0.14048868
uORF,Codon,0.48288935
uORF,9-mer,-0.93587804
uORF,Ribosome,-0.15161428
uORF,Single Base,-2.3890657
uORF,Codon,1.2881217
uORF,9-mer,2.3861823
uORF,Ribosome,7.2594986
uORF,Single Base,-4.920244
uORF,Codon,3.4812744
uORF,9-mer,-0.9195761
uORF,Ribosome,11.759686
uORF,Single Base,-0.69315314
uORF,Codon,0.81646013
uORF,9-mer,0.6718947
uORF,Ribosome,0.56150323
uORF,Single Base,1.4434917
uORF,Codon,-1.47463
uORF,9-mer,0.060042612
uORF,Ribosome,-1.2180722
uORF,Single Base,-0.18334644
uORF,Codon,0.093695655
uORF,9-mer,-0.156487
uORF,Ribosome,0.6679905
uORF,Single Base,0.6609359
uORF,Codon,-0.04540217
uORF,9-mer,-1.2287037
uORF,Ribosome,-0.99376357
uORF,Single Base,-2.2927046
uORF,Codon,1.8748261
uORF,9-mer,1.5581857
uORF,Ribosome,2.1084561
uORF,Single Base,0.05313152
uORF,Codon,-0.19398768
uORF,9-mer,0.3211708
uORF,Ribosome,-0.13715774
uORF,Single Base,0.9273993
uORF,Codon,-1.1938729
uORF,9-mer,0.010652868
uORF,Ribosome,-0.82311565
uORF,Single Base,-1.103795
uORF,Codon,0.27787265
uORF,9-mer,1.0491678
uORF,Ribosome,0.59627753
uORF,Single Base,-1.5488673
uORF,Codon,1.3842672
uORF,9-mer,0.80023617
uORF,Ribosome,2.183786
uORF,Single Base,-2.263787
uORF,Codon,1.8028438
uORF,9-mer,3.2634475
uORF,Ribosome,2.3665783
uORF,Single Base,-0.16581018
uORF,Codon,-0.092123166
uORF,9-mer,0.7440624
uORF,Ribosome,0.16431408
uORF,Single Base,0.33879673
uORF,Codon,-0.56083506
uORF,9-mer,-0.0548533
uORF,Ribosome,-0.25500736
uORF,Single Base,-1.3388226
uORF,Codon,0.2463163
uORF,9-mer,2.9677818
uORF,Ribosome,2.3624978
uORF,Single Base,-0.82482237
uORF,Codon,1.6063542
uORF,9-mer,-0.1174712
uORF,Ribosome,0.3742309
uORF,Single Base,0.2370458
uORF,Codon,-0.24948289
uORF,9-mer,-0.33511648
uORF,Ribosome,0.07645086
uORF,Single Base,-19.397385
uORF,Codon,12.58432
uORF,9-mer,12.541636
uORF,Ribosome,43.795704
uORF,Single Base,-3.2735045
uORF,Codon,1.8269459
uORF,9-mer,5.0528674
uORF,Ribosome,2.7803943
uORF,Single Base,-1.2439783
uORF,Codon,0.78858393
uORF,9-mer,0.46991944
uORF,Ribosome,1.8944975
uORF,Single Base,0.73878926
uORF,Codon,-0.867857
uORF,9-mer,-0.22938792
uORF,Ribosome,-0.7469238
uORF,Single Base,-1.4580683
uORF,Codon,1.3824482
uORF,9-mer,1.5989994
uORF,Ribosome,1.3152683
uORF,Single Base,0.56801856
uORF,Codon,-0.4059216
uORF,9-mer,-0.99332285
uORF,Ribosome,-0.58261925
uORF,Single Base,-0.9797644
uORF,Codon,1.331026
uORF,9-mer,0.7164328
uORF,Ribosome,0.6907766
uORF,Single Base,-1.6628226
uORF,Codon,2.160217
uORF,9-mer,1.3723395
uORF,Ribosome,1.5609833
uORF,Single Base,-2.3670766
uORF,Codon,2.1874545
uORF,9-mer,2.7475812
uORF,Ribosome,2.2938838
uORF,Single Base,-6.2248893
uORF,Codon,3.137271
uORF,9-mer,9.397487
uORF,Ribosome,13.702192
uORF,Single Base,-4.541241
uORF,Codon,3.4950066
uORF,9-mer,1.1040901
uORF,Ribosome,5.7734118
uORF,Single Base,-0.5930963
uORF,Codon,0.92568254
uORF,9-mer,-0.029776914
uORF,Ribosome,0.69529986
uORF,Single Base,0.28398994
uORF,Codon,-0.16244698
uORF,9-mer,0.03337218
uORF,Ribosome,-0.669331
uORF,Single Base,1.5864824
uORF,Codon,-2.090279
uORF,9-mer,-0.8789505
uORF,Ribosome,-1.4890347
uORF,Single Base,-21.252901
uORF,Codon,15.552272
uORF,9-mer,9.409101
uORF,Ribosome,45.64979
uORF,Single Base,-2.0038354
uORF,Codon,1.8752494
uORF,9-mer,0.4573268
uORF,Ribosome,0.5985863
uORF,Single Base,2.8729808
uORF,Codon,0.80806226
uORF,9-mer,-2.500586
uORF,Ribosome,-3.1430907
uORF,Single Base,0.6927841
uORF,Codon,-0.18650757
uORF,9-mer,-1.8020843
uORF,Ribosome,0.20322412
uORF,Single Base,-12.096199
uORF,Codon,5.832342
uORF,9-mer,13.741455
uORF,Ribosome,45.3301
uORF,Single Base,0.85336816
uORF,Codon,-0.24031106
uORF,9-mer,-2.107102
uORF,Ribosome,-0.42059508
uORF,Single Base,-0.78868914
uORF,Codon,1.5795428
uORF,9-mer,-0.39557946
uORF,Ribosome,0.4358143
uORF,Single Base,1.0260476
uORF,Codon,-0.75507647
uORF,9-mer,-1.7199045
uORF,Ribosome,-0.81018245
uORF,Single Base,0.4839316
uORF,Codon,-0.64487207
uORF,9-mer,0.003197086
uORF,Ribosome,-0.58113265
uORF,Single Base,-1.4788476
uORF,Codon,1.2238739
uORF,9-mer,0.33938792
uORF,Ribosome,2.5688841
uORF,Single Base,0.08816422
uORF,Codon,0.37790608
uORF,9-mer,-0.6435984
uORF,Ribosome,0.018896274
uORF,Single Base,-0.300394
uORF,Codon,-1.1596684
uORF,9-mer,0.10310222
uORF,Ribosome,1.5214086
uORF,Single Base,0.4931254
uORF,Codon,-0.59978455
uORF,9-mer,-0.2544652
uORF,Ribosome,-0.45718968
uORF,Single Base,-0.71442986
uORF,Codon,-0.21761067
uORF,9-mer,2.186717
uORF,Ribosome,-0.2626365
uORF,Single Base,0.71923476
uORF,Codon,-0.1708268
uORF,9-mer,-1.2500541
uORF,Ribosome,-0.2866323
uORF,Single Base,-2.4837227
uORF,Codon,2.1806772
uORF,9-mer,1.6431173
uORF,Ribosome,2.247113
uORF,Single Base,0.2750046
uORF,Codon,-0.84791327
uORF,9-mer,0.1393944
uORF,Ribosome,0.5137572
uORF,Single Base,0.25400144
uORF,Codon,0.25030273
uORF,9-mer,-1.1584935
uORF,Ribosome,-0.44798476
uORF,Single Base,0.6568498
uORF,Codon,0.41000167
uORF,9-mer,-3.1631894
uORF,Ribosome,0.18612836
uORF,Single Base,0.51470363
uORF,Codon,-0.9970673
uORF,9-mer,0.121690206
uORF,Ribosome,0.42807195
uORF,Single Base,-1.409693
uORF,Codon,0.91609305
uORF,9-mer,2.367904
uORF,Ribosome,1.3566173
uORF,Single Base,-4.7077312
uORF,Codon,5.2194977
uORF,9-mer,-0.89143926
uORF,Ribosome,4.3994904
uORF,Single Base,-0.8030679
uORF,Codon,1.0313542
uORF,9-mer,-1.7967328
uORF,Ribosome,1.1216729
uORF,Single Base,-0.7106698
uORF,Codon,1.1757315
uORF,9-mer,-1.3055618
uORF,Ribosome,1.4683725
uORF,Single Base,-3.5900314
uORF,Codon,1.6887875
uORF,9-mer,2.207284
uORF,Ribosome,8.455506
uORF,Single Base,-3.0984902
uORF,Codon,2.697085
uORF,9-mer,3.4167309
uORF,Ribosome,2.7607472
uORF,Single Base,-1.0909504
uORF,Codon,1.5427922
uORF,9-mer,-1.032786
uORF,Ribosome,1.2863494
uORF,Single Base,0.33462238
uORF,Codon,-0.04736091
uORF,9-mer,-1.112276
uORF,Ribosome,-0.30517516
uORF,Single Base,-2.497942
uORF,Codon,2.9781272
uORF,9-mer,0.757288
uORF,Ribosome,2.507181
uORF,Single Base,-1.4605069
uORF,Codon,0.7616632
uORF,9-mer,2.7046926
uORF,Ribosome,1.5127714
uORF,Single Base,0.68625784
uORF,Codon,-0.56420195
uORF,9-mer,-0.6016925
uORF,Ribosome,-0.5297231
uORF,Single Base,0.97424185
uORF,Codon,-0.9793444
uORF,9-mer,-0.14491056
uORF,Ribosome,0.56088686
uORF,Single Base,-0.19874753
uORF,Codon,0.3847942
uORF,9-mer,-0.07730568
uORF,Ribosome,0.13513939
uORF,Single Base,-15.548172
uORF,Codon,8.678724
uORF,9-mer,19.614223
uORF,Ribosome,27.732426
uORF,Single Base,-3.6309407
uORF,Codon,1.5676728
uORF,9-mer,4.4891186
uORF,Ribosome,8.894789
uORF,Single Base,-0.16138871
uORF,Codon,0.24954678
uORF,9-mer,0.17667046
uORF,Ribosome,-0.111983456
uORF,Single Base,0.68292147
uORF,Codon,-0.81963986
uORF,9-mer,0.4972713
uORF,Ribosome,-0.71901906
uORF,Single Base,-3.522884
uORF,Codon,2.4241168
uORF,9-mer,1.6162944
uORF,Ribosome,6.37377
uORF,Single Base,-2.8280642
uORF,Codon,1.7463477
uORF,9-mer,1.0274572
uORF,Ribosome,3.1732588
uORF,Single Base,0.83765703
uORF,Codon,-0.93175393
uORF,9-mer,-0.13275947
uORF,Ribosome,-0.932892
uORF,Single Base,-1.2050848
uORF,Codon,0.9004759
uORF,9-mer,0.46653792
uORF,Ribosome,1.7099913
uORF,Single Base,-0.9872132
uORF,Codon,-0.24190179
uORF,9-mer,0.40744528
uORF,Ribosome,2.1992595
uORF,Single Base,0.37327683
uORF,Codon,-0.6112564
uORF,9-mer,0.11770332
uORF,Ribosome,-0.31402722
uORF,Single Base,-0.30470085
uORF,Codon,-0.24481602
uORF,9-mer,1.5486919
uORF,Ribosome,0.30428472
uORF,Single Base,1.8871526
uORF,Codon,-1.6497054
uORF,9-mer,-2.6878567
uORF,Ribosome,-1.611238
uORF,Single Base,0.210187
uORF,Codon,-0.3467434
uORF,9-mer,0.3019234
uORF,Ribosome,-0.903793
uORF,Single Base,-0.34401372
uORF,Codon,-0.31805506
uORF,9-mer,1.4848253
uORF,Ribosome,1.5576493
uORF,Single Base,-1.7240541
uORF,Codon,1.2498399
uORF,9-mer,1.506016
uORF,Ribosome,1.8759508
uORF,Single Base,1.058235
uORF,Codon,-1.0051244
uORF,9-mer,-1.1984351
uORF,Ribosome,-0.9292645
uORF,Single Base,-5.834383
uORF,Codon,5.9956427
uORF,9-mer,0.982357
uORF,Ribosome,4.747697
uORF,Single Base,-0.9827622
uORF,Codon,0.73896587
uORF,9-mer,0.39630744
uORF,Ribosome,1.6110555
uORF,Single Base,-0.63600326
uORF,Codon,-0.28979826
uORF,9-mer,1.7009969
uORF,Ribosome,0.38586685
uORF,Single Base,-1.3538312
uORF,Codon,1.122271
uORF,9-mer,0.28574115
uORF,Ribosome,1.6499829
uORF,Single Base,-0.019938374
uORF,Codon,0.20897277
uORF,9-mer,-0.4212992
uORF,Ribosome,0.21898517
uORF,Single Base,-3.030191
uORF,Codon,3.6445367
uORF,9-mer,0.6919033
uORF,Ribosome,2.3665235
uORF,Single Base,-1.9675791
uORF,Codon,4.083803
uORF,9-mer,0.785476
uORF,Ribosome,0.77426034
uORF,Single Base,-0.11193895
uORF,Codon,0.4092374
uORF,9-mer,-0.27035886
uORF,Ribosome,0.0029574141
uORF,Single Base,-0.5386386
uORF,Codon,0.6536524
uORF,9-mer,-0.26559508
uORF,Ribosome,-0.1615054
uORF,Single Base,-0.29237193
uORF,Codon,1.8988612
uORF,9-mer,-0.81389505
uORF,Ribosome,0.64702356
uORF,Single Base,-36.409645
uORF,Codon,25.589626
uORF,9-mer,22.447388
uORF,Ribosome,35.066063
uORF,Single Base,-3.6191487
uORF,Codon,2.071699
uORF,9-mer,5.240613
uORF,Ribosome,5.0077205
uORF,Single Base,0.35670644
uORF,Codon,-0.2794728
uORF,9-mer,-0.40807393
uORF,Ribosome,-0.40284914
uORF,Single Base,-1.4161853
uORF,Codon,0.53977
uORF,9-mer,1.4246607
uORF,Ribosome,0.33938107
uORF,Single Base,0.050480988
uORF,Codon,0.12678067
uORF,9-mer,-0.08913666
uORF,Ribosome,-0.35985875
uORF,Single Base,0.44829655
uORF,Codon,0.56101036
uORF,9-mer,-3.351347
uORF,Ribosome,0.07056197
uORF,Single Base,0.07153083
uORF,Codon,0.38950476
uORF,9-mer,-0.6688485
uORF,Ribosome,-0.4506546
uORF,Single Base,0.029940424
uORF,Codon,0.47604358
uORF,9-mer,-0.59100115
uORF,Ribosome,-0.39565188
uORF,Single Base,-2.77808
uORF,Codon,3.563964
uORF,9-mer,0.10604567
uORF,Ribosome,1.2411207
uORF,Single Base,-1.0603334
uORF,Codon,0.12033544
uORF,9-mer,1.6458585
uORF,Ribosome,0.9569969
uORF,Single Base,-0.7303602
uORF,Codon,0.73914164
uORF,9-mer,0.80605066
uORF,Ribosome,0.6400844
uORF,Single Base,-2.0107687
uORF,Codon,1.6384357
uORF,9-mer,0.30457285
uORF,Ribosome,1.3654746
uORF,Single Base,0.8207478
uORF,Codon,-0.2212799
uORF,9-mer,-1.6092974
uORF,Ribosome,-0.36305875
uORF,Single Base,-4.585033
uORF,Codon,8.922724
uORF,9-mer,-1.5337235
uORF,Ribosome,4.3287797
uORF,Single Base,-1.2859883
uORF,Codon,0.3251273
uORF,9-mer,2.2019181
uORF,Ribosome,0.054566696
uORF,Single Base,1.8195187
uORF,Codon,-1.4049901
uORF,9-mer,-0.40706214
uORF,Ribosome,-1.4872569
uORF,Single Base,0.975794
uORF,Codon,-0.3164932
uORF,9-mer,-1.2473538
uORF,Ribosome,-1.3417649
uORF,Single Base,-0.3395007
uORF,Codon,0.023204101
uORF,9-mer,0.6437576
uORF,Ribosome,0.18075119
uORF,Single Base,-2.0034342
uORF,Codon,3.270015
uORF,9-mer,-0.028650016
uORF,Ribosome,1.0209373
uORF,Single Base,-4.902675
uORF,Codon,2.740638
uORF,9-mer,3.5197825
uORF,Ribosome,7.5146966
uORF,Single Base,-1.7061678
uORF,Codon,0.9952603
uORF,9-mer,1.8309416
uORF,Ribosome,0.7482052
uORF,Single Base,-0.3918094
uORF,Codon,0.90189815
uORF,9-mer,-0.9056342
uORF,Ribosome,0.776432
uORF,Single Base,-4.4261913
uORF,Codon,4.209305
uORF,9-mer,2.6739447
uORF,Ribosome,4.1869373
uORF,Single Base,0.37044686
uORF,Codon,-0.012904983
uORF,9-mer,-1.636874
uORF,Ribosome,0.7284316
uORF,Single Base,0.51421916
uORF,Codon,-0.5766058
uORF,9-mer,-0.22816347
uORF,Ribosome,-0.058255855
uORF,Single Base,-0.7665997
uORF,Codon,-0.0044791503
uORF,9-mer,1.0588678
uORF,Ribosome,0.9176355
uORF,Single Base,-3.8593998
uORF,Codon,0.09761676
uORF,9-mer,4.057895
uORF,Ribosome,5.9688315
uORF,Single Base,-1.6271632
uORF,Codon,0.53093547
uORF,9-mer,1.7681941
uORF,Ribosome,0.5784742
uORF,Single Base,-7.033404
uORF,Codon,3.8743432
uORF,9-mer,6.027045
uORF,Ribosome,18.596344
uORF,Single Base,0.12616453
uORF,Codon,-0.13778554
uORF,9-mer,0.22877085
uORF,Ribosome,-0.27343872
uORF,Single Base,0.011788918
uORF,Codon,0.5086085
uORF,9-mer,-0.89894664
uORF,Ribosome,0.7958987
uORF,Single Base,-35.6553
uORF,Codon,16.640404
uORF,9-mer,21.503963
uORF,Ribosome,41.38562
uORF,Single Base,-2.0223546
uORF,Codon,2.3672836
uORF,9-mer,1.0830375
uORF,Ribosome,0.6094768
uORF,Single Base,-0.6213092
uORF,Codon,0.66696626
uORF,9-mer,-0.1265537
uORF,Ribosome,0.63327026
uORF,Single Base,-0.6998605
uORF,Codon,1.0017523
uORF,9-mer,0.5680068
uORF,Ribosome,0.46559313
uORF,Single Base,-0.5284859
uORF,Codon,0.98069996
uORF,9-mer,-1.0390667
uORF,Ribosome,0.6574984
uORF,Single Base,-0.56245136
uORF,Codon,2.649836
uORF,9-mer,-1.0748588
uORF,Ribosome,-0.08130155
uORF,Single Base,-2.2304356
uORF,Codon,0.46602118
uORF,9-mer,1.352706
uORF,Ribosome,2.9701693
uORF,Single Base,-0.34755245
uORF,Codon,0.7348221
uORF,9-mer,-0.6813822
uORF,Ribosome,0.5715016
uORF,Single Base,-0.4774662
uORF,Codon,0.24447781
uORF,9-mer,0.4473441
uORF,Ribosome,0.81931174
uORF,Single Base,0.5592595
uORF,Codon,-0.36499625
uORF,9-mer,-1.2064549
uORF,Ribosome,-0.48330617
uORF,Single Base,0.37947434
uORF,Codon,-1.3422348
uORF,9-mer,0.60485584
uORF,Ribosome,-0.34787783
uORF,Single Base,-0.16478054
uORF,Codon,1.9997188
uORF,9-mer,-1.092979
uORF,Ribosome,-0.08932098
uORF,Single Base,-0.2896345
uORF,Codon,0.67858183
uORF,9-mer,-0.08564314
uORF,Ribosome,-0.15620972
uORF,Single Base,0.20313329
uORF,Codon,-0.88176966
uORF,9-mer,1.2486917
uORF,Ribosome,-0.19237325
uORF,Single Base,0.58423537
uORF,Codon,-0.54270333
uORF,9-mer,-0.6720799
uORF,Ribosome,-0.5583806
uORF,Single Base,-3.202108
uORF,Codon,1.8608028
uORF,9-mer,1.0131146
uORF,Ribosome,5.220315
uORF,Single Base,-0.49709734
uORF,Codon,1.1236942
uORF,9-mer,-0.13887656
uORF,Ribosome,-0.99130845
uORF,Single Base,-1.2906023
uORF,Codon,0.806339
uORF,9-mer,0.46860322
uORF,Ribosome,2.4497669
uORF,Single Base,-0.85053194
uORF,Codon,-1.947798
uORF,9-mer,1.1260228
uORF,Ribosome,1.4222747
uORF,Single Base,0.693491
uORF,Codon,-0.5207649
uORF,9-mer,-0.031296592
uORF,Ribosome,-1.2153195
uORF,Single Base,-1.5902647
uORF,Codon,0.42911357
uORF,9-mer,2.2763186
uORF,Ribosome,2.9827151
uORF,Single Base,0.24516544
uORF,Codon,-0.43370458
uORF,9-mer,0.5689315
uORF,Ribosome,-0.6206373
uORF,Single Base,-2.693004
uORF,Codon,2.1314142
uORF,9-mer,1.5403533
uORF,Ribosome,2.8022301
uORF,Single Base,-4.7931023
uORF,Codon,4.8654256
uORF,9-mer,-1.7166533
uORF,Ribosome,3.9805353
uORF,Single Base,0.052429043
uORF,Codon,0.06939452
uORF,9-mer,0.06223056
uORF,Ribosome,-0.3213341
uORF,Single Base,0.66585153
uORF,Codon,-0.08164911
uORF,9-mer,-2.0872433
uORF,Ribosome,-0.5424982
uORF,Single Base,-24.706432
uORF,Codon,13.879207
uORF,9-mer,26.68346
uORF,Ribosome,39.467937
uORF,Single Base,-1.5355216
uORF,Codon,0.63120306
uORF,9-mer,1.5490512
uORF,Ribosome,3.6616416
uORF,Single Base,-1.1851066
uORF,Codon,1.39053
uORF,9-mer,-0.25868687
uORF,Ribosome,1.2586048
uORF,Single Base,0.9775804
uORF,Codon,-1.1260896
uORF,9-mer,-0.4044611
uORF,Ribosome,-0.85256803
uORF,Single Base,0.2828311
uORF,Codon,-0.23848177
uORF,9-mer,-0.26342636
uORF,Ribosome,-0.16974309
uORF,Single Base,-26.217468
uORF,Codon,12.714388
uORF,9-mer,30.194439
uORF,Ribosome,40.15561
uORF,Single Base,0.38633463
uORF,Codon,-0.3934213
uORF,9-mer,-0.6639913
uORF,Ribosome,-0.06829429
uORF,Single Base,-0.08854929
uORF,Codon,-0.012121323
uORF,9-mer,-0.37886664
uORF,Ribosome,0.48253763
uORF,Single Base,-1.144093
uORF,Codon,1.6750789
uORF,9-mer,-0.8978024
uORF,Ribosome,0.864106
uORF,Single Base,-1.2349008
uORF,Codon,0.9538442
uORF,9-mer,1.275621
uORF,Ribosome,1.4064246
uORF,Single Base,0.033496927
uORF,Codon,0.27211976
uORF,9-mer,-0.5474456
uORF,Ribosome,-0.12329589
uORF,Single Base,0.5502432
uORF,Codon,-0.1620343
uORF,9-mer,-1.2730011
uORF,Ribosome,-0.5458649
uORF,Single Base,0.38893658
uORF,Codon,-0.011035738
uORF,9-mer,-0.55283517
uORF,Ribosome,-0.5503085
uORF,Single Base,0.72771496
uORF,Codon,-0.4655022
uORF,9-mer,0.017485054
uORF,Ribosome,-1.5571126
uORF,Single Base,-1.0392953
uORF,Codon,1.5317509
uORF,9-mer,-0.01476883
uORF,Ribosome,0.8748997
uORF,Single Base,-0.6200217
uORF,Codon,0.8322578
uORF,9-mer,0.36947143
uORF,Ribosome,-0.15026955
uORF,Single Base,-1.277604
uORF,Codon,0.75005585
uORF,9-mer,2.5346966
uORF,Ribosome,1.1990739
uORF,Single Base,-28.886526
uORF,Codon,13.064451
uORF,9-mer,16.798162
uORF,Ribosome,35.86136
uORF,Single Base,-1.5218848
uORF,Codon,2.508168
uORF,9-mer,-0.51396126
uORF,Ribosome,1.3055698
uORF,Single Base,0.6640718
uORF,Codon,0.7020707
uORF,9-mer,-1.809908
uORF,Ribosome,-0.6045723
uORF,Single Base,-1.2835006
uORF,Codon,1.187042
uORF,9-mer,0.6565068
uORF,Ribosome,1.7594768
uORF,Single Base,-0.44431567
uORF,Codon,0.5058769
uORF,9-mer,-0.3568221
uORF,Ribosome,0.5561356
uORF,Single Base,-0.16271095
uORF,Codon,1.0096514
uORF,9-mer,-0.9871048
uORF,Ribosome,1.2046698
uORF,Single Base,-0.6135839
uORF,Codon,-0.5198729
uORF,9-mer,2.5797877
uORF,Ribosome,0.12299602
uORF,Single Base,0.7637241
uORF,Codon,-0.21050912
uORF,9-mer,-0.86249477
uORF,Ribosome,-0.24526136
uORF,Single Base,-16.64496
uORF,Codon,9.471934
uORF,9-mer,19.814674
uORF,Ribosome,22.878054
uORF,Single Base,-0.8329955
uORF,Codon,0.55495757
uORF,9-mer,0.4870829
uORF,Ribosome,1.3935852
uORF,Single Base,-5.4282937
uORF,Codon,3.4464586
uORF,9-mer,6.8210845
uORF,Ribosome,11.384468
uORF,Single Base,-0.50964963
uORF,Codon,0.7746096
uORF,9-mer,0.3479394
uORF,Ribosome,0.22875156
uORF,Single Base,0.1460914
uORF,Codon,-0.60592985
uORF,9-mer,1.3930917
uORF,Ribosome,-0.5357311
uORF,Single Base,-0.80418724
uORF,Codon,0.883929
uORF,9-mer,-0.08887939
uORF,Ribosome,1.1085675
uORF,Single Base,-22.99757
uORF,Codon,15.249098
uORF,9-mer,13.681424
uORF,Ribosome,42.288517
uORF,Single Base,-0.17558798
uORF,Codon,0.32718688
uORF,9-mer,-0.8163789
uORF,Ribosome,0.44204864
uORF,Single Base,-18.767897
uORF,Codon,8.813115
uORF,9-mer,22.150177
uORF,Ribosome,52.472218
uORF,Single Base,0.33490288
uORF,Codon,-0.45395482
uORF,9-mer,-0.4035273
uORF,Ribosome,0.63467276
uORF,Single Base,0.29920936
uORF,Codon,-0.107764095
uORF,9-mer,-0.77036345
uORF,Ribosome,-0.124029145
uORF,Single Base,-48.814915
uORF,Codon,15.137347
uORF,9-mer,49.949493
uORF,Ribosome,153.4706
uORF,Single Base,-1.1290904
uORF,Codon,0.62228906
uORF,9-mer,1.0189924
uORF,Ribosome,1.3204374
uORF,Single Base,0.18967865
uORF,Codon,0.14181899
uORF,9-mer,-1.142746
uORF,Ribosome,-0.33214742
uORF,Single Base,0.6891229
uORF,Codon,-1.255895
uORF,9-mer,-0.09785348
uORF,Ribosome,-0.25841498
uORF,Single Base,-2.536666
uORF,Codon,3.0527184
uORF,9-mer,-0.02137755
uORF,Ribosome,1.3196737
uORF,Single Base,0.8762339
uORF,Codon,-0.77007765
uORF,9-mer,-1.0310383
uORF,Ribosome,-0.7750177
uORF,Single Base,0.300024
uORF,Codon,-0.267033
uORF,9-mer,-0.12358131
uORF,Ribosome,-0.18962531
uORF,Single Base,-38.023815
uORF,Codon,15.836229
uORF,9-mer,19.244865
uORF,Ribosome,49.38516
uORF,Single Base,1.0449524
uORF,Codon,-0.8473321
uORF,9-mer,-0.9037623
uORF,Ribosome,-1.128501
uORF,Single Base,-2.229415
uORF,Codon,1.8867115
uORF,9-mer,1.6624752
uORF,Ribosome,1.5389568
uORF,Single Base,-0.39874768
uORF,Codon,0.17477763
uORF,9-mer,0.6440396
uORF,Ribosome,0.38158712
uORF,Single Base,-1.6707506
uORF,Codon,1.4939775
uORF,9-mer,1.5324281
uORF,Ribosome,1.7654605
uORF,Single Base,0.79129547
uORF,Codon,-1.2948853
uORF,9-mer,0.591653
uORF,Ribosome,-0.34260866
uORF,Single Base,-2.5075567
uORF,Codon,0.7671994
uORF,9-mer,1.1730413
uORF,Ribosome,4.862349
uORF,Single Base,-0.46396846
uORF,Codon,0.50527173
uORF,9-mer,0.27523094
uORF,Ribosome,0.5369225
uORF,Single Base,-23.819855
uORF,Codon,15.692581
uORF,9-mer,10.203379
uORF,Ribosome,57.52432
uORF,Single Base,-10.428312
uORF,Codon,5.4322004
uORF,9-mer,17.223166
uORF,Ribosome,20.327808
uORF,Single Base,-0.20003155
uORF,Codon,0.23854661
uORF,9-mer,-0.00790014
uORF,Ribosome,-0.35386363
uORF,Single Base,-0.56932116
uORF,Codon,0.44035822
uORF,9-mer,1.7225403
uORF,Ribosome,0.1940309
uORF,Single Base,0.36778748
uORF,Codon,0.33989385
uORF,9-mer,-1.2842993
uORF,Ribosome,0.24432136
uORF,Single Base,-0.8195587
uORF,Codon,0.7444521
uORF,9-mer,-0.19183357
uORF,Ribosome,1.7765583
uORF,Single Base,-87.89901
uORF,Codon,46.901134
uORF,9-mer,24.347485
uORF,Ribosome,116.43207
uORF,Single Base,0.44497076
uORF,Codon,-1.1294829
uORF,9-mer,1.6071886
uORF,Ribosome,-0.40379617
uORF,Single Base,-2.79521
uORF,Codon,0.5506354
uORF,9-mer,5.334033
uORF,Ribosome,5.099257
uORF,Single Base,0.36157385
uORF,Codon,-0.79311734
uORF,9-mer,1.5203879
uORF,Ribosome,0.68173444
uORF,Single Base,0.34692004
uORF,Codon,-0.9497579
uORF,9-mer,1.9231863
uORF,Ribosome,0.7136223
uORF,Single Base,0.25874498
uORF,Codon,-0.0074223895
uORF,9-mer,-0.898431
uORF,Ribosome,0.22101653
uORF,Single Base,-0.23871933
uORF,Codon,0.12524776
uORF,9-mer,0.48728117
uORF,Ribosome,0.26169068
uORF,Single Base,-0.56940114
uORF,Codon,0.7634275
uORF,9-mer,-0.100655034
uORF,Ribosome,0.4228121
uORF,Single Base,0.16909373
uORF,Codon,-0.053386
uORF,9-mer,-0.8685278
uORF,Ribosome,-0.1273374
uORF,Single Base,-1.7326276
uORF,Codon,1.3268492
uORF,9-mer,2.4969482
uORF,Ribosome,1.4615972
uORF,Single Base,-1.7159904
uORF,Codon,1.0716286
uORF,9-mer,1.6963419
uORF,Ribosome,1.0368186
uORF,Single Base,-0.41299245
uORF,Codon,0.13641578
uORF,9-mer,0.6212331
uORF,Ribosome,0.74312234
uORF,Single Base,0.8479479
uORF,Codon,2.9782724
uORF,9-mer,-4.403809
uORF,Ribosome,-0.5391506
uORF,Single Base,-2.4410133
uORF,Codon,2.259024
uORF,9-mer,2.3324194
uORF,Ribosome,2.284839
uORF,Single Base,-2.056806
uORF,Codon,1.7099004
uORF,9-mer,1.8785253
uORF,Ribosome,3.0686362
uORF,Single Base,0.74041307
uORF,Codon,0.12100878
uORF,9-mer,-0.6999014
uORF,Ribosome,-1.8956971
uORF,Single Base,0.31982955
uORF,Codon,-0.100640126
uORF,9-mer,-1.0657123
uORF,Ribosome,-0.0103229815
uORF,Single Base,0.42362377
uORF,Codon,-0.71279025
uORF,9-mer,0.46153268
uORF,Ribosome,-0.5026308
uORF,Single Base,0.6728674
uORF,Codon,-1.1305039
uORF,9-mer,0.29224026
uORF,Ribosome,-0.014382053
uORF,Single Base,0.11661309
uORF,Codon,-0.28253233
uORF,9-mer,-0.51922643
uORF,Ribosome,0.22607154
uORF,Single Base,-0.97362924
uORF,Codon,0.8228816
uORF,9-mer,0.6014014
uORF,Ribosome,1.3343699
uORF,Single Base,0.3344733
uORF,Codon,-0.20575254
uORF,9-mer,-0.43579203
uORF,Ribosome,-0.36792892
uORF,Single Base,-1.6444758
uORF,Codon,2.1446805
uORF,9-mer,0.14485635
uORF,Ribosome,2.0544138
uORF,Single Base,-0.17412655
uORF,Codon,-0.3218336
uORF,9-mer,1.0911448
uORF,Ribosome,-0.1167685
uORF,Single Base,0.37250397
uORF,Codon,-0.29567146
uORF,9-mer,-0.74998987
uORF,Ribosome,-0.36405417
uORF,Single Base,-0.20579594
uORF,Codon,0.5127957
uORF,9-mer,-0.9215435
uORF,Ribosome,0.37389103
uORF,Single Base,0.49453774
uORF,Codon,-0.45474678
uORF,9-mer,-0.5612094
uORF,Ribosome,-0.4841936
uORF,Single Base,-1.6753492
uORF,Codon,2.2984526
uORF,9-mer,-0.38925317
uORF,Ribosome,1.654459
uORF,Single Base,-3.2139664
uORF,Codon,2.3713496
uORF,9-mer,1.6513337
uORF,Ribosome,2.3436363
uORF,Single Base,-0.82917255
uORF,Codon,0.20356433
uORF,9-mer,0.48836064
uORF,Ribosome,1.8608586
uORF,Single Base,-0.9069403
uORF,Codon,0.2964796
uORF,9-mer,1.0653094
uORF,Ribosome,1.0398538
uORF,Single Base,-1.8160335
uORF,Codon,3.798742
uORF,9-mer,-1.8547428
uORF,Ribosome,2.9610898
uORF,Single Base,0.11838615
uORF,Codon,-0.33400255
uORF,9-mer,0.3009699
uORF,Ribosome,0.14371969
uORF,Single Base,0.045610577
uORF,Codon,-0.083399676
uORF,9-mer,0.02955492
uORF,Ribosome,-0.005783616
uORF,Single Base,-0.068708874
uORF,Codon,-2.2423508
uORF,9-mer,0.36263686
uORF,Ribosome,1.7549828
uORF,Single Base,0.36591634
uORF,Codon,0.08507221
uORF,9-mer,-0.053769127
uORF,Ribosome,-1.2239692
uORF,Single Base,-84.33467
uORF,Codon,45.27872
uORF,9-mer,22.558393
uORF,Ribosome,118.177444
uORF,Single Base,0.12289705
uORF,Codon,-0.060968354
uORF,9-mer,-0.28378764
uORF,Ribosome,0.18887174
uORF,Single Base,0.84462357
uORF,Codon,-0.5424489
uORF,9-mer,-2.017418
uORF,Ribosome,-0.68144846
uORF,Single Base,1.8818889
uORF,Codon,-2.2731614
uORF,9-mer,-0.6014871
uORF,Ribosome,-0.95157343
uORF,Single Base,0.92867696
uORF,Codon,-0.22598927
uORF,9-mer,-1.4997085
uORF,Ribosome,-0.5909841
uORF,Single Base,-0.43119174
uORF,Codon,-0.6857921
uORF,9-mer,0.8617859
uORF,Ribosome,0.78009367
uORF,Single Base,-1.8968582
uORF,Codon,1.3769423
uORF,9-mer,2.1683943
uORF,Ribosome,2.0087981
uORF,Single Base,-2.624657
uORF,Codon,1.058245
uORF,9-mer,2.8621185
uORF,Ribosome,2.7347388
uORF,Single Base,0.47601157
uORF,Codon,-0.49322852
uORF,9-mer,-0.48058844
uORF,Ribosome,-0.25022724
uORF,Single Base,-2.345717
uORF,Codon,2.7726846
uORF,9-mer,0.28801575
uORF,Ribosome,1.5580837
uORF,Single Base,0.01524367
uORF,Codon,-0.19977996
uORF,9-mer,0.37652338
uORF,Ribosome,-0.29151365
uORF,Single Base,1.674819
uORF,Codon,-1.4651431
uORF,9-mer,-0.066500075
uORF,Ribosome,-1.5566484
uORF,Single Base,2.4220293
uORF,Codon,-0.4316398
uORF,9-mer,-2.5704405
uORF,Ribosome,-1.4955708
uORF,Single Base,-0.34777367
uORF,Codon,0.7526608
uORF,9-mer,-0.074245185
uORF,Ribosome,-0.012230134
uORF,Single Base,-0.5112254
uORF,Codon,0.2907823
uORF,9-mer,0.6164597
uORF,Ribosome,0.48457652
uORF,Single Base,1.4168062
uORF,Codon,-1.623689
uORF,9-mer,0.0030775918
uORF,Ribosome,-1.9273825
uORF,Single Base,-10.23256
uORF,Codon,4.06546
uORF,9-mer,15.18829
uORF,Ribosome,27.868284
uORF,Single Base,0.8032116
uORF,Codon,-0.39931378
uORF,9-mer,-0.9410544
uORF,Ribosome,-0.71977574
uORF,Single Base,0.67888343
uORF,Codon,-0.8565398
uORF,9-mer,0.47631583
uORF,Ribosome,-0.4827831
uORF,Single Base,-1.9160844
uORF,Codon,1.5822295
uORF,9-mer,0.8320587
uORF,Ribosome,2.2443898
uORF,Single Base,-0.9227524
uORF,Codon,-0.066793054
uORF,9-mer,1.133979
uORF,Ribosome,2.0980062
uORF,Single Base,-0.14622535
uORF,Codon,-0.054392222
uORF,9-mer,1.2274201
uORF,Ribosome,-0.16417156
uORF,Single Base,0.53569794
uORF,Codon,-0.57027054
uORF,9-mer,-0.41656527
uORF,Ribosome,-0.4988064
uORF,Single Base,0.90742683
uORF,Codon,-0.9842334
uORF,9-mer,-0.5789096
uORF,Ribosome,-0.8813756
uORF,Single Base,0.11914472
uORF,Codon,-0.28035644
uORF,9-mer,-0.101303264
uORF,Ribosome,0.26177782
uORF,Single Base,-0.45719922
uORF,Codon,1.9768965
uORF,9-mer,-1.6311506
uORF,Ribosome,-0.4780263
uORF,Single Base,1.6282221
uORF,Codon,-2.46203
uORF,9-mer,-0.06930687
uORF,Ribosome,-0.104418196
uORF,Single Base,-0.7869028
uORF,Codon,1.125584
uORF,9-mer,-1.0842394
uORF,Ribosome,0.5902698
uORF,Single Base,0.9789345
uORF,Codon,-1.0917236
uORF,9-mer,0.0056394497
uORF,Ribosome,-0.17398635
uORF,Single Base,-0.9913658
uORF,Codon,-0.6995986
uORF,9-mer,2.601776
uORF,Ribosome,0.31498733
uORF,Single Base,0.03750901
uORF,Codon,0.26959902
uORF,9-mer,-0.22821413
uORF,Ribosome,-0.7425463
uORF,Single Base,-1.2965975
uORF,Codon,1.4210521
uORF,9-mer,0.62792176
uORF,Ribosome,1.1143062
uORF,Single Base,0.5715268
uORF,Codon,-0.8623864
uORF,9-mer,0.8442852
uORF,Ribosome,-0.58751005
uORF,Single Base,0.6184996
uORF,Codon,-0.7408726
uORF,9-mer,0.042360805
uORF,Ribosome,-0.38713294
uORF,Single Base,-2.332338
uORF,Codon,1.8565835
uORF,9-mer,1.695135
uORF,Ribosome,2.9408922
uORF,Single Base,-1.7781361
uORF,Codon,1.5759145
uORF,9-mer,1.5103858
uORF,Ribosome,1.77919
uORF,Single Base,0.5324505
uORF,Codon,-0.47308335
uORF,9-mer,-0.22004843
uORF,Ribosome,-0.7817878
uORF,Single Base,-35.36826
uORF,Codon,16.02741
uORF,9-mer,24.631804
uORF,Ribosome,62.07363
uORF,Single Base,-2.6990614
uORF,Codon,2.2163432
uORF,9-mer,-0.6696604
uORF,Ribosome,4.013995
uORF,Single Base,-0.17468289
uORF,Codon,0.080540426
uORF,9-mer,0.27456233
uORF,Ribosome,0.2681783
uORF,Single Base,0.8752686
uORF,Codon,0.5848217
uORF,9-mer,-1.6291479
uORF,Ribosome,-0.9217006
uORF,Single Base,1.9872471
uORF,Codon,-1.3797997
uORF,9-mer,-1.7938832
uORF,Ribosome,-2.259127
uORF,Single Base,-0.9248479
uORF,Codon,1.8647424
uORF,9-mer,0.5358411
uORF,Ribosome,0.33502683
uORF,Single Base,-1.9293144
uORF,Codon,0.39188847
uORF,9-mer,4.0851164
uORF,Ribosome,4.703695
uORF,Single Base,-2.1839921
uORF,Codon,0.8597889
uORF,9-mer,2.8563647
uORF,Ribosome,2.9366841
uORF,Single Base,-0.48882318
uORF,Codon,1.1624434
uORF,9-mer,-1.8166058
uORF,Ribosome,0.6298028
uORF,Single Base,-2.0611877
uORF,Codon,2.3830073
uORF,9-mer,0.9908938
uORF,Ribosome,1.5205337
uORF,Single Base,0.20500225
uORF,Codon,-0.5277119
uORF,9-mer,0.5152435
uORF,Ribosome,-0.08184153
uORF,Single Base,0.20564805
uORF,Codon,0.07599325
uORF,9-mer,-0.42316306
uORF,Ribosome,-0.32046568
uORF,Single Base,-4.589845
uORF,Codon,3.4440606
uORF,9-mer,5.021942
uORF,Ribosome,6.62951
uORF,Single Base,1.3983314
uORF,Codon,-1.1115571
uORF,9-mer,-1.2308354
uORF,Ribosome,-1.0242162
uORF,Single Base,0.23592664
uORF,Codon,-0.40531263
uORF,9-mer,-0.13223712
uORF,Ribosome,-0.13840438
uORF,Single Base,-0.40133086
uORF,Codon,0.6929984
uORF,9-mer,-0.16918792
uORF,Ribosome,0.16790767
uORF,Single Base,-0.45886165
uORF,Codon,1.5099736
uORF,9-mer,-1.2850003
uORF,Ribosome,0.4302327
uORF,Single Base,-1.2243173
uORF,Codon,1.9464607
uORF,9-mer,-1.3462188
uORF,Ribosome,0.9671328
uORF,Single Base,-1.4198189
uORF,Codon,2.3388703
uORF,9-mer,-0.1038601
uORF,Ribosome,1.4805745
uORF,Single Base,-1.7051389
uORF,Codon,-1.4676788
uORF,9-mer,0.8834167
uORF,Ribosome,3.1364026
uORF,Single Base,-0.629281
uORF,Codon,1.4245669
uORF,9-mer,-1.2541168
uORF,Ribosome,0.7512705
uORF,Single Base,1.1278971
uORF,Codon,-0.1423105
uORF,9-mer,-2.1127868
uORF,Ribosome,-1.4412342
uORF,Single Base,-5.700092
uORF,Codon,2.7018023
uORF,9-mer,9.871961
uORF,Ribosome,16.593975
uORF,Single Base,-2.012696
uORF,Codon,0.637026
uORF,9-mer,1.5857865
uORF,Ribosome,4.8511863
uORF,Single Base,-0.22155315
uORF,Codon,-0.20122401
uORF,9-mer,0.57101566
uORF,Ribosome,0.42150435
uORF,Single Base,-1.0869268
uORF,Codon,0.105557054
uORF,9-mer,1.8692335
uORF,Ribosome,2.0248024
uORF,Single Base,-5.4655423
uORF,Codon,3.133339
uORF,9-mer,4.354361
uORF,Ribosome,12.213512
uORF,Single Base,0.15520418
uORF,Codon,-0.23186554
uORF,9-mer,-0.33266994
uORF,Ribosome,0.3729934
uORF,Single Base,-112.34706
uORF,Codon,44.4931
uORF,9-mer,34.684124
uORF,Ribosome,104.22721
uORF,Single Base,-3.668323
uORF,Codon,2.2622778
uORF,9-mer,5.3781576
uORF,Ribosome,7.616543
uORF,Single Base,0.081803985
uORF,Codon,-0.21033847
uORF,9-mer,0.32286465
uORF,Ribosome,0.12939759
uORF,Single Base,-0.13982077
uORF,Codon,0.19045858
uORF,9-mer,0.14691944
uORF,Ribosome,-0.07689084
uORF,Single Base,0.31278625
uORF,Codon,0.80284464
uORF,9-mer,-1.0448459
uORF,Ribosome,-1.6771795
uORF,Single Base,0.93224305
uORF,Codon,-1.322761
uORF,9-mer,0.26989886
uORF,Ribosome,-1.0467523
uORF,Single Base,1.0340699
uORF,Codon,-1.3921709
uORF,9-mer,-0.42122933
uORF,Ribosome,-0.9637966
uORF,Single Base,1.4506298
uORF,Codon,-1.9768457
uORF,9-mer,0.44554374
uORF,Ribosome,-1.1533263
uORF,Single Base,1.3610784
uORF,Codon,-1.5297487
uORF,9-mer,-0.7551399
uORF,Ribosome,-1.3118659
uORF,Single Base,-0.54915327
uORF,Codon,-0.753411
uORF,9-mer,1.7262608
uORF,Ribosome,0.3040382
uORF,Single Base,0.8903277
uORF,Codon,-0.8243297
uORF,9-mer,-0.9898304
uORF,Ribosome,-0.27564496
uORF,Single Base,0.60947603
uORF,Codon,-0.5343081
uORF,9-mer,-0.6572402
uORF,Ribosome,-0.053427625
uORF,Single Base,0.29604635
uORF,Codon,-0.4186536
uORF,9-mer,0.43362555
uORF,Ribosome,-0.47914454
uORF,Single Base,-1.3592602
uORF,Codon,2.802956
uORF,9-mer,-0.9733809
uORF,Ribosome,0.765352
uORF,Single Base,-3.1198087
uORF,Codon,1.0637103
uORF,9-mer,4.0832925
uORF,Ribosome,2.6348243
uORF,Single Base,0.7895075
uORF,Codon,-0.8321839
uORF,9-mer,-0.71221316
uORF,Ribosome,-0.7978931
uORF,Single Base,-6.418688
uORF,Codon,4.6274304
uORF,9-mer,3.9116552
uORF,Ribosome,6.954742
uORF,Single Base,-1.790275
uORF,Codon,1.9904052
uORF,9-mer,0.907124
uORF,Ribosome,1.0545921
uORF,Single Base,-2.0693102
uORF,Codon,1.8299661
uORF,9-mer,1.9367282
uORF,Ribosome,2.0422232
uORF,Single Base,0.18441758
uORF,Codon,-1.2513694
uORF,9-mer,1.6256633
uORF,Ribosome,-0.16485846
uORF,Single Base,-1.4082267
uORF,Codon,1.2501084
uORF,9-mer,1.8439158
uORF,Ribosome,1.2334424
uORF,Single Base,0.3866958
uORF,Codon,0.22506486
uORF,9-mer,-1.2606664
uORF,Ribosome,-0.5387242
uORF,Single Base,0.60978305
uORF,Codon,-0.92835236
uORF,9-mer,0.471705
uORF,Ribosome,-0.7019867
uORF,Single Base,-0.28931418
uORF,Codon,-0.55754316
uORF,9-mer,1.0279548
uORF,Ribosome,0.35256508
uORF,Single Base,1.0306245
uORF,Codon,-0.626012
uORF,9-mer,-0.9044968
uORF,Ribosome,-0.40414256
uORF,Single Base,0.28715354
uORF,Codon,-0.23026004
uORF,9-mer,-0.43848953
uORF,Ribosome,-0.07155616
uORF,Single Base,-1.1546569
uORF,Codon,3.1688943
uORF,9-mer,-0.8278195
uORF,Ribosome,0.17417663
uORF,Single Base,-0.5479185
uORF,Codon,0.5492909
uORF,9-mer,0.6149754
uORF,Ribosome,0.36669028
uORF,Single Base,1.9797821
uORF,Codon,-0.32790104
uORF,9-mer,-3.625049
uORF,Ribosome,-0.90207094
uORF,Single Base,-1.2980117
uORF,Codon,1.5749458
uORF,9-mer,-0.1406458
uORF,Ribosome,-0.41787016
uORF,Single Base,-1.4569759
uORF,Codon,1.3402274
uORF,9-mer,1.2182118
uORF,Ribosome,1.3173717
uORF,Single Base,0.53685915
uORF,Codon,1.4541513
uORF,9-mer,-1.5775754
uORF,Ribosome,0.098282166
uORF,Single Base,0.94240695
uORF,Codon,0.1177426
uORF,9-mer,-1.3181245
uORF,Ribosome,-0.719129
uORF,Single Base,0.09508544
uORF,Codon,-0.703067
uORF,9-mer,0.77992314
uORF,Ribosome,0.017397502
uORF,Single Base,-0.3594757
uORF,Codon,0.5738438
uORF,9-mer,-0.081200175
uORF,Ribosome,0.28288355
uORF,Single Base,1.0275387
uORF,Codon,0.036078043
uORF,9-mer,-2.3932195
uORF,Ribosome,-0.1312398
uORF,Single Base,-4.3880625
uORF,Codon,3.8634002
uORF,9-mer,3.219693
uORF,Ribosome,4.2429867
uORF,Single Base,-1.8629903
uORF,Codon,0.058463547
uORF,9-mer,3.1115456
uORF,Ribosome,4.205794
uORF,Single Base,-2.1775134
uORF,Codon,0.7982992
uORF,9-mer,1.805257
uORF,Ribosome,2.3506231
uORF,Single Base,1.2729166
uORF,Codon,-1.0933429
uORF,9-mer,-1.902604
uORF,Ribosome,-0.7758328
uORF,Single Base,-0.9468301
uORF,Codon,1.2044158
uORF,9-mer,0.032252662
uORF,Ribosome,0.16353801
uORF,Single Base,-0.53939706
uORF,Codon,0.4911905
uORF,9-mer,-0.25530422
uORF,Ribosome,1.7463856
uORF,Single Base,1.5938314
uORF,Codon,-0.9622239
uORF,9-mer,-1.6808021
uORF,Ribosome,-0.71095514
uORF,Single Base,0.5015393
uORF,Codon,-0.57650757
uORF,9-mer,-0.30044347
uORF,Ribosome,-0.38459694
uORF,Single Base,-3.4485457
uORF,Codon,3.838102
uORF,9-mer,1.6404092
uORF,Ribosome,3.0570614
uORF,Single Base,0.16866061
uORF,Codon,-0.13023323
uORF,9-mer,0.12179323
uORF,Ribosome,-0.36554366
uORF,Single Base,-0.3810473
uORF,Codon,-0.46677834
uORF,9-mer,1.0411325
uORF,Ribosome,0.7142808
uORF,Single Base,-13.960031
uORF,Codon,6.0279584
uORF,9-mer,14.031764
uORF,Ribosome,33.573338
uORF,Single Base,-1.7116891
uORF,Codon,2.5593736
uORF,9-mer,-0.89571375
uORF,Ribosome,0.35167104
uORF,Single Base,-1.9190222
uORF,Codon,3.040026
uORF,9-mer,-0.08872485
uORF,Ribosome,-0.51429164
uORF,Single Base,0.2478047
uORF,Codon,-0.6882374
uORF,9-mer,0.3631878
uORF,Ribosome,-0.28526506
uORF,Single Base,0.6430719
uORF,Codon,-0.70907134
uORF,9-mer,-0.21095446
uORF,Ribosome,-0.055819165
uORF,Single Base,0.88742405
uORF,Codon,-1.0036433
uORF,9-mer,-0.7081842
uORF,Ribosome,-0.34833974
uORF,Single Base,-2.2589352
uORF,Codon,2.353649
uORF,9-mer,-0.9263245
uORF,Ribosome,1.1794535
uORF,Single Base,0.9579125
uORF,Codon,1.4138213
uORF,9-mer,-5.9659653
uORF,Ribosome,-1.3387699
uORF,Single Base,-2.320562
uORF,Codon,2.3739686
uORF,9-mer,-0.47106367
uORF,Ribosome,2.0135984
uORF,Single Base,-2.947062
uORF,Codon,3.2409182
uORF,9-mer,-2.0087297
uORF,Ribosome,1.2516286
uORF,Single Base,0.13295868
uORF,Codon,3.1422925
uORF,9-mer,-2.0363746
uORF,Ribosome,-0.80347717
uORF,Single Base,1.4167379
uORF,Codon,-1.4706753
uORF,9-mer,-1.3462913
uORF,Ribosome,-0.23646308
uORF,Single Base,-4.267687
uORF,Codon,4.8135047
uORF,9-mer,1.921011
uORF,Ribosome,5.1815143
uORF,Single Base,-4.694662
uORF,Codon,1.9385097
uORF,9-mer,1.5137155
uORF,Ribosome,6.1982627
uORF,Single Base,0.24532272
uORF,Codon,-0.07067906
uORF,9-mer,-0.7407432
uORF,Ribosome,-0.13130142
uORF,Single Base,0.9255703
uORF,Codon,-0.7576695
uORF,9-mer,-0.0035517695
uORF,Ribosome,-1.1729705
uORF,Single Base,0.7940939
uORF,Codon,-0.26795956
uORF,9-mer,-1.0254729
uORF,Ribosome,-0.79696554
uORF,Single Base,-0.5596066
uORF,Codon,0.2815224
uORF,9-mer,0.7210865
uORF,Ribosome,0.55159116
uORF,Single Base,-2.0161955
uORF,Codon,0.48605955
uORF,9-mer,1.4233412
uORF,Ribosome,4.808573
uORF,Single Base,-3.863465
uORF,Codon,2.1571567
uORF,9-mer,3.2038403
uORF,Ribosome,6.1806498
uORF,Single Base,0.7257541
uORF,Codon,-0.45295
uORF,9-mer,-1.0742725
uORF,Ribosome,-0.7547145
uORF,Single Base,1.1503571
uORF,Codon,-0.7046391
uORF,9-mer,-2.122377
uORF,Ribosome,-0.5224677
uORF,Single Base,0.051827163
uORF,Codon,0.251785
uORF,9-mer,-0.29381716
uORF,Ribosome,-0.7325024
uORF,Single Base,-0.13611397
uORF,Codon,0.009664083
uORF,9-mer,0.3089352
uORF,Ribosome,0.41374838
uORF,Single Base,-0.34349594
uORF,Codon,-0.71198666
uORF,9-mer,3.0834825
uORF,Ribosome,2.121097
uORF,Single Base,1.6879336
uORF,Codon,0.6803822
uORF,9-mer,-1.9476814
uORF,Ribosome,-1.2908677
uORF,Single Base,-0.79919016
uORF,Codon,1.0758752
uORF,9-mer,-1.2506192
uORF,Ribosome,0.5230173
uORF,Single Base,0.82444614
uORF,Codon,-0.9148604
uORF,9-mer,0.37841505
uORF,Ribosome,-0.6067002
uORF,Single Base,0.43311253
uORF,Codon,-0.8095068
uORF,9-mer,0.6247721
uORF,Ribosome,0.56311727
uORF,Single Base,-1.2998763
uORF,Codon,1.4844824
uORF,9-mer,0.16294925
uORF,Ribosome,-0.6362298
uORF,Single Base,0.7410187
uORF,Codon,-0.08220905
uORF,9-mer,-0.6342172
uORF,Ribosome,-0.7116997
uORF,Single Base,0.913924
uORF,Codon,-0.5875898
uORF,9-mer,-0.7493823
uORF,Ribosome,-1.1349151
uORF,Single Base,-0.8302106
uORF,Codon,1.3566447
uORF,9-mer,0.0024441823
uORF,Ribosome,0.051482826
uORF,Single Base,1.0880791
uORF,Codon,0.07235983
uORF,9-mer,-1.9264964
uORF,Ribosome,-0.5452385
uORF,Single Base,-4.786378
uORF,Codon,7.3739767
uORF,9-mer,-2.3486106
uORF,Ribosome,0.2782657
uORF,Single Base,1.3406852
uORF,Codon,-1.5460339
uORF,9-mer,0.0989861
uORF,Ribosome,-1.6791786
uORF,Single Base,0.12640561
uORF,Codon,-0.11680595
uORF,9-mer,-0.30055806
uORF,Ribosome,0.018275872
uORF,Single Base,-2.4716265
uORF,Codon,0.032382715
uORF,9-mer,2.5091941
uORF,Ribosome,3.2881494
uORF,Single Base,0.28646874
uORF,Codon,-0.23202099
uORF,9-mer,-0.25990763
uORF,Ribosome,-0.28171948
uORF,Single Base,-5.3945355
uORF,Codon,6.670669
uORF,9-mer,-3.5619345
uORF,Ribosome,3.260948
uORF,Single Base,0.0721201
uORF,Codon,-0.05360443
uORF,9-mer,-0.62901455
uORF,Ribosome,0.2499369
uORF,Single Base,-0.30755702
uORF,Codon,0.8369722
uORF,9-mer,-0.5874228
uORF,Ribosome,0.25488648
uORF,Single Base,-5.4403753
uORF,Codon,4.448247
uORF,9-mer,-0.8470515
uORF,Ribosome,11.534876
uORF,Single Base,-0.10095157
uORF,Codon,0.104796104
uORF,9-mer,0.19331832
uORF,Ribosome,0.028385475
uORF,Single Base,-0.26027766
uORF,Codon,0.5535244
uORF,9-mer,-0.3644637
uORF,Ribosome,0.48650265
uORF,Single Base,-2.642594
uORF,Codon,3.3638835
uORF,9-mer,1.2172369
uORF,Ribosome,2.7657418
uORF,Single Base,0.5883057
uORF,Codon,0.39676535
uORF,9-mer,-0.95515305
uORF,Ribosome,-1.7632757
uORF,Single Base,-20.18415
uORF,Codon,10.9871855
uORF,9-mer,14.1495075
uORF,Ribosome,59.913414
uORF,Single Base,-0.5659812
uORF,Codon,1.0021689
uORF,9-mer,-0.022706581
uORF,Ribosome,0.03709225
uORF,Single Base,-0.41483852
uORF,Codon,-0.6293639
uORF,9-mer,1.5853266
uORF,Ribosome,0.40289086
uORF,Single Base,0.4719612
uORF,Codon,-0.3152037
uORF,9-mer,-0.49381822
uORF,Ribosome,-0.19310015
uORF,Single Base,0.16879031
uORF,Codon,0.015966509
uORF,9-mer,-0.3412154
uORF,Ribosome,-0.029981226
uORF,Single Base,-33.578083
uORF,Codon,16.68875
uORF,9-mer,25.5272
uORF,Ribosome,51.671474
uORF,Single Base,-0.84914976
uORF,Codon,-0.2273446
uORF,9-mer,1.0679265
uORF,Ribosome,2.230284
uORF,Single Base,-0.40032023
uORF,Codon,0.22616716
uORF,9-mer,0.09627138
uORF,Ribosome,0.7399543
uORF,Single Base,-1.6070746
uORF,Codon,3.5191114
uORF,9-mer,-0.4865123
uORF,Ribosome,0.9417114
uORF,Single Base,-0.8884695
uORF,Codon,0.9544813
uORF,9-mer,0.6455577
uORF,Ribosome,0.91686857
uORF,Single Base,-1.3856492
uORF,Codon,0.38439277
uORF,9-mer,1.5669928
uORF,Ribosome,1.9693584
uORF,Single Base,0.9589637
uORF,Codon,-0.3331711
uORF,9-mer,-1.133475
uORF,Ribosome,-0.7416381
uORF,Single Base,-1.7942054
uORF,Codon,1.5097829
uORF,9-mer,1.8091017
uORF,Ribosome,1.9496335
uORF,Single Base,-1.188199
uORF,Codon,1.0175365
uORF,9-mer,-0.9462987
uORF,Ribosome,2.039881
uORF,Single Base,-81.980705
uORF,Codon,31.78137
uORF,9-mer,19.829504
uORF,Ribosome,58.0314
uORF,Single Base,-0.4983238
uORF,Codon,0.84942126
uORF,9-mer,-0.8918496
uORF,Ribosome,0.5775998
uORF,Single Base,1.6720474
uORF,Codon,-2.3193574
uORF,9-mer,1.7236607
uORF,Ribosome,-2.4051137
uORF,Single Base,-1.1435357
uORF,Codon,1.0661958
uORF,9-mer,-0.3823456
uORF,Ribosome,1.237592
uORF,Single Base,-2.5700033
uORF,Codon,1.3412762
uORF,9-mer,0.53586185
uORF,Ribosome,4.269319
uORF,Single Base,0.7764643
uORF,Codon,-0.109724745
uORF,9-mer,-1.4397752
uORF,Ribosome,-0.57675064
uORF,Single Base,-46.45885
uORF,Codon,33.104435
uORF,9-mer,15.699006
uORF,Ribosome,70.42726
uORF,Single Base,0.555783
uORF,Codon,-0.38522154
uORF,9-mer,-0.7143018
uORF,Ribosome,-0.5947665
uORF,Single Base,1.5412321
uORF,Codon,-1.6845628
uORF,9-mer,-1.2645575
uORF,Ribosome,-1.1961823
uORF,Single Base,-2.1363347
uORF,Codon,1.7947317
uORF,9-mer,1.8439378
uORF,Ribosome,2.43155
uORF,Single Base,-0.9522032
uORF,Codon,1.0568966
uORF,9-mer,-0.758445
uORF,Ribosome,-0.06646236
uORF,Single Base,-0.8723893
uORF,Codon,1.4544163
uORF,9-mer,0.22917932
uORF,Ribosome,0.6508582
uORF,Single Base,-0.40247077
uORF,Codon,0.75886244
uORF,9-mer,-0.33918703
uORF,Ribosome,0.48125455
uORF,Single Base,-2.2447846
uORF,Codon,2.0441868
uORF,9-mer,-0.9564553
uORF,Ribosome,2.3403265
uORF,Single Base,0.87570995
uORF,Codon,-0.7155535
uORF,9-mer,-1.2749074
uORF,Ribosome,-0.7004464
uORF,Single Base,-7.4164166
uORF,Codon,8.673851
uORF,9-mer,-1.4756004
uORF,Ribosome,11.106789
uORF,Single Base,-0.08728072
uORF,Codon,-0.109205976
uORF,9-mer,0.49115133
uORF,Ribosome,0.15300652
uORF,Single Base,-0.35919234
uORF,Codon,0.64899284
uORF,9-mer,-1.1743865
uORF,Ribosome,-0.20439921
uORF,Single Base,1.2210745
uORF,Codon,-1.0632392
uORF,9-mer,-0.6723795
uORF,Ribosome,-0.6250135
uORF,Single Base,1.6847142
uORF,Codon,-1.6160729
uORF,9-mer,-0.44081122
uORF,Ribosome,-1.1671647
uORF,Single Base,0.085202225
uORF,Codon,0.45775938
uORF,9-mer,-0.6124766
uORF,Ribosome,-0.1395905
uORF,Single Base,0.13596034
uORF,Codon,-0.12525818
uORF,9-mer,-0.7267675
uORF,Ribosome,0.318847
uORF,Single Base,-2.9867618
uORF,Codon,2.9506564
uORF,9-mer,0.17739967
uORF,Ribosome,1.3940578
uORF,Single Base,-2.3524513
uORF,Codon,0.75027144
uORF,9-mer,2.8172288
uORF,Ribosome,4.7745323
uORF,Single Base,1.3549455
uORF,Codon,-1.0259517
uORF,9-mer,-0.63105035
uORF,Ribosome,-1.1407217
uORF,Single Base,-0.8341959
uORF,Codon,1.2449898
uORF,9-mer,0.2402394
uORF,Ribosome,-0.07531505
uORF,Single Base,-0.21743801
uORF,Codon,-0.24964145
uORF,9-mer,1.0516692
uORF,Ribosome,0.0048388746
uORF,Single Base,0.90781116
uORF,Codon,-0.56864613
uORF,9-mer,-1.6880721
uORF,Ribosome,0.33363786
uORF,Single Base,-1.7092309
uORF,Codon,1.7011323
uORF,9-mer,1.6256391
uORF,Ribosome,0.5318305
uORF,Single Base,-1.7876351
uORF,Codon,1.1679434
uORF,9-mer,1.7073381
uORF,Ribosome,2.1620498
uORF,Single Base,-1.5366684
uORF,Codon,1.1551814
uORF,9-mer,1.2239114
uORF,Ribosome,1.4332421
uORF,Single Base,-0.98901296
uORF,Codon,1.3265297
uORF,9-mer,-1.1433091
uORF,Ribosome,0.77023816
uORF,Single Base,-6.3109694
uORF,Codon,5.5578213
uORF,9-mer,3.7895849
uORF,Ribosome,7.9613676
uORF,Single Base,0.85043305
uORF,Codon,-0.103844225
uORF,9-mer,-0.84710354
uORF,Ribosome,-1.1737512
uORF,Single Base,-1.1034865
uORF,Codon,2.188868
uORF,9-mer,-4.019648
uORF,Ribosome,-0.50867134
uORF,Single Base,-3.1092196
uORF,Codon,2.8398337
uORF,9-mer,-2.3233478
uORF,Ribosome,5.63882
uORF,Single Base,0.79286736
uORF,Codon,-0.47103226
uORF,9-mer,-0.63384926
uORF,Ribosome,-1.1167746
uORF,Single Base,-1.6530693
uORF,Codon,4.0579267
uORF,9-mer,-1.5251083
uORF,Ribosome,-0.3124061
uORF,Single Base,-0.32153267
uORF,Codon,0.13615094
uORF,9-mer,0.4816351
uORF,Ribosome,0.34132075
uORF,Single Base,0.7674498
uORF,Codon,0.061453182
uORF,9-mer,-1.4179581
uORF,Ribosome,-0.62068284
uORF,Single Base,-3.5309153
uORF,Codon,3.0227668
uORF,9-mer,3.8099904
uORF,Ribosome,3.8804452
uORF,Single Base,-3.6645558
uORF,Codon,4.438217
uORF,9-mer,2.0625825
uORF,Ribosome,3.2939084
uORF,Single Base,0.82868105
uORF,Codon,-0.03052094
uORF,9-mer,-1.8028313
uORF,Ribosome,-0.89544964
uORF,Single Base,-0.6268399
uORF,Codon,0.69832474
uORF,9-mer,0.6330919
uORF,Ribosome,0.27055123
uORF,Single Base,-0.86054623
uORF,Codon,1.6313057
uORF,9-mer,-1.0829302
uORF,Ribosome,0.83352554
uORF,Single Base,0.5106649
uORF,Codon,-0.3856475
uORF,9-mer,-0.4780588
uORF,Ribosome,-0.50864273
uORF,Single Base,-0.8708691
uORF,Codon,0.9765776
uORF,9-mer,-0.4351875
uORF,Ribosome,1.7485329
uORF,Single Base,-0.7405358
uORF,Codon,0.23265444
uORF,9-mer,-0.062079877
uORF,Ribosome,1.4216524
uORF,Single Base,-1.1578894
uORF,Codon,1.5851057
uORF,9-mer,-1.0196912
uORF,Ribosome,1.5338492
uORF,Single Base,-0.56079584
uORF,Codon,0.69132173
uORF,9-mer,-0.4332967
uORF,Ribosome,0.59595364
uORF,Single Base,-0.6254179
uORF,Codon,0.90080494
uORF,9-mer,-0.076792344
uORF,Ribosome,0.5518442
uORF,Single Base,-0.09327886
uORF,Codon,0.09039249
uORF,9-mer,-0.14392936
uORF,Ribosome,0.3901976
uORF,Single Base,-8.768177
uORF,Codon,7.838858
uORF,9-mer,0.15589093
uORF,Ribosome,5.9762044
uORF,Single Base,-0.18922381
uORF,Codon,0.26412547
uORF,9-mer,-0.15439726
uORF,Ribosome,0.3101678
uORF,Single Base,-2.360493
uORF,Codon,2.1561697
uORF,9-mer,-0.7927627
uORF,Ribosome,3.514993
uORF,Single Base,-0.015897116
uORF,Codon,-0.19014385
uORF,9-mer,0.18670522
uORF,Ribosome,0.114077844
uORF,Single Base,0.99593294
uORF,Codon,-0.9469278
uORF,9-mer,0.55671686
uORF,Ribosome,-0.2808597
uORF,Single Base,-1.4082552
uORF,Codon,0.83901066
uORF,9-mer,0.62320703
uORF,Ribosome,2.1411386
uORF,Single Base,1.8261067
uORF,Codon,1.6061866
uORF,9-mer,-3.7777631
uORF,Ribosome,-1.4366642
uORF,Single Base,-2.3190234
uORF,Codon,2.2500162
uORF,9-mer,0.5324589
uORF,Ribosome,2.884257
uORF,Single Base,-0.5941814
uORF,Codon,0.6748266
uORF,9-mer,-0.8364051
uORF,Ribosome,1.4006366
uORF,Single Base,0.09321175
uORF,Codon,-0.021520913
uORF,9-mer,-0.25295016
uORF,Ribosome,0.004375834
uORF,Single Base,-0.7958385
uORF,Codon,0.18709488
uORF,9-mer,0.8162046
uORF,Ribosome,1.2844577
uORF,Single Base,0.54243755
uORF,Codon,-0.7192679
uORF,9-mer,-0.3868509
uORF,Ribosome,-0.41203886
RBP (5′UTR),Single Base,-0.62385046
RBP (5′UTR),Codon,0.68800807
RBP (5′UTR),9-mer,0.41781682
RBP (5′UTR),Ribosome,-0.12838735
RBP (5′UTR),Single Base,-0.2960821
RBP (5′UTR),Codon,-0.2214733
RBP (5′UTR),9-mer,0.8713801
RBP (5′UTR),Ribosome,1.0885471
RBP (5′UTR),Single Base,1.0156145
RBP (5′UTR),Codon,0.09317856
RBP (5′UTR),9-mer,-1.3688627
RBP (5′UTR),Ribosome,-0.71782917
RBP (5′UTR),Single Base,1.1201471
RBP (5′UTR),Codon,-0.7104649
RBP (5′UTR),9-mer,-0.9404484
RBP (5′UTR),Ribosome,-1.3939693
RBP (5′UTR),Single Base,-0.99168116
RBP (5′UTR),Codon,0.0
RBP (5′UTR),9-mer,-0.9675349
RBP (5′UTR),Ribosome,0.9371115
RBP (5′UTR),Single Base,1.6205969
RBP (5′UTR),Codon,-1.4573891
RBP (5′UTR),9-mer,-1.2330954
RBP (5′UTR),Ribosome,-1.5254843
RBP (5′UTR),Single Base,1.3457212
RBP (5′UTR),Codon,-2.2455506
RBP (5′UTR),9-mer,0.67852503
RBP (5′UTR),Ribosome,-1.5848076
RBP (5′UTR),Single Base,-2.0471823
RBP (5′UTR),Codon,1.6479617
RBP (5′UTR),9-mer,1.2546688
RBP (5′UTR),Ribosome,1.8566682
RBP (5′UTR),Single Base,1.4370096
RBP (5′UTR),Codon,-1.1135082
RBP (5′UTR),9-mer,-0.99661475
RBP (5′UTR),Ribosome,-1.6296303
RBP (5′UTR),Single Base,0.2849275
RBP (5′UTR),Codon,-0.2469543
RBP (5′UTR),9-mer,-0.10806279
RBP (5′UTR),Ribosome,-0.5094736
RBP (5′UTR),Single Base,-2.056597
RBP (5′UTR),Codon,1.0426474
RBP (5′UTR),9-mer,1.7810466
RBP (5′UTR),Ribosome,0.9435961
RBP (5′UTR),Single Base,0.5661267
RBP (5′UTR),Codon,-0.49856895
RBP (5′UTR),9-mer,-0.2989847
RBP (5′UTR),Ribosome,-0.1139917
RBP (5′UTR),Single Base,-2.894099
RBP (5′UTR),Codon,2.431135
RBP (5′UTR),9-mer,2.0280914
RBP (5′UTR),Ribosome,1.6183641
RBP (5′UTR),Single Base,-1.8085479
RBP (5′UTR),Codon,3.0502615
RBP (5′UTR),9-mer,-3.258571
RBP (5′UTR),Ribosome,-0.68803906
RBP (5′UTR),Single Base,0.9924541
RBP (5′UTR),Codon,-1.4565167
RBP (5′UTR),9-mer,-0.27557328
RBP (5′UTR),Ribosome,-0.29117247
RBP (5′UTR),Single Base,0.96772105
RBP (5′UTR),Codon,-1.6556726
RBP (5′UTR),9-mer,0.28826228
RBP (5′UTR),Ribosome,-1.7851584
RBP (5′UTR),Single Base,-0.99168116
RBP (5′UTR),Codon,0.0
RBP (5′UTR),9-mer,-0.9675349
RBP (5′UTR),Ribosome,-0.88166493
RBP (5′UTR),Single Base,0.90967256
RBP (5′UTR),Codon,0.45959806
RBP (5′UTR),9-mer,-1.4158642
RBP (5′UTR),Ribosome,-1.8810292
RBP (5′UTR),Single Base,0.9933338
RBP (5′UTR),Codon,0.9738582
RBP (5′UTR),9-mer,0.9675349
RBP (5′UTR),Ribosome,0.0
RBP (5′UTR),Single Base,0.8994911
RBP (5′UTR),Codon,-0.80250275
RBP (5′UTR),9-mer,-0.63346094
RBP (5′UTR),Ribosome,-0.023203384
RBP (5′UTR),Single Base,-1.0639331
RBP (5′UTR),Codon,1.7109962
RBP (5′UTR),9-mer,0.036027364
RBP (5′UTR),Ribosome,1.7752602
RBP (5′UTR),Single Base,-0.34846798
RBP (5′UTR),Codon,-0.45051733
RBP (5′UTR),9-mer,1.0813942
RBP (5′UTR),Ribosome,0.50029945
RBP (5′UTR),Single Base,-0.47843325
RBP (5′UTR),Codon,1.5760095
RBP (5′UTR),9-mer,-1.721152
RBP (5′UTR),Ribosome,1.2203507
RBP (5′UTR),Single Base,-0.6164296
RBP (5′UTR),Codon,0.4367315
RBP (5′UTR),9-mer,0.6048203
RBP (5′UTR),Ribosome,0.47390515
RBP (5′UTR),Single Base,0.56942356
RBP (5′UTR),Codon,-0.3281174
RBP (5′UTR),9-mer,-0.39872205
RBP (5′UTR),Ribosome,-0.59456754
RBP (5′UTR),Single Base,1.4309072
RBP (5′UTR),Codon,-0.9647973
RBP (5′UTR),9-mer,-0.9714968
RBP (5′UTR),Ribosome,-1.4899378
RBP (5′UTR),Single Base,1.7216222
RBP (5′UTR),Codon,-0.71475476
RBP (5′UTR),9-mer,-2.7035017
RBP (5′UTR),Ribosome,-1.7387078
RBP (5′UTR),Single Base,-0.7461612
RBP (5′UTR),Codon,0.3161984
RBP (5′UTR),9-mer,0.41907948
RBP (5′UTR),Ribosome,0.5748734
RBP (5′UTR),Single Base,-1.0650975
RBP (5′UTR),Codon,0.018742424
RBP (5′UTR),9-mer,2.0380836
RBP (5′UTR),Ribosome,0.41622263
RBP (5′UTR),Single Base,0.359132
RBP (5′UTR),Codon,-0.24265628
RBP (5′UTR),9-mer,-0.6398624
RBP (5′UTR),Ribosome,-0.39625803
RBP (5′UTR),Single Base,-1.6828047
RBP (5′UTR),Codon,2.279153
RBP (5′UTR),9-mer,0.22470129
RBP (5′UTR),Ribosome,1.3261636
RBP (5′UTR),Single Base,-1.8667879
RBP (5′UTR),Codon,2.1646066
RBP (5′UTR),9-mer,0.41797382
RBP (5′UTR),Ribosome,0.44609934
RBP (5′UTR),Single Base,-2.091813
RBP (5′UTR),Codon,2.9573064
RBP (5′UTR),9-mer,-0.5142281
RBP (5′UTR),Ribosome,2.1429815
RBP (5′UTR),Single Base,0.8184273
RBP (5′UTR),Codon,-0.4269289
RBP (5′UTR),9-mer,-1.2416853
RBP (5′UTR),Ribosome,0.3968408
RBP (5′UTR),Single Base,0.54852086
RBP (5′UTR),Codon,0.18933515
RBP (5′UTR),9-mer,-1.760663
RBP (5′UTR),Ribosome,-0.32870603
RBP (5′UTR),Single Base,1.0754658
RBP (5′UTR),Codon,-0.96729964
RBP (5′UTR),9-mer,-1.3018421
RBP (5′UTR),Ribosome,-0.9383751
RBP (5′UTR),Single Base,0.8413073
RBP (5′UTR),Codon,-0.48765585
RBP (5′UTR),9-mer,-1.7292306
RBP (5′UTR),Ribosome,-0.7269742
RBP (5′UTR),Single Base,0.39123395
RBP (5′UTR),Codon,-0.38867632
RBP (5′UTR),9-mer,-0.24461187
RBP (5′UTR),Ribosome,-0.2369272
RBP (5′UTR),Single Base,-0.5318442
RBP (5′UTR),Codon,0.5294253
RBP (5′UTR),9-mer,-0.14227286
RBP (5′UTR),Ribosome,0.64561474
RBP (5′UTR),Single Base,-0.20857067
RBP (5′UTR),Codon,0.695
RBP (5′UTR),9-mer,-0.14247362
RBP (5′UTR),Ribosome,-0.7955709
RBP (5′UTR),Single Base,-1.0100863
RBP (5′UTR),Codon,0.32942215
RBP (5′UTR),9-mer,1.4416363
RBP (5′UTR),Ribosome,0.7828515
RBP (5′UTR),Single Base,0.5982865
RBP (5′UTR),Codon,-0.045921322
RBP (5′UTR),9-mer,-0.6551233
RBP (5′UTR),Ribosome,-1.0559672
RBP (5′UTR),Single Base,0.6857437
RBP (5′UTR),Codon,-1.0146923
RBP (5′UTR),9-mer,0.054948278
RBP (5′UTR),Ribosome,-1.0243835
RBP (5′UTR),Single Base,0.23149894
RBP (5′UTR),Codon,-0.19822903
RBP (5′UTR),9-mer,-0.1912864
RBP (5′UTR),Ribosome,-0.27872157
RBP (5′UTR),Single Base,-0.49909884
RBP (5′UTR),Codon,0.16048944
RBP (5′UTR),9-mer,0.53426033
RBP (5′UTR),Ribosome,0.47619885
RBP (5′UTR),Single Base,0.63542527
RBP (5′UTR),Codon,-0.6568898
RBP (5′UTR),9-mer,-0.23638858
RBP (5′UTR),Ribosome,-0.03747126
RBP (5′UTR),Single Base,0.8315392
RBP (5′UTR),Codon,-0.9151673
RBP (5′UTR),9-mer,0.42277408
RBP (5′UTR),Ribosome,-1.8491486
RBP (5′UTR),Single Base,-1.0041817
RBP (5′UTR),Codon,1.0511875
RBP (5′UTR),9-mer,0.4346576
RBP (5′UTR),Ribosome,0.97220343
RBP (5′UTR),Single Base,-0.57852095
RBP (5′UTR),Codon,-0.08195153
RBP (5′UTR),9-mer,0.7574585
RBP (5′UTR),Ribosome,1.1065203
RBP (5′UTR),Single Base,1.1645441
RBP (5′UTR),Codon,-0.9594745
RBP (5′UTR),9-mer,-0.58121365
RBP (5′UTR),Ribosome,-1.8491837
RBP (5′UTR),Single Base,0.1486929
RBP (5′UTR),Codon,-0.25173962
RBP (5′UTR),9-mer,0.08723806
RBP (5′UTR),Ribosome,-0.22176512
RBP (5′UTR),Single Base,-0.50757265
RBP (5′UTR),Codon,0.69851255
RBP (5′UTR),9-mer,0.29889077
RBP (5′UTR),Ribosome,-1.0267956
RBP (5′UTR),Single Base,1.3888583
RBP (5′UTR),Codon,-0.60788727
RBP (5′UTR),9-mer,-1.8611953
RBP (5′UTR),Ribosome,-1.374268
RBP (5′UTR),Single Base,0.40913594
RBP (5′UTR),Codon,-0.51588655
RBP (5′UTR),9-mer,-0.24198006
RBP (5′UTR),Ribosome,-0.2421975
RBP (5′UTR),Single Base,-0.632731
RBP (5′UTR),Codon,0.26329613
RBP (5′UTR),9-mer,0.6011194
RBP (5′UTR),Ribosome,1.2585914
RBP (5′UTR),Single Base,0.004793788
RBP (5′UTR),Codon,-0.060567904
RBP (5′UTR),9-mer,0.2200608
RBP (5′UTR),Ribosome,-0.22839674
RBP (5′UTR),Single Base,-1.0668494
RBP (5′UTR),Codon,1.8307753
RBP (5′UTR),9-mer,-0.43833002
RBP (5′UTR),Ribosome,1.2176353
RBP (5′UTR),Single Base,1.4846858
RBP (5′UTR),Codon,-1.3055362
RBP (5′UTR),9-mer,-0.9222223
RBP (5′UTR),Ribosome,-2.2044263
RBP (5′UTR),Single Base,-0.935903
RBP (5′UTR),Codon,0.022503383
RBP (5′UTR),9-mer,1.201935
RBP (5′UTR),Ribosome,1.1243019
RBP (5′UTR),Single Base,-0.4996706
RBP (5′UTR),Codon,0.8516451
RBP (5′UTR),9-mer,-0.34872505
RBP (5′UTR),Ribosome,0.23989032
RBP (5′UTR),Single Base,0.7508148
RBP (5′UTR),Codon,0.36182606
RBP (5′UTR),9-mer,-2.18611
RBP (5′UTR),Ribosome,-0.79092145
RBP (5′UTR),Single Base,-0.48999804
RBP (5′UTR),Codon,0.66240406
RBP (5′UTR),9-mer,-0.7922216
RBP (5′UTR),Ribosome,0.030185757
RBP (5′UTR),Single Base,-2.7213104
RBP (5′UTR),Codon,1.1881903
RBP (5′UTR),9-mer,1.1007208
RBP (5′UTR),Ribosome,2.8866813
RBP (5′UTR),Single Base,0.7799282
RBP (5′UTR),Codon,-0.56511915
RBP (5′UTR),9-mer,-0.91644275
RBP (5′UTR),Ribosome,-0.82432055
RBP (5′UTR),Single Base,-0.16794509
RBP (5′UTR),Codon,-0.8633948
RBP (5′UTR),9-mer,1.3324575
RBP (5′UTR),Ribosome,0.2522397
RBP (5′UTR),Single Base,-0.092003204
RBP (5′UTR),Codon,-0.2263757
RBP (5′UTR),9-mer,0.6568809
RBP (5′UTR),Ribosome,-0.35740867
RBP (5′UTR),Single Base,0.085779615
RBP (5′UTR),Codon,-0.46257436
RBP (5′UTR),9-mer,0.1614949
RBP (5′UTR),Ribosome,0.14412206
RBP (5′UTR),Single Base,-0.9000575
RBP (5′UTR),Codon,0.99598867
RBP (5′UTR),9-mer,0.2064701
RBP (5′UTR),Ribosome,1.1757301
RBP (5′UTR),Single Base,1.2265624
RBP (5′UTR),Codon,-1.9821332
RBP (5′UTR),9-mer,1.0869337
RBP (5′UTR),Ribosome,-0.6551122
RBP (5′UTR),Single Base,-1.0034919
RBP (5′UTR),Codon,2.366188
RBP (5′UTR),9-mer,-3.8566318
RBP (5′UTR),Ribosome,1.04614
RBP (5′UTR),Single Base,0.6246975
RBP (5′UTR),Codon,-0.80028725
RBP (5′UTR),9-mer,0.23228307
RBP (5′UTR),Ribosome,-0.38560253
RBP (5′UTR),Single Base,-0.14710028
RBP (5′UTR),Codon,-0.010416096
RBP (5′UTR),9-mer,0.28790876
RBP (5′UTR),Ribosome,0.05163922
RBP (5′UTR),Single Base,-0.35447335
RBP (5′UTR),Codon,0.700953
RBP (5′UTR),9-mer,0.02860234
RBP (5′UTR),Ribosome,-0.11375442
RBP (5′UTR),Single Base,-0.80954736
RBP (5′UTR),Codon,0.9122749
RBP (5′UTR),9-mer,-0.31459534
RBP (5′UTR),Ribosome,1.0876427
RBP (5′UTR),Single Base,1.435649
RBP (5′UTR),Codon,-1.3777748
RBP (5′UTR),9-mer,-0.8060406
RBP (5′UTR),Ribosome,-0.89559543
RBP (5′UTR),Single Base,1.7608781
RBP (5′UTR),Codon,-1.9749624
RBP (5′UTR),9-mer,0.5191496
RBP (5′UTR),Ribosome,-1.9562018
RBP (5′UTR),Single Base,0.36502564
RBP (5′UTR),Codon,-0.06939708
RBP (5′UTR),9-mer,-0.45739633
RBP (5′UTR),Ribosome,-0.3377198
RBP (5′UTR),Single Base,0.27183285
RBP (5′UTR),Codon,-0.1325634
RBP (5′UTR),9-mer,-0.11426559
RBP (5′UTR),Ribosome,-0.6585402
RBP (5′UTR),Single Base,3.3928719
RBP (5′UTR),Codon,-0.87368524
RBP (5′UTR),9-mer,-5.062902
RBP (5′UTR),Ribosome,1.1085688
RBP (5′UTR),Single Base,0.16827065
RBP (5′UTR),Codon,-0.0999388
RBP (5′UTR),9-mer,-0.035247188
RBP (5′UTR),Ribosome,-0.39537382
RBP (5′UTR),Single Base,1.5142145
RBP (5′UTR),Codon,-0.8706194
RBP (5′UTR),9-mer,-1.9274712
RBP (5′UTR),Ribosome,-1.2012274
RBP (5′UTR),Single Base,-1.08863
RBP (5′UTR),Codon,0.20044428
RBP (5′UTR),9-mer,1.8444448
RBP (5′UTR),Ribosome,1.0916051
RBP (5′UTR),Single Base,0.3309372
RBP (5′UTR),Codon,0.36337787
RBP (5′UTR),9-mer,-0.8031668
RBP (5′UTR),Ribosome,-0.6923382
RBP (5′UTR),Single Base,0.62832606
RBP (5′UTR),Codon,-1.5509868
RBP (5′UTR),9-mer,0.36913365
RBP (5′UTR),Ribosome,-0.7991921
RBP (5′UTR),Single Base,-0.9077186
RBP (5′UTR),Codon,0.7432193
RBP (5′UTR),9-mer,2.020505
RBP (5′UTR),Ribosome,0.23888539
RBP (5′UTR),Single Base,-0.8485592
RBP (5′UTR),Codon,0.65626967
RBP (5′UTR),9-mer,0.6236733
RBP (5′UTR),Ribosome,0.28751522
RBP (5′UTR),Single Base,-0.61534244
RBP (5′UTR),Codon,1.0934538
RBP (5′UTR),9-mer,0.13345546
RBP (5′UTR),Ribosome,0.23646672
RBP (5′UTR),Single Base,-0.43813577
RBP (5′UTR),Codon,2.239686
RBP (5′UTR),9-mer,-2.757647
RBP (5′UTR),Ribosome,-0.01804259
RBP (5′UTR),Single Base,0.012872741
RBP (5′UTR),Codon,-0.21583492
RBP (5′UTR),9-mer,0.16931048
RBP (5′UTR),Ribosome,0.6280388
RBP (5′UTR),Single Base,-0.070263386
RBP (5′UTR),Codon,-0.19740301
RBP (5′UTR),9-mer,0.702169
RBP (5′UTR),Ribosome,-0.41949344
RBP (5′UTR),Single Base,-0.0078059887
RBP (5′UTR),Codon,0.26202983
RBP (5′UTR),9-mer,-0.1616365
RBP (5′UTR),Ribosome,-0.17869398
RBP (5′UTR),Single Base,-2.4397213
RBP (5′UTR),Codon,3.109383
RBP (5′UTR),9-mer,0.53480446
RBP (5′UTR),Ribosome,2.8550053
RBP (5′UTR),Single Base,0.60298437
RBP (5′UTR),Codon,-0.62536865
RBP (5′UTR),9-mer,-0.11831702
RBP (5′UTR),Ribosome,-0.84819996
RBP (5′UTR),Single Base,-2.5812395
RBP (5′UTR),Codon,2.489265
RBP (5′UTR),9-mer,1.3670548
RBP (5′UTR),Ribosome,2.3983657
RBP (5′UTR),Single Base,-0.2542176
RBP (5′UTR),Codon,0.02506258
RBP (5′UTR),9-mer,0.65335566
RBP (5′UTR),Ribosome,0.18931915
RBP (5′UTR),Single Base,-0.08618859
RBP (5′UTR),Codon,-0.5216355
RBP (5′UTR),9-mer,0.17623472
RBP (5′UTR),Ribosome,0.7469099
RBP (5′UTR),Single Base,-1.2138925
RBP (5′UTR),Codon,0.8706301
RBP (5′UTR),9-mer,0.81627786
RBP (5′UTR),Ribosome,0.9125516
RBP (5′UTR),Single Base,0.17028826
RBP (5′UTR),Codon,-0.36144453
RBP (5′UTR),9-mer,0.5968819
RBP (5′UTR),Ribosome,-0.42678514
RBP (5′UTR),Single Base,-0.75481886
RBP (5′UTR),Codon,0.48623922
RBP (5′UTR),9-mer,0.74138093
RBP (5′UTR),Ribosome,0.9357059
RBP (5′UTR),Single Base,0.8322765
RBP (5′UTR),Codon,-0.9484543
RBP (5′UTR),9-mer,0.41459236
RBP (5′UTR),Ribosome,-0.7348931
RBP (5′UTR),Single Base,-0.71233135
RBP (5′UTR),Codon,0.40643865
RBP (5′UTR),9-mer,1.0529702
RBP (5′UTR),Ribosome,0.4769013
RBP (5′UTR),Single Base,-0.87820834
RBP (5′UTR),Codon,0.013711531
RBP (5′UTR),9-mer,1.9392008
RBP (5′UTR),Ribosome,0.10553284
RBP (5′UTR),Single Base,-2.040705
RBP (5′UTR),Codon,1.4674809
RBP (5′UTR),9-mer,0.64453036
RBP (5′UTR),Ribosome,2.3762681
RBP (5′UTR),Single Base,0.5272879
RBP (5′UTR),Codon,-0.51662785
RBP (5′UTR),9-mer,-0.52694327
RBP (5′UTR),Ribosome,-0.44328538
RBP (5′UTR),Single Base,-1.0248309
RBP (5′UTR),Codon,0.22066283
RBP (5′UTR),9-mer,1.4431787
RBP (5′UTR),Ribosome,1.2507601
RBP (5′UTR),Single Base,0.09039212
RBP (5′UTR),Codon,0.3384735
RBP (5′UTR),9-mer,-0.26663232
RBP (5′UTR),Ribosome,-1.0344336
RBP (5′UTR),Single Base,-0.65879476
RBP (5′UTR),Codon,0.47353747
RBP (5′UTR),9-mer,0.6542267
RBP (5′UTR),Ribosome,0.4090975
RBP (5′UTR),Single Base,-1.2938838
RBP (5′UTR),Codon,1.3344795
RBP (5′UTR),9-mer,1.4235029
RBP (5′UTR),Ribosome,0.8680325
RBP (5′UTR),Single Base,-0.04587408
RBP (5′UTR),Codon,0.5031914
RBP (5′UTR),9-mer,-0.90233856
RBP (5′UTR),Ribosome,0.829818
RBP (5′UTR),Single Base,-0.42775995
RBP (5′UTR),Codon,1.080673
RBP (5′UTR),9-mer,-1.1853384
RBP (5′UTR),Ribosome,0.6558801
RBP (5′UTR),Single Base,-0.1017544
RBP (5′UTR),Codon,-0.19140935
RBP (5′UTR),9-mer,0.76789373
RBP (5′UTR),Ribosome,0.048996806
RBP (5′UTR),Single Base,-1.1830044
RBP (5′UTR),Codon,1.2068185
RBP (5′UTR),9-mer,0.94321036
RBP (5′UTR),Ribosome,-0.10081409
RBP (5′UTR),Single Base,-0.8305568
RBP (5′UTR),Codon,0.20177755
RBP (5′UTR),9-mer,1.830545
RBP (5′UTR),Ribosome,0.43022355
RBP (5′UTR),Single Base,1.7703438
RBP (5′UTR),Codon,-2.0296478
RBP (5′UTR),9-mer,-1.1584266
RBP (5′UTR),Ribosome,-2.006819
RBP (5′UTR),Single Base,-2.5525858
RBP (5′UTR),Codon,1.7053884
RBP (5′UTR),9-mer,1.7843676
RBP (5′UTR),Ribosome,2.4602473
RBP (5′UTR),Single Base,-0.53907245
RBP (5′UTR),Codon,0.49299222
RBP (5′UTR),9-mer,0.40123323
RBP (5′UTR),Ribosome,0.7011141
RBP (5′UTR),Single Base,-0.22093678
RBP (5′UTR),Codon,0.8941136
RBP (5′UTR),9-mer,-1.0366994
RBP (5′UTR),Ribosome,1.1770085
RBP (5′UTR),Single Base,-0.62302864
RBP (5′UTR),Codon,0.6274204
RBP (5′UTR),9-mer,0.5204726
RBP (5′UTR),Ribosome,0.27389756
RBP (5′UTR),Single Base,0.37753558
RBP (5′UTR),Codon,-0.028044945
RBP (5′UTR),9-mer,-0.38564235
RBP (5′UTR),Ribosome,-0.6122852
RBP (5′UTR),Single Base,1.7193825
RBP (5′UTR),Codon,-0.76972514
RBP (5′UTR),9-mer,-1.2346282
RBP (5′UTR),Ribosome,-0.96374923
RBP (5′UTR),Single Base,-2.7237492
RBP (5′UTR),Codon,2.9081445
RBP (5′UTR),9-mer,0.3644345
RBP (5′UTR),Ribosome,-0.0035411566
RBP (5′UTR),Single Base,-1.657545
RBP (5′UTR),Codon,2.3012404
RBP (5′UTR),9-mer,-0.52215755
RBP (5′UTR),Ribosome,1.4564688
RBP (5′UTR),Single Base,1.6330932
RBP (5′UTR),Codon,-1.5875535
RBP (5′UTR),9-mer,-1.5375057
RBP (5′UTR),Ribosome,-1.1897882
RBP (5′UTR),Single Base,-0.4136669
RBP (5′UTR),Codon,-0.18740897
RBP (5′UTR),9-mer,1.6897343
RBP (5′UTR),Ribosome,-0.38287932
RBP (5′UTR),Single Base,-0.0914418
RBP (5′UTR),Codon,0.0899447
RBP (5′UTR),9-mer,-1.4070058
RBP (5′UTR),Ribosome,6.060452
RBP (5′UTR),Single Base,0.123531595
RBP (5′UTR),Codon,-1.5641822
RBP (5′UTR),9-mer,1.187081
RBP (5′UTR),Ribosome,0.05983711
RBP (5′UTR),Single Base,0.8865732
RBP (5′UTR),Codon,-0.80955994
RBP (5′UTR),9-mer,-0.77304816
RBP (5′UTR),Ribosome,-0.5935294
RBP (5′UTR),Single Base,1.5687569
RBP (5′UTR),Codon,-0.2343289
RBP (5′UTR),9-mer,-3.6037676
RBP (5′UTR),Ribosome,-2.5857494
RBP (5′UTR),Single Base,0.93388593
RBP (5′UTR),Codon,-0.6972894
RBP (5′UTR),9-mer,-0.7709314
RBP (5′UTR),Ribosome,-1.2906257
RBP (5′UTR),Single Base,-1.2656511
RBP (5′UTR),Codon,1.2639294
RBP (5′UTR),9-mer,0.6283394
RBP (5′UTR),Ribosome,1.2161151
RBP (5′UTR),Single Base,-0.9733607
RBP (5′UTR),Codon,1.6662654
RBP (5′UTR),9-mer,-0.91897833
RBP (5′UTR),Ribosome,-0.98555
RBP (5′UTR),Single Base,0.93680745
RBP (5′UTR),Codon,-0.87429315
RBP (5′UTR),9-mer,-0.33856183
RBP (5′UTR),Ribosome,-0.11313207
RBP (5′UTR),Single Base,-1.651746
RBP (5′UTR),Codon,1.6913375
RBP (5′UTR),9-mer,0.37852007
RBP (5′UTR),Ribosome,1.7473134
RBP (5′UTR),Single Base,-0.90804815
RBP (5′UTR),Codon,1.1972553
RBP (5′UTR),9-mer,-0.99436617
RBP (5′UTR),Ribosome,1.7917227
RBP (5′UTR),Single Base,-0.91301703
RBP (5′UTR),Codon,1.3310316
RBP (5′UTR),9-mer,0.38793054
RBP (5′UTR),Ribosome,0.2733436
RBP (5′UTR),Single Base,-4.4300747
RBP (5′UTR),Codon,6.1376543
RBP (5′UTR),9-mer,1.4565185
RBP (5′UTR),Ribosome,1.4483187
RBP (5′UTR),Single Base,-0.0083853435
RBP (5′UTR),Codon,0.70426995
RBP (5′UTR),9-mer,-0.60845643
RBP (5′UTR),Ribosome,-1.3809643
RBP (5′UTR),Single Base,-1.6567302
RBP (5′UTR),Codon,0.93764925
RBP (5′UTR),9-mer,1.9498402
RBP (5′UTR),Ribosome,1.001672
RBP (5′UTR),Single Base,-0.73331463
RBP (5′UTR),Codon,0.029586174
RBP (5′UTR),9-mer,1.7050662
RBP (5′UTR),Ribosome,0.2964589
RBP (5′UTR),Single Base,0.44918814
RBP (5′UTR),Codon,0.45778722
RBP (5′UTR),9-mer,-1.4951183
RBP (5′UTR),Ribosome,-0.24610887
RBP (5′UTR),Single Base,-0.9531175
RBP (5′UTR),Codon,0.9779833
RBP (5′UTR),9-mer,0.7618758
RBP (5′UTR),Ribosome,0.8595681
RBP (5′UTR),Single Base,-0.3650297
RBP (5′UTR),Codon,1.4381406
RBP (5′UTR),9-mer,-3.0064015
RBP (5′UTR),Ribosome,0.7131594
RBP (5′UTR),Single Base,1.3944579
RBP (5′UTR),Codon,-1.6739792
RBP (5′UTR),9-mer,1.1393316
RBP (5′UTR),Ribosome,-1.5478507
RBP (5′UTR),Single Base,0.9505536
RBP (5′UTR),Codon,-1.5994759
RBP (5′UTR),9-mer,0.1788518
RBP (5′UTR),Ribosome,-0.61737984
RBP (5′UTR),Single Base,-0.4826092
RBP (5′UTR),Codon,0.21701401
RBP (5′UTR),9-mer,0.751806
RBP (5′UTR),Ribosome,0.22962148
RBP (5′UTR),Single Base,-1.275367
RBP (5′UTR),Codon,1.6194664
RBP (5′UTR),9-mer,0.28497523
RBP (5′UTR),Ribosome,1.7488345
RBP (5′UTR),Single Base,-0.12933306
RBP (5′UTR),Codon,0.4076955
RBP (5′UTR),9-mer,-0.4998021
RBP (5′UTR),Ribosome,-0.06974841
RBP (5′UTR),Single Base,-0.76083434
RBP (5′UTR),Codon,1.8562812
RBP (5′UTR),9-mer,-0.13659368
RBP (5′UTR),Ribosome,0.3528354
RBP (5′UTR),Single Base,-0.9692575
RBP (5′UTR),Codon,1.7074327
RBP (5′UTR),9-mer,-0.11581691
RBP (5′UTR),Ribosome,0.65075654
RBP (5′UTR),Single Base,-2.5686355
RBP (5′UTR),Codon,3.5681543
RBP (5′UTR),9-mer,-1.6653923
RBP (5′UTR),Ribosome,-0.017803336
RBP (5′UTR),Single Base,-1.633136
RBP (5′UTR),Codon,3.9532802
RBP (5′UTR),9-mer,-2.1153913
RBP (5′UTR),Ribosome,0.34906903
RBP (5′UTR),Single Base,1.0724051
RBP (5′UTR),Codon,-0.96371424
RBP (5′UTR),9-mer,-0.8403255
RBP (5′UTR),Ribosome,-1.0352252
RBP (5′UTR),Single Base,-0.9633655
RBP (5′UTR),Codon,2.2219007
RBP (5′UTR),9-mer,-0.43717724
RBP (5′UTR),Ribosome,1.0551511
RBP (5′UTR),Single Base,-1.4702036
RBP (5′UTR),Codon,0.36043635
RBP (5′UTR),9-mer,1.9863304
RBP (5′UTR),Ribosome,2.1564553
RBP (5′UTR),Single Base,0.98349965
RBP (5′UTR),Codon,0.9371115
RBP (5′UTR),9-mer,0.98349965
RBP (5′UTR),Ribosome,0.88166493
RBP (5′UTR),Single Base,-1.3670101
RBP (5′UTR),Codon,1.2101781
RBP (5′UTR),9-mer,1.3324839
RBP (5′UTR),Ribosome,0.9767979
RBP (5′UTR),Single Base,-3.15757
RBP (5′UTR),Codon,3.4465158
RBP (5′UTR),9-mer,-0.56307006
RBP (5′UTR),Ribosome,1.7442364
RBP (5′UTR),Single Base,-2.2290096
RBP (5′UTR),Codon,2.2172155
RBP (5′UTR),9-mer,-0.73967254
RBP (5′UTR),Ribosome,1.5974523
RBP (5′UTR),Single Base,-0.15775256
RBP (5′UTR),Codon,1.1763433
RBP (5′UTR),9-mer,-1.319189
RBP (5′UTR),Ribosome,0.8928083
RBP (5′UTR),Single Base,-0.4271009
RBP (5′UTR),Codon,0.16576561
RBP (5′UTR),9-mer,0.20803708
RBP (5′UTR),Ribosome,1.2371757
RBP (5′UTR),Single Base,-1.1067624
RBP (5′UTR),Codon,1.3500177
RBP (5′UTR),9-mer,0.19057874
RBP (5′UTR),Ribosome,0.8266779
RBP (5′UTR),Single Base,1.1625383
RBP (5′UTR),Codon,-0.47097388
RBP (5′UTR),9-mer,-1.9750004
RBP (5′UTR),Ribosome,-0.18905091
RBP (5′UTR),Single Base,-0.92447674
RBP (5′UTR),Codon,1.6016612
RBP (5′UTR),9-mer,-1.3774868
RBP (5′UTR),Ribosome,1.6301222
RBP (5′UTR),Single Base,-1.4562601
RBP (5′UTR),Codon,1.3473934
RBP (5′UTR),9-mer,1.6066562
RBP (5′UTR),Ribosome,1.3066926
RBP (5′UTR),Single Base,-1.0681733
RBP (5′UTR),Codon,0.9775995
RBP (5′UTR),9-mer,1.0914106
RBP (5′UTR),Ribosome,0.93380547
RBP (5′UTR),Single Base,0.6653664
RBP (5′UTR),Codon,-0.07878238
RBP (5′UTR),9-mer,-0.664706
RBP (5′UTR),Ribosome,0.060304746
RBP (5′UTR),Single Base,-0.60622454
RBP (5′UTR),Codon,0.48779336
RBP (5′UTR),9-mer,0.32084432
RBP (5′UTR),Ribosome,0.6539616
RBP (5′UTR),Single Base,-1.4807489
RBP (5′UTR),Codon,1.4284487
RBP (5′UTR),9-mer,0.8810063
RBP (5′UTR),Ribosome,-0.31869516
RBP (5′UTR),Single Base,1.2367772
RBP (5′UTR),Codon,-0.30671552
RBP (5′UTR),9-mer,-1.9138978
RBP (5′UTR),Ribosome,-1.5427877
RBP (5′UTR),Single Base,-2.0325737
RBP (5′UTR),Codon,1.5892397
RBP (5′UTR),9-mer,1.1154426
RBP (5′UTR),Ribosome,2.5223906
RBP (5′UTR),Single Base,-0.4227689
RBP (5′UTR),Codon,0.40718478
RBP (5′UTR),9-mer,0.18305992
RBP (5′UTR),Ribosome,0.5200233
RBP (5′UTR),Single Base,-0.18772715
RBP (5′UTR),Codon,0.12131727
RBP (5′UTR),9-mer,-0.76731485
RBP (5′UTR),Ribosome,2.976546
RBP (5′UTR),Single Base,-0.87962145
RBP (5′UTR),Codon,0.9906193
RBP (5′UTR),9-mer,0.057184562
RBP (5′UTR),Ribosome,0.2597073
RBP (5′UTR),Single Base,-2.7069685
RBP (5′UTR),Codon,2.700017
RBP (5′UTR),9-mer,1.5879049
RBP (5′UTR),Ribosome,2.520232
RBP (5′UTR),Single Base,-1.0384982
RBP (5′UTR),Codon,1.3372871
RBP (5′UTR),9-mer,0.32607156
RBP (5′UTR),Ribosome,0.30626345
RBP (5′UTR),Single Base,-5.185498
RBP (5′UTR),Codon,7.6006103
RBP (5′UTR),9-mer,-0.35305595
RBP (5′UTR),Ribosome,0.79084086
RBP (5′UTR),Single Base,-1.8969857
RBP (5′UTR),Codon,2.2485933
RBP (5′UTR),9-mer,0.1861943
RBP (5′UTR),Ribosome,2.7680438
RBP (5′UTR),Single Base,-2.2084382
RBP (5′UTR),Codon,2.1341035
RBP (5′UTR),9-mer,0.40806872
RBP (5′UTR),Ribosome,1.4864826
RBP (5′UTR),Single Base,-1.9844452
RBP (5′UTR),Codon,2.0830252
RBP (5′UTR),9-mer,1.5959738
RBP (5′UTR),Ribosome,1.7299076
RBP (5′UTR),Single Base,-1.8178283
RBP (5′UTR),Codon,2.4957175
RBP (5′UTR),9-mer,-1.8604573
RBP (5′UTR),Ribosome,0.63850325
RBP (5′UTR),Single Base,0.62149143
RBP (5′UTR),Codon,-0.42634702
RBP (5′UTR),9-mer,-0.44034955
RBP (5′UTR),Ribosome,-0.5847181
RBP (5′UTR),Single Base,-1.6318095
RBP (5′UTR),Codon,1.0945681
RBP (5′UTR),9-mer,1.9781611
RBP (5′UTR),Ribosome,1.9229679
RBP (5′UTR),Single Base,-0.9781223
RBP (5′UTR),Codon,1.0665792
RBP (5′UTR),9-mer,1.4358618
RBP (5′UTR),Ribosome,0.46495998
RBP (5′UTR),Single Base,0.11886935
RBP (5′UTR),Codon,-0.4508974
RBP (5′UTR),9-mer,0.27001163
RBP (5′UTR),Ribosome,0.20080711
RBP (5′UTR),Single Base,-2.3009167
RBP (5′UTR),Codon,1.7843598
RBP (5′UTR),9-mer,2.1581259
RBP (5′UTR),Ribosome,0.8836136
RBP (5′UTR),Single Base,-0.5670974
RBP (5′UTR),Codon,-0.08430275
RBP (5′UTR),9-mer,1.3335298
RBP (5′UTR),Ribosome,0.98453873
RBP (5′UTR),Single Base,0.77260864
RBP (5′UTR),Codon,-0.77469677
RBP (5′UTR),9-mer,-0.9743242
RBP (5′UTR),Ribosome,-0.34704262
RBP (5′UTR),Single Base,-0.46625647
RBP (5′UTR),Codon,0.3714867
RBP (5′UTR),9-mer,-0.52945
RBP (5′UTR),Ribosome,1.626072
RBP (5′UTR),Single Base,0.3709173
RBP (5′UTR),Codon,0.26685125
RBP (5′UTR),9-mer,-1.3795171
RBP (5′UTR),Ribosome,0.14882436
RBP (5′UTR),Single Base,-1.624462
RBP (5′UTR),Codon,1.435129
RBP (5′UTR),9-mer,1.2127751
RBP (5′UTR),Ribosome,1.3927679
RBP (5′UTR),Single Base,-0.3071951
RBP (5′UTR),Codon,0.8063892
RBP (5′UTR),9-mer,-0.5116285
RBP (5′UTR),Ribosome,0.35941246
RBP (5′UTR),Single Base,-1.9152626
RBP (5′UTR),Codon,2.6175482
RBP (5′UTR),9-mer,0.054236382
RBP (5′UTR),Ribosome,2.0553482
RBP (5′UTR),Single Base,-0.43795124
RBP (5′UTR),Codon,0.11579105
RBP (5′UTR),9-mer,0.9763252
RBP (5′UTR),Ribosome,0.22749849
RBP (5′UTR),Single Base,-0.06782351
RBP (5′UTR),Codon,1.2902911
RBP (5′UTR),9-mer,-0.6266027
RBP (5′UTR),Ribosome,0.1630381
RBP (5′UTR),Single Base,1.2727025
RBP (5′UTR),Codon,-0.8596353
RBP (5′UTR),9-mer,-1.5084225
RBP (5′UTR),Ribosome,-1.1194415
RBP (5′UTR),Single Base,0.69253904
RBP (5′UTR),Codon,-0.5603241
RBP (5′UTR),9-mer,-0.5506636
RBP (5′UTR),Ribosome,-0.70895284
RBP (5′UTR),Single Base,-2.4811046
RBP (5′UTR),Codon,3.4224925
RBP (5′UTR),9-mer,-0.5483506
RBP (5′UTR),Ribosome,5.541289
RBP (5′UTR),Single Base,0.13898273
RBP (5′UTR),Codon,1.1949552
RBP (5′UTR),9-mer,-1.2631785
RBP (5′UTR),Ribosome,-1.0557239
RBP (5′UTR),Single Base,-0.6813746
RBP (5′UTR),Codon,1.4266918
RBP (5′UTR),9-mer,-1.2853585
RBP (5′UTR),Ribosome,0.4144064
RBP (5′UTR),Single Base,-1.576232
RBP (5′UTR),Codon,-0.096579194
RBP (5′UTR),9-mer,2.1404147
RBP (5′UTR),Ribosome,1.2793409
RBP (5′UTR),Single Base,1.4532614
RBP (5′UTR),Codon,-1.2934026
RBP (5′UTR),9-mer,-0.43222317
RBP (5′UTR),Ribosome,-1.5103662
RBP (5′UTR),Single Base,-0.19689262
RBP (5′UTR),Codon,-0.032360643
RBP (5′UTR),9-mer,0.80137867
RBP (5′UTR),Ribosome,-0.5310555
RBP (5′UTR),Single Base,0.466588
RBP (5′UTR),Codon,-0.802568
RBP (5′UTR),9-mer,-0.10527711
RBP (5′UTR),Ribosome,-0.31889093
RBP (5′UTR),Single Base,-0.19791411
RBP (5′UTR),Codon,0.48830596
RBP (5′UTR),9-mer,-0.17584749
RBP (5′UTR),Ribosome,0.06031102
RBP (5′UTR),Single Base,0.48111442
RBP (5′UTR),Codon,-0.80406004
RBP (5′UTR),9-mer,0.14521246
RBP (5′UTR),Ribosome,-0.6841538
RBP (5′UTR),Single Base,4.531647e-05
RBP (5′UTR),Codon,0.18282196
RBP (5′UTR),9-mer,-0.028027792
RBP (5′UTR),Ribosome,-0.36940295
RBP (5′UTR),Single Base,-0.2988819
RBP (5′UTR),Codon,0.28495985
RBP (5′UTR),9-mer,0.10151181
RBP (5′UTR),Ribosome,0.28992718
RBP (5′UTR),Single Base,-0.7187902
RBP (5′UTR),Codon,0.7270829
RBP (5′UTR),9-mer,0.43814212
RBP (5′UTR),Ribosome,-0.07966029
RBP (5′UTR),Single Base,-1.2023407
RBP (5′UTR),Codon,2.3150957
RBP (5′UTR),9-mer,-1.2295902
RBP (5′UTR),Ribosome,0.76453197
RBP (5′UTR),Single Base,1.0781682
RBP (5′UTR),Codon,-0.890136
RBP (5′UTR),9-mer,-1.1043421
RBP (5′UTR),Ribosome,-0.7279573
RBP (5′UTR),Single Base,-2.0551155
RBP (5′UTR),Codon,1.7146717
RBP (5′UTR),9-mer,0.49695477
RBP (5′UTR),Ribosome,2.2314727
RBP (5′UTR),Single Base,-2.6333609
RBP (5′UTR),Codon,3.4968925
RBP (5′UTR),9-mer,-0.6173183
RBP (5′UTR),Ribosome,2.0839748
RBP (5′UTR),Single Base,0.61104995
RBP (5′UTR),Codon,0.23098491
RBP (5′UTR),9-mer,-1.0403994
RBP (5′UTR),Ribosome,-1.2316853
RBP (5′UTR),Single Base,-2.2965999
RBP (5′UTR),Codon,1.8004425
RBP (5′UTR),9-mer,1.8020396
RBP (5′UTR),Ribosome,2.2896934
RBP (5′UTR),Single Base,0.4951278
RBP (5′UTR),Codon,-0.32048735
RBP (5′UTR),9-mer,-0.43447432
RBP (5′UTR),Ribosome,-0.6642057
RBP (5′UTR),Single Base,-0.23632415
RBP (5′UTR),Codon,-0.6954448
RBP (5′UTR),9-mer,1.2474895
RBP (5′UTR),Ribosome,-0.38161093
RBP (5′UTR),Single Base,1.6766202
RBP (5′UTR),Codon,-2.4775655
RBP (5′UTR),9-mer,0.09149161
RBP (5′UTR),Ribosome,-2.6636558
RBP (5′UTR),Single Base,-1.4875709
RBP (5′UTR),Codon,1.3574382
RBP (5′UTR),9-mer,0.85007817
RBP (5′UTR),Ribosome,1.1239412
RBP (5′UTR),Single Base,-1.1749384
RBP (5′UTR),Codon,2.1705916
RBP (5′UTR),9-mer,-1.5959903
RBP (5′UTR),Ribosome,1.2918544
RBP (5′UTR),Single Base,0.013905325
RBP (5′UTR),Codon,-0.026788013
RBP (5′UTR),9-mer,0.036348175
RBP (5′UTR),Ribosome,-0.16849868
RBP (5′UTR),Single Base,1.007784
RBP (5′UTR),Codon,0.39555869
RBP (5′UTR),9-mer,-1.1636373
RBP (5′UTR),Ribosome,-1.3815279
RBP (5′UTR),Single Base,0.6893566
RBP (5′UTR),Codon,-1.3488166
RBP (5′UTR),9-mer,0.6794616
RBP (5′UTR),Ribosome,-0.124903396
RBP (5′UTR),Single Base,1.7505811
RBP (5′UTR),Codon,-1.7326372
RBP (5′UTR),9-mer,-1.2004687
RBP (5′UTR),Ribosome,-1.5154873
RBP (5′UTR),Single Base,-1.4383177
RBP (5′UTR),Codon,1.1927
RBP (5′UTR),9-mer,1.6809984
RBP (5′UTR),Ribosome,1.1223892
RBP (5′UTR),Single Base,-0.22946975
RBP (5′UTR),Codon,0.44448435
RBP (5′UTR),9-mer,-0.46984988
RBP (5′UTR),Ribosome,0.08289739
RBP (5′UTR),Single Base,-1.1025594
RBP (5′UTR),Codon,1.577417
RBP (5′UTR),9-mer,0.8531725
RBP (5′UTR),Ribosome,0.8754259
RBP (5′UTR),Single Base,0.4722041
RBP (5′UTR),Codon,0.3287769
RBP (5′UTR),9-mer,-1.0247736
RBP (5′UTR),Ribosome,-0.42706454
RBP (5′UTR),Single Base,1.5330786
RBP (5′UTR),Codon,-1.2292615
RBP (5′UTR),9-mer,-1.6478331
RBP (5′UTR),Ribosome,-1.0352404
RBP (5′UTR),Single Base,-0.44758764
RBP (5′UTR),Codon,1.056227
RBP (5′UTR),9-mer,0.351838
RBP (5′UTR),Ribosome,-0.7219347
RBP (5′UTR),Single Base,-1.65844
RBP (5′UTR),Codon,2.086094
RBP (5′UTR),9-mer,0.12191006
RBP (5′UTR),Ribosome,1.9340854
RBP (5′UTR),Single Base,-0.72666425
RBP (5′UTR),Codon,0.10082354
RBP (5′UTR),9-mer,1.7040049
RBP (5′UTR),Ribosome,0.87965536
RBP (5′UTR),Single Base,-0.55434763
RBP (5′UTR),Codon,-0.18987893
RBP (5′UTR),9-mer,1.6231314
RBP (5′UTR),Ribosome,0.15720059
RBP (5′UTR),Single Base,0.97641385
RBP (5′UTR),Codon,-0.46238813
RBP (5′UTR),9-mer,-1.6074355
RBP (5′UTR),Ribosome,-0.49434358
RBP (5′UTR),Single Base,0.6862062
RBP (5′UTR),Codon,-1.6689684
RBP (5′UTR),9-mer,1.7451291
RBP (5′UTR),Ribosome,-0.1401867
RBP (5′UTR),Single Base,-0.45822012
RBP (5′UTR),Codon,0.24356088
RBP (5′UTR),9-mer,0.949598
RBP (5′UTR),Ribosome,0.61890686
RBP (5′UTR),Single Base,-0.34639883
RBP (5′UTR),Codon,-0.05247348
RBP (5′UTR),9-mer,0.9699704
RBP (5′UTR),Ribosome,-0.027195478
RBP (5′UTR),Single Base,-1.7112684
RBP (5′UTR),Codon,1.7468901
RBP (5′UTR),9-mer,0.68205583
RBP (5′UTR),Ribosome,1.8285964
RBP (5′UTR),Single Base,-2.6198301
RBP (5′UTR),Codon,1.5477728
RBP (5′UTR),9-mer,1.7676971
RBP (5′UTR),Ribosome,3.817795
RBP (5′UTR),Single Base,0.32157406
RBP (5′UTR),Codon,0.35400793
RBP (5′UTR),9-mer,-0.8951538
RBP (5′UTR),Ribosome,-0.7599219
RBP (5′UTR),Single Base,-2.6703172
RBP (5′UTR),Codon,4.6335926
RBP (5′UTR),9-mer,-0.9314439
RBP (5′UTR),Ribosome,3.1916993
RBP (5′UTR),Single Base,-0.66558003
RBP (5′UTR),Codon,0.6730767
RBP (5′UTR),9-mer,0.43438867
RBP (5′UTR),Ribosome,-1.075769
RBP (5′UTR),Single Base,-2.939594
RBP (5′UTR),Codon,1.2933327
RBP (5′UTR),9-mer,3.265477
RBP (5′UTR),Ribosome,3.3761377
RBP (5′UTR),Single Base,-1.7881365
RBP (5′UTR),Codon,2.6024024
RBP (5′UTR),9-mer,-2.408167
RBP (5′UTR),Ribosome,2.468523
RBP (5′UTR),Single Base,-0.65088123
RBP (5′UTR),Codon,0.51066005
RBP (5′UTR),9-mer,0.020501286
RBP (5′UTR),Ribosome,1.3376089
RBP (5′UTR),Single Base,-0.61304116
RBP (5′UTR),Codon,-0.5875587
RBP (5′UTR),9-mer,2.0774398
RBP (5′UTR),Ribosome,-0.00043370362
RBP (5′UTR),Single Base,-0.39919284
RBP (5′UTR),Codon,1.0628803
RBP (5′UTR),9-mer,-0.257386
RBP (5′UTR),Ribosome,-0.25899193
RBP (5′UTR),Single Base,-0.41585967
RBP (5′UTR),Codon,1.0169504
RBP (5′UTR),9-mer,-0.062365655
RBP (5′UTR),Ribosome,0.10485414
RBP (5′UTR),Single Base,0.46137464
RBP (5′UTR),Codon,-0.5103268
RBP (5′UTR),9-mer,0.14807135
RBP (5′UTR),Ribosome,-1.092827
RBP (5′UTR),Single Base,-1.1219573
RBP (5′UTR),Codon,2.0171633
RBP (5′UTR),9-mer,0.060867753
RBP (5′UTR),Ribosome,0.79279345
RBP (5′UTR),Single Base,0.0600555
RBP (5′UTR),Codon,-0.33672068
RBP (5′UTR),9-mer,1.2026137
RBP (5′UTR),Ribosome,0.2417928
RBP (5′UTR),Single Base,-1.2194058
RBP (5′UTR),Codon,1.1409206
RBP (5′UTR),9-mer,1.35366
RBP (5′UTR),Ribosome,0.2450804
RBP (5′UTR),Single Base,0.17863506
RBP (5′UTR),Codon,-0.027287418
RBP (5′UTR),9-mer,-0.5322934
RBP (5′UTR),Ribosome,-0.19810043
RBP (5′UTR),Single Base,-0.77410483
RBP (5′UTR),Codon,1.0632236
RBP (5′UTR),9-mer,-0.64966446
RBP (5′UTR),Ribosome,0.70708954
RBP (5′UTR),Single Base,2.3475587
RBP (5′UTR),Codon,-1.973193
RBP (5′UTR),9-mer,-1.9513971
RBP (5′UTR),Ribosome,-2.1383963
RBP (5′UTR),Single Base,-0.14754687
RBP (5′UTR),Codon,0.49968958
RBP (5′UTR),9-mer,-0.4349866
RBP (5′UTR),Ribosome,-0.7487509
RBP (5′UTR),Single Base,-0.55101776
RBP (5′UTR),Codon,1.3882504
RBP (5′UTR),9-mer,-1.2002941
RBP (5′UTR),Ribosome,0.55093455
RBP (5′UTR),Single Base,-3.167575
RBP (5′UTR),Codon,3.8161147
RBP (5′UTR),9-mer,-1.1037167
RBP (5′UTR),Ribosome,3.0047438
RBP (5′UTR),Single Base,-1.2076741
RBP (5′UTR),Codon,1.2328757
RBP (5′UTR),9-mer,-0.026553107
RBP (5′UTR),Ribosome,1.2317122
RBP (5′UTR),Single Base,-0.3503783
RBP (5′UTR),Codon,-0.75981265
RBP (5′UTR),9-mer,0.61578315
RBP (5′UTR),Ribosome,1.4794117
RBP (5′UTR),Single Base,1.2628691
RBP (5′UTR),Codon,-1.1161472
RBP (5′UTR),9-mer,-0.30600035
RBP (5′UTR),Ribosome,-1.9994192
RBP (5′UTR),Single Base,0.79975486
RBP (5′UTR),Codon,-1.0236757
RBP (5′UTR),9-mer,-0.21006748
RBP (5′UTR),Ribosome,-0.73701406
RBP (5′UTR),Single Base,1.3142414
RBP (5′UTR),Codon,-1.6786153
RBP (5′UTR),9-mer,-0.7573523
RBP (5′UTR),Ribosome,-0.98634005
RBP (5′UTR),Single Base,-1.3912412
RBP (5′UTR),Codon,2.632005
RBP (5′UTR),9-mer,-1.364248
RBP (5′UTR),Ribosome,0.0015899668
RBP (5′UTR),Single Base,1.1325163
RBP (5′UTR),Codon,-0.24980135
RBP (5′UTR),9-mer,-1.6433498
RBP (5′UTR),Ribosome,-1.2731217
RBP (5′UTR),Single Base,0.2647346
RBP (5′UTR),Codon,-0.09352465
RBP (5′UTR),9-mer,-1.3921449
RBP (5′UTR),Ribosome,0.25596425
RBP (5′UTR),Single Base,0.11503092
RBP (5′UTR),Codon,1.5670487
RBP (5′UTR),9-mer,-2.1614678
RBP (5′UTR),Ribosome,0.2012481
RBP (5′UTR),Single Base,0.9415625
RBP (5′UTR),Codon,-0.4368566
RBP (5′UTR),9-mer,-1.3224813
RBP (5′UTR),Ribosome,-0.575537
RBP (5′UTR),Single Base,0.8224625
RBP (5′UTR),Codon,-0.6220257
RBP (5′UTR),9-mer,-0.30844405
RBP (5′UTR),Ribosome,-1.4515893
RBP (5′UTR),Single Base,-1.7675656
RBP (5′UTR),Codon,1.7433286
RBP (5′UTR),9-mer,0.2129714
RBP (5′UTR),Ribosome,0.64033675
RBP (5′UTR),Single Base,0.7479087
RBP (5′UTR),Codon,-1.1964098
RBP (5′UTR),9-mer,0.18177745
RBP (5′UTR),Ribosome,-0.27528536
RBP (5′UTR),Single Base,-1.9143655
RBP (5′UTR),Codon,2.536128
RBP (5′UTR),9-mer,1.1469942
RBP (5′UTR),Ribosome,1.776446
RBP (5′UTR),Single Base,-1.23566
RBP (5′UTR),Codon,0.8248121
RBP (5′UTR),9-mer,1.5884075
RBP (5′UTR),Ribosome,0.6202526
RBP (5′UTR),Single Base,-2.2973208
RBP (5′UTR),Codon,2.7232597
RBP (5′UTR),9-mer,-0.0076197577
RBP (5′UTR),Ribosome,2.016498
RBP (5′UTR),Single Base,0.6951536
RBP (5′UTR),Codon,-1.0640783
RBP (5′UTR),9-mer,0.26631135
RBP (5′UTR),Ribosome,-1.1113614
RBP (5′UTR),Single Base,3.053378
RBP (5′UTR),Codon,-1.6192485
RBP (5′UTR),9-mer,-2.2631197
RBP (5′UTR),Ribosome,-2.5458586
RBP (5′UTR),Single Base,0.8604895
RBP (5′UTR),Codon,-0.4792088
RBP (5′UTR),9-mer,-0.500066
RBP (5′UTR),Ribosome,-1.395696
RBP (5′UTR),Single Base,-1.0566812
RBP (5′UTR),Codon,0.73714316
RBP (5′UTR),9-mer,-0.038182642
RBP (5′UTR),Ribosome,2.2966669
RBP (5′UTR),Single Base,0.7219942
RBP (5′UTR),Codon,0.70088434
RBP (5′UTR),9-mer,-1.9446095
RBP (5′UTR),Ribosome,0.30813172
RBP (5′UTR),Single Base,1.3492442
RBP (5′UTR),Codon,-1.4962025
RBP (5′UTR),9-mer,-0.7214618
RBP (5′UTR),Ribosome,-0.82161003
RBP (5′UTR),Single Base,0.59549797
RBP (5′UTR),Codon,-0.24856344
RBP (5′UTR),9-mer,-0.515765
RBP (5′UTR),Ribosome,-0.76963985
RBP (5′UTR),Single Base,0.19007239
RBP (5′UTR),Codon,-0.13553059
RBP (5′UTR),9-mer,-0.51108116
RBP (5′UTR),Ribosome,0.06446455
RBP (5′UTR),Single Base,-0.16368482
RBP (5′UTR),Codon,-0.7649098
RBP (5′UTR),9-mer,0.5585686
RBP (5′UTR),Ribosome,-0.58864516
RBP (5′UTR),Single Base,-0.9078863
RBP (5′UTR),Codon,1.3606523
RBP (5′UTR),9-mer,0.03436816
RBP (5′UTR),Ribosome,0.813807
RBP (5′UTR),Single Base,-1.2370828
RBP (5′UTR),Codon,0.5643086
RBP (5′UTR),9-mer,1.6238207
RBP (5′UTR),Ribosome,1.6330276
RBP (5′UTR),Single Base,-0.2684583
RBP (5′UTR),Codon,0.1791756
RBP (5′UTR),9-mer,0.0037720911
RBP (5′UTR),Ribosome,0.77841616
RBP (5′UTR),Single Base,0.44597113
RBP (5′UTR),Codon,-0.44109607
RBP (5′UTR),9-mer,-0.24533385
RBP (5′UTR),Ribosome,-0.2423886
RBP (5′UTR),Single Base,-1.7608184
RBP (5′UTR),Codon,1.1861818
RBP (5′UTR),9-mer,0.031262353
RBP (5′UTR),Ribosome,3.9572272
RBP (5′UTR),Single Base,-0.29738942
RBP (5′UTR),Codon,0.80993664
RBP (5′UTR),9-mer,0.10533857
RBP (5′UTR),Ribosome,-0.9514162
RBP (5′UTR),Single Base,0.22987212
RBP (5′UTR),Codon,0.64759016
RBP (5′UTR),9-mer,-1.202125
RBP (5′UTR),Ribosome,-1.338563
RBP (5′UTR),Single Base,-0.18332689
RBP (5′UTR),Codon,0.59544504
RBP (5′UTR),9-mer,-0.37926513
RBP (5′UTR),Ribosome,-0.31295606
RBP (5′UTR),Single Base,-1.3329678
RBP (5′UTR),Codon,2.064182
RBP (5′UTR),9-mer,0.025430748
RBP (5′UTR),Ribosome,0.34035176
RBP (5′UTR),Single Base,-1.0292667
RBP (5′UTR),Codon,1.8427807
RBP (5′UTR),9-mer,-0.3420396
RBP (5′UTR),Ribosome,0.3773086
RBP (5′UTR),Single Base,-0.7229343
RBP (5′UTR),Codon,0.49049628
RBP (5′UTR),9-mer,0.9354009
RBP (5′UTR),Ribosome,0.8505669
RBP (5′UTR),Single Base,0.19616404
RBP (5′UTR),Codon,-0.047842238
RBP (5′UTR),9-mer,-0.490343
RBP (5′UTR),Ribosome,-0.10255021
RBP (5′UTR),Single Base,-4.069529
RBP (5′UTR),Codon,2.1729105
RBP (5′UTR),9-mer,3.3335156
RBP (5′UTR),Ribosome,4.8488436
RBP (5′UTR),Single Base,-0.7711276
RBP (5′UTR),Codon,1.4408764
RBP (5′UTR),9-mer,-0.73683345
RBP (5′UTR),Ribosome,0.113264106
RBP (5′UTR),Single Base,-2.4872067
RBP (5′UTR),Codon,1.6170536
RBP (5′UTR),9-mer,0.5651054
RBP (5′UTR),Ribosome,2.6693048
RBP (5′UTR),Single Base,0.0044405377
RBP (5′UTR),Codon,-0.08355753
RBP (5′UTR),9-mer,0.5127954
RBP (5′UTR),Ribosome,-0.40468866
RBP (5′UTR),Single Base,0.0708526
RBP (5′UTR),Codon,0.104339875
RBP (5′UTR),9-mer,-0.7534441
RBP (5′UTR),Ribosome,0.188747
RBP (5′UTR),Single Base,0.9425525
RBP (5′UTR),Codon,-0.31516552
RBP (5′UTR),9-mer,-1.2418165
RBP (5′UTR),Ribosome,-0.70162225
RBP (5′UTR),Single Base,-0.13427448
RBP (5′UTR),Codon,0.7045214
RBP (5′UTR),9-mer,-0.42368388
RBP (5′UTR),Ribosome,0.15537272
RBP (5′UTR),Single Base,0.34458727
RBP (5′UTR),Codon,0.22876905
RBP (5′UTR),9-mer,-0.53274465
RBP (5′UTR),Ribosome,-0.6581623
RBP (5′UTR),Single Base,-5.8674517
RBP (5′UTR),Codon,7.49194
RBP (5′UTR),9-mer,0.77082676
RBP (5′UTR),Ribosome,2.117358
RBP (5′UTR),Single Base,1.2040346
RBP (5′UTR),Codon,-1.520477
RBP (5′UTR),9-mer,1.9226209
RBP (5′UTR),Ribosome,-1.2065407
RBP (5′UTR),Single Base,0.6356871
RBP (5′UTR),Codon,-0.23974617
RBP (5′UTR),9-mer,-0.39263883
RBP (5′UTR),Ribosome,-1.3134983
RBP (5′UTR),Single Base,0.03143906
RBP (5′UTR),Codon,0.5178887
RBP (5′UTR),9-mer,-0.9620741
RBP (5′UTR),Ribosome,-0.41251534
RBP (5′UTR),Single Base,1.9217252
RBP (5′UTR),Codon,-2.1560948
RBP (5′UTR),9-mer,-0.32840443
RBP (5′UTR),Ribosome,-1.9653001
RBP (5′UTR),Single Base,0.43457276
RBP (5′UTR),Codon,-0.16916059
RBP (5′UTR),9-mer,-0.43455634
RBP (5′UTR),Ribosome,-0.46681774
RBP (5′UTR),Single Base,-0.6306435
RBP (5′UTR),Codon,1.6178561
RBP (5′UTR),9-mer,-0.7368362
RBP (5′UTR),Ribosome,0.7244192
RBP (5′UTR),Single Base,-0.7378667
RBP (5′UTR),Codon,0.41128504
RBP (5′UTR),9-mer,0.95162886
RBP (5′UTR),Ribosome,0.64953923
RBP (5′UTR),Single Base,-0.80824035
RBP (5′UTR),Codon,0.8618007
RBP (5′UTR),9-mer,0.099588975
RBP (5′UTR),Ribosome,1.5013391
RBP (5′UTR),Single Base,0.13398246
RBP (5′UTR),Codon,-0.2418876
RBP (5′UTR),9-mer,0.07341071
RBP (5′UTR),Ribosome,-0.055998985
RBP (5′UTR),Single Base,-1.5482862
RBP (5′UTR),Codon,1.6588907
RBP (5′UTR),9-mer,0.26840103
RBP (5′UTR),Ribosome,2.03465
RBP (5′UTR),Single Base,0.20392856
RBP (5′UTR),Codon,-0.65798956
RBP (5′UTR),9-mer,1.2402569
RBP (5′UTR),Ribosome,-0.7248803
RBP (5′UTR),Single Base,-1.7660257
RBP (5′UTR),Codon,0.53608936
RBP (5′UTR),9-mer,2.2728214
RBP (5′UTR),Ribosome,0.4983303
RBP (5′UTR),Single Base,-3.434152
RBP (5′UTR),Codon,2.7687886
RBP (5′UTR),9-mer,2.1579068
RBP (5′UTR),Ribosome,3.5849123
RBP (5′UTR),Single Base,-0.2859046
RBP (5′UTR),Codon,-0.009494269
RBP (5′UTR),9-mer,0.806159
RBP (5′UTR),Ribosome,-0.070787266
RBP (5′UTR),Single Base,-1.556897
RBP (5′UTR),Codon,2.7350974
RBP (5′UTR),9-mer,-2.1860278
RBP (5′UTR),Ribosome,0.34293076
RBP (5′UTR),Single Base,-0.74769235
RBP (5′UTR),Codon,3.7223697
RBP (5′UTR),9-mer,-2.2834935
RBP (5′UTR),Ribosome,-1.5693887
RBP (5′UTR),Single Base,-1.2975556
RBP (5′UTR),Codon,1.7810596
RBP (5′UTR),9-mer,0.877567
RBP (5′UTR),Ribosome,0.8944617
RBP (5′UTR),Single Base,0.3725934
RBP (5′UTR),Codon,-0.38294104
RBP (5′UTR),9-mer,-0.12351172
RBP (5′UTR),Ribosome,0.17258573
RBP (5′UTR),Single Base,-0.14685301
RBP (5′UTR),Codon,0.28207073
RBP (5′UTR),9-mer,-0.034170605
RBP (5′UTR),Ribosome,-0.026796054
RBP (5′UTR),Single Base,0.16866447
RBP (5′UTR),Codon,0.006306414
RBP (5′UTR),9-mer,0.053829867
RBP (5′UTR),Ribosome,-1.6221483
RBP (5′UTR),Single Base,1.0429945
RBP (5′UTR),Codon,-0.744076
RBP (5′UTR),9-mer,-1.3849627
RBP (5′UTR),Ribosome,-1.1237848
RBP (5′UTR),Single Base,-1.2658883
RBP (5′UTR),Codon,0.37407827
RBP (5′UTR),9-mer,1.6787888
RBP (5′UTR),Ribosome,1.2813625
RBP (5′UTR),Single Base,-3.2428453
RBP (5′UTR),Codon,4.3524737
RBP (5′UTR),9-mer,-0.15978415
RBP (5′UTR),Ribosome,3.4821653
RBP (5′UTR),Single Base,-0.6905453
RBP (5′UTR),Codon,0.57086545
RBP (5′UTR),9-mer,-0.119222544
RBP (5′UTR),Ribosome,1.914632
RBP (5′UTR),Single Base,0.48062962
RBP (5′UTR),Codon,0.4880668
RBP (5′UTR),9-mer,-2.0416856
RBP (5′UTR),Ribosome,-0.07353625
RBP (5′UTR),Single Base,0.043922693
RBP (5′UTR),Codon,0.38530117
RBP (5′UTR),9-mer,-0.79934675
RBP (5′UTR),Ribosome,-0.18394041
RBP (5′UTR),Single Base,0.53932357
RBP (5′UTR),Codon,-0.39297622
RBP (5′UTR),9-mer,-0.58187556
RBP (5′UTR),Ribosome,0.056399044
RBP (5′UTR),Single Base,1.2019494
RBP (5′UTR),Codon,-1.9644581
RBP (5′UTR),9-mer,1.0963367
RBP (5′UTR),Ribosome,-0.6978626
RBP (5′UTR),Single Base,0.8848062
RBP (5′UTR),Codon,-0.35527256
RBP (5′UTR),9-mer,-1.1082871
RBP (5′UTR),Ribosome,-0.32638887
RBP (5′UTR),Single Base,0.3488622
RBP (5′UTR),Codon,-0.54729384
RBP (5′UTR),9-mer,0.3583625
RBP (5′UTR),Ribosome,-0.4201019
RBP (5′UTR),Single Base,-1.2071253
RBP (5′UTR),Codon,1.5809926
RBP (5′UTR),9-mer,-1.5053778
RBP (5′UTR),Ribosome,1.1494662
RBP (5′UTR),Single Base,0.33974496
RBP (5′UTR),Codon,0.5882174
RBP (5′UTR),9-mer,-0.9088539
RBP (5′UTR),Ribosome,-0.9581618
RBP (5′UTR),Single Base,0.043488134
RBP (5′UTR),Codon,0.5379193
RBP (5′UTR),9-mer,-1.5786178
RBP (5′UTR),Ribosome,0.11703707
RBP (5′UTR),Single Base,-1.4304128
RBP (5′UTR),Codon,1.7165269
RBP (5′UTR),9-mer,-0.9384903
RBP (5′UTR),Ribosome,2.041869
RBP (5′UTR),Single Base,-0.8757525
RBP (5′UTR),Codon,0.8601294
RBP (5′UTR),9-mer,-0.08001679
RBP (5′UTR),Ribosome,2.5067055
RBP (5′UTR),Single Base,-0.66728187
RBP (5′UTR),Codon,2.716249
RBP (5′UTR),9-mer,-2.526188
RBP (5′UTR),Ribosome,0.0075132498
RBP (5′UTR),Single Base,1.1089532
RBP (5′UTR),Codon,-1.8441054
RBP (5′UTR),9-mer,-0.27218965
RBP (5′UTR),Ribosome,-0.9196706
RBP (5′UTR),Single Base,-0.528591
RBP (5′UTR),Codon,0.5949403
RBP (5′UTR),9-mer,-0.01574789
RBP (5′UTR),Ribosome,0.6619476
RBP (5′UTR),Single Base,-0.8456603
RBP (5′UTR),Codon,0.07763082
RBP (5′UTR),9-mer,1.6887456
RBP (5′UTR),Ribosome,0.2457623
RBP (5′UTR),Single Base,-1.1197646
RBP (5′UTR),Codon,0.659814
RBP (5′UTR),9-mer,1.2530931
RBP (5′UTR),Ribosome,1.1823221
RBP (5′UTR),Single Base,0.2509911
RBP (5′UTR),Codon,-0.28101212
RBP (5′UTR),9-mer,-0.062171016
RBP (5′UTR),Ribosome,-0.60933155
RBP (5′UTR),Single Base,0.21141267
RBP (5′UTR),Codon,-0.55275154
RBP (5′UTR),9-mer,0.42016566
RBP (5′UTR),Ribosome,-0.36590877
RBP (5′UTR),Single Base,0.19843258
RBP (5′UTR),Codon,0.32938272
RBP (5′UTR),9-mer,-0.5166002
RBP (5′UTR),Ribosome,-0.8303466
RBP (5′UTR),Single Base,0.31258982
RBP (5′UTR),Codon,-0.20299135
RBP (5′UTR),9-mer,-0.6313407
RBP (5′UTR),Ribosome,0.07990466
RBP (5′UTR),Single Base,0.36313978
RBP (5′UTR),Codon,0.25038671
RBP (5′UTR),9-mer,-0.734893
RBP (5′UTR),Ribosome,-0.6356959
RBP (5′UTR),Single Base,0.8896096
RBP (5′UTR),Codon,-1.2755599
RBP (5′UTR),9-mer,0.43473676
RBP (5′UTR),Ribosome,-0.55574
RBP (5′UTR),Single Base,0.23686191
RBP (5′UTR),Codon,-0.5924913
RBP (5′UTR),9-mer,0.6121642
RBP (5′UTR),Ribosome,-0.23019424
RBP (5′UTR),Single Base,0.8894945
RBP (5′UTR),Codon,-0.6650099
RBP (5′UTR),9-mer,-0.96123874
RBP (5′UTR),Ribosome,-0.17610806
RBP (5′UTR),Single Base,0.69088393
RBP (5′UTR),Codon,-0.96327555
RBP (5′UTR),9-mer,0.28597054
RBP (5′UTR),Ribosome,-0.62882453
RBP (5′UTR),Single Base,-0.78975695
RBP (5′UTR),Codon,1.0903617
RBP (5′UTR),9-mer,-0.46400174
RBP (5′UTR),Ribosome,0.4756289
RBP (5′UTR),Single Base,-0.38014784
RBP (5′UTR),Codon,0.65020835
RBP (5′UTR),9-mer,0.54455554
RBP (5′UTR),Ribosome,-0.99622184
RBP (5′UTR),Single Base,-1.6460017
RBP (5′UTR),Codon,1.2172029
RBP (5′UTR),9-mer,1.7900273
RBP (5′UTR),Ribosome,1.960123
RBP (5′UTR),Single Base,-0.5868647
RBP (5′UTR),Codon,0.53790426
RBP (5′UTR),9-mer,0.45747307
RBP (5′UTR),Ribosome,0.08676455
RBP (5′UTR),Single Base,-1.6538916
RBP (5′UTR),Codon,0.67344004
RBP (5′UTR),9-mer,1.6168653
RBP (5′UTR),Ribosome,0.4373971
RBP (5′UTR),Single Base,-4.098063
RBP (5′UTR),Codon,3.4004192
RBP (5′UTR),9-mer,0.21715778
RBP (5′UTR),Ribosome,8.467438
RBP (5′UTR),Single Base,0.56302226
RBP (5′UTR),Codon,-0.589672
RBP (5′UTR),9-mer,0.21891686
RBP (5′UTR),Ribosome,-0.6700818
RBP (5′UTR),Single Base,1.1633509
RBP (5′UTR),Codon,-1.1859484
RBP (5′UTR),9-mer,-0.31096512
RBP (5′UTR),Ribosome,-1.0253378
RBP (5′UTR),Single Base,-0.27424347
RBP (5′UTR),Codon,-0.52197975
RBP (5′UTR),9-mer,2.0754924
RBP (5′UTR),Ribosome,-0.5427345
RBP (5′UTR),Single Base,0.38906986
RBP (5′UTR),Codon,-0.03429755
RBP (5′UTR),9-mer,-0.3612715
RBP (5′UTR),Ribosome,-0.8080747
RBP (5′UTR),Single Base,-0.42260858
RBP (5′UTR),Codon,1.3546563
RBP (5′UTR),9-mer,-0.7531428
RBP (5′UTR),Ribosome,0.7493341
RBP (5′UTR),Single Base,1.1115249
RBP (5′UTR),Codon,-1.2769632
RBP (5′UTR),9-mer,0.7218711
RBP (5′UTR),Ribosome,-1.3350959
RBP (5′UTR),Single Base,0.3123213
RBP (5′UTR),Codon,0.678127
RBP (5′UTR),9-mer,-1.1743045
RBP (5′UTR),Ribosome,-0.6122406
RBP (5′UTR),Single Base,-0.11108756
RBP (5′UTR),Codon,0.26619586
RBP (5′UTR),9-mer,-0.1899914
RBP (5′UTR),Ribosome,0.04709351
RBP (5′UTR),Single Base,-0.9675349
RBP (5′UTR),Codon,0.9371115
RBP (5′UTR),9-mer,0.98349965
RBP (5′UTR),Ribosome,-0.9371115
RBP (5′UTR),Single Base,0.54287446
RBP (5′UTR),Codon,-0.2259294
RBP (5′UTR),9-mer,-0.98625106
RBP (5′UTR),Ribosome,-0.5278485
RBP (5′UTR),Single Base,-0.14317359
RBP (5′UTR),Codon,-0.18546705
RBP (5′UTR),9-mer,1.2414582
RBP (5′UTR),Ribosome,-0.07572544
RBP (5′UTR),Single Base,0.74942553
RBP (5′UTR),Codon,-0.3782499
RBP (5′UTR),9-mer,-1.1593391
RBP (5′UTR),Ribosome,-0.25265077
RBP (5′UTR),Single Base,0.30493313
RBP (5′UTR),Codon,-0.98195064
RBP (5′UTR),9-mer,1.3734623
RBP (5′UTR),Ribosome,-0.5024263
RBP (5′UTR),Single Base,-0.23482214
RBP (5′UTR),Codon,0.34506777
RBP (5′UTR),9-mer,-0.012028148
RBP (5′UTR),Ribosome,-0.29011577
RBP (5′UTR),Single Base,-0.78748614
RBP (5′UTR),Codon,1.869873
RBP (5′UTR),9-mer,-2.629695
RBP (5′UTR),Ribosome,1.8601606
RBP (5′UTR),Single Base,-1.6239586
RBP (5′UTR),Codon,0.98046863
RBP (5′UTR),9-mer,1.568911
RBP (5′UTR),Ribosome,1.8913397
RBP (5′UTR),Single Base,1.0814879
RBP (5′UTR),Codon,-1.6869949
RBP (5′UTR),9-mer,0.5685843
RBP (5′UTR),Ribosome,-1.2134964
RBP (5′UTR),Single Base,0.32057402
RBP (5′UTR),Codon,0.19072285
RBP (5′UTR),9-mer,-0.74925447
RBP (5′UTR),Ribosome,-0.6021859
RBP (5′UTR),Single Base,0.310398
RBP (5′UTR),Codon,0.4894964
RBP (5′UTR),9-mer,-1.0779696
RBP (5′UTR),Ribosome,-0.3130995
RBP (5′UTR),Single Base,-2.1519046
RBP (5′UTR),Codon,3.3842382
RBP (5′UTR),9-mer,-2.066305
RBP (5′UTR),Ribosome,3.191221
RBP (5′UTR),Single Base,0.6757555
RBP (5′UTR),Codon,-1.0590012
RBP (5′UTR),9-mer,0.21342385
RBP (5′UTR),Ribosome,-0.7939538
RBP (5′UTR),Single Base,-0.5476962
RBP (5′UTR),Codon,1.0670311
RBP (5′UTR),9-mer,-0.68924505
RBP (5′UTR),Ribosome,0.56754124
RBP (5′UTR),Single Base,-0.028664023
RBP (5′UTR),Codon,0.32857534
RBP (5′UTR),9-mer,-0.4146461
RBP (5′UTR),Ribosome,0.48618793
RBP (5′UTR),Single Base,2.5322218
RBP (5′UTR),Codon,-2.650621
RBP (5′UTR),9-mer,-0.081371725
RBP (5′UTR),Ribosome,-1.9711586
RBP (5′UTR),Single Base,-0.7707981
RBP (5′UTR),Codon,1.1658859
RBP (5′UTR),9-mer,0.52247626
RBP (5′UTR),Ribosome,-0.06290217
RBP (5′UTR),Single Base,2.0921812
RBP (5′UTR),Codon,-2.1988807
RBP (5′UTR),9-mer,-1.1490214
RBP (5′UTR),Ribosome,-1.7587407
RBP (5′UTR),Single Base,-1.0340613
RBP (5′UTR),Codon,0.023143953
RBP (5′UTR),9-mer,1.2873598
RBP (5′UTR),Ribosome,0.8855793
RBP (5′UTR),Single Base,1.1246048
RBP (5′UTR),Codon,-1.4092433
RBP (5′UTR),9-mer,-0.62149733
RBP (5′UTR),Ribosome,-0.76597524
RBP (5′UTR),Single Base,-1.2609426
RBP (5′UTR),Codon,0.6611732
RBP (5′UTR),9-mer,0.9489255
RBP (5′UTR),Ribosome,1.2160203
RBP (5′UTR),Single Base,-1.0252854
RBP (5′UTR),Codon,-1.5800557
RBP (5′UTR),9-mer,2.173091
RBP (5′UTR),Ribosome,1.5538871
RBP (5′UTR),Single Base,-0.7019461
RBP (5′UTR),Codon,0.5553122
RBP (5′UTR),9-mer,0.49670765
RBP (5′UTR),Ribosome,0.8809953
RBP (5′UTR),Single Base,1.0140579
RBP (5′UTR),Codon,-0.9912289
RBP (5′UTR),9-mer,-0.3777261
RBP (5′UTR),Ribosome,-1.1976706
RBP (5′UTR),Single Base,-0.9038761
RBP (5′UTR),Codon,1.6229391
RBP (5′UTR),9-mer,0.2722006
RBP (5′UTR),Ribosome,0.047103
RBP (5′UTR),Single Base,0.45310622
RBP (5′UTR),Codon,0.104502104
RBP (5′UTR),9-mer,-1.2220339
RBP (5′UTR),Ribosome,0.80455244
RBP (5′UTR),Single Base,-1.8240013
RBP (5′UTR),Codon,1.7569876
RBP (5′UTR),9-mer,1.9000614
RBP (5′UTR),Ribosome,1.4883534
RBP (5′UTR),Single Base,-1.5321839
RBP (5′UTR),Codon,0.917085
RBP (5′UTR),9-mer,1.4021482
RBP (5′UTR),Ribosome,1.188948
RBP (5′UTR),Single Base,-0.37432703
RBP (5′UTR),Codon,1.3579868
RBP (5′UTR),9-mer,-0.83530736
RBP (5′UTR),Ribosome,-0.2996923
RBP (5′UTR),Single Base,-0.75399804
RBP (5′UTR),Codon,1.01951
RBP (5′UTR),9-mer,0.6285894
RBP (5′UTR),Ribosome,0.21676734
RBP (5′UTR),Single Base,-0.39341
RBP (5′UTR),Codon,0.12666133
RBP (5′UTR),9-mer,0.9411572
RBP (5′UTR),Ribosome,-0.2046465
RBP (5′UTR),Single Base,-3.1113515
RBP (5′UTR),Codon,7.226784
RBP (5′UTR),9-mer,-2.909342
RBP (5′UTR),Ribosome,1.7043098
RBP (5′UTR),Single Base,-3.9146988
RBP (5′UTR),Codon,4.8045106
RBP (5′UTR),9-mer,-0.8165292
RBP (5′UTR),Ribosome,3.0870337
RBP (5′UTR),Single Base,0.68997526
RBP (5′UTR),Codon,-1.6036588
RBP (5′UTR),9-mer,0.728284
RBP (5′UTR),Ribosome,-0.7198985
RBP (5′UTR),Single Base,0.49903175
RBP (5′UTR),Codon,-0.7718769
RBP (5′UTR),9-mer,0.84266543
RBP (5′UTR),Ribosome,-0.6171538
RBP (5′UTR),Single Base,0.88839096
RBP (5′UTR),Codon,-0.17749435
RBP (5′UTR),9-mer,-1.5954936
RBP (5′UTR),Ribosome,-0.14488477
RBP (5′UTR),Single Base,0.62702715
RBP (5′UTR),Codon,0.95221144
RBP (5′UTR),9-mer,-1.9259367
RBP (5′UTR),Ribosome,-1.6640611
RBP (5′UTR),Single Base,0.4629784
RBP (5′UTR),Codon,1.3867697
RBP (5′UTR),9-mer,-2.177901
RBP (5′UTR),Ribosome,-2.0777
RBP (5′UTR),Single Base,0.65536296
RBP (5′UTR),Codon,-0.353439
RBP (5′UTR),9-mer,-1.3697491
RBP (5′UTR),Ribosome,0.5628738
RBP (5′UTR),Single Base,-1.279529
RBP (5′UTR),Codon,1.2506077
RBP (5′UTR),9-mer,-0.2604884
RBP (5′UTR),Ribosome,1.0274363
RBP (5′UTR),Single Base,-1.9562085
RBP (5′UTR),Codon,1.6945323
RBP (5′UTR),9-mer,1.4240865
RBP (5′UTR),Ribosome,1.6904503
RBP (5′UTR),Single Base,-1.3179076
RBP (5′UTR),Codon,1.77788
RBP (5′UTR),9-mer,-0.92302537
RBP (5′UTR),Ribosome,1.6694674
RBP (5′UTR),Single Base,-0.09646867
RBP (5′UTR),Codon,-0.048825976
RBP (5′UTR),9-mer,-0.15903309
RBP (5′UTR),Ribosome,1.1372089
RBP (5′UTR),Single Base,0.75548095
RBP (5′UTR),Codon,-1.0814813
RBP (5′UTR),9-mer,-0.023001311
RBP (5′UTR),Ribosome,-0.45602974
RBP (5′UTR),Single Base,-0.17508501
RBP (5′UTR),Codon,-0.41736057
RBP (5′UTR),9-mer,1.3174123
RBP (5′UTR),Ribosome,-0.025658434
RBP (5′UTR),Single Base,-0.26757443
RBP (5′UTR),Codon,0.6246449
RBP (5′UTR),9-mer,-1.3556322
RBP (5′UTR),Ribosome,2.4058037
RBP (5′UTR),Single Base,-0.59880173
RBP (5′UTR),Codon,-1.0049771
RBP (5′UTR),9-mer,1.4588627
RBP (5′UTR),Ribosome,1.3541152
RBP (5′UTR),Single Base,-0.9036858
RBP (5′UTR),Codon,1.4275686
RBP (5′UTR),9-mer,-1.2718312
RBP (5′UTR),Ribosome,0.9986395
RBP (5′UTR),Single Base,-3.7735646
RBP (5′UTR),Codon,3.9352367
RBP (5′UTR),9-mer,-0.102983564
RBP (5′UTR),Ribosome,2.9055142
RBP (5′UTR),Single Base,-0.13830735
RBP (5′UTR),Codon,0.6181402
RBP (5′UTR),9-mer,-0.5930237
RBP (5′UTR),Ribosome,-0.23578387
RBP (5′UTR),Single Base,-0.68843544
RBP (5′UTR),Codon,0.44274926
RBP (5′UTR),9-mer,0.98718995
RBP (5′UTR),Ribosome,0.089396976
RBP (5′UTR),Single Base,1.0689404
RBP (5′UTR),Codon,-0.8590231
RBP (5′UTR),9-mer,-0.5653305
RBP (5′UTR),Ribosome,-1.3097984
RBP (5′UTR),Single Base,0.66186607
RBP (5′UTR),Codon,0.38044965
RBP (5′UTR),9-mer,-1.0366483
RBP (5′UTR),Ribosome,-1.3253403
RBP (5′UTR),Single Base,-0.43699914
RBP (5′UTR),Codon,0.07688409
RBP (5′UTR),9-mer,1.2188467
RBP (5′UTR),Ribosome,0.03152204
RBP (5′UTR),Single Base,0.75358504
RBP (5′UTR),Codon,-0.8496475
RBP (5′UTR),9-mer,0.06452845
RBP (5′UTR),Ribosome,-0.7045527
RBP (5′UTR),Single Base,0.22109437
RBP (5′UTR),Codon,-0.0936152
RBP (5′UTR),9-mer,-0.74457943
RBP (5′UTR),Ribosome,-0.21068612
RBP (5′UTR),Single Base,-5.7638283
RBP (5′UTR),Codon,7.2080803
RBP (5′UTR),9-mer,2.773994
RBP (5′UTR),Ribosome,5.1716366
RBP (5′UTR),Single Base,-1.7672546
RBP (5′UTR),Codon,0.9831498
RBP (5′UTR),9-mer,1.7791178
RBP (5′UTR),Ribosome,1.6259661
RBP (5′UTR),Single Base,-2.127524
RBP (5′UTR),Codon,2.2868319
RBP (5′UTR),9-mer,0.92622703
RBP (5′UTR),Ribosome,1.9807634
RBP (5′UTR),Single Base,-0.25061074
RBP (5′UTR),Codon,0.084397554
RBP (5′UTR),9-mer,0.7755041
RBP (5′UTR),Ribosome,0.07408
RBP (5′UTR),Single Base,-2.0500815
RBP (5′UTR),Codon,3.2641656
RBP (5′UTR),9-mer,-0.52415556
RBP (5′UTR),Ribosome,2.6293218
RBP (5′UTR),Single Base,-0.32899007
RBP (5′UTR),Codon,0.43345457
RBP (5′UTR),9-mer,-0.020979488
RBP (5′UTR),Ribosome,0.19895585
RBP (5′UTR),Single Base,0.7743385
RBP (5′UTR),Codon,0.14599563
RBP (5′UTR),9-mer,-1.6281612
RBP (5′UTR),Ribosome,-1.0624232
RBP (5′UTR),Single Base,0.64804226
RBP (5′UTR),Codon,-0.3075634
RBP (5′UTR),9-mer,-0.86315846
RBP (5′UTR),Ribosome,-0.28736413
RBP (5′UTR),Single Base,-0.27979156
RBP (5′UTR),Codon,0.08629222
RBP (5′UTR),9-mer,0.41446713
RBP (5′UTR),Ribosome,0.31144187
RBP (5′UTR),Single Base,0.92182845
RBP (5′UTR),Codon,-0.8142796
RBP (5′UTR),9-mer,-1.1751024
RBP (5′UTR),Ribosome,-0.68872285
RBP (5′UTR),Single Base,1.7551318
RBP (5′UTR),Codon,-1.4355704
RBP (5′UTR),9-mer,-1.0635778
RBP (5′UTR),Ribosome,-2.2480016
RBP (5′UTR),Single Base,-1.1441058
RBP (5′UTR),Codon,3.2424524
RBP (5′UTR),9-mer,-0.22201625
RBP (5′UTR),Ribosome,0.45313683
RBP (5′UTR),Single Base,-0.14062919
RBP (5′UTR),Codon,0.6896772
RBP (5′UTR),9-mer,-1.0729958
RBP (5′UTR),Ribosome,0.23474474
RBP (5′UTR),Single Base,-0.269727
RBP (5′UTR),Codon,-0.10648096
RBP (5′UTR),9-mer,0.11721639
RBP (5′UTR),Ribosome,0.84887487
RBP (5′UTR),Single Base,-1.5813953
RBP (5′UTR),Codon,1.2682899
RBP (5′UTR),9-mer,1.4520284
RBP (5′UTR),Ribosome,1.0485057
RBP (5′UTR),Single Base,-0.058772825
RBP (5′UTR),Codon,0.14501525
RBP (5′UTR),9-mer,-0.07463754
RBP (5′UTR),Ribosome,-0.16634503
RBP (5′UTR),Single Base,-0.35856095
RBP (5′UTR),Codon,1.0265129
RBP (5′UTR),9-mer,-1.2579831
RBP (5′UTR),Ribosome,0.28473237
RBP (5′UTR),Single Base,0.061002836
RBP (5′UTR),Codon,0.70742595
RBP (5′UTR),9-mer,-1.1449538
RBP (5′UTR),Ribosome,-0.07072154
RBP (5′UTR),Single Base,-1.06231
RBP (5′UTR),Codon,0.84361225
RBP (5′UTR),9-mer,-0.53473485
RBP (5′UTR),Ribosome,1.5644433
RBP (5′UTR),Single Base,1.3204309
RBP (5′UTR),Codon,-0.45789945
RBP (5′UTR),9-mer,-2.2452164
RBP (5′UTR),Ribosome,-0.18535696
RBP (5′UTR),Single Base,1.7761959
RBP (5′UTR),Codon,-1.7138168
RBP (5′UTR),9-mer,-1.8869597
RBP (5′UTR),Ribosome,-1.6050515
RBP (5′UTR),Single Base,-0.066952705
RBP (5′UTR),Codon,0.49619618
RBP (5′UTR),9-mer,-0.15517172
RBP (5′UTR),Ribosome,-0.41537327
RBP (5′UTR),Single Base,-1.6851275
RBP (5′UTR),Codon,1.6032296
RBP (5′UTR),9-mer,0.70278853
RBP (5′UTR),Ribosome,2.405268
RBP (5′UTR),Single Base,-0.7941677
RBP (5′UTR),Codon,1.0732447
RBP (5′UTR),9-mer,-0.36267534
RBP (5′UTR),Ribosome,0.78789896
RBP (5′UTR),Single Base,-0.18376508
RBP (5′UTR),Codon,0.022924962
RBP (5′UTR),9-mer,0.826114
RBP (5′UTR),Ribosome,-1.0335437
RBP (5′UTR),Single Base,1.1650176
RBP (5′UTR),Codon,-0.94275486
RBP (5′UTR),9-mer,-0.8101387
RBP (5′UTR),Ribosome,0.14413014
RBP (5′UTR),Single Base,1.3490204
RBP (5′UTR),Codon,0.7580468
RBP (5′UTR),9-mer,-4.6053
RBP (5′UTR),Ribosome,-1.0912534
RBP (5′UTR),Single Base,-0.44794208
RBP (5′UTR),Codon,1.3352185
RBP (5′UTR),9-mer,-1.5249851
RBP (5′UTR),Ribosome,-0.23679547
RBP (5′UTR),Single Base,0.65612036
RBP (5′UTR),Codon,-0.52459073
RBP (5′UTR),9-mer,-0.6237759
RBP (5′UTR),Ribosome,-0.63999826
RBP (5′UTR),Single Base,1.799619
RBP (5′UTR),Codon,-0.900216
RBP (5′UTR),9-mer,-2.1386619
RBP (5′UTR),Ribosome,-1.8982842
RBP (5′UTR),Single Base,-2.0472624
RBP (5′UTR),Codon,2.184431
RBP (5′UTR),9-mer,1.3254833
RBP (5′UTR),Ribosome,2.1040323
RBP (5′UTR),Single Base,0.4340216
RBP (5′UTR),Codon,-0.71967614
RBP (5′UTR),9-mer,0.3828325
RBP (5′UTR),Ribosome,-0.5021522
RBP (5′UTR),Single Base,-1.1959373
RBP (5′UTR),Codon,1.7183334
RBP (5′UTR),9-mer,-0.6542237
RBP (5′UTR),Ribosome,1.460846
RBP (5′UTR),Single Base,-2.686299
RBP (5′UTR),Codon,2.199262
RBP (5′UTR),9-mer,1.3579596
RBP (5′UTR),Ribosome,2.2057304
RBP (5′UTR),Single Base,-2.0561323
RBP (5′UTR),Codon,1.9663134
RBP (5′UTR),9-mer,-0.77261186
RBP (5′UTR),Ribosome,2.670588
RBP (5′UTR),Single Base,-3.164742
RBP (5′UTR),Codon,3.3870595
RBP (5′UTR),9-mer,-1.3013556
RBP (5′UTR),Ribosome,3.241544
RBP (5′UTR),Single Base,-1.1499686
RBP (5′UTR),Codon,1.2666552
RBP (5′UTR),9-mer,-0.3683205
RBP (5′UTR),Ribosome,1.4923643
RBP (5′UTR),Single Base,-0.1940352
RBP (5′UTR),Codon,0.19756608
RBP (5′UTR),9-mer,0.16982256
RBP (5′UTR),Ribosome,0.08242244
RBP (5′UTR),Single Base,0.88238996
RBP (5′UTR),Codon,0.2775071
RBP (5′UTR),9-mer,-2.4554088
RBP (5′UTR),Ribosome,-0.7829921
RBP (5′UTR),Single Base,0.27994826
RBP (5′UTR),Codon,0.63468224
RBP (5′UTR),9-mer,-0.7350197
RBP (5′UTR),Ribosome,-1.1980565
RBP (5′UTR),Single Base,-0.1362196
RBP (5′UTR),Codon,-0.6082145
RBP (5′UTR),9-mer,0.5223321
RBP (5′UTR),Ribosome,0.5507153
RBP (5′UTR),Single Base,0.44714603
RBP (5′UTR),Codon,1.166705
RBP (5′UTR),9-mer,-1.6853883
RBP (5′UTR),Ribosome,-0.2268719
RBP (5′UTR),Single Base,-0.4587685
RBP (5′UTR),Codon,0.74065685
RBP (5′UTR),9-mer,0.18769796
RBP (5′UTR),Ribosome,0.26723242
RBP (5′UTR),Single Base,0.11330706
RBP (5′UTR),Codon,-0.641809
RBP (5′UTR),9-mer,1.4251033
RBP (5′UTR),Ribosome,-0.23042473
RBP (5′UTR),Single Base,0.48532555
RBP (5′UTR),Codon,0.22453046
RBP (5′UTR),9-mer,-1.390425
RBP (5′UTR),Ribosome,0.42539203
RBP (5′UTR),Single Base,-0.4098189
RBP (5′UTR),Codon,0.18475023
RBP (5′UTR),9-mer,0.49711785
RBP (5′UTR),Ribosome,0.7698819
RBP (5′UTR),Single Base,0.43841565
RBP (5′UTR),Codon,-0.59844786
RBP (5′UTR),9-mer,0.2510181
RBP (5′UTR),Ribosome,-0.9982618
RBP (5′UTR),Single Base,-0.051573876
RBP (5′UTR),Codon,-0.18537326
RBP (5′UTR),9-mer,0.64666635
RBP (5′UTR),Ribosome,-0.55758566
RBP (5′UTR),Single Base,0.8538955
RBP (5′UTR),Codon,-1.0591046
RBP (5′UTR),9-mer,0.08879382
RBP (5′UTR),Ribosome,-1.2026892
RBP (5′UTR),Single Base,1.1426463
RBP (5′UTR),Codon,-1.1077206
RBP (5′UTR),9-mer,-0.8488788
RBP (5′UTR),Ribosome,-1.141784
RBP (5′UTR),Single Base,-0.75522727
RBP (5′UTR),Codon,1.3713644
RBP (5′UTR),9-mer,-0.19696967
RBP (5′UTR),Ribosome,0.9847984
RBP (5′UTR),Single Base,-2.0082486
RBP (5′UTR),Codon,0.8846413
RBP (5′UTR),9-mer,1.6108867
RBP (5′UTR),Ribosome,1.6826797
RBP (5′UTR),Single Base,0.8562721
RBP (5′UTR),Codon,-0.755604
RBP (5′UTR),9-mer,-0.4191216
RBP (5′UTR),Ribosome,-0.70427006
RBP (5′UTR),Single Base,-1.6656964
RBP (5′UTR),Codon,1.3162885
RBP (5′UTR),9-mer,1.6217023
RBP (5′UTR),Ribosome,1.464906
RBP (5′UTR),Single Base,0.5012709
RBP (5′UTR),Codon,-0.87558603
RBP (5′UTR),9-mer,0.15136568
RBP (5′UTR),Ribosome,-0.63818836
RBP (5′UTR),Single Base,1.4081751
RBP (5′UTR),Codon,-0.8287697
RBP (5′UTR),9-mer,-1.2189175
RBP (5′UTR),Ribosome,-2.0233319
RBP (5′UTR),Single Base,-1.1732851
RBP (5′UTR),Codon,0.38148457
RBP (5′UTR),9-mer,1.7399431
RBP (5′UTR),Ribosome,1.471064
RBP (5′UTR),Single Base,0.017625306
RBP (5′UTR),Codon,0.007582068
RBP (5′UTR),9-mer,-0.15305397
RBP (5′UTR),Ribosome,0.37908113
RBP (5′UTR),Single Base,-3.2767859
RBP (5′UTR),Codon,2.9274948
RBP (5′UTR),9-mer,1.750947
RBP (5′UTR),Ribosome,3.6089597
RBP (5′UTR),Single Base,0.16317844
RBP (5′UTR),Codon,0.28836772
RBP (5′UTR),9-mer,-0.9478027
RBP (5′UTR),Ribosome,-0.29476404
RBP (5′UTR),Single Base,0.62390405
RBP (5′UTR),Codon,-1.8299603
RBP (5′UTR),9-mer,0.9696185
RBP (5′UTR),Ribosome,-0.48280168
RBP (5′UTR),Single Base,1.3422058
RBP (5′UTR),Codon,-1.3131119
RBP (5′UTR),9-mer,-1.3495648
RBP (5′UTR),Ribosome,-1.3087087
RBP (5′UTR),Single Base,0.11741276
RBP (5′UTR),Codon,-0.6760158
RBP (5′UTR),9-mer,0.15949538
RBP (5′UTR),Ribosome,0.06973802
RBP (5′UTR),Single Base,1.6342527
RBP (5′UTR),Codon,-1.0321363
RBP (5′UTR),9-mer,-0.34487286
RBP (5′UTR),Ribosome,-1.7038671
RBP (5′UTR),Single Base,3.5967937
RBP (5′UTR),Codon,-4.1503067
RBP (5′UTR),9-mer,-1.7641894
RBP (5′UTR),Ribosome,-2.908146
RBP (5′UTR),Single Base,0.033371937
RBP (5′UTR),Codon,1.0389683
RBP (5′UTR),9-mer,-0.86878085
RBP (5′UTR),Ribosome,-0.835357
RBP (5′UTR),Single Base,-0.4813657
RBP (5′UTR),Codon,0.34178576
RBP (5′UTR),9-mer,0.9712514
RBP (5′UTR),Ribosome,0.13719024
RBP (5′UTR),Single Base,1.6204587
RBP (5′UTR),Codon,-1.2924098
RBP (5′UTR),9-mer,-1.0707169
RBP (5′UTR),Ribosome,-2.1218295
RBP (5′UTR),Single Base,-1.3276956
RBP (5′UTR),Codon,2.0545464
RBP (5′UTR),9-mer,-1.0959163
RBP (5′UTR),Ribosome,3.6323152
RBP (5′UTR),Single Base,-0.8817481
RBP (5′UTR),Codon,0.27975482
RBP (5′UTR),9-mer,1.1014837
RBP (5′UTR),Ribosome,0.55993676
RBP (5′UTR),Single Base,-0.2121325
RBP (5′UTR),Codon,0.41151622
RBP (5′UTR),9-mer,-0.2761675
RBP (5′UTR),Ribosome,-0.07975911
RBP (5′UTR),Single Base,0.7817656
RBP (5′UTR),Codon,-0.37527594
RBP (5′UTR),9-mer,-1.3123188
RBP (5′UTR),Ribosome,-0.2707552
RBP (5′UTR),Single Base,-0.016922886
RBP (5′UTR),Codon,0.19976807
RBP (5′UTR),9-mer,0.3104554
RBP (5′UTR),Ribosome,-0.47408438
RBP (5′UTR),Single Base,1.187332
RBP (5′UTR),Codon,-0.061564382
RBP (5′UTR),9-mer,-1.0539845
RBP (5′UTR),Ribosome,-0.035140418
RBP (5′UTR),Single Base,0.5874919
RBP (5′UTR),Codon,0.2614265
RBP (5′UTR),9-mer,-1.674071
RBP (5′UTR),Ribosome,0.3631585
RBP (5′UTR),Single Base,0.123602465
RBP (5′UTR),Codon,0.13292357
RBP (5′UTR),9-mer,-0.35966426
RBP (5′UTR),Ribosome,-0.17221937
RBP (5′UTR),Single Base,0.004468679
RBP (5′UTR),Codon,-0.14866501
RBP (5′UTR),9-mer,0.73837554
RBP (5′UTR),Ribosome,-0.5504082
RBP (5′UTR),Single Base,-0.300228
RBP (5′UTR),Codon,0.6667873
RBP (5′UTR),9-mer,-0.18700667
RBP (5′UTR),Ribosome,-0.54615384
RBP (5′UTR),Single Base,0.4611685
RBP (5′UTR),Codon,-0.44915813
RBP (5′UTR),9-mer,0.24926658
RBP (5′UTR),Ribosome,0.02512121
RBP (5′UTR),Single Base,-0.43958396
RBP (5′UTR),Codon,0.72365147
RBP (5′UTR),9-mer,0.11122641
RBP (5′UTR),Ribosome,-0.11280721
RBP (5′UTR),Single Base,-0.28574768
RBP (5′UTR),Codon,-0.57292676
RBP (5′UTR),9-mer,1.1058398
RBP (5′UTR),Ribosome,0.623305
RBP (5′UTR),Single Base,-0.95674735
RBP (5′UTR),Codon,1.5427358
RBP (5′UTR),9-mer,-0.46244013
RBP (5′UTR),Ribosome,0.3834284
RBP (5′UTR),Single Base,1.3133267
RBP (5′UTR),Codon,-2.0536273
RBP (5′UTR),9-mer,0.44813514
RBP (5′UTR),Ribosome,0.06536909
RBP (5′UTR),Single Base,0.7705954
RBP (5′UTR),Codon,-0.4651047
RBP (5′UTR),9-mer,-0.83624166
RBP (5′UTR),Ribosome,-0.7526005
RBP (5′UTR),Single Base,1.3445693
RBP (5′UTR),Codon,-0.95336163
RBP (5′UTR),9-mer,-1.0446243
RBP (5′UTR),Ribosome,-1.5161382
RBP (5′UTR),Single Base,-0.73752964
RBP (5′UTR),Codon,2.5688381
RBP (5′UTR),9-mer,-3.0784407
RBP (5′UTR),Ribosome,0.54022014
RBP (5′UTR),Single Base,-0.18089485
RBP (5′UTR),Codon,3.6440954
RBP (5′UTR),9-mer,-2.3718655
RBP (5′UTR),Ribosome,-0.7116634
RBP (5′UTR),Single Base,0.6684025
RBP (5′UTR),Codon,-1.068197
RBP (5′UTR),9-mer,0.44867873
RBP (5′UTR),Ribosome,0.6119037
RBP (5′UTR),Single Base,0.48157
RBP (5′UTR),Codon,-0.51303077
RBP (5′UTR),9-mer,-0.31796628
RBP (5′UTR),Ribosome,0.17266446
RBP (5′UTR),Single Base,0.7440377
RBP (5′UTR),Codon,-1.4103127
RBP (5′UTR),9-mer,0.5829763
RBP (5′UTR),Ribosome,-0.58205485
RBP (5′UTR),Single Base,-0.0690419
RBP (5′UTR),Codon,-0.26084316
RBP (5′UTR),9-mer,1.2057781
RBP (5′UTR),Ribosome,-0.57199115
RBP (5′UTR),Single Base,-1.0848944
RBP (5′UTR),Codon,0.9097306
RBP (5′UTR),9-mer,0.18814269
RBP (5′UTR),Ribosome,1.3680819
RBP (5′UTR),Single Base,-0.6156154
RBP (5′UTR),Codon,0.2713459
RBP (5′UTR),9-mer,0.9242679
RBP (5′UTR),Ribosome,0.76536244
RBP (5′UTR),Single Base,-1.0989895
RBP (5′UTR),Codon,1.2747
RBP (5′UTR),9-mer,1.0723243
RBP (5′UTR),Ribosome,0.29251978
RBP (5′UTR),Single Base,0.2186075
RBP (5′UTR),Codon,0.25935206
RBP (5′UTR),9-mer,-0.79520655
RBP (5′UTR),Ribosome,-0.49002942
RBP (5′UTR),Single Base,-0.8015235
RBP (5′UTR),Codon,0.8510709
RBP (5′UTR),9-mer,-0.9981773
RBP (5′UTR),Ribosome,2.5557964
RBP (5′UTR),Single Base,0.9889389
RBP (5′UTR),Codon,0.0
RBP (5′UTR),9-mer,0.9675349
RBP (5′UTR),Ribosome,-0.88166493
RBP (5′UTR),Single Base,2.720697
RBP (5′UTR),Codon,-0.7691993
RBP (5′UTR),9-mer,-1.9540571
RBP (5′UTR),Ribosome,-2.6767766
RBP (5′UTR),Single Base,-0.14580722
RBP (5′UTR),Codon,-0.09073349
RBP (5′UTR),9-mer,1.257338
RBP (5′UTR),Ribosome,-0.30338398
RBP (5′UTR),Single Base,2.2972364
RBP (5′UTR),Codon,-1.7801923
RBP (5′UTR),9-mer,-1.7405411
RBP (5′UTR),Ribosome,-1.8990095
RBP (5′UTR),Single Base,1.0926634
RBP (5′UTR),Codon,-0.104320765
RBP (5′UTR),9-mer,-2.4200976
RBP (5′UTR),Ribosome,-0.94571185
RBP (5′UTR),Single Base,-1.0002639
RBP (5′UTR),Codon,0.8768213
RBP (5′UTR),9-mer,0.64874536
RBP (5′UTR),Ribosome,1.5389985
RBP (5′UTR),Single Base,-2.664534
RBP (5′UTR),Codon,1.8547013
RBP (5′UTR),9-mer,1.7813344
RBP (5′UTR),Ribosome,1.2494326
RBP (5′UTR),Single Base,-0.77562803
RBP (5′UTR),Codon,0.64752746
RBP (5′UTR),9-mer,0.33949593
RBP (5′UTR),Ribosome,0.688189
RBP (5′UTR),Single Base,0.20668651
RBP (5′UTR),Codon,0.04617774
RBP (5′UTR),9-mer,-0.9398714
RBP (5′UTR),Ribosome,0.5687737
RBP (5′UTR),Single Base,-0.5229345
RBP (5′UTR),Codon,0.26619074
RBP (5′UTR),9-mer,0.7739559
RBP (5′UTR),Ribosome,0.3417426
RBP (5′UTR),Single Base,-1.2993596
RBP (5′UTR),Codon,0.4236668
RBP (5′UTR),9-mer,2.7524376
RBP (5′UTR),Ribosome,1.0923772
RBP (5′UTR),Single Base,-0.39368114
RBP (5′UTR),Codon,0.5347532
RBP (5′UTR),9-mer,0.015282511
RBP (5′UTR),Ribosome,0.6512769
RBP (5′UTR),Single Base,-0.8483431
RBP (5′UTR),Codon,1.5212885
RBP (5′UTR),9-mer,-0.605206
RBP (5′UTR),Ribosome,0.4224535
RBP (5′UTR),Single Base,-0.44939288
RBP (5′UTR),Codon,0.7387245
RBP (5′UTR),9-mer,0.22385325
RBP (5′UTR),Ribosome,0.17724277
RBP (5′UTR),Single Base,-2.4574244
RBP (5′UTR),Codon,3.975264
RBP (5′UTR),9-mer,-1.0060844
RBP (5′UTR),Ribosome,2.772083
RBP (5′UTR),Single Base,-1.4133157
RBP (5′UTR),Codon,0.5072989
RBP (5′UTR),9-mer,1.6023384
RBP (5′UTR),Ribosome,2.1689587
RBP (5′UTR),Single Base,0.33952597
RBP (5′UTR),Codon,-0.47798222
RBP (5′UTR),9-mer,-0.064774536
RBP (5′UTR),Ribosome,-0.19722547
RBP (5′UTR),Single Base,-1.2481328
RBP (5′UTR),Codon,1.4006524
RBP (5′UTR),9-mer,0.67233425
RBP (5′UTR),Ribosome,0.613995
RBP (5′UTR),Single Base,1.4490201
RBP (5′UTR),Codon,-1.796346
RBP (5′UTR),9-mer,-0.32693633
RBP (5′UTR),Ribosome,-0.6554369
RBP (5′UTR),Single Base,-0.8710825
RBP (5′UTR),Codon,0.2915329
RBP (5′UTR),9-mer,1.8058537
RBP (5′UTR),Ribosome,0.011923097
RBP (5′UTR),Single Base,-0.83421224
RBP (5′UTR),Codon,0.82774514
RBP (5′UTR),9-mer,0.79352415
RBP (5′UTR),Ribosome,0.61614364
RBP (5′UTR),Single Base,-0.5933909
RBP (5′UTR),Codon,1.6917758
RBP (5′UTR),9-mer,-2.8795516
RBP (5′UTR),Ribosome,0.5153268
RBP (5′UTR),Single Base,0.7228942
RBP (5′UTR),Codon,-0.61215734
RBP (5′UTR),9-mer,-0.28181785
RBP (5′UTR),Ribosome,-1.2821876
RBP (5′UTR),Single Base,-0.963619
RBP (5′UTR),Codon,2.2630591
RBP (5′UTR),9-mer,-2.0829992
RBP (5′UTR),Ribosome,2.5972743
RBP (5′UTR),Single Base,-1.6843318
RBP (5′UTR),Codon,0.6629698
RBP (5′UTR),9-mer,1.9190615
RBP (5′UTR),Ribosome,2.0972714
RBP (5′UTR),Single Base,-0.98779666
RBP (5′UTR),Codon,2.196596
RBP (5′UTR),9-mer,0.01904331
RBP (5′UTR),Ribosome,0.46303535
RBP (5′UTR),Single Base,0.6328502
RBP (5′UTR),Codon,0.050044104
RBP (5′UTR),9-mer,-1.054736
RBP (5′UTR),Ribosome,-0.07006708
RBP (5′UTR),Single Base,-0.29195178
RBP (5′UTR),Codon,1.2836825
RBP (5′UTR),9-mer,-0.5240401
RBP (5′UTR),Ribosome,-0.16375229
RBP (5′UTR),Single Base,-1.2006549
RBP (5′UTR),Codon,0.7252922
RBP (5′UTR),9-mer,-0.3907734
RBP (5′UTR),Ribosome,3.0892034
RBP (5′UTR),Single Base,0.45595324
RBP (5′UTR),Codon,0.2620253
RBP (5′UTR),9-mer,-0.61014354
RBP (5′UTR),Ribosome,-1.0861601
RBP (5′UTR),Single Base,-1.5826372
RBP (5′UTR),Codon,1.0921619
RBP (5′UTR),9-mer,1.1287519
RBP (5′UTR),Ribosome,1.853
RBP (5′UTR),Single Base,-1.1705724
RBP (5′UTR),Codon,1.124277
RBP (5′UTR),9-mer,1.161744
RBP (5′UTR),Ribosome,1.214573
RBP (5′UTR),Single Base,-0.9567694
RBP (5′UTR),Codon,-0.5014802
RBP (5′UTR),9-mer,1.6421517
RBP (5′UTR),Ribosome,0.3448802
RBP (5′UTR),Single Base,0.16676942
RBP (5′UTR),Codon,0.033274718
RBP (5′UTR),9-mer,-0.17620762
RBP (5′UTR),Ribosome,-0.39632463
RBP (5′UTR),Single Base,1.2278061
RBP (5′UTR),Codon,-0.63776016
RBP (5′UTR),9-mer,-0.8831727
RBP (5′UTR),Ribosome,-0.9997623
RBP (5′UTR),Single Base,0.43364042
RBP (5′UTR),Codon,-0.56494164
RBP (5′UTR),9-mer,-0.6241805
RBP (5′UTR),Ribosome,0.4135719
RBP (5′UTR),Single Base,-1.6249439
RBP (5′UTR),Codon,1.4223046
RBP (5′UTR),9-mer,1.7571712
RBP (5′UTR),Ribosome,1.6501468
RBP (5′UTR),Single Base,-4.1398416
RBP (5′UTR),Codon,5.0708942
RBP (5′UTR),9-mer,0.37853426
RBP (5′UTR),Ribosome,5.391091
RBP (5′UTR),Single Base,0.48974845
RBP (5′UTR),Codon,-0.7358266
RBP (5′UTR),9-mer,-0.14425403
RBP (5′UTR),Ribosome,0.5487172
RBP (5′UTR),Single Base,0.8428882
RBP (5′UTR),Codon,-1.4001193
RBP (5′UTR),9-mer,0.104835816
RBP (5′UTR),Ribosome,-0.8685296
RBP (5′UTR),Single Base,-0.2248379
RBP (5′UTR),Codon,-0.39400554
RBP (5′UTR),9-mer,0.9763002
RBP (5′UTR),Ribosome,-0.22739856
RBP (5′UTR),Single Base,2.7330894
RBP (5′UTR),Codon,-1.2584499
RBP (5′UTR),9-mer,-2.3357742
RBP (5′UTR),Ribosome,-2.219783
RBP (5′UTR),Single Base,-1.3969656
RBP (5′UTR),Codon,0.28267565
RBP (5′UTR),9-mer,0.15590683
RBP (5′UTR),Ribosome,2.7349775
RBP (5′UTR),Single Base,1.2055656
RBP (5′UTR),Codon,-0.73589814
RBP (5′UTR),9-mer,-0.620953
RBP (5′UTR),Ribosome,-1.2754574
RBP (5′UTR),Single Base,-1.1403313
RBP (5′UTR),Codon,1.93806
RBP (5′UTR),9-mer,-0.107121654
RBP (5′UTR),Ribosome,1.0063751
RBP (5′UTR),Single Base,0.46278882
RBP (5′UTR),Codon,0.90340483
RBP (5′UTR),9-mer,-1.3945129
RBP (5′UTR),Ribosome,-1.6781764
RBP (5′UTR),Single Base,0.20556693
RBP (5′UTR),Codon,-0.20727858
RBP (5′UTR),9-mer,0.13719225
RBP (5′UTR),Ribosome,-0.6253536
RBP (5′UTR),Single Base,0.19780344
RBP (5′UTR),Codon,0.5425221
RBP (5′UTR),9-mer,-0.65438515
RBP (5′UTR),Ribosome,-0.98604107
RBP (5′UTR),Single Base,0.98349965
RBP (5′UTR),Codon,0.9371115
RBP (5′UTR),9-mer,-0.98349965
RBP (5′UTR),Ribosome,0.9371115
RBP (5′UTR),Single Base,-2.6944613
RBP (5′UTR),Codon,3.0675716
RBP (5′UTR),9-mer,-0.9370695
RBP (5′UTR),Ribosome,-1.3011328
RBP (5′UTR),Single Base,-1.3021737
RBP (5′UTR),Codon,1.539503
RBP (5′UTR),9-mer,-0.05288165
RBP (5′UTR),Ribosome,1.305279
RBP (5′UTR),Single Base,0.22062643
RBP (5′UTR),Codon,0.5066433
RBP (5′UTR),9-mer,-1.1649305
RBP (5′UTR),Ribosome,-1.4050274
RBP (5′UTR),Single Base,0.76572794
RBP (5′UTR),Codon,-1.1540879
RBP (5′UTR),9-mer,0.2682084
RBP (5′UTR),Ribosome,-0.4743998
RBP (5′UTR),Single Base,-2.4346359
RBP (5′UTR),Codon,1.277136
RBP (5′UTR),9-mer,4.339302
RBP (5′UTR),Ribosome,0.9700442
RBP (5′UTR),Single Base,1.0292515
RBP (5′UTR),Codon,0.99240893
RBP (5′UTR),9-mer,-2.7972655
RBP (5′UTR),Ribosome,0.7114936
RBP (5′UTR),Single Base,-0.13556044
RBP (5′UTR),Codon,-0.16843256
RBP (5′UTR),9-mer,0.8779874
RBP (5′UTR),Ribosome,0.07013324
RBP (5′UTR),Single Base,0.14769538
RBP (5′UTR),Codon,-0.2912658
RBP (5′UTR),9-mer,-0.024699878
RBP (5′UTR),Ribosome,-0.18051535
RBP (5′UTR),Single Base,0.36838108
RBP (5′UTR),Codon,-0.42261705
RBP (5′UTR),9-mer,-0.16078305
RBP (5′UTR),Ribosome,-0.34472358
RBP (5′UTR),Single Base,-2.86381
RBP (5′UTR),Codon,4.327898
RBP (5′UTR),9-mer,2.0817974
RBP (5′UTR),Ribosome,0.36693633
RBP (5′UTR),Single Base,0.8882728
RBP (5′UTR),Codon,-0.5495786
RBP (5′UTR),9-mer,-0.87555754
RBP (5′UTR),Ribosome,-0.6918196
RBP (5′UTR),Single Base,-1.3594676
RBP (5′UTR),Codon,2.9240997
RBP (5′UTR),9-mer,-4.39119
RBP (5′UTR),Ribosome,-1.0837803
RBP (5′UTR),Single Base,-0.055516127
RBP (5′UTR),Codon,-0.3028804
RBP (5′UTR),9-mer,0.4147274
RBP (5′UTR),Ribosome,0.16227365
RBP (5′UTR),Single Base,1.1422441
RBP (5′UTR),Codon,-0.6652297
RBP (5′UTR),9-mer,-0.82716024
RBP (5′UTR),Ribosome,1.5290288
RBP (5′UTR),Single Base,-1.3396527
RBP (5′UTR),Codon,1.1132953
RBP (5′UTR),9-mer,1.161217
RBP (5′UTR),Ribosome,1.3374141
RBP (5′UTR),Single Base,-1.855224
RBP (5′UTR),Codon,1.1933991
RBP (5′UTR),9-mer,2.975798
RBP (5′UTR),Ribosome,1.6927588
RBP (5′UTR),Single Base,-0.3832614
RBP (5′UTR),Codon,1.7461089
RBP (5′UTR),9-mer,-0.929711
RBP (5′UTR),Ribosome,0.092801794
RBP (5′UTR),Single Base,-1.4487579
RBP (5′UTR),Codon,1.9990237
RBP (5′UTR),9-mer,0.6340662
RBP (5′UTR),Ribosome,0.82388383
RBP (5′UTR),Single Base,-1.6268938
RBP (5′UTR),Codon,1.6062816
RBP (5′UTR),9-mer,0.8167626
RBP (5′UTR),Ribosome,1.8644532
RBP (5′UTR),Single Base,-0.87686366
RBP (5′UTR),Codon,3.0343046
RBP (5′UTR),9-mer,-3.9692497
RBP (5′UTR),Ribosome,1.0041876
RBP (5′UTR),Single Base,-1.480118
RBP (5′UTR),Codon,1.80941
RBP (5′UTR),9-mer,0.20604648
RBP (5′UTR),Ribosome,3.5352983
RBP (5′UTR),Single Base,-4.381831
RBP (5′UTR),Codon,4.5791492
RBP (5′UTR),9-mer,2.7987967
RBP (5′UTR),Ribosome,4.4297104
RBP (5′UTR),Single Base,-0.07178724
RBP (5′UTR),Codon,-0.4168763
RBP (5′UTR),9-mer,0.9487524
RBP (5′UTR),Ribosome,-0.5539338
RBP (5′UTR),Single Base,-1.1315562
RBP (5′UTR),Codon,3.3911293
RBP (5′UTR),9-mer,-2.8524055
RBP (5′UTR),Ribosome,2.2834115
RBP (5′UTR),Single Base,1.414914
RBP (5′UTR),Codon,-1.5775894
RBP (5′UTR),9-mer,0.46207708
RBP (5′UTR),Ribosome,-1.6448884
RBP (5′UTR),Single Base,-0.12448536
RBP (5′UTR),Codon,0.6528321
RBP (5′UTR),9-mer,-0.9319743
RBP (5′UTR),Ribosome,-0.3080572
RBP (5′UTR),Single Base,0.63300455
RBP (5′UTR),Codon,-0.45720747
RBP (5′UTR),9-mer,-0.97307503
RBP (5′UTR),Ribosome,-0.36357716
RBP (5′UTR),Single Base,-0.7277346
RBP (5′UTR),Codon,-0.40404266
RBP (5′UTR),9-mer,1.8668634
RBP (5′UTR),Ribosome,1.9513097
RBP (5′UTR),Single Base,-0.41569355
RBP (5′UTR),Codon,0.25927645
RBP (5′UTR),9-mer,-0.3381438
RBP (5′UTR),Ribosome,1.6954497
RBP (5′UTR),Single Base,-2.0486422
RBP (5′UTR),Codon,2.7834518
RBP (5′UTR),9-mer,1.1666826
RBP (5′UTR),Ribosome,1.8287358
RBP (5′UTR),Single Base,-0.2355278
RBP (5′UTR),Codon,-0.35650107
RBP (5′UTR),9-mer,0.8749698
RBP (5′UTR),Ribosome,0.30789468
RBP (5′UTR),Single Base,0.1101695
RBP (5′UTR),Codon,0.6955156
RBP (5′UTR),9-mer,-1.0343852
RBP (5′UTR),Ribosome,-0.5961531
RBP (5′UTR),Single Base,0.26610914
RBP (5′UTR),Codon,0.4983946
RBP (5′UTR),9-mer,-1.0644363
RBP (5′UTR),Ribosome,0.224192
RBP (5′UTR),Single Base,-0.30650884
RBP (5′UTR),Codon,0.23888415
RBP (5′UTR),9-mer,0.22213285
RBP (5′UTR),Ribosome,0.31505242
RBP (5′UTR),Single Base,-0.7908033
RBP (5′UTR),Codon,-0.17113249
RBP (5′UTR),9-mer,0.93721676
RBP (5′UTR),Ribosome,0.97049487
RBP (5′UTR),Single Base,2.143027
RBP (5′UTR),Codon,-1.4699577
RBP (5′UTR),9-mer,-1.8360091
RBP (5′UTR),Ribosome,-1.639325
RBP (5′UTR),Single Base,-1.171631
RBP (5′UTR),Codon,0.5519568
RBP (5′UTR),9-mer,1.1444111
RBP (5′UTR),Ribosome,0.3642444
RBP (5′UTR),Single Base,-4.2943063
RBP (5′UTR),Codon,6.5504355
RBP (5′UTR),9-mer,0.51225513
RBP (5′UTR),Ribosome,1.8688096
RBP (5′UTR),Single Base,0.26852098
RBP (5′UTR),Codon,-0.6300399
RBP (5′UTR),9-mer,0.29883018
RBP (5′UTR),Ribosome,-0.09400492
RBP (5′UTR),Single Base,0.0
RBP (5′UTR),Codon,0.0
RBP (5′UTR),9-mer,0.9675349
RBP (5′UTR),Ribosome,0.78837276
RBP (5′UTR),Single Base,-1.0973738
RBP (5′UTR),Codon,-0.15727262
RBP (5′UTR),9-mer,1.6012073
RBP (5′UTR),Ribosome,0.8398206
RBP (5′UTR),Single Base,-0.87225085
RBP (5′UTR),Codon,0.77468866
RBP (5′UTR),9-mer,0.14401513
RBP (5′UTR),Ribosome,1.14657
RBP (5′UTR),Single Base,1.773763
RBP (5′UTR),Codon,-1.8165048
RBP (5′UTR),9-mer,-1.4955503
RBP (5′UTR),Ribosome,-1.4322628
RBP (5′UTR),Single Base,0.77614856
RBP (5′UTR),Codon,-1.8959436
RBP (5′UTR),9-mer,0.9361289
RBP (5′UTR),Ribosome,-0.9447631
RBP (5′UTR),Single Base,1.8391927
RBP (5′UTR),Codon,-2.0617971
RBP (5′UTR),9-mer,-1.1923105
RBP (5′UTR),Ribosome,-1.0591391
RBP (5′UTR),Single Base,0.6246686
RBP (5′UTR),Codon,-0.65231776
RBP (5′UTR),9-mer,-0.46839908
RBP (5′UTR),Ribosome,-0.54406106
RBP (5′UTR),Single Base,-2.2608685
RBP (5′UTR),Codon,2.0875719
RBP (5′UTR),9-mer,-0.05664565
RBP (5′UTR),Ribosome,3.1875446
RBP (5′UTR),Single Base,-0.78159875
RBP (5′UTR),Codon,1.2472557
RBP (5′UTR),9-mer,0.44112003
RBP (5′UTR),Ribosome,0.2600667
RBP (5′UTR),Single Base,2.1877942
RBP (5′UTR),Codon,-1.8863201
RBP (5′UTR),9-mer,-1.0392025
RBP (5′UTR),Ribosome,-2.1417859
RBP (5′UTR),Single Base,0.36247325
RBP (5′UTR),Codon,-0.4799145
RBP (5′UTR),9-mer,-0.050465457
RBP (5′UTR),Ribosome,-0.9186087
RBP (5′UTR),Single Base,1.0331583
RBP (5′UTR),Codon,-0.9202142
RBP (5′UTR),9-mer,-0.9432267
RBP (5′UTR),Ribosome,-0.9100542
RBP (5′UTR),Single Base,-1.1473597
RBP (5′UTR),Codon,0.5689561
RBP (5′UTR),9-mer,1.0684183
RBP (5′UTR),Ribosome,1.6445067
RBP (5′UTR),Single Base,0.93744624
RBP (5′UTR),Codon,-0.9247807
RBP (5′UTR),9-mer,-0.25374636
RBP (5′UTR),Ribosome,-0.8549702
RBP (5′UTR),Single Base,0.23126113
RBP (5′UTR),Codon,-0.3453093
RBP (5′UTR),9-mer,-0.12205996
RBP (5′UTR),Ribosome,0.13182795
RBP (5′UTR),Single Base,0.31709787
RBP (5′UTR),Codon,-0.008144033
RBP (5′UTR),9-mer,-0.7222022
RBP (5′UTR),Ribosome,-0.37679103
RBP (5′UTR),Single Base,-1.1709033
RBP (5′UTR),Codon,1.1987481
RBP (5′UTR),9-mer,1.0771809
RBP (5′UTR),Ribosome,0.11152193
RBP (5′UTR),Single Base,-1.8040861
RBP (5′UTR),Codon,1.6310602
RBP (5′UTR),9-mer,1.3073329
RBP (5′UTR),Ribosome,1.505867
RBP (5′UTR),Single Base,0.4055215
RBP (5′UTR),Codon,1.567082
RBP (5′UTR),9-mer,-2.0788896
RBP (5′UTR),Ribosome,1.0827913
RBP (5′UTR),Single Base,1.6761404
RBP (5′UTR),Codon,-1.0982867
RBP (5′UTR),9-mer,-2.3819766
RBP (5′UTR),Ribosome,-1.1679082
RBP (5′UTR),Single Base,0.019327296
RBP (5′UTR),Codon,-0.39360675
RBP (5′UTR),9-mer,1.0857779
RBP (5′UTR),Ribosome,-0.19366062
RBP (5′UTR),Single Base,-0.9994577
RBP (5′UTR),Codon,1.3489583
RBP (5′UTR),9-mer,0.43889526
RBP (5′UTR),Ribosome,0.90412647
RBP (5′UTR),Single Base,1.913671
RBP (5′UTR),Codon,-1.7596626
RBP (5′UTR),9-mer,-1.5135645
RBP (5′UTR),Ribosome,-1.1387419
RBP (5′UTR),Single Base,0.3161551
RBP (5′UTR),Codon,-0.73360133
RBP (5′UTR),9-mer,0.6156239
RBP (5′UTR),Ribosome,-0.33745733
RBP (5′UTR),Single Base,-1.1851062
RBP (5′UTR),Codon,1.6337777
RBP (5′UTR),9-mer,0.5276266
RBP (5′UTR),Ribosome,1.3177123
RBP (5′UTR),Single Base,0.19087417
RBP (5′UTR),Codon,-0.011171242
RBP (5′UTR),9-mer,-0.5738083
RBP (5′UTR),Ribosome,0.4973871
RBP (5′UTR),Single Base,0.14456016
RBP (5′UTR),Codon,0.45888248
RBP (5′UTR),9-mer,-0.7003446
RBP (5′UTR),Ribosome,0.71726316
RBP (5′UTR),Single Base,1.3977427
RBP (5′UTR),Codon,-1.6492838
RBP (5′UTR),9-mer,0.18129152
RBP (5′UTR),Ribosome,-1.3403745
RBP (5′UTR),Single Base,1.1069711
RBP (5′UTR),Codon,-0.7730724
RBP (5′UTR),9-mer,-0.8765152
RBP (5′UTR),Ribosome,-1.3050814
RBP (5′UTR),Single Base,-0.36453822
RBP (5′UTR),Codon,0.34316453
RBP (5′UTR),9-mer,0.48589948
RBP (5′UTR),Ribosome,-0.0070565306
RBP (5′UTR),Single Base,-0.60956305
RBP (5′UTR),Codon,1.9767727
RBP (5′UTR),9-mer,-2.5057898
RBP (5′UTR),Ribosome,1.5372498
RBP (5′UTR),Single Base,-0.5897715
RBP (5′UTR),Codon,0.6089531
RBP (5′UTR),9-mer,-0.22245023
RBP (5′UTR),Ribosome,1.634535
RBP (5′UTR),Single Base,0.7973972
RBP (5′UTR),Codon,-0.6093052
RBP (5′UTR),9-mer,-0.57792693
RBP (5′UTR),Ribosome,-0.8423955
RBP (5′UTR),Single Base,0.82189476
RBP (5′UTR),Codon,-1.3531314
RBP (5′UTR),9-mer,1.5709168
RBP (5′UTR),Ribosome,-1.6293867
RBP (5′UTR),Single Base,0.99168116
RBP (5′UTR),Codon,-0.88166493
RBP (5′UTR),9-mer,0.9675349
RBP (5′UTR),Ribosome,-0.88166493
RBP (5′UTR),Single Base,-2.566816
RBP (5′UTR),Codon,0.14740983
RBP (5′UTR),9-mer,3.5279982
RBP (5′UTR),Ribosome,0.49839377
RBP (5′UTR),Single Base,-1.1507901
RBP (5′UTR),Codon,0.74912345
RBP (5′UTR),9-mer,1.7475586
RBP (5′UTR),Ribosome,0.3916522
RBP (5′UTR),Single Base,-0.8663345
RBP (5′UTR),Codon,0.68343157
RBP (5′UTR),9-mer,1.1699396
RBP (5′UTR),Ribosome,-0.07835617
RBP (5′UTR),Single Base,0.21552941
RBP (5′UTR),Codon,-0.4395569
RBP (5′UTR),9-mer,0.69052815
RBP (5′UTR),Ribosome,-0.6495197
RBP (5′UTR),Single Base,1.2338648
RBP (5′UTR),Codon,-0.71475506
RBP (5′UTR),9-mer,-1.1959865
RBP (5′UTR),Ribosome,-1.1891704
RBP (5′UTR),Single Base,-2.155966
RBP (5′UTR),Codon,1.6399221
RBP (5′UTR),9-mer,1.7743038
RBP (5′UTR),Ribosome,2.0133
RBP (5′UTR),Single Base,-2.0281641
RBP (5′UTR),Codon,2.4642415
RBP (5′UTR),9-mer,0.31855848
RBP (5′UTR),Ribosome,2.849178
RBP (5′UTR),Single Base,0.03411206
RBP (5′UTR),Codon,0.82614195
RBP (5′UTR),9-mer,-1.2299529
RBP (5′UTR),Ribosome,0.09245787
RBP (5′UTR),Single Base,-5.0349855
RBP (5′UTR),Codon,11.116316
RBP (5′UTR),9-mer,-2.7661436
RBP (5′UTR),Ribosome,1.9837704
RBP (5′UTR),Single Base,0.2948482
RBP (5′UTR),Codon,-0.026855234
RBP (5′UTR),9-mer,-0.47637114
RBP (5′UTR),Ribosome,-0.31625053
RBP (5′UTR),Single Base,-0.66859794
RBP (5′UTR),Codon,0.4815886
RBP (5′UTR),9-mer,0.42949042
RBP (5′UTR),Ribosome,1.3359536
RBP (5′UTR),Single Base,0.24776557
RBP (5′UTR),Codon,0.28460574
RBP (5′UTR),9-mer,-0.5765399
RBP (5′UTR),Ribosome,-0.9787195
RBP (5′UTR),Single Base,-1.6516848
RBP (5′UTR),Codon,2.0896704
RBP (5′UTR),9-mer,0.8162865
RBP (5′UTR),Ribosome,1.2566723
RBP (5′UTR),Single Base,-1.2017622
RBP (5′UTR),Codon,1.3437337
RBP (5′UTR),9-mer,0.82541317
RBP (5′UTR),Ribosome,1.3333883
RBP (5′UTR),Single Base,0.048520926
RBP (5′UTR),Codon,0.1390428
RBP (5′UTR),9-mer,-0.19114435
RBP (5′UTR),Ribosome,-0.4761288
RBP (5′UTR),Single Base,-1.1442178
RBP (5′UTR),Codon,4.5210905
RBP (5′UTR),9-mer,-3.9127307
RBP (5′UTR),Ribosome,2.8086326
RBP (5′UTR),Single Base,-4.444439
RBP (5′UTR),Codon,6.4000983
RBP (5′UTR),9-mer,-0.09056532
RBP (5′UTR),Ribosome,0.828169
RBP (5′UTR),Single Base,-0.20427227
RBP (5′UTR),Codon,-0.47459677
RBP (5′UTR),9-mer,1.0152792
RBP (5′UTR),Ribosome,0.07607901
RBP (5′UTR),Single Base,-0.7483472
RBP (5′UTR),Codon,-0.34104708
RBP (5′UTR),9-mer,2.5589046
RBP (5′UTR),Ribosome,2.3209991
RBP (5′UTR),Single Base,-1.3373116
RBP (5′UTR),Codon,2.1444843
RBP (5′UTR),9-mer,-0.14898647
RBP (5′UTR),Ribosome,0.58343863
RBP (5′UTR),Single Base,0.053424645
RBP (5′UTR),Codon,0.43300825
RBP (5′UTR),9-mer,-0.20909439
RBP (5′UTR),Ribosome,-0.41656098
RBP (5′UTR),Single Base,0.96279424
RBP (5′UTR),Codon,-0.75091434
RBP (5′UTR),9-mer,-0.9757039
RBP (5′UTR),Ribosome,-0.20324416
RBP (5′UTR),Single Base,-1.7068888
RBP (5′UTR),Codon,1.4881946
RBP (5′UTR),9-mer,1.8904066
RBP (5′UTR),Ribosome,0.4270195
RBP (5′UTR),Single Base,0.35503277
RBP (5′UTR),Codon,0.11874466
RBP (5′UTR),9-mer,-0.66078275
RBP (5′UTR),Ribosome,-0.46941575
RBP (5′UTR),Single Base,-0.19770455
RBP (5′UTR),Codon,0.744608
RBP (5′UTR),9-mer,-0.37889397
RBP (5′UTR),Ribosome,-0.24679892
RBP (5′UTR),Single Base,0.11456162
RBP (5′UTR),Codon,0.117481254
RBP (5′UTR),9-mer,-0.48301318
RBP (5′UTR),Ribosome,0.002242729
RBP (5′UTR),Single Base,-3.646263
RBP (5′UTR),Codon,5.161852
RBP (5′UTR),9-mer,0.78752714
RBP (5′UTR),Ribosome,3.1714578
RBP (5′UTR),Single Base,0.61973864
RBP (5′UTR),Codon,-0.8176235
RBP (5′UTR),9-mer,-0.225587
RBP (5′UTR),Ribosome,-0.15459345
RBP (5′UTR),Single Base,0.7926023
RBP (5′UTR),Codon,-0.89157325
RBP (5′UTR),9-mer,-0.18032996
RBP (5′UTR),Ribosome,-0.91862255
RBP (5′UTR),Single Base,-1.7677026
RBP (5′UTR),Codon,1.3619871
RBP (5′UTR),9-mer,2.565025
RBP (5′UTR),Ribosome,0.9555296
RBP (5′UTR),Single Base,-0.84948933
RBP (5′UTR),Codon,0.021744737
RBP (5′UTR),9-mer,-0.6393452
RBP (5′UTR),Ribosome,3.0528193
RBP (5′UTR),Single Base,-1.1056395
RBP (5′UTR),Codon,0.6081215
RBP (5′UTR),9-mer,1.39693
RBP (5′UTR),Ribosome,0.6169114
RBP (5′UTR),Single Base,-0.8935429
RBP (5′UTR),Codon,2.0044808
RBP (5′UTR),9-mer,-0.63752943
RBP (5′UTR),Ribosome,1.7314721
RBP (5′UTR),Single Base,5.1200433
RBP (5′UTR),Codon,-3.9897604
RBP (5′UTR),9-mer,-4.487725
RBP (5′UTR),Ribosome,-4.097047
RBP (5′UTR),Single Base,0.19507691
RBP (5′UTR),Codon,0.24254456
RBP (5′UTR),9-mer,-0.59478235
RBP (5′UTR),Ribosome,-0.11710913
RBP (5′UTR),Single Base,-2.3473563
RBP (5′UTR),Codon,2.943743
RBP (5′UTR),9-mer,1.329382
RBP (5′UTR),Ribosome,0.38236737
RBP (5′UTR),Single Base,0.21698298
RBP (5′UTR),Codon,-0.33698842
RBP (5′UTR),9-mer,-0.014649447
RBP (5′UTR),Ribosome,-0.39919385
RBP (5′UTR),Single Base,-0.7626282
RBP (5′UTR),Codon,2.0712802
RBP (5′UTR),9-mer,-1.8325423
RBP (5′UTR),Ribosome,-0.45433885
RBP (5′UTR),Single Base,-1.8096713
RBP (5′UTR),Codon,0.39374617
RBP (5′UTR),9-mer,2.587445
RBP (5′UTR),Ribosome,1.4689655
RBP (5′UTR),Single Base,1.1503671
RBP (5′UTR),Codon,-0.08802442
RBP (5′UTR),9-mer,-1.913688
RBP (5′UTR),Ribosome,-1.0273623
RBP (5′UTR),Single Base,-1.1974201
RBP (5′UTR),Codon,0.4953605
RBP (5′UTR),9-mer,3.1004345
RBP (5′UTR),Ribosome,1.814396
RBP (5′UTR),Single Base,-1.0555283
RBP (5′UTR),Codon,1.4580241
RBP (5′UTR),9-mer,-0.17460647
RBP (5′UTR),Ribosome,1.6528939
RBP (5′UTR),Single Base,-1.8918909
RBP (5′UTR),Codon,1.8610206
RBP (5′UTR),9-mer,0.7410048
RBP (5′UTR),Ribosome,1.3582156
RBP (5′UTR),Single Base,-1.0678736
RBP (5′UTR),Codon,0.96376103
RBP (5′UTR),9-mer,0.9355004
RBP (5′UTR),Ribosome,1.0667433
RBP (5′UTR),Single Base,-0.9215947
RBP (5′UTR),Codon,1.5510604
RBP (5′UTR),9-mer,-1.5197757
RBP (5′UTR),Ribosome,0.66171294
RBP (5′UTR),Single Base,1.0950831
RBP (5′UTR),Codon,-1.351514
RBP (5′UTR),9-mer,-0.1860181
RBP (5′UTR),Ribosome,-1.0278484
RBP (5′UTR),Single Base,-0.5944381
RBP (5′UTR),Codon,-0.40071234
RBP (5′UTR),9-mer,1.9439341
RBP (5′UTR),Ribosome,0.52178055
RBP (5′UTR),Single Base,0.0
RBP (5′UTR),Codon,0.9571766
RBP (5′UTR),9-mer,0.9675349
RBP (5′UTR),Ribosome,-0.9371115
RBP (5′UTR),Single Base,-0.41456327
RBP (5′UTR),Codon,0.10890667
RBP (5′UTR),9-mer,0.6584653
RBP (5′UTR),Ribosome,0.10190334
RBP (5′UTR),Single Base,-1.5905968
RBP (5′UTR),Codon,0.87616885
RBP (5′UTR),9-mer,1.9282316
RBP (5′UTR),Ribosome,0.88405573
RBP (5′UTR),Single Base,-0.3140276
RBP (5′UTR),Codon,0.56924284
RBP (5′UTR),9-mer,0.14120367
RBP (5′UTR),Ribosome,-0.69998634
RBP (5′UTR),Single Base,1.4817313
RBP (5′UTR),Codon,-1.4289546
RBP (5′UTR),9-mer,-1.5255097
RBP (5′UTR),Ribosome,-1.0030919
RBP (5′UTR),Single Base,0.011416008
RBP (5′UTR),Codon,0.22891524
RBP (5′UTR),9-mer,-0.85583556
RBP (5′UTR),Ribosome,0.583153
RBP (5′UTR),Single Base,0.39460653
RBP (5′UTR),Codon,-0.003660624
RBP (5′UTR),9-mer,-0.56258905
RBP (5′UTR),Ribosome,-0.6412643
RBP (5′UTR),Single Base,0.7530323
RBP (5′UTR),Codon,-0.15417553
RBP (5′UTR),9-mer,-1.0336268
RBP (5′UTR),Ribosome,-0.549207
RBP (5′UTR),Single Base,-0.3126511
RBP (5′UTR),Codon,0.6271624
RBP (5′UTR),9-mer,-0.20782453
RBP (5′UTR),Ribosome,0.07679674
RBP (5′UTR),Single Base,-1.8390623
RBP (5′UTR),Codon,1.4443526
RBP (5′UTR),9-mer,1.7148577
RBP (5′UTR),Ribosome,0.67699784
RBP (5′UTR),Single Base,0.9005383
RBP (5′UTR),Codon,-0.71261513
RBP (5′UTR),9-mer,-1.0234119
RBP (5′UTR),Ribosome,-0.9090312
RBP (5′UTR),Single Base,-0.26107338
RBP (5′UTR),Codon,0.23532724
RBP (5′UTR),9-mer,0.023686444
RBP (5′UTR),Ribosome,0.53354996
RBP (5′UTR),Single Base,-0.45686576
RBP (5′UTR),Codon,0.4256287
RBP (5′UTR),9-mer,0.4783283
RBP (5′UTR),Ribosome,0.096255936
RBP (5′UTR),Single Base,-0.23777805
RBP (5′UTR),Codon,-0.13807873
RBP (5′UTR),9-mer,0.5994363
RBP (5′UTR),Ribosome,0.19896573
RBP (5′UTR),Single Base,-2.4817927
RBP (5′UTR),Codon,2.4417598
RBP (5′UTR),9-mer,1.5634152
RBP (5′UTR),Ribosome,2.2062078
RBP (5′UTR),Single Base,0.6619952
RBP (5′UTR),Codon,-0.6267029
RBP (5′UTR),9-mer,0.8810211
RBP (5′UTR),Ribosome,-0.7847511
RBP (5′UTR),Single Base,-1.209895
RBP (5′UTR),Codon,2.1555402
RBP (5′UTR),9-mer,-1.0142698
RBP (5′UTR),Ribosome,1.2067453
RBP (5′UTR),Single Base,0.6130776
RBP (5′UTR),Codon,-1.1230766
RBP (5′UTR),9-mer,0.33269006
RBP (5′UTR),Ribosome,-0.8376867
RBP (5′UTR),Single Base,1.0403242
RBP (5′UTR),Codon,-0.95569056
RBP (5′UTR),9-mer,-1.0243834
RBP (5′UTR),Ribosome,-0.9313063
RBP (5′UTR),Single Base,0.2331226
RBP (5′UTR),Codon,0.40959573
RBP (5′UTR),9-mer,-0.82105064
RBP (5′UTR),Ribosome,-0.12907103
RBP (5′UTR),Single Base,-3.2739885
RBP (5′UTR),Codon,2.3217854
RBP (5′UTR),9-mer,0.9017612
RBP (5′UTR),Ribosome,4.3997383
RBP (5′UTR),Single Base,1.2274171
RBP (5′UTR),Codon,-0.48371089
RBP (5′UTR),9-mer,-1.139228
RBP (5′UTR),Ribosome,-0.81563634
RBP (5′UTR),Single Base,-0.3536204
RBP (5′UTR),Codon,0.7998744
RBP (5′UTR),9-mer,-0.07959751
RBP (5′UTR),Ribosome,-0.07662398
RBP (5′UTR),Single Base,-2.8315628
RBP (5′UTR),Codon,2.7141185
RBP (5′UTR),9-mer,0.48311272
RBP (5′UTR),Ribosome,4.7807126
RBP (5′UTR),Single Base,0.7115393
RBP (5′UTR),Codon,-0.44636214
RBP (5′UTR),9-mer,-1.182959
RBP (5′UTR),Ribosome,-0.56640494
RBP (5′UTR),Single Base,-1.6901305
RBP (5′UTR),Codon,2.6792684
RBP (5′UTR),9-mer,-1.6332842
RBP (5′UTR),Ribosome,0.4604439
RBP (5′UTR),Single Base,-1.8107688
RBP (5′UTR),Codon,3.7668772
RBP (5′UTR),9-mer,-1.2854108
RBP (5′UTR),Ribosome,0.8858321
RBP (5′UTR),Single Base,-0.5047861
RBP (5′UTR),Codon,1.037708
RBP (5′UTR),9-mer,-0.39402264
RBP (5′UTR),Ribosome,-0.02384024
RBP (5′UTR),Single Base,0.58852863
RBP (5′UTR),Codon,-0.57634145
RBP (5′UTR),9-mer,-0.20690432
RBP (5′UTR),Ribosome,-0.46327722
RBP (5′UTR),Single Base,-1.6170642
RBP (5′UTR),Codon,1.1738074
RBP (5′UTR),9-mer,1.0646932
RBP (5′UTR),Ribosome,3.1059103
RBP (5′UTR),Single Base,0.71543497
RBP (5′UTR),Codon,-0.6464917
RBP (5′UTR),9-mer,-0.8426978
RBP (5′UTR),Ribosome,-0.72622234
RBP (5′UTR),Single Base,-0.40338564
RBP (5′UTR),Codon,0.14058936
RBP (5′UTR),9-mer,0.32001945
RBP (5′UTR),Ribosome,0.18713526
RBP (5′UTR),Single Base,0.5177198
RBP (5′UTR),Codon,-0.24627323
RBP (5′UTR),9-mer,-0.9126492
RBP (5′UTR),Ribosome,-0.7744344
RBP (5′UTR),Single Base,0.28166348
RBP (5′UTR),Codon,0.6601203
RBP (5′UTR),9-mer,-1.0438858
RBP (5′UTR),Ribosome,-0.6846156
RBP (5′UTR),Single Base,-0.67847544
RBP (5′UTR),Codon,0.6493379
RBP (5′UTR),9-mer,0.6216073
RBP (5′UTR),Ribosome,0.5081611
RBP (5′UTR),Single Base,0.86162174
RBP (5′UTR),Codon,-0.9343587
RBP (5′UTR),9-mer,-0.23786457
RBP (5′UTR),Ribosome,-1.28988
RBP (5′UTR),Single Base,0.7027238
RBP (5′UTR),Codon,0.64210904
RBP (5′UTR),9-mer,-1.6007749
RBP (5′UTR),Ribosome,-1.5407429
RBP (5′UTR),Single Base,0.11899694
RBP (5′UTR),Codon,-0.916929
RBP (5′UTR),9-mer,0.77603906
RBP (5′UTR),Ribosome,0.14529814
RBP (5′UTR),Single Base,0.8374299
RBP (5′UTR),Codon,-0.46512043
RBP (5′UTR),9-mer,-0.7490276
RBP (5′UTR),Ribosome,-0.80199146
RBP (5′UTR),Single Base,1.1755341
RBP (5′UTR),Codon,-0.7964563
RBP (5′UTR),9-mer,-1.6033481
RBP (5′UTR),Ribosome,-0.66386163
RBP (5′UTR),Single Base,-0.9545467
RBP (5′UTR),Codon,1.488345
RBP (5′UTR),9-mer,0.016489554
RBP (5′UTR),Ribosome,0.78293455
RBP (5′UTR),Single Base,0.14263257
RBP (5′UTR),Codon,-0.32739034
RBP (5′UTR),9-mer,0.019487008
RBP (5′UTR),Ribosome,0.65636355
RBP (5′UTR),Single Base,0.2881249
RBP (5′UTR),Codon,-0.2730847
RBP (5′UTR),9-mer,-0.25225085
RBP (5′UTR),Ribosome,-0.22194165
RBP (5′UTR),Single Base,0.5543005
RBP (5′UTR),Codon,-0.34379494
RBP (5′UTR),9-mer,-0.7155143
RBP (5′UTR),Ribosome,-0.3646792
RBP (5′UTR),Single Base,0.61612874
RBP (5′UTR),Codon,1.44796
RBP (5′UTR),9-mer,-3.0877361
RBP (5′UTR),Ribosome,1.4198318
RBP (5′UTR),Single Base,0.58995
RBP (5′UTR),Codon,-0.70487094
RBP (5′UTR),9-mer,-0.483789
RBP (5′UTR),Ribosome,0.41210857
RBP (5′UTR),Single Base,-1.910381
RBP (5′UTR),Codon,1.6039057
RBP (5′UTR),9-mer,1.5301162
RBP (5′UTR),Ribosome,1.5101428
RBP (5′UTR),Single Base,-0.57631415
RBP (5′UTR),Codon,0.8386844
RBP (5′UTR),9-mer,-0.24312426
RBP (5′UTR),Ribosome,0.45189804
RBP (5′UTR),Single Base,-0.44729042
RBP (5′UTR),Codon,0.7663439
RBP (5′UTR),9-mer,-0.33863455
RBP (5′UTR),Ribosome,-0.12150533
RBP (5′UTR),Single Base,2.1114073
RBP (5′UTR),Codon,-1.485503
RBP (5′UTR),9-mer,-1.7168872
RBP (5′UTR),Ribosome,-1.0511217
RBP (5′UTR),Single Base,0.17478113
RBP (5′UTR),Codon,0.30679733
RBP (5′UTR),9-mer,-0.35169327
RBP (5′UTR),Ribosome,-0.58341956
RBP (5′UTR),Single Base,-0.16953413
RBP (5′UTR),Codon,0.71404856
RBP (5′UTR),9-mer,-0.34882918
RBP (5′UTR),Ribosome,-0.26520488
RBP (5′UTR),Single Base,1.41074
RBP (5′UTR),Codon,0.78126377
RBP (5′UTR),9-mer,-2.294712
RBP (5′UTR),Ribosome,-1.33194
RBP (5′UTR),Single Base,-1.4367431
RBP (5′UTR),Codon,1.6279311
RBP (5′UTR),9-mer,0.67847824
RBP (5′UTR),Ribosome,1.2632296
RBP (5′UTR),Single Base,-1.3351394
RBP (5′UTR),Codon,1.10902
RBP (5′UTR),9-mer,1.0999299
RBP (5′UTR),Ribosome,1.3212749
RBP (5′UTR),Single Base,-0.53089935
RBP (5′UTR),Codon,0.5925766
RBP (5′UTR),9-mer,0.5030679
RBP (5′UTR),Ribosome,-0.14578539
RBP (5′UTR),Single Base,0.7091208
RBP (5′UTR),Codon,-0.08819404
RBP (5′UTR),9-mer,-1.4123429
RBP (5′UTR),Ribosome,-1.05992
RBP (5′UTR),Single Base,0.5708127
RBP (5′UTR),Codon,-1.0804793
RBP (5′UTR),9-mer,0.45028484
RBP (5′UTR),Ribosome,-0.77443063
RBP (5′UTR),Single Base,0.021379706
RBP (5′UTR),Codon,-0.54848135
RBP (5′UTR),9-mer,0.64486694
RBP (5′UTR),Ribosome,-0.054517187
RBP (5′UTR),Single Base,-0.30034456
RBP (5′UTR),Codon,0.9108476
RBP (5′UTR),9-mer,-0.20797631
RBP (5′UTR),Ribosome,-0.4239432
RBP (5′UTR),Single Base,-0.6231998
RBP (5′UTR),Codon,0.47572398
RBP (5′UTR),9-mer,0.6208374
RBP (5′UTR),Ribosome,0.19576192
RBP (5′UTR),Single Base,2.2076151
RBP (5′UTR),Codon,-1.861229
RBP (5′UTR),9-mer,-2.2223387
RBP (5′UTR),Ribosome,-1.6662194
RBP (5′UTR),Single Base,-1.3503528
RBP (5′UTR),Codon,1.1798583
RBP (5′UTR),9-mer,1.2747912
RBP (5′UTR),Ribosome,0.9633827
RBP (5′UTR),Single Base,-2.9963658
RBP (5′UTR),Codon,4.115499
RBP (5′UTR),9-mer,0.69611865
RBP (5′UTR),Ribosome,5.588743
RBP (5′UTR),Single Base,0.48520827
RBP (5′UTR),Codon,-0.4487885
RBP (5′UTR),9-mer,-0.43314067
RBP (5′UTR),Ribosome,-0.03445099
RBP (5′UTR),Single Base,-0.17708336
RBP (5′UTR),Codon,0.33833414
RBP (5′UTR),9-mer,0.691387
RBP (5′UTR),Ribosome,-1.0891731
RBP (5′UTR),Single Base,-0.086812906
RBP (5′UTR),Codon,2.0359175
RBP (5′UTR),9-mer,-1.7253422
RBP (5′UTR),Ribosome,0.21679322
RBP (5′UTR),Single Base,0.5472532
RBP (5′UTR),Codon,-0.5459816
RBP (5′UTR),9-mer,-0.24269128
RBP (5′UTR),Ribosome,-0.683925
RBP (5′UTR),Single Base,-1.3552619
RBP (5′UTR),Codon,0.7246224
RBP (5′UTR),9-mer,1.2878067
RBP (5′UTR),Ribosome,0.9604875
RBP (5′UTR),Single Base,-0.31348717
RBP (5′UTR),Codon,1.0560335
RBP (5′UTR),9-mer,-0.2071736
RBP (5′UTR),Ribosome,-0.17544533
RBP (5′UTR),Single Base,0.05349087
RBP (5′UTR),Codon,-0.08099681
RBP (5′UTR),9-mer,0.32806513
RBP (5′UTR),Ribosome,-0.6851222
RBP (5′UTR),Single Base,-0.10874614
RBP (5′UTR),Codon,0.21058062
RBP (5′UTR),9-mer,0.11161614
RBP (5′UTR),Ribosome,-0.43973252
RBP (5′UTR),Single Base,-1.3690066
RBP (5′UTR),Codon,1.625233
RBP (5′UTR),9-mer,0.6372811
RBP (5′UTR),Ribosome,0.7184528
RBP (5′UTR),Single Base,0.014844336
RBP (5′UTR),Codon,0.2936122
RBP (5′UTR),9-mer,-0.3397844
RBP (5′UTR),Ribosome,-0.5367245
RBP (5′UTR),Single Base,-0.92442435
RBP (5′UTR),Codon,1.5601512
RBP (5′UTR),9-mer,-0.18082032
RBP (5′UTR),Ribosome,1.4035627
RBP (5′UTR),Single Base,1.8830698
RBP (5′UTR),Codon,-1.9784634
RBP (5′UTR),9-mer,-0.39169016
RBP (5′UTR),Ribosome,-1.6970054
RBP (5′UTR),Single Base,-0.32696
RBP (5′UTR),Codon,-0.20800006
RBP (5′UTR),9-mer,1.0089358
RBP (5′UTR),Ribosome,-0.040956084
RBP (5′UTR),Single Base,-0.21949574
RBP (5′UTR),Codon,-0.10030298
RBP (5′UTR),9-mer,0.74779266
RBP (5′UTR),Ribosome,0.2422505
RBP (5′UTR),Single Base,-2.4898148
RBP (5′UTR),Codon,3.6802022
RBP (5′UTR),9-mer,2.0850453
RBP (5′UTR),Ribosome,0.10973657
RBP (5′UTR),Single Base,-0.21471365
RBP (5′UTR),Codon,0.457328
RBP (5′UTR),9-mer,-0.26246986
RBP (5′UTR),Ribosome,0.076363154
RBP (5′UTR),Single Base,-0.25062427
RBP (5′UTR),Codon,1.4878489
RBP (5′UTR),9-mer,-0.84376013
RBP (5′UTR),Ribosome,0.43521342
RBP (5′UTR),Single Base,0.33409956
RBP (5′UTR),Codon,0.77888846
RBP (5′UTR),9-mer,-0.98840654
RBP (5′UTR),Ribosome,-0.6635928
RBP (5′UTR),Single Base,-0.87768024
RBP (5′UTR),Codon,-0.4999672
RBP (5′UTR),9-mer,1.9020894
RBP (5′UTR),Ribosome,0.19042291
RBP (5′UTR),Single Base,-0.31345728
RBP (5′UTR),Codon,-0.5296043
RBP (5′UTR),9-mer,0.8916109
RBP (5′UTR),Ribosome,1.125209
RBP (5′UTR),Single Base,1.56351
RBP (5′UTR),Codon,-1.0997056
RBP (5′UTR),9-mer,-1.5549716
RBP (5′UTR),Ribosome,-0.43415737
RBP (5′UTR),Single Base,0.45577317
RBP (5′UTR),Codon,-0.7902377
RBP (5′UTR),9-mer,1.1252202
RBP (5′UTR),Ribosome,-0.8686647
RBP (5′UTR),Single Base,0.95965755
RBP (5′UTR),Codon,-0.80879116
RBP (5′UTR),9-mer,-0.9854916
RBP (5′UTR),Ribosome,-0.9708259
RBP (5′UTR),Single Base,-0.57915413
RBP (5′UTR),Codon,1.5237201
RBP (5′UTR),9-mer,-1.7109479
RBP (5′UTR),Ribosome,0.14294626
RBP (5′UTR),Single Base,-4.0409822
RBP (5′UTR),Codon,3.8928149
RBP (5′UTR),9-mer,3.7177768
RBP (5′UTR),Ribosome,3.5323064
RBP (5′UTR),Single Base,-0.8514326
RBP (5′UTR),Codon,0.7046635
RBP (5′UTR),9-mer,0.75315326
RBP (5′UTR),Ribosome,0.46403712
RBP (5′UTR),Single Base,-1.897878
RBP (5′UTR),Codon,2.3929715
RBP (5′UTR),9-mer,1.0513216
RBP (5′UTR),Ribosome,2.4369094
RBP (5′UTR),Single Base,-0.98349965
RBP (5′UTR),Codon,0.9571766
RBP (5′UTR),9-mer,0.0
RBP (5′UTR),Ribosome,0.9371115
RBP (5′UTR),Single Base,-0.9040452
RBP (5′UTR),Codon,1.3832535
RBP (5′UTR),9-mer,-1.9833268
RBP (5′UTR),Ribosome,1.5242795
RBP (5′UTR),Single Base,0.059816584
RBP (5′UTR),Codon,0.64393836
RBP (5′UTR),9-mer,-1.3725367
RBP (5′UTR),Ribosome,0.9760843
RBP (5′UTR),Single Base,-0.77510774
RBP (5′UTR),Codon,0.93765384
RBP (5′UTR),9-mer,0.3887888
RBP (5′UTR),Ribosome,0.68802077
RBP (5′UTR),Single Base,0.6152878
RBP (5′UTR),Codon,0.34205887
RBP (5′UTR),9-mer,-1.4451405
RBP (5′UTR),Ribosome,-0.9022301
RBP (5′UTR),Single Base,0.11240436
RBP (5′UTR),Codon,-0.13096967
RBP (5′UTR),9-mer,-0.7238404
RBP (5′UTR),Ribosome,1.2850796
RBP (5′UTR),Single Base,-0.84847647
RBP (5′UTR),Codon,0.50821894
RBP (5′UTR),9-mer,0.96618056
RBP (5′UTR),Ribosome,-0.062974066
RBP (5′UTR),Single Base,-1.0551677
RBP (5′UTR),Codon,0.015489455
RBP (5′UTR),9-mer,1.239855
RBP (5′UTR),Ribosome,1.5573522
RBP (5′UTR),Single Base,-0.25838503
RBP (5′UTR),Codon,0.4858304
RBP (5′UTR),9-mer,-0.019293578
RBP (5′UTR),Ribosome,-0.37882397
RBP (5′UTR),Single Base,0.6044983
RBP (5′UTR),Codon,-0.7511504
RBP (5′UTR),9-mer,-0.056130752
RBP (5′UTR),Ribosome,-0.92631483
RBP (5′UTR),Single Base,-0.2361608
RBP (5′UTR),Codon,0.14798999
RBP (5′UTR),9-mer,0.65624285
RBP (5′UTR),Ribosome,-0.25513405
RBP (5′UTR),Single Base,-0.4843894
RBP (5′UTR),Codon,1.4672154
RBP (5′UTR),9-mer,-0.559991
RBP (5′UTR),Ribosome,-0.5031317
RBP (5′UTR),Single Base,-3.7545335
RBP (5′UTR),Codon,3.5809646
RBP (5′UTR),9-mer,2.3284616
RBP (5′UTR),Ribosome,4.7233615
RBP (5′UTR),Single Base,-1.1241721
RBP (5′UTR),Codon,2.0824463
RBP (5′UTR),9-mer,-0.60812455
RBP (5′UTR),Ribosome,0.79948735
RBP (5′UTR),Single Base,-0.8354314
RBP (5′UTR),Codon,0.5771525
RBP (5′UTR),9-mer,0.013807737
RBP (5′UTR),Ribosome,1.9629278
RBP (5′UTR),Single Base,-0.56621045
RBP (5′UTR),Codon,-0.7614473
RBP (5′UTR),9-mer,1.1785411
RBP (5′UTR),Ribosome,0.39789686
RBP (5′UTR),Single Base,-1.481164
RBP (5′UTR),Codon,0.18462801
RBP (5′UTR),9-mer,2.0114145
RBP (5′UTR),Ribosome,0.61987185
RBP (5′UTR),Single Base,0.7283852
RBP (5′UTR),Codon,-0.68936294
RBP (5′UTR),9-mer,-0.5713159
RBP (5′UTR),Ribosome,-0.7808726
RBP (5′UTR),Single Base,-2.972362
RBP (5′UTR),Codon,4.638738
RBP (5′UTR),9-mer,-0.7248789
RBP (5′UTR),Ribosome,-0.31525114
RBP (5′UTR),Single Base,-2.0107875
RBP (5′UTR),Codon,2.180067
RBP (5′UTR),9-mer,-0.5470308
RBP (5′UTR),Ribosome,2.1095607
RBP (5′UTR),Single Base,-0.55976707
RBP (5′UTR),Codon,0.061920673
RBP (5′UTR),9-mer,0.76817393
RBP (5′UTR),Ribosome,0.6405174
RBP (5′UTR),Single Base,-0.10881588
RBP (5′UTR),Codon,0.103344545
RBP (5′UTR),9-mer,0.13352436
RBP (5′UTR),Ribosome,-0.41473186
RBP (5′UTR),Single Base,0.048903678
RBP (5′UTR),Codon,0.035441093
RBP (5′UTR),9-mer,-0.22818604
RBP (5′UTR),Ribosome,0.034804847
RBP (5′UTR),Single Base,-0.97080004
RBP (5′UTR),Codon,-0.42670205
RBP (5′UTR),9-mer,1.9493191
RBP (5′UTR),Ribosome,0.7100768
RBP (5′UTR),Single Base,-0.10883159
RBP (5′UTR),Codon,0.34335867
RBP (5′UTR),9-mer,-1.6487143
RBP (5′UTR),Ribosome,1.1423419
RBP (5′UTR),Single Base,-0.038450565
RBP (5′UTR),Codon,0.15071593
RBP (5′UTR),9-mer,-0.33641914
RBP (5′UTR),Ribosome,0.08049
RBP (5′UTR),Single Base,-0.7492773
RBP (5′UTR),Codon,0.14078666
RBP (5′UTR),9-mer,0.5777604
RBP (5′UTR),Ribosome,0.5635833
RBP (5′UTR),Single Base,0.81095874
RBP (5′UTR),Codon,-0.9435149
RBP (5′UTR),9-mer,0.43923384
RBP (5′UTR),Ribosome,-0.92787224
RBP (5′UTR),Single Base,0.5416848
RBP (5′UTR),Codon,-1.3605556
RBP (5′UTR),9-mer,0.4103665
RBP (5′UTR),Ribosome,-0.34157577
RBP (5′UTR),Single Base,-1.4043063
RBP (5′UTR),Codon,2.0722036
RBP (5′UTR),9-mer,-1.366038
RBP (5′UTR),Ribosome,1.4523724
RBP (5′UTR),Single Base,-1.5635544
RBP (5′UTR),Codon,3.649435
RBP (5′UTR),9-mer,-3.2236464
RBP (5′UTR),Ribosome,-1.3736633
RBP (5′UTR),Single Base,-0.84424037
RBP (5′UTR),Codon,0.49912345
RBP (5′UTR),9-mer,0.46364355
RBP (5′UTR),Ribosome,0.7346032
RBP (5′UTR),Single Base,0.83274966
RBP (5′UTR),Codon,-0.19331254
RBP (5′UTR),9-mer,-0.7724578
RBP (5′UTR),Ribosome,-0.88256294
RBP (5′UTR),Single Base,0.019920208
RBP (5′UTR),Codon,-0.11749659
RBP (5′UTR),9-mer,0.6376386
RBP (5′UTR),Ribosome,-0.09761601
RBP (5′UTR),Single Base,0.4855199
RBP (5′UTR),Codon,0.24198066
RBP (5′UTR),9-mer,-1.3279539
RBP (5′UTR),Ribosome,-0.6333988
RBP (5′UTR),Single Base,-0.76933056
RBP (5′UTR),Codon,0.8653158
RBP (5′UTR),9-mer,0.35131478
RBP (5′UTR),Ribosome,0.53760374
RBP (5′UTR),Single Base,1.7159791
RBP (5′UTR),Codon,-0.9887854
RBP (5′UTR),9-mer,-1.095404
RBP (5′UTR),Ribosome,-1.5485992
RBP (5′UTR),Single Base,-0.7389754
RBP (5′UTR),Codon,0.26067933
RBP (5′UTR),9-mer,1.4074881
RBP (5′UTR),Ribosome,0.08617203
RBP (5′UTR),Single Base,-1.6532075
RBP (5′UTR),Codon,0.6719854
RBP (5′UTR),9-mer,2.5802114
RBP (5′UTR),Ribosome,2.789547
RBP (5′UTR),Single Base,-0.6456823
RBP (5′UTR),Codon,0.7858212
RBP (5′UTR),9-mer,0.40874103
RBP (5′UTR),Ribosome,0.30261716
RBP (5′UTR),Single Base,0.77904123
RBP (5′UTR),Codon,-0.23496248
RBP (5′UTR),9-mer,-0.4277778
RBP (5′UTR),Ribosome,-1.3968803
RBP (5′UTR),Single Base,0.7300694
RBP (5′UTR),Codon,-1.0582261
RBP (5′UTR),9-mer,0.40631717
RBP (5′UTR),Ribosome,-0.818134
RBP (5′UTR),Single Base,0.8985661
RBP (5′UTR),Codon,-0.9512938
RBP (5′UTR),9-mer,0.2034152
RBP (5′UTR),Ribosome,-0.33845899
RBP (5′UTR),Single Base,0.012519799
RBP (5′UTR),Codon,-1.4207364
RBP (5′UTR),9-mer,1.5865343
RBP (5′UTR),Ribosome,0.20860456
RBP (5′UTR),Single Base,1.8058904
RBP (5′UTR),Codon,-1.453061
RBP (5′UTR),9-mer,-0.36205256
RBP (5′UTR),Ribosome,-2.1062276
RBP (5′UTR),Single Base,-1.7754505
RBP (5′UTR),Codon,2.9968712
RBP (5′UTR),9-mer,-1.80649
RBP (5′UTR),Ribosome,1.5242683
RBP (5′UTR),Single Base,-0.17038555
RBP (5′UTR),Codon,-0.7545494
RBP (5′UTR),9-mer,1.2369587
RBP (5′UTR),Ribosome,0.6179091
RBP (5′UTR),Single Base,0.14364293
RBP (5′UTR),Codon,-0.107502654
RBP (5′UTR),9-mer,-0.0035065357
RBP (5′UTR),Ribosome,-0.2046734
RBP (5′UTR),Single Base,0.2921449
RBP (5′UTR),Codon,-1.2356317
RBP (5′UTR),9-mer,0.7506787
RBP (5′UTR),Ribosome,-0.32480845
RBP (5′UTR),Single Base,0.1349091
RBP (5′UTR),Codon,0.5086102
RBP (5′UTR),9-mer,-0.555304
RBP (5′UTR),Ribosome,-0.6662635
RBP (5′UTR),Single Base,-1.7770911
RBP (5′UTR),Codon,1.340052
RBP (5′UTR),9-mer,1.4060854
RBP (5′UTR),Ribosome,1.7994658
RBP (5′UTR),Single Base,0.47286952
RBP (5′UTR),Codon,-0.0055614794
RBP (5′UTR),9-mer,-1.3759207
RBP (5′UTR),Ribosome,-0.13621052
RBP (5′UTR),Single Base,0.4793135
RBP (5′UTR),Codon,-0.25042325
RBP (5′UTR),9-mer,-0.10712896
RBP (5′UTR),Ribosome,-0.999597
RBP (5′UTR),Single Base,-2.1747487
RBP (5′UTR),Codon,4.199507
RBP (5′UTR),9-mer,-1.3359414
RBP (5′UTR),Ribosome,2.900572
RBP (5′UTR),Single Base,0.5277863
RBP (5′UTR),Codon,-0.42046738
RBP (5′UTR),9-mer,-0.6916005
RBP (5′UTR),Ribosome,-0.07349103
RBP (5′UTR),Single Base,1.0898492
RBP (5′UTR),Codon,-0.3445511
RBP (5′UTR),9-mer,-0.8571492
RBP (5′UTR),Ribosome,-0.758726
RBP (5′UTR),Single Base,0.7465319
RBP (5′UTR),Codon,-1.3004835
RBP (5′UTR),9-mer,0.7021228
RBP (5′UTR),Ribosome,-0.4543609
RBP (5′UTR),Single Base,1.0537267
RBP (5′UTR),Codon,-0.36965856
RBP (5′UTR),9-mer,-1.8065733
RBP (5′UTR),Ribosome,-0.84752744
RBP (5′UTR),Single Base,1.9854301
RBP (5′UTR),Codon,-1.9574366
RBP (5′UTR),9-mer,-0.9479969
RBP (5′UTR),Ribosome,-1.0131102
RBP (5′UTR),Single Base,-1.2255303
RBP (5′UTR),Codon,1.2849354
RBP (5′UTR),9-mer,0.72655004
RBP (5′UTR),Ribosome,1.2160304
RBP (5′UTR),Single Base,-1.4883239
RBP (5′UTR),Codon,0.73862803
RBP (5′UTR),9-mer,1.3455771
RBP (5′UTR),Ribosome,1.2257024
RBP (5′UTR),Single Base,-1.1024656
RBP (5′UTR),Codon,1.6030389
RBP (5′UTR),9-mer,-0.46570346
RBP (5′UTR),Ribosome,0.38276672
RBP (5′UTR),Single Base,-1.5137063
RBP (5′UTR),Codon,1.5609022
RBP (5′UTR),9-mer,0.59193057
RBP (5′UTR),Ribosome,1.3458855
RBP (5′UTR),Single Base,0.96424395
RBP (5′UTR),Codon,-0.91976666
RBP (5′UTR),9-mer,-0.36443552
RBP (5′UTR),Ribosome,-1.4226029
RBP (5′UTR),Single Base,-1.271631
RBP (5′UTR),Codon,0.77234435
RBP (5′UTR),9-mer,0.6345892
RBP (5′UTR),Ribosome,2.0246563
RBP (5′UTR),Single Base,-1.7577058
RBP (5′UTR),Codon,1.3594973
RBP (5′UTR),9-mer,1.3450264
RBP (5′UTR),Ribosome,2.211889
RBP (5′UTR),Single Base,-3.6870346
RBP (5′UTR),Codon,4.2702994
RBP (5′UTR),9-mer,0.5304747
RBP (5′UTR),Ribosome,1.4152198
RBP (5′UTR),Single Base,-2.3167458
RBP (5′UTR),Codon,2.0756261
RBP (5′UTR),9-mer,1.8947109
RBP (5′UTR),Ribosome,1.7241967
RBP (5′UTR),Single Base,1.5920825
RBP (5′UTR),Codon,-1.9133905
RBP (5′UTR),9-mer,0.4447925
RBP (5′UTR),Ribosome,-2.4039128
RBP (5′UTR),Single Base,1.5944672
RBP (5′UTR),Codon,-1.438456
RBP (5′UTR),9-mer,-1.1837101
RBP (5′UTR),Ribosome,-2.0139174
RBP (5′UTR),Single Base,0.25221506
RBP (5′UTR),Codon,-0.25679475
RBP (5′UTR),9-mer,0.007560861
RBP (5′UTR),Ribosome,-0.102046385
RBP (5′UTR),Single Base,-0.78590935
RBP (5′UTR),Codon,1.7423342
RBP (5′UTR),9-mer,-1.1802838
RBP (5′UTR),Ribosome,1.6663014
RBP (5′UTR),Single Base,-0.34670556
RBP (5′UTR),Codon,-1.2543381
RBP (5′UTR),9-mer,3.975178
RBP (5′UTR),Ribosome,0.40551558
RBP (5′UTR),Single Base,-0.74258584
RBP (5′UTR),Codon,0.12910457
RBP (5′UTR),9-mer,2.3823762
RBP (5′UTR),Ribosome,1.46352
RBP (5′UTR),Single Base,-0.46117014
RBP (5′UTR),Codon,1.5809051
RBP (5′UTR),9-mer,-0.62730587
RBP (5′UTR),Ribosome,-0.12018672
RBP (5′UTR),Single Base,-0.5308165
RBP (5′UTR),Codon,0.5524784
RBP (5′UTR),9-mer,0.28512576
RBP (5′UTR),Ribosome,0.4065721
RBP (5′UTR),Single Base,-4.3251147
RBP (5′UTR),Codon,3.3589501
RBP (5′UTR),9-mer,1.5054677
RBP (5′UTR),Ribosome,3.421361
RBP (5′UTR),Single Base,-1.5195019
RBP (5′UTR),Codon,2.315468
RBP (5′UTR),9-mer,-1.04544
RBP (5′UTR),Ribosome,0.7608934
RBP (5′UTR),Single Base,1.9478208
RBP (5′UTR),Codon,-1.4289081
RBP (5′UTR),9-mer,-1.5120922
RBP (5′UTR),Ribosome,-2.3063006
RBP (5′UTR),Single Base,0.42310843
RBP (5′UTR),Codon,-0.52581614
RBP (5′UTR),9-mer,-0.06988557
RBP (5′UTR),Ribosome,-0.59456664
RBP (5′UTR),Single Base,-1.1479433
RBP (5′UTR),Codon,3.3078516
RBP (5′UTR),9-mer,-1.6878312
RBP (5′UTR),Ribosome,0.7523939
RBP (5′UTR),Single Base,-4.5860734
RBP (5′UTR),Codon,5.0904436
RBP (5′UTR),9-mer,-0.7976943
RBP (5′UTR),Ribosome,8.099983
RBP (5′UTR),Single Base,-1.4694549
RBP (5′UTR),Codon,3.1640978
RBP (5′UTR),9-mer,-2.2876508
RBP (5′UTR),Ribosome,-0.5366377
RBP (5′UTR),Single Base,1.8678938
RBP (5′UTR),Codon,-1.7832615
RBP (5′UTR),9-mer,-0.5860329
RBP (5′UTR),Ribosome,-1.9197984
RBP (5′UTR),Single Base,-1.8174008
RBP (5′UTR),Codon,1.8073635
RBP (5′UTR),9-mer,1.9598572
RBP (5′UTR),Ribosome,-0.057086393
RBP (5′UTR),Single Base,0.83958805
RBP (5′UTR),Codon,-0.51562583
RBP (5′UTR),9-mer,-1.4529228
RBP (5′UTR),Ribosome,-0.667595
RBP (5′UTR),Single Base,-1.9650301
RBP (5′UTR),Codon,1.1640874
RBP (5′UTR),9-mer,0.7505626
RBP (5′UTR),Ribosome,1.6257334
RBP (5′UTR),Single Base,-0.56584656
RBP (5′UTR),Codon,0.8055223
RBP (5′UTR),9-mer,0.17027085
RBP (5′UTR),Ribosome,0.2806313
RBP (5′UTR),Single Base,-2.1132898
RBP (5′UTR),Codon,1.976374
RBP (5′UTR),9-mer,1.0198051
RBP (5′UTR),Ribosome,2.1331458
RBP (5′UTR),Single Base,-0.1924396
RBP (5′UTR),Codon,-0.043252636
RBP (5′UTR),9-mer,-0.067688055
RBP (5′UTR),Ribosome,0.9066476
RBP (5′UTR),Single Base,0.17456634
RBP (5′UTR),Codon,-0.026493914
RBP (5′UTR),9-mer,-0.25658765
RBP (5′UTR),Ribosome,-0.259844
RBP (5′UTR),Single Base,-1.2290895
RBP (5′UTR),Codon,1.3744873
RBP (5′UTR),9-mer,0.62572986
RBP (5′UTR),Ribosome,1.1290051
RBP (5′UTR),Single Base,0.749764
RBP (5′UTR),Codon,-0.27794874
RBP (5′UTR),9-mer,-0.815187
RBP (5′UTR),Ribosome,-1.2969439
RBP (5′UTR),Single Base,-1.6303476
RBP (5′UTR),Codon,0.9712755
RBP (5′UTR),9-mer,1.5305202
RBP (5′UTR),Ribosome,2.0345645
RBP (5′UTR),Single Base,0.59412855
RBP (5′UTR),Codon,0.05054529
RBP (5′UTR),9-mer,-1.2071741
RBP (5′UTR),Ribosome,-0.5776618
RBP (5′UTR),Single Base,1.5186299
RBP (5′UTR),Codon,-1.3582668
RBP (5′UTR),9-mer,-1.724408
RBP (5′UTR),Ribosome,-1.0487288
RBP (5′UTR),Single Base,-3.9268465
RBP (5′UTR),Codon,5.1787605
RBP (5′UTR),9-mer,-0.13491593
RBP (5′UTR),Ribosome,3.0980232
RBP (5′UTR),Single Base,1.149336
RBP (5′UTR),Codon,-1.0438251
RBP (5′UTR),9-mer,-0.73709524
RBP (5′UTR),Ribosome,-1.1768161
RBP (5′UTR),Single Base,-1.6218561
RBP (5′UTR),Codon,1.5226369
RBP (5′UTR),9-mer,1.1152675
RBP (5′UTR),Ribosome,1.6442227
RBP (5′UTR),Single Base,1.2101084
RBP (5′UTR),Codon,-0.4471281
RBP (5′UTR),9-mer,-2.528704
RBP (5′UTR),Ribosome,-0.47847417
RBP (5′UTR),Single Base,0.5674484
RBP (5′UTR),Codon,-1.0242296
RBP (5′UTR),9-mer,0.7068707
RBP (5′UTR),Ribosome,-0.6153624
RBP (5′UTR),Single Base,0.1501334
RBP (5′UTR),Codon,-0.21443547
RBP (5′UTR),9-mer,0.42301214
RBP (5′UTR),Ribosome,-0.93462336
RBP (5′UTR),Single Base,0.59561765
RBP (5′UTR),Codon,-0.3964242
RBP (5′UTR),9-mer,-0.2862987
RBP (5′UTR),Ribosome,-1.393226
RBP (5′UTR),Single Base,-1.3132745
RBP (5′UTR),Codon,0.74098855
RBP (5′UTR),9-mer,1.8848389
RBP (5′UTR),Ribosome,0.86366427
RBP (5′UTR),Single Base,2.122682
RBP (5′UTR),Codon,-2.1877244
RBP (5′UTR),9-mer,-1.9591079
RBP (5′UTR),Ribosome,-2.118968
RBP (5′UTR),Single Base,-1.1900313
RBP (5′UTR),Codon,1.3456403
RBP (5′UTR),9-mer,-1.3976475
RBP (5′UTR),Ribosome,1.8649405
RBP (5′UTR),Single Base,-2.1952767
RBP (5′UTR),Codon,2.2101002
RBP (5′UTR),9-mer,1.4904693
RBP (5′UTR),Ribosome,2.2964578
RBP (5′UTR),Single Base,1.2459202
RBP (5′UTR),Codon,-0.95227814
RBP (5′UTR),9-mer,-0.7255701
RBP (5′UTR),Ribosome,-1.4882969
RBP (5′UTR),Single Base,-0.7019311
RBP (5′UTR),Codon,1.429584
RBP (5′UTR),9-mer,-1.0620176
RBP (5′UTR),Ribosome,1.0532638
RBP (5′UTR),Single Base,1.8695253
RBP (5′UTR),Codon,-1.2549052
RBP (5′UTR),9-mer,-2.118816
RBP (5′UTR),Ribosome,-1.6829993
RBP (5′UTR),Single Base,-0.15458275
RBP (5′UTR),Codon,0.62206244
RBP (5′UTR),9-mer,-1.4887369
RBP (5′UTR),Ribosome,-0.32020533
RBP (5′UTR),Single Base,-2.0517771
RBP (5′UTR),Codon,5.1744294
RBP (5′UTR),9-mer,0.92419165
RBP (5′UTR),Ribosome,2.0977356
RBP (5′UTR),Single Base,0.60469985
RBP (5′UTR),Codon,-1.8201443
RBP (5′UTR),9-mer,0.75730336
RBP (5′UTR),Ribosome,-0.0053300094
RBP (5′UTR),Single Base,0.07290054
RBP (5′UTR),Codon,0.7993734
RBP (5′UTR),9-mer,-1.1804713
RBP (5′UTR),Ribosome,-0.3487558
RBP (5′UTR),Single Base,-0.13088924
RBP (5′UTR),Codon,0.12990749
RBP (5′UTR),9-mer,-0.20707618
RBP (5′UTR),Ribosome,1.05093
RBP (5′UTR),Single Base,0.053388726
RBP (5′UTR),Codon,0.6281376
RBP (5′UTR),9-mer,-0.58887875
RBP (5′UTR),Ribosome,-0.6015481
RBP (5′UTR),Single Base,0.104837455
RBP (5′UTR),Codon,-0.14924532
RBP (5′UTR),9-mer,-0.054278314
RBP (5′UTR),Ribosome,-0.03578608
RBP (5′UTR),Single Base,0.27005747
RBP (5′UTR),Codon,0.16761148
RBP (5′UTR),9-mer,-1.4413774
RBP (5′UTR),Ribosome,-0.22523184
RBP (5′UTR),Single Base,0.14455669
RBP (5′UTR),Codon,-0.5245281
RBP (5′UTR),9-mer,0.5445316
RBP (5′UTR),Ribosome,-0.7314094
RBP (5′UTR),Single Base,-0.22783236
RBP (5′UTR),Codon,0.06285907
RBP (5′UTR),9-mer,0.5023307
RBP (5′UTR),Ribosome,0.18655604
RBP (5′UTR),Single Base,0.9735945
RBP (5′UTR),Codon,-0.8331961
RBP (5′UTR),9-mer,-0.91133815
RBP (5′UTR),Ribosome,-0.42837387
RBP (5′UTR),Single Base,-0.9508831
RBP (5′UTR),Codon,0.7086481
RBP (5′UTR),9-mer,0.8993907
RBP (5′UTR),Ribosome,0.7266744
RBP (5′UTR),Single Base,-0.34713492
RBP (5′UTR),Codon,0.3745282
RBP (5′UTR),9-mer,0.24987996
RBP (5′UTR),Ribosome,0.34844628
RBP (5′UTR),Single Base,0.69136286
RBP (5′UTR),Codon,-0.28674328
RBP (5′UTR),9-mer,-0.6942683
RBP (5′UTR),Ribosome,-0.87509096
RBP (5′UTR),Single Base,0.020956583
RBP (5′UTR),Codon,-0.5648561
RBP (5′UTR),9-mer,0.34910548
RBP (5′UTR),Ribosome,0.025649913
RBP (5′UTR),Single Base,-2.2082648
RBP (5′UTR),Codon,2.409016
RBP (5′UTR),9-mer,1.1509643
RBP (5′UTR),Ribosome,1.8726407
RBP (5′UTR),Single Base,-0.150464
RBP (5′UTR),Codon,0.20888689
RBP (5′UTR),9-mer,-0.3869996
RBP (5′UTR),Ribosome,0.32844502
RBP (5′UTR),Single Base,-1.6951466
RBP (5′UTR),Codon,2.411057
RBP (5′UTR),9-mer,-0.11060762
RBP (5′UTR),Ribosome,2.274405
RBP (5′UTR),Single Base,-0.4835456
RBP (5′UTR),Codon,-0.5519321
RBP (5′UTR),9-mer,1.243489
RBP (5′UTR),Ribosome,0.10292005
RBP (5′UTR),Single Base,0.3608176
RBP (5′UTR),Codon,-0.10951443
RBP (5′UTR),9-mer,-0.689159
RBP (5′UTR),Ribosome,-0.35469666
RBP (5′UTR),Single Base,0.79522496
RBP (5′UTR),Codon,-0.67362577
RBP (5′UTR),9-mer,-0.2999194
RBP (5′UTR),Ribosome,-0.9687666
RBP (5′UTR),Single Base,1.9045318
RBP (5′UTR),Codon,-1.6833584
RBP (5′UTR),9-mer,-1.1857393
RBP (5′UTR),Ribosome,-1.5502392
RBP (5′UTR),Single Base,-1.5011808
RBP (5′UTR),Codon,2.6572037
RBP (5′UTR),9-mer,-1.6945716
RBP (5′UTR),Ribosome,1.1155636
RBP (5′UTR),Single Base,-1.0025395
RBP (5′UTR),Codon,0.09325507
RBP (5′UTR),9-mer,0.9774013
RBP (5′UTR),Ribosome,0.47610554
RBP (5′UTR),Single Base,-0.39725503
RBP (5′UTR),Codon,0.22532037
RBP (5′UTR),9-mer,0.42846334
RBP (5′UTR),Ribosome,0.6306392
RBP (5′UTR),Single Base,-2.5071495
RBP (5′UTR),Codon,1.5460191
RBP (5′UTR),9-mer,1.6407248
RBP (5′UTR),Ribosome,3.4847078
RBP (5′UTR),Single Base,-2.524085
RBP (5′UTR),Codon,3.0231636
RBP (5′UTR),9-mer,-0.31081924
RBP (5′UTR),Ribosome,1.5027093
RBP (5′UTR),Single Base,-0.8864977
RBP (5′UTR),Codon,3.3837965
RBP (5′UTR),9-mer,-0.6110103
RBP (5′UTR),Ribosome,0.2244572
RBP (5′UTR),Single Base,0.7060464
RBP (5′UTR),Codon,-0.64720815
RBP (5′UTR),9-mer,-1.0118784
RBP (5′UTR),Ribosome,0.21964093
RBP (5′UTR),Single Base,-1.1503459
RBP (5′UTR),Codon,-0.48684752
RBP (5′UTR),9-mer,1.5501196
RBP (5′UTR),Ribosome,0.93924296
RBP (5′UTR),Single Base,-1.5071931
RBP (5′UTR),Codon,2.1763678
RBP (5′UTR),9-mer,-0.20207228
RBP (5′UTR),Ribosome,1.0743732
RBP (5′UTR),Single Base,1.2017609
RBP (5′UTR),Codon,-1.7160339
RBP (5′UTR),9-mer,-0.40707418
RBP (5′UTR),Ribosome,-0.93541294
RBP (5′UTR),Single Base,0.7750126
RBP (5′UTR),Codon,-1.0924058
RBP (5′UTR),9-mer,-0.3982635
RBP (5′UTR),Ribosome,-1.0964985
RBP (5′UTR),Single Base,0.20772547
RBP (5′UTR),Codon,0.36068285
RBP (5′UTR),9-mer,-0.34681746
RBP (5′UTR),Ribosome,-0.5043094
RBP (5′UTR),Single Base,-0.45227796
RBP (5′UTR),Codon,0.5876515
RBP (5′UTR),9-mer,0.034906182
RBP (5′UTR),Ribosome,-0.062775046
RBP (5′UTR),Single Base,-0.9769871
RBP (5′UTR),Codon,0.8151481
RBP (5′UTR),9-mer,0.94140446
RBP (5′UTR),Ribosome,1.2197405
RBP (5′UTR),Single Base,0.12236181
RBP (5′UTR),Codon,-0.22933196
RBP (5′UTR),9-mer,-0.040688425
RBP (5′UTR),Ribosome,0.056438513
RBP (5′UTR),Single Base,0.20468487
RBP (5′UTR),Codon,0.063044384
RBP (5′UTR),9-mer,-0.05230742
RBP (5′UTR),Ribosome,-0.6295884
RBP (5′UTR),Single Base,-2.9561508
RBP (5′UTR),Codon,2.9841995
RBP (5′UTR),9-mer,-2.0915246
RBP (5′UTR),Ribosome,2.7775097
RBP (5′UTR),Single Base,-0.04849588
RBP (5′UTR),Codon,-0.29061514
RBP (5′UTR),9-mer,0.7190515
RBP (5′UTR),Ribosome,-0.3780542
RBP (5′UTR),Single Base,0.15343599
RBP (5′UTR),Codon,0.14077088
RBP (5′UTR),9-mer,-0.4130694
RBP (5′UTR),Ribosome,-0.21157224
RBP (5′UTR),Single Base,-2.8520765
RBP (5′UTR),Codon,3.7217677
RBP (5′UTR),9-mer,-0.6135438
RBP (5′UTR),Ribosome,2.393723
RBP (5′UTR),Single Base,1.1636894
RBP (5′UTR),Codon,-3.082814
RBP (5′UTR),9-mer,1.2260637
RBP (5′UTR),Ribosome,0.9586051
RBP (5′UTR),Single Base,-1.3757141
RBP (5′UTR),Codon,1.82684
RBP (5′UTR),9-mer,0.07583133
RBP (5′UTR),Ribosome,0.69624233
RBP (5′UTR),Single Base,-0.6596263
RBP (5′UTR),Codon,-0.5740093
RBP (5′UTR),9-mer,3.018449
RBP (5′UTR),Ribosome,0.81222624
RBP (5′UTR),Single Base,1.8034726
RBP (5′UTR),Codon,-1.1758956
RBP (5′UTR),9-mer,-1.0500587
RBP (5′UTR),Ribosome,-1.5246359
RBP (5′UTR),Single Base,-1.601362
RBP (5′UTR),Codon,1.4016398
RBP (5′UTR),9-mer,1.974259
RBP (5′UTR),Ribosome,1.3962071
RBP (5′UTR),Single Base,0.6134457
RBP (5′UTR),Codon,1.3813376
RBP (5′UTR),9-mer,-1.6484406
RBP (5′UTR),Ribosome,-1.0152458
RBP (5′UTR),Single Base,1.6158053
RBP (5′UTR),Codon,-1.554939
RBP (5′UTR),9-mer,-0.8034525
RBP (5′UTR),Ribosome,-1.58846
RBP (5′UTR),Single Base,-1.6904087
RBP (5′UTR),Codon,2.505722
RBP (5′UTR),9-mer,-0.46933785
RBP (5′UTR),Ribosome,2.572384
RBP (5′UTR),Single Base,-0.4022711
RBP (5′UTR),Codon,1.130813
RBP (5′UTR),9-mer,-1.9542743
RBP (5′UTR),Ribosome,0.8799675
RBP (5′UTR),Single Base,0.5853358
RBP (5′UTR),Codon,-0.89633065
RBP (5′UTR),9-mer,0.27053484
RBP (5′UTR),Ribosome,-1.0356042
RBP (5′UTR),Single Base,0.8318948
RBP (5′UTR),Codon,-0.58982414
RBP (5′UTR),9-mer,-0.41882366
RBP (5′UTR),Ribosome,-1.3074546
RBP (5′UTR),Single Base,2.0291696
RBP (5′UTR),Codon,-2.061211
RBP (5′UTR),9-mer,-0.6423637
RBP (5′UTR),Ribosome,-1.8137745
RBP (5′UTR),Single Base,1.2651314
RBP (5′UTR),Codon,-0.16143914
RBP (5′UTR),9-mer,-1.4901676
RBP (5′UTR),Ribosome,-1.4908056
RBP (5′UTR),Single Base,-0.6161481
RBP (5′UTR),Codon,0.57386553
RBP (5′UTR),9-mer,0.035031572
RBP (5′UTR),Ribosome,0.30524474
RBP (5′UTR),Single Base,0.066301584
RBP (5′UTR),Codon,-0.6431432
RBP (5′UTR),9-mer,1.4333093
RBP (5′UTR),Ribosome,-0.28630474
RBP (5′UTR),Single Base,0.5308822
RBP (5′UTR),Codon,-1.4026788
RBP (5′UTR),9-mer,0.52498597
RBP (5′UTR),Ribosome,-0.37998378
RBP (5′UTR),Single Base,-1.8234832
RBP (5′UTR),Codon,1.8602284
RBP (5′UTR),9-mer,1.6928961
RBP (5′UTR),Ribosome,0.95774
RBP (5′UTR),Single Base,0.83917236
RBP (5′UTR),Codon,-0.3478551
RBP (5′UTR),9-mer,-1.1763034
RBP (5′UTR),Ribosome,-0.66121197
RBP (5′UTR),Single Base,-2.0175178
RBP (5′UTR),Codon,1.4637368
RBP (5′UTR),9-mer,2.1911304
RBP (5′UTR),Ribosome,0.012956125
RBP (5′UTR),Single Base,0.86293125
RBP (5′UTR),Codon,0.13058169
RBP (5′UTR),9-mer,-1.4020985
RBP (5′UTR),Ribosome,-0.98031855
RBP (5′UTR),Single Base,-1.2839822
RBP (5′UTR),Codon,0.92282605
RBP (5′UTR),9-mer,0.46258658
RBP (5′UTR),Ribosome,0.772021
RBP (5′UTR),Single Base,0.45201892
RBP (5′UTR),Codon,-0.7759489
RBP (5′UTR),9-mer,0.616939
RBP (5′UTR),Ribosome,-0.08204384
RBP (5′UTR),Single Base,0.21033648
RBP (5′UTR),Codon,-0.765913
RBP (5′UTR),9-mer,1.189812
RBP (5′UTR),Ribosome,-0.4120573
RBP (5′UTR),Single Base,2.146683
RBP (5′UTR),Codon,-1.3266077
RBP (5′UTR),9-mer,-2.641477
RBP (5′UTR),Ribosome,-0.66366595
RBP (5′UTR),Single Base,-2.577488
RBP (5′UTR),Codon,2.6855361
RBP (5′UTR),9-mer,1.3518137
RBP (5′UTR),Ribosome,-0.16447678
RBP (5′UTR),Single Base,0.11493176
RBP (5′UTR),Codon,-0.5938358
RBP (5′UTR),9-mer,1.1399728
RBP (5′UTR),Ribosome,-0.03742122
RBP (5′UTR),Single Base,0.83741474
RBP (5′UTR),Codon,0.76046485
RBP (5′UTR),9-mer,-2.6784902
RBP (5′UTR),Ribosome,-1.443572
RBP (5′UTR),Single Base,-0.9793334
RBP (5′UTR),Codon,0.25669774
RBP (5′UTR),9-mer,1.6409014
RBP (5′UTR),Ribosome,0.5959821
RBP (5′UTR),Single Base,-1.4351978
RBP (5′UTR),Codon,1.3014252
RBP (5′UTR),9-mer,1.299704
RBP (5′UTR),Ribosome,0.5189954
RBP (5′UTR),Single Base,-2.687616
RBP (5′UTR),Codon,2.0543776
RBP (5′UTR),9-mer,2.5809522
RBP (5′UTR),Ribosome,2.5635116
RBP (5′UTR),Single Base,1.0626916
RBP (5′UTR),Codon,-1.1003956
RBP (5′UTR),9-mer,-0.49458674
RBP (5′UTR),Ribosome,-0.695106
RBP (5′UTR),Single Base,0.06962885
RBP (5′UTR),Codon,-0.20632099
RBP (5′UTR),9-mer,0.5436393
RBP (5′UTR),Ribosome,-0.45984823
RBP (5′UTR),Single Base,0.22570933
RBP (5′UTR),Codon,0.081281416
RBP (5′UTR),9-mer,-0.34348175
RBP (5′UTR),Ribosome,-0.51886076
RBP (5′UTR),Single Base,-0.5579408
RBP (5′UTR),Codon,0.27836832
RBP (5′UTR),9-mer,0.47566074
RBP (5′UTR),Ribosome,0.56541365
RBP (5′UTR),Single Base,0.87521535
RBP (5′UTR),Codon,-0.897036
RBP (5′UTR),9-mer,0.7233089
RBP (5′UTR),Ribosome,-1.3387555
RBP (5′UTR),Single Base,-0.76178676
RBP (5′UTR),Codon,0.010004387
RBP (5′UTR),9-mer,2.2991076
RBP (5′UTR),Ribosome,-0.023192387
RBP (5′UTR),Single Base,1.390636
RBP (5′UTR),Codon,-0.9410194
RBP (5′UTR),9-mer,-0.8595401
RBP (5′UTR),Ribosome,-1.1548203
RBP (5′UTR),Single Base,-1.1300464
RBP (5′UTR),Codon,1.0568048
RBP (5′UTR),9-mer,1.018313
RBP (5′UTR),Ribosome,0.3428008
RBP (5′UTR),Single Base,0.58328635
RBP (5′UTR),Codon,-0.6082734
RBP (5′UTR),9-mer,-0.49798688
RBP (5′UTR),Ribosome,-0.6445598
RBP (5′UTR),Single Base,-2.295828
RBP (5′UTR),Codon,2.2691867
RBP (5′UTR),9-mer,2.2584157
RBP (5′UTR),Ribosome,1.892854
RBP (5′UTR),Single Base,-0.5604016
RBP (5′UTR),Codon,0.473754
RBP (5′UTR),9-mer,0.5114102
RBP (5′UTR),Ribosome,0.1988348
RBP (5′UTR),Single Base,-0.77145654
RBP (5′UTR),Codon,0.086295225
RBP (5′UTR),9-mer,0.7638005
RBP (5′UTR),Ribosome,1.1964016
RBP (5′UTR),Single Base,-0.38302675
RBP (5′UTR),Codon,-0.14398353
RBP (5′UTR),9-mer,0.44078213
RBP (5′UTR),Ribosome,0.6705956
RBP (5′UTR),Single Base,-0.43570435
RBP (5′UTR),Codon,0.6484366
RBP (5′UTR),9-mer,-0.6244115
RBP (5′UTR),Ribosome,0.8502005
RBP (5′UTR),Single Base,-2.0398393
RBP (5′UTR),Codon,0.5118124
RBP (5′UTR),9-mer,1.9850662
RBP (5′UTR),Ribosome,2.214826
RBP (5′UTR),Single Base,-0.8770797
RBP (5′UTR),Codon,-0.25061145
RBP (5′UTR),9-mer,1.1897702
RBP (5′UTR),Ribosome,0.7730245
RBP (5′UTR),Single Base,-0.95972306
RBP (5′UTR),Codon,1.4243983
RBP (5′UTR),9-mer,-0.6178251
RBP (5′UTR),Ribosome,1.5224364
RBP (5′UTR),Single Base,-0.28876606
RBP (5′UTR),Codon,0.3370357
RBP (5′UTR),9-mer,0.40896207
RBP (5′UTR),Ribosome,-0.5681129
RBP (5′UTR),Single Base,-1.1855907
RBP (5′UTR),Codon,1.020195
RBP (5′UTR),9-mer,1.730922
RBP (5′UTR),Ribosome,0.4571357
RBP (5′UTR),Single Base,-0.4882488
RBP (5′UTR),Codon,-0.066338904
RBP (5′UTR),9-mer,1.2831109
RBP (5′UTR),Ribosome,0.0012186883
RBP (5′UTR),Single Base,0.056293983
RBP (5′UTR),Codon,0.5234525
RBP (5′UTR),9-mer,-0.558909
RBP (5′UTR),Ribosome,-0.7919853
RBP (5′UTR),Single Base,-1.196965
RBP (5′UTR),Codon,1.2077584
RBP (5′UTR),9-mer,0.32027963
RBP (5′UTR),Ribosome,1.2500321
RBP (5′UTR),Single Base,1.5948484
RBP (5′UTR),Codon,-1.6106206
RBP (5′UTR),9-mer,-0.25474843
RBP (5′UTR),Ribosome,-1.6103745
RBP (5′UTR),Single Base,-1.0947776
RBP (5′UTR),Codon,0.7210648
RBP (5′UTR),9-mer,0.2798548
RBP (5′UTR),Ribosome,2.1452792
RBP (5′UTR),Single Base,0.3544436
RBP (5′UTR),Codon,-0.13721272
RBP (5′UTR),9-mer,-0.24429367
RBP (5′UTR),Ribosome,-0.93982965
RBP (5′UTR),Single Base,-13.329015
RBP (5′UTR),Codon,17.560255
RBP (5′UTR),9-mer,-6.8914375
RBP (5′UTR),Ribosome,18.460243
RBP (5′UTR),Single Base,-1.8328863
RBP (5′UTR),Codon,0.21951744
RBP (5′UTR),9-mer,2.0296724
RBP (5′UTR),Ribosome,2.2032008
RBP (5′UTR),Single Base,-0.55726206
RBP (5′UTR),Codon,0.6340482
RBP (5′UTR),9-mer,-0.29907516
RBP (5′UTR),Ribosome,1.0889462
RBP (5′UTR),Single Base,0.11586268
RBP (5′UTR),Codon,-0.85160947
RBP (5′UTR),9-mer,1.2407756
RBP (5′UTR),Ribosome,0.024393769
RBP (5′UTR),Single Base,-1.3858589
RBP (5′UTR),Codon,1.7147601
RBP (5′UTR),9-mer,0.050007842
RBP (5′UTR),Ribosome,0.4854833
RBP (5′UTR),Single Base,1.3180827
RBP (5′UTR),Codon,-1.434073
RBP (5′UTR),9-mer,0.14229584
RBP (5′UTR),Ribosome,-0.9631118
RBP (5′UTR),Single Base,-0.07631862
RBP (5′UTR),Codon,-0.10582353
RBP (5′UTR),9-mer,0.3589695
RBP (5′UTR),Ribosome,-0.40112266
RBP (5′UTR),Single Base,-0.07915814
RBP (5′UTR),Codon,-0.39208302
RBP (5′UTR),9-mer,0.40713677
RBP (5′UTR),Ribosome,0.3291466
RBP (5′UTR),Single Base,-0.2596959
RBP (5′UTR),Codon,0.43892148
RBP (5′UTR),9-mer,-0.41474923
RBP (5′UTR),Ribosome,0.4507167
RBP (5′UTR),Single Base,0.55856144
RBP (5′UTR),Codon,-0.6586748
RBP (5′UTR),9-mer,-0.45120296
RBP (5′UTR),Ribosome,-0.39731175
RBP (5′UTR),Single Base,0.7021945
RBP (5′UTR),Codon,-0.5062234
RBP (5′UTR),9-mer,-0.65199274
RBP (5′UTR),Ribosome,-0.20748886
RBP (5′UTR),Single Base,-0.11394009
RBP (5′UTR),Codon,0.09393936
RBP (5′UTR),9-mer,-0.06271205
RBP (5′UTR),Ribosome,0.37793827
RBP (5′UTR),Single Base,0.22331485
RBP (5′UTR),Codon,0.11596227
RBP (5′UTR),9-mer,-0.6794865
RBP (5′UTR),Ribosome,-0.37101376
RBP (5′UTR),Single Base,-1.4012661
RBP (5′UTR),Codon,0.30963
RBP (5′UTR),9-mer,1.995
RBP (5′UTR),Ribosome,0.82855904
RBP (CDS),Single Base,1.1378796
RBP (CDS),Codon,-1.2717593
RBP (CDS),9-mer,-0.7436127
RBP (CDS),Ribosome,0.22843482
RBP (CDS),Single Base,-1.310684
RBP (CDS),Codon,1.3052206
RBP (CDS),9-mer,1.6065475
RBP (CDS),Ribosome,-0.040120777
RBP (CDS),Single Base,0.9843322
RBP (CDS),Codon,-0.7655273
RBP (CDS),9-mer,-0.88702226
RBP (CDS),Ribosome,-0.38816428
RBP (CDS),Single Base,-1.970624
RBP (CDS),Codon,-0.8391048
RBP (CDS),9-mer,2.7222335
RBP (CDS),Ribosome,2.491418
RBP (CDS),Single Base,-1.5771683
RBP (CDS),Codon,2.4589562
RBP (CDS),9-mer,-0.36906266
RBP (CDS),Ribosome,-0.54998344
RBP (CDS),Single Base,2.0390708
RBP (CDS),Codon,-2.173086
RBP (CDS),9-mer,-0.22840592
RBP (CDS),Ribosome,1.2743665
RBP (CDS),Single Base,1.5443906
RBP (CDS),Codon,-2.897403
RBP (CDS),9-mer,-0.8441072
RBP (CDS),Ribosome,0.9539721
RBP (CDS),Single Base,0.45387325
RBP (CDS),Codon,-0.56404614
RBP (CDS),9-mer,-0.46704268
RBP (CDS),Ribosome,-0.25539133
RBP (CDS),Single Base,-0.84154314
RBP (CDS),Codon,0.9185409
RBP (CDS),9-mer,0.019699791
RBP (CDS),Ribosome,0.36970228
RBP (CDS),Single Base,1.3577166
RBP (CDS),Codon,-0.022796875
RBP (CDS),9-mer,-1.5258117
RBP (CDS),Ribosome,-1.3324221
RBP (CDS),Single Base,-1.0265309
RBP (CDS),Codon,-0.5214239
RBP (CDS),9-mer,2.2900004
RBP (CDS),Ribosome,2.0982146
RBP (CDS),Single Base,0.8927798
RBP (CDS),Codon,0.81670034
RBP (CDS),9-mer,-2.618509
RBP (CDS),Ribosome,-1.1862531
RBP (CDS),Single Base,2.2285004
RBP (CDS),Codon,-3.8131127
RBP (CDS),9-mer,-0.51586366
RBP (CDS),Ribosome,1.7447622
RBP (CDS),Single Base,-0.6902974
RBP (CDS),Codon,-0.5494198
RBP (CDS),9-mer,0.42567292
RBP (CDS),Ribosome,1.32774
RBP (CDS),Single Base,0.15195082
RBP (CDS),Codon,0.5332016
RBP (CDS),9-mer,-0.14109387
RBP (CDS),Ribosome,-0.8044875
RBP (CDS),Single Base,1.2028732
RBP (CDS),Codon,-1.3975568
RBP (CDS),9-mer,0.5350472
RBP (CDS),Ribosome,0.2414116
RBP (CDS),Single Base,-1.5468835
RBP (CDS),Codon,2.139471
RBP (CDS),9-mer,0.7058464
RBP (CDS),Ribosome,1.1280413
RBP (CDS),Single Base,0.043413606
RBP (CDS),Codon,0.21644515
RBP (CDS),9-mer,-0.6261521
RBP (CDS),Ribosome,0.4700145
RBP (CDS),Single Base,-0.65867054
RBP (CDS),Codon,0.058014926
RBP (CDS),9-mer,1.8255904
RBP (CDS),Ribosome,0.340415
RBP (CDS),Single Base,-0.4231875
RBP (CDS),Codon,-1.1833745
RBP (CDS),9-mer,0.25651792
RBP (CDS),Ribosome,2.7913177
RBP (CDS),Single Base,-0.58895934
RBP (CDS),Codon,0.6634127
RBP (CDS),9-mer,0.36634922
RBP (CDS),Ribosome,0.3392739
RBP (CDS),Single Base,-0.897776
RBP (CDS),Codon,3.1299295
RBP (CDS),9-mer,-0.49841252
RBP (CDS),Ribosome,0.1431603
RBP (CDS),Single Base,-1.507584
RBP (CDS),Codon,-0.43944547
RBP (CDS),9-mer,2.0379784
RBP (CDS),Ribosome,1.0482159
RBP (CDS),Single Base,-2.3049366
RBP (CDS),Codon,-0.18693282
RBP (CDS),9-mer,3.4360948
RBP (CDS),Ribosome,1.3807201
RBP (CDS),Single Base,-3.7822635
RBP (CDS),Codon,1.5086322
RBP (CDS),9-mer,4.516015
RBP (CDS),Ribosome,3.1424146
RBP (CDS),Single Base,-0.49886352
RBP (CDS),Codon,2.3882773
RBP (CDS),9-mer,-0.6063803
RBP (CDS),Ribosome,-1.6045065
RBP (CDS),Single Base,-1.648574
RBP (CDS),Codon,1.3061919
RBP (CDS),9-mer,1.8397626
RBP (CDS),Ribosome,2.1029372
RBP (CDS),Single Base,0.7695155
RBP (CDS),Codon,0.44958517
RBP (CDS),9-mer,-1.6753807
RBP (CDS),Ribosome,-0.0972926
RBP (CDS),Single Base,-1.2870889
RBP (CDS),Codon,2.7662272
RBP (CDS),9-mer,0.9338663
RBP (CDS),Ribosome,0.07277129
RBP (CDS),Single Base,0.9659507
RBP (CDS),Codon,-0.42645085
RBP (CDS),9-mer,-0.974979
RBP (CDS),Ribosome,-1.2048106
RBP (CDS),Single Base,-1.7765037
RBP (CDS),Codon,2.3728962
RBP (CDS),9-mer,0.6038637
RBP (CDS),Ribosome,-0.3727425
RBP (CDS),Single Base,-0.6163089
RBP (CDS),Codon,-0.8848562
RBP (CDS),9-mer,0.9706263
RBP (CDS),Ribosome,1.5420661
RBP (CDS),Single Base,0.86214066
RBP (CDS),Codon,-1.1459159
RBP (CDS),9-mer,0.09888254
RBP (CDS),Ribosome,0.072774924
RBP (CDS),Single Base,1.8545033
RBP (CDS),Codon,0.71443266
RBP (CDS),9-mer,-1.6629487
RBP (CDS),Ribosome,-2.5865862
RBP (CDS),Single Base,-0.45620754
RBP (CDS),Codon,-0.32043967
RBP (CDS),9-mer,0.55415255
RBP (CDS),Ribosome,0.61282814
RBP (CDS),Single Base,0.41893882
RBP (CDS),Codon,-0.34167573
RBP (CDS),9-mer,0.3338676
RBP (CDS),Ribosome,-0.82746255
RBP (CDS),Single Base,1.5125537
RBP (CDS),Codon,-1.0186568
RBP (CDS),9-mer,-0.6213235
RBP (CDS),Ribosome,0.358429
RBP (CDS),Single Base,-1.0975324
RBP (CDS),Codon,-0.21632166
RBP (CDS),9-mer,0.75348914
RBP (CDS),Ribosome,1.185784
RBP (CDS),Single Base,-0.9053354
RBP (CDS),Codon,3.7628527
RBP (CDS),9-mer,0.51194984
RBP (CDS),Ribosome,-3.602088
RBP (CDS),Single Base,-2.1859124
RBP (CDS),Codon,-2.0298355
RBP (CDS),9-mer,3.7920306
RBP (CDS),Ribosome,3.2748697
RBP (CDS),Single Base,0.5810883
RBP (CDS),Codon,-0.12767698
RBP (CDS),9-mer,-1.0111178
RBP (CDS),Ribosome,0.2595676
RBP (CDS),Single Base,0.67857796
RBP (CDS),Codon,0.20402996
RBP (CDS),9-mer,-0.86040395
RBP (CDS),Ribosome,-0.7313087
RBP (CDS),Single Base,0.0030370941
RBP (CDS),Codon,-0.64329416
RBP (CDS),9-mer,1.2523973
RBP (CDS),Ribosome,-0.63911283
RBP (CDS),Single Base,-0.7444725
RBP (CDS),Codon,1.1685344
RBP (CDS),9-mer,-0.1862887
RBP (CDS),Ribosome,0.6606839
RBP (CDS),Single Base,-0.5929515
RBP (CDS),Codon,1.4118586
RBP (CDS),9-mer,0.35713378
RBP (CDS),Ribosome,-0.46068463
RBP (CDS),Single Base,0.54005975
RBP (CDS),Codon,-0.48975262
RBP (CDS),9-mer,-1.0822171
RBP (CDS),Ribosome,-0.0584782
RBP (CDS),Single Base,-0.05744994
RBP (CDS),Codon,0.2729504
RBP (CDS),9-mer,-0.64420384
RBP (CDS),Ribosome,-0.085041344
RBP (CDS),Single Base,0.38685295
RBP (CDS),Codon,0.3617709
RBP (CDS),9-mer,-0.2675786
RBP (CDS),Ribosome,-0.83787936
RBP (CDS),Single Base,-0.54093164
RBP (CDS),Codon,-1.1070539
RBP (CDS),9-mer,1.0942235
RBP (CDS),Ribosome,0.89849496
RBP (CDS),Single Base,-1.9701093
RBP (CDS),Codon,-0.841041
RBP (CDS),9-mer,2.2539058
RBP (CDS),Ribosome,2.6110356
RBP (CDS),Single Base,-1.5601557
RBP (CDS),Codon,1.0460256
RBP (CDS),9-mer,-0.86129564
RBP (CDS),Ribosome,1.533966
RBP (CDS),Single Base,-1.7971994
RBP (CDS),Codon,0.36813143
RBP (CDS),9-mer,0.99241596
RBP (CDS),Ribosome,1.6485531
RBP (CDS),Single Base,-0.9441866
RBP (CDS),Codon,-0.79937726
RBP (CDS),9-mer,0.77242523
RBP (CDS),Ribosome,1.9705482
RBP (CDS),Single Base,-2.5518286
RBP (CDS),Codon,-2.8926902
RBP (CDS),9-mer,3.3253691
RBP (CDS),Ribosome,3.2223852
RBP (CDS),Single Base,-0.68434197
RBP (CDS),Codon,0.41587293
RBP (CDS),9-mer,0.19376206
RBP (CDS),Ribosome,0.7142096
RBP (CDS),Single Base,-0.7637679
RBP (CDS),Codon,-1.857191
RBP (CDS),9-mer,1.6174997
RBP (CDS),Ribosome,1.8603747
RBP (CDS),Single Base,-1.6316155
RBP (CDS),Codon,-0.5173964
RBP (CDS),9-mer,1.8012841
RBP (CDS),Ribosome,1.4282162
RBP (CDS),Single Base,-0.5489594
RBP (CDS),Codon,1.246479
RBP (CDS),9-mer,-0.659342
RBP (CDS),Ribosome,0.28740913
RBP (CDS),Single Base,-0.88166493
RBP (CDS),Codon,0.9889389
RBP (CDS),9-mer,-0.9675349
RBP (CDS),Ribosome,-0.97811985
RBP (CDS),Single Base,1.8145177
RBP (CDS),Codon,0.8977071
RBP (CDS),9-mer,-1.5544055
RBP (CDS),Ribosome,-1.5436323
RBP (CDS),Single Base,-2.1651077
RBP (CDS),Codon,-0.43934578
RBP (CDS),9-mer,2.2367313
RBP (CDS),Ribosome,3.0620558
RBP (CDS),Single Base,-0.18257217
RBP (CDS),Codon,-0.91762906
RBP (CDS),9-mer,0.39354393
RBP (CDS),Ribosome,1.0275421
RBP (CDS),Single Base,-2.2086535
RBP (CDS),Codon,0.944959
RBP (CDS),9-mer,1.3239282
RBP (CDS),Ribosome,1.2785021
RBP (CDS),Single Base,-1.1845133
RBP (CDS),Codon,1.3510171
RBP (CDS),9-mer,-1.4687531
RBP (CDS),Ribosome,0.7633083
RBP (CDS),Single Base,-1.5731796
RBP (CDS),Codon,-0.43573037
RBP (CDS),9-mer,1.8699414
RBP (CDS),Ribosome,2.509305
RBP (CDS),Single Base,-0.6959614
RBP (CDS),Codon,1.5086505
RBP (CDS),9-mer,-1.5069112
RBP (CDS),Ribosome,-0.63873094
RBP (CDS),Single Base,-1.5684747
RBP (CDS),Codon,2.5032349
RBP (CDS),9-mer,0.11542408
RBP (CDS),Ribosome,0.9562349
RBP (CDS),Single Base,-0.40282398
RBP (CDS),Codon,0.20015198
RBP (CDS),9-mer,0.42921737
RBP (CDS),Ribosome,0.18970397
RBP (CDS),Single Base,-1.3052827
RBP (CDS),Codon,1.8420408
RBP (CDS),9-mer,0.92444813
RBP (CDS),Ribosome,0.16130203
RBP (CDS),Single Base,0.51962227
RBP (CDS),Codon,-1.4795828
RBP (CDS),9-mer,0.14816828
RBP (CDS),Ribosome,0.4414324
RBP (CDS),Single Base,-2.3917274
RBP (CDS),Codon,1.6268116
RBP (CDS),9-mer,1.1439785
RBP (CDS),Ribosome,0.43566838
RBP (CDS),Single Base,-0.29499638
RBP (CDS),Codon,-0.70405555
RBP (CDS),9-mer,0.62462205
RBP (CDS),Ribosome,1.1313378
RBP (CDS),Single Base,-1.2558758
RBP (CDS),Codon,1.3010626
RBP (CDS),9-mer,1.0212114
RBP (CDS),Ribosome,1.3606243
RBP (CDS),Single Base,-1.6934323
RBP (CDS),Codon,1.7406574
RBP (CDS),9-mer,-1.0297997
RBP (CDS),Ribosome,1.0408808
RBP (CDS),Single Base,-0.21112363
RBP (CDS),Codon,0.2397103
RBP (CDS),9-mer,-0.23278645
RBP (CDS),Ribosome,0.18875752
RBP (CDS),Single Base,1.786476
RBP (CDS),Codon,-0.67754406
RBP (CDS),9-mer,-1.9084083
RBP (CDS),Ribosome,-0.85151666
RBP (CDS),Single Base,0.7665549
RBP (CDS),Codon,-0.4268427
RBP (CDS),9-mer,-0.9701502
RBP (CDS),Ribosome,-0.32792774
RBP (CDS),Single Base,0.05111241
RBP (CDS),Codon,-0.070337914
RBP (CDS),9-mer,-0.5652204
RBP (CDS),Ribosome,1.6915706
RBP (CDS),Single Base,-1.5689751
RBP (CDS),Codon,-0.072739415
RBP (CDS),9-mer,1.1580447
RBP (CDS),Ribosome,1.8736843
RBP (CDS),Single Base,0.73727363
RBP (CDS),Codon,-0.06457029
RBP (CDS),9-mer,-0.75180155
RBP (CDS),Ribosome,-0.732872
RBP (CDS),Single Base,-1.2874182
RBP (CDS),Codon,2.239997
RBP (CDS),9-mer,-0.16583495
RBP (CDS),Ribosome,-0.48944676
RBP (CDS),Single Base,-2.5079782
RBP (CDS),Codon,-1.8618742
RBP (CDS),9-mer,2.8611956
RBP (CDS),Ribosome,3.9518502
RBP (CDS),Single Base,-1.2013077
RBP (CDS),Codon,-0.15621313
RBP (CDS),9-mer,0.93140125
RBP (CDS),Ribosome,1.8236477
RBP (CDS),Single Base,-1.6631382
RBP (CDS),Codon,2.482497
RBP (CDS),9-mer,0.11609202
RBP (CDS),Ribosome,-0.6738304
RBP (CDS),Single Base,-0.97744656
RBP (CDS),Codon,0.11007893
RBP (CDS),9-mer,0.20542563
RBP (CDS),Ribosome,1.5048578
RBP (CDS),Single Base,0.8698994
RBP (CDS),Codon,-0.099951364
RBP (CDS),9-mer,-0.07316618
RBP (CDS),Ribosome,-0.4867145
RBP (CDS),Single Base,0.30676514
RBP (CDS),Codon,-0.056450244
RBP (CDS),9-mer,-0.43270686
RBP (CDS),Ribosome,-0.12445245
RBP (CDS),Single Base,-0.5029687
RBP (CDS),Codon,0.075804956
RBP (CDS),9-mer,-0.22389548
RBP (CDS),Ribosome,0.48146865
RBP (CDS),Single Base,0.5471256
RBP (CDS),Codon,-2.581229
RBP (CDS),9-mer,-0.2994016
RBP (CDS),Ribosome,1.4907004
RBP (CDS),Single Base,1.2427075
RBP (CDS),Codon,-0.70132905
RBP (CDS),9-mer,-0.504083
RBP (CDS),Ribosome,-0.6400867
RBP (CDS),Single Base,-0.31089345
RBP (CDS),Codon,-0.8116098
RBP (CDS),9-mer,0.19023982
RBP (CDS),Ribosome,1.1278762
RBP (CDS),Single Base,-0.49444872
RBP (CDS),Codon,0.03473795
RBP (CDS),9-mer,1.1852849
RBP (CDS),Ribosome,0.9636744
RBP (CDS),Single Base,-0.047949325
RBP (CDS),Codon,-0.84345394
RBP (CDS),9-mer,0.1890561
RBP (CDS),Ribosome,1.0571442
RBP (CDS),Single Base,0.5577389
RBP (CDS),Codon,-0.8972311
RBP (CDS),9-mer,-1.2605188
RBP (CDS),Ribosome,1.2291313
RBP (CDS),Single Base,-0.4608786
RBP (CDS),Codon,-0.9652023
RBP (CDS),9-mer,1.207484
RBP (CDS),Ribosome,0.55069
RBP (CDS),Single Base,-2.3594935
RBP (CDS),Codon,-0.10540732
RBP (CDS),9-mer,1.5284857
RBP (CDS),Ribosome,2.6830199
RBP (CDS),Single Base,0.46518335
RBP (CDS),Codon,-0.5815619
RBP (CDS),9-mer,-0.055421084
RBP (CDS),Ribosome,-0.52051485
RBP (CDS),Single Base,1.3779552
RBP (CDS),Codon,-0.95714194
RBP (CDS),9-mer,-0.105137385
RBP (CDS),Ribosome,0.25816807
RBP (CDS),Single Base,2.923513
RBP (CDS),Codon,-2.030093
RBP (CDS),9-mer,-2.3023727
RBP (CDS),Ribosome,-1.3443376
RBP (CDS),Single Base,-1.0199007
RBP (CDS),Codon,1.296397
RBP (CDS),9-mer,-0.3120695
RBP (CDS),Ribosome,-0.67850393
RBP (CDS),Single Base,0.5271767
RBP (CDS),Codon,0.8203909
RBP (CDS),9-mer,-2.5426044
RBP (CDS),Ribosome,-0.120044455
RBP (CDS),Single Base,-0.21716502
RBP (CDS),Codon,-0.023259036
RBP (CDS),9-mer,0.45912513
RBP (CDS),Ribosome,0.06879073
RBP (CDS),Single Base,-1.7182559
RBP (CDS),Codon,1.7521559
RBP (CDS),9-mer,0.6900962
RBP (CDS),Ribosome,1.3724772
RBP (CDS),Single Base,-0.8919597
RBP (CDS),Codon,0.8476147
RBP (CDS),9-mer,0.21879832
RBP (CDS),Ribosome,0.582323
RBP (CDS),Single Base,-0.08997308
RBP (CDS),Codon,1.5744139
RBP (CDS),9-mer,-0.95191747
RBP (CDS),Ribosome,-0.5938791
RBP (CDS),Single Base,3.9600353
RBP (CDS),Codon,-0.18240425
RBP (CDS),9-mer,-3.9302726
RBP (CDS),Ribosome,-1.2358347
RBP (CDS),Single Base,0.32024062
RBP (CDS),Codon,-0.92380434
RBP (CDS),9-mer,-0.02232372
RBP (CDS),Ribosome,0.20535555
RBP (CDS),Single Base,-0.5680522
RBP (CDS),Codon,-0.50407577
RBP (CDS),9-mer,0.19191514
RBP (CDS),Ribosome,1.8102753
RBP (CDS),Single Base,-1.6512234
RBP (CDS),Codon,-1.4348264
RBP (CDS),9-mer,2.400618
RBP (CDS),Ribosome,2.6446166
RBP (CDS),Single Base,0.59049314
RBP (CDS),Codon,-0.08097228
RBP (CDS),9-mer,-0.7244523
RBP (CDS),Ribosome,-0.28063196
RBP (CDS),Single Base,-1.7769634
RBP (CDS),Codon,-0.13031903
RBP (CDS),9-mer,1.5372677
RBP (CDS),Ribosome,2.6178598
RBP (CDS),Single Base,-0.77407014
RBP (CDS),Codon,-1.947897
RBP (CDS),9-mer,1.8204453
RBP (CDS),Ribosome,2.376466
RBP (CDS),Single Base,-0.9740804
RBP (CDS),Codon,0.0914936
RBP (CDS),9-mer,0.8930548
RBP (CDS),Ribosome,1.5308635
RBP (CDS),Single Base,1.27593
RBP (CDS),Codon,-0.26870182
RBP (CDS),9-mer,-0.74831015
RBP (CDS),Ribosome,-0.7077627
RBP (CDS),Single Base,0.62671393
RBP (CDS),Codon,-1.7116579
RBP (CDS),9-mer,-0.087237366
RBP (CDS),Ribosome,2.4676955
RBP (CDS),Single Base,0.1369393
RBP (CDS),Codon,-0.32151172
RBP (CDS),9-mer,-0.020368753
RBP (CDS),Ribosome,0.020707857
RBP (CDS),Single Base,2.2084224
RBP (CDS),Codon,-3.038051
RBP (CDS),9-mer,1.9168849
RBP (CDS),Ribosome,1.0127728
RBP (CDS),Single Base,0.35811135
RBP (CDS),Codon,-0.1325718
RBP (CDS),9-mer,-2.0845985
RBP (CDS),Ribosome,1.1741573
RBP (CDS),Single Base,0.8336519
RBP (CDS),Codon,-0.46816915
RBP (CDS),9-mer,-1.2162341
RBP (CDS),Ribosome,-0.229866
RBP (CDS),Single Base,0.16634353
RBP (CDS),Codon,-1.2676308
RBP (CDS),9-mer,0.46863964
RBP (CDS),Ribosome,0.74917907
RBP (CDS),Single Base,1.1250639
RBP (CDS),Codon,-0.68732166
RBP (CDS),9-mer,-1.5345743
RBP (CDS),Ribosome,0.75729996
RBP (CDS),Single Base,-1.2899666
RBP (CDS),Codon,1.0930065
RBP (CDS),9-mer,-0.08789603
RBP (CDS),Ribosome,1.7430519
RBP (CDS),Single Base,1.4411416
RBP (CDS),Codon,-0.49705338
RBP (CDS),9-mer,-1.405366
RBP (CDS),Ribosome,-0.98958087
RBP (CDS),Single Base,0.4924159
RBP (CDS),Codon,-1.5796385
RBP (CDS),9-mer,0.50604963
RBP (CDS),Ribosome,0.8528355
RBP (CDS),Single Base,-1.167135
RBP (CDS),Codon,1.5437781
RBP (CDS),9-mer,0.32627153
RBP (CDS),Ribosome,1.1206052
RBP (CDS),Single Base,-1.5199825
RBP (CDS),Codon,-1.6617763
RBP (CDS),9-mer,2.302537
RBP (CDS),Ribosome,1.7472535
RBP (CDS),Single Base,-1.033098
RBP (CDS),Codon,-0.22670825
RBP (CDS),9-mer,1.1070694
RBP (CDS),Ribosome,1.7011014
RBP (CDS),Single Base,-0.47410396
RBP (CDS),Codon,0.15119016
RBP (CDS),9-mer,-0.03661492
RBP (CDS),Ribosome,0.90063465
RBP (CDS),Single Base,-1.5816121
RBP (CDS),Codon,-3.027582
RBP (CDS),9-mer,3.0680299
RBP (CDS),Ribosome,2.8039496
RBP (CDS),Single Base,1.352817
RBP (CDS),Codon,-3.4073153
RBP (CDS),9-mer,-0.39260522
RBP (CDS),Ribosome,1.4347835
RBP (CDS),Single Base,1.4832233
RBP (CDS),Codon,-1.2983032
RBP (CDS),9-mer,-1.3686156
RBP (CDS),Ribosome,0.3677891
RBP (CDS),Single Base,-0.19023433
RBP (CDS),Codon,-0.74274445
RBP (CDS),9-mer,0.6496388
RBP (CDS),Ribosome,1.5778811
RBP (CDS),Single Base,-1.46247
RBP (CDS),Codon,0.9929888
RBP (CDS),9-mer,-2.512266
RBP (CDS),Ribosome,2.2248576
RBP (CDS),Single Base,-0.32785228
RBP (CDS),Codon,-0.24019116
RBP (CDS),9-mer,1.2951527
RBP (CDS),Ribosome,-0.37927482
RBP (CDS),Single Base,-1.9709533
RBP (CDS),Codon,2.2377782
RBP (CDS),9-mer,0.82808053
RBP (CDS),Ribosome,0.5409384
RBP (CDS),Single Base,0.6941956
RBP (CDS),Codon,-1.9447732
RBP (CDS),9-mer,1.867595
RBP (CDS),Ribosome,-1.2315071
RBP (CDS),Single Base,0.9076619
RBP (CDS),Codon,-0.0016040544
RBP (CDS),9-mer,-0.5915391
RBP (CDS),Ribosome,-0.41901895
RBP (CDS),Single Base,0.29321662
RBP (CDS),Codon,-0.4929894
RBP (CDS),9-mer,0.2136631
RBP (CDS),Ribosome,-0.2144743
RBP (CDS),Single Base,-0.70790845
RBP (CDS),Codon,-0.3218996
RBP (CDS),9-mer,0.98055893
RBP (CDS),Ribosome,0.88659734
RBP (CDS),Single Base,-0.42815542
RBP (CDS),Codon,1.9436356
RBP (CDS),9-mer,-0.24626127
RBP (CDS),Ribosome,0.11426571
RBP (CDS),Single Base,3.1242483
RBP (CDS),Codon,-1.1117741
RBP (CDS),9-mer,-3.7578135
RBP (CDS),Ribosome,-1.258733
RBP (CDS),Single Base,-2.5705614
RBP (CDS),Codon,2.3828905
RBP (CDS),9-mer,-0.516075
RBP (CDS),Ribosome,0.4678439
RBP (CDS),Single Base,0.5150432
RBP (CDS),Codon,-3.5109553
RBP (CDS),9-mer,3.1742575
RBP (CDS),Ribosome,3.1633494
RBP (CDS),Single Base,3.2901044
RBP (CDS),Codon,0.29437768
RBP (CDS),9-mer,-2.110594
RBP (CDS),Ribosome,-1.726301
RBP (CDS),Single Base,-1.0302161
RBP (CDS),Codon,1.1367656
RBP (CDS),9-mer,-0.9907074
RBP (CDS),Ribosome,1.4194223
RBP (CDS),Single Base,2.0332875
RBP (CDS),Codon,-0.33840698
RBP (CDS),9-mer,-1.0915753
RBP (CDS),Ribosome,-1.6149454
RBP (CDS),Single Base,1.039669
RBP (CDS),Codon,-2.2424996
RBP (CDS),9-mer,-0.12734209
RBP (CDS),Ribosome,-0.29151118
RBP (CDS),Single Base,0.1756391
RBP (CDS),Codon,0.82518345
RBP (CDS),9-mer,-1.5273446
RBP (CDS),Ribosome,-0.18298624
RBP (CDS),Single Base,-1.1535864
RBP (CDS),Codon,-0.8006187
RBP (CDS),9-mer,0.7495114
RBP (CDS),Ribosome,1.5028042
RBP (CDS),Single Base,-0.100612454
RBP (CDS),Codon,-1.5218636
RBP (CDS),9-mer,0.755559
RBP (CDS),Ribosome,0.862708
RBP (CDS),Single Base,-0.10180623
RBP (CDS),Codon,-0.18737565
RBP (CDS),9-mer,-1.6131595
RBP (CDS),Ribosome,1.1433939
RBP (CDS),Single Base,1.3923906
RBP (CDS),Codon,-0.093599886
RBP (CDS),9-mer,-2.1177201
RBP (CDS),Ribosome,-0.06938159
RBP (CDS),Single Base,0.98431194
RBP (CDS),Codon,-1.5106252
RBP (CDS),9-mer,0.60070175
RBP (CDS),Ribosome,-0.8937818
RBP (CDS),Single Base,-0.086322345
RBP (CDS),Codon,0.15417077
RBP (CDS),9-mer,0.029444378
RBP (CDS),Ribosome,0.032764044
RBP (CDS),Single Base,-0.23251438
RBP (CDS),Codon,0.3937181
RBP (CDS),9-mer,-0.4038323
RBP (CDS),Ribosome,0.4371151
RBP (CDS),Single Base,0.22796245
RBP (CDS),Codon,-1.059717
RBP (CDS),9-mer,0.2070408
RBP (CDS),Ribosome,0.14539821
RBP (CDS),Single Base,0.6401205
RBP (CDS),Codon,-1.7454216
RBP (CDS),9-mer,0.90650874
RBP (CDS),Ribosome,0.4310699
RBP (CDS),Single Base,-2.364225
RBP (CDS),Codon,0.6503726
RBP (CDS),9-mer,-0.074192114
RBP (CDS),Ribosome,1.8307257
RBP (CDS),Single Base,-0.4183197
RBP (CDS),Codon,0.25163123
RBP (CDS),9-mer,0.4818964
RBP (CDS),Ribosome,0.1206335
RBP (CDS),Single Base,0.02875801
RBP (CDS),Codon,0.36090517
RBP (CDS),9-mer,-1.0259886
RBP (CDS),Ribosome,1.4713004
RBP (CDS),Single Base,-0.92531675
RBP (CDS),Codon,-1.5071789
RBP (CDS),9-mer,0.95140773
RBP (CDS),Ribosome,1.832936
RBP (CDS),Single Base,0.44378778
RBP (CDS),Codon,-0.7066314
RBP (CDS),9-mer,0.16135496
RBP (CDS),Ribosome,0.024204314
RBP (CDS),Single Base,1.0266992
RBP (CDS),Codon,-0.5740403
RBP (CDS),9-mer,-1.3640366
RBP (CDS),Ribosome,-0.19063528
RBP (CDS),Single Base,-0.2514139
RBP (CDS),Codon,2.4571595
RBP (CDS),9-mer,-2.11382
RBP (CDS),Ribosome,0.6103676
RBP (CDS),Single Base,0.15011632
RBP (CDS),Codon,-0.77188385
RBP (CDS),9-mer,0.424317
RBP (CDS),Ribosome,0.024169637
RBP (CDS),Single Base,1.4628946
RBP (CDS),Codon,-1.370139
RBP (CDS),9-mer,-2.4006162
RBP (CDS),Ribosome,1.1347054
RBP (CDS),Single Base,-0.83302957
RBP (CDS),Codon,0.8769439
RBP (CDS),9-mer,0.49787736
RBP (CDS),Ribosome,0.12919956
RBP (CDS),Single Base,-2.6878297
RBP (CDS),Codon,0.83336467
RBP (CDS),9-mer,2.4147778
RBP (CDS),Ribosome,3.5504756
RBP (CDS),Single Base,-1.1487622
RBP (CDS),Codon,1.9067736
RBP (CDS),9-mer,-0.37468803
RBP (CDS),Ribosome,0.7121639
RBP (CDS),Single Base,-0.06596218
RBP (CDS),Codon,-0.9183759
RBP (CDS),9-mer,0.2546075
RBP (CDS),Ribosome,1.1894926
RBP (CDS),Single Base,-0.7876446
RBP (CDS),Codon,-1.729124
RBP (CDS),9-mer,1.1571608
RBP (CDS),Ribosome,3.1192582
RBP (CDS),Single Base,-0.9885753
RBP (CDS),Codon,0.6173603
RBP (CDS),9-mer,0.39618343
RBP (CDS),Ribosome,0.7145549
RBP (CDS),Single Base,-0.99510896
RBP (CDS),Codon,0.34795466
RBP (CDS),9-mer,0.7456251
RBP (CDS),Ribosome,1.0608745
RBP (CDS),Single Base,-0.33200845
RBP (CDS),Codon,-0.9818322
RBP (CDS),9-mer,0.40967828
RBP (CDS),Ribosome,1.1469939
RBP (CDS),Single Base,-0.26783845
RBP (CDS),Codon,-2.0136724
RBP (CDS),9-mer,0.2574797
RBP (CDS),Ribosome,1.3719409
RBP (CDS),Single Base,-0.672208
RBP (CDS),Codon,0.27178982
RBP (CDS),9-mer,0.45899156
RBP (CDS),Ribosome,1.1265851
RBP (CDS),Single Base,0.29956406
RBP (CDS),Codon,1.2128017
RBP (CDS),9-mer,-2.4041128
RBP (CDS),Ribosome,-1.6721874
RBP (CDS),Single Base,-2.1636171
RBP (CDS),Codon,1.5434003
RBP (CDS),9-mer,0.5724113
RBP (CDS),Ribosome,0.08182248
RBP (CDS),Single Base,1.3287227
RBP (CDS),Codon,-1.0104669
RBP (CDS),9-mer,-0.6945177
RBP (CDS),Ribosome,0.3887982
RBP (CDS),Single Base,0.017930876
RBP (CDS),Codon,-0.6331655
RBP (CDS),9-mer,0.12078501
RBP (CDS),Ribosome,0.53628016
RBP (CDS),Single Base,-0.07721249
RBP (CDS),Codon,-0.9693958
RBP (CDS),9-mer,-0.5876621
RBP (CDS),Ribosome,2.1753044
RBP (CDS),Single Base,-0.89715403
RBP (CDS),Codon,0.3402522
RBP (CDS),9-mer,1.0336648
RBP (CDS),Ribosome,0.68709546
RBP (CDS),Single Base,-0.42162886
RBP (CDS),Codon,-1.116508
RBP (CDS),9-mer,1.739931
RBP (CDS),Ribosome,0.98566127
RBP (CDS),Single Base,1.010442
RBP (CDS),Codon,-0.16668136
RBP (CDS),9-mer,-1.2499007
RBP (CDS),Ribosome,-0.46259537
RBP (CDS),Single Base,-1.0246406
RBP (CDS),Codon,-2.2533748
RBP (CDS),9-mer,2.0297353
RBP (CDS),Ribosome,2.0700865
RBP (CDS),Single Base,0.17563853
RBP (CDS),Codon,-1.3050073
RBP (CDS),9-mer,0.055832088
RBP (CDS),Ribosome,0.5698443
RBP (CDS),Single Base,2.6700745
RBP (CDS),Codon,-1.5623624
RBP (CDS),9-mer,-3.6913223
RBP (CDS),Ribosome,0.75374943
RBP (CDS),Single Base,-1.3420123
RBP (CDS),Codon,-0.012816374
RBP (CDS),9-mer,1.8553805
RBP (CDS),Ribosome,1.5627215
RBP (CDS),Single Base,0.76254463
RBP (CDS),Codon,-0.91692793
RBP (CDS),9-mer,-0.990997
RBP (CDS),Ribosome,-0.37138453
RBP (CDS),Single Base,-1.3210199
RBP (CDS),Codon,0.91751754
RBP (CDS),9-mer,1.3175373
RBP (CDS),Ribosome,1.5781808
RBP (CDS),Single Base,-1.7538406
RBP (CDS),Codon,-1.7731403
RBP (CDS),9-mer,1.777691
RBP (CDS),Ribosome,2.2680643
RBP (CDS),Single Base,-1.3152587
RBP (CDS),Codon,0.69039494
RBP (CDS),9-mer,1.3476932
RBP (CDS),Ribosome,0.44723257
RBP (CDS),Single Base,-1.4921175
RBP (CDS),Codon,-0.05388953
RBP (CDS),9-mer,1.9777728
RBP (CDS),Ribosome,1.0684495
RBP (CDS),Single Base,0.7711076
RBP (CDS),Codon,1.4622228
RBP (CDS),9-mer,-1.478798
RBP (CDS),Ribosome,-1.1842601
RBP (CDS),Single Base,-0.79986554
RBP (CDS),Codon,0.7291644
RBP (CDS),9-mer,0.80634135
RBP (CDS),Ribosome,0.781604
RBP (CDS),Single Base,0.8041306
RBP (CDS),Codon,-0.9242891
RBP (CDS),9-mer,-1.5016375
RBP (CDS),Ribosome,1.3319283
RBP (CDS),Single Base,-1.4033711
RBP (CDS),Codon,0.26906788
RBP (CDS),9-mer,0.89506984
RBP (CDS),Ribosome,0.8187287
RBP (CDS),Single Base,2.3720102
RBP (CDS),Codon,0.5695115
RBP (CDS),9-mer,-2.1957428
RBP (CDS),Ribosome,-1.1492741
RBP (CDS),Single Base,-0.59849966
RBP (CDS),Codon,-1.128213
RBP (CDS),9-mer,1.300254
RBP (CDS),Ribosome,1.784318
RBP (CDS),Single Base,-0.6007736
RBP (CDS),Codon,-0.43524572
RBP (CDS),9-mer,1.7930658
RBP (CDS),Ribosome,0.64501566
RBP (CDS),Single Base,-0.086430065
RBP (CDS),Codon,0.7948762
RBP (CDS),9-mer,-0.454301
RBP (CDS),Ribosome,-1.364746
RBP (CDS),Single Base,0.34824553
RBP (CDS),Codon,-0.56984293
RBP (CDS),9-mer,-0.3183335
RBP (CDS),Ribosome,0.07138007
RBP (CDS),Single Base,-1.8948545
RBP (CDS),Codon,0.49083325
RBP (CDS),9-mer,1.5996956
RBP (CDS),Ribosome,2.164892
RBP (CDS),Single Base,2.1432128
RBP (CDS),Codon,-1.8606497
RBP (CDS),9-mer,-0.09064292
RBP (CDS),Ribosome,-1.986609
RBP (CDS),Single Base,-1.04518
RBP (CDS),Codon,1.2753574
RBP (CDS),9-mer,0.9403009
RBP (CDS),Ribosome,0.03977199
RBP (CDS),Single Base,0.00026387593
RBP (CDS),Codon,1.1052817
RBP (CDS),9-mer,-0.5827642
RBP (CDS),Ribosome,-1.3182873
RBP (CDS),Single Base,-0.21380316
RBP (CDS),Codon,0.36221597
RBP (CDS),9-mer,-0.3399835
RBP (CDS),Ribosome,0.15583144
RBP (CDS),Single Base,-2.5936513
RBP (CDS),Codon,2.7880948
RBP (CDS),9-mer,0.98587567
RBP (CDS),Ribosome,2.4914541
RBP (CDS),Single Base,-0.671599
RBP (CDS),Codon,0.8481007
RBP (CDS),9-mer,0.4742763
RBP (CDS),Ribosome,0.5803188
RBP (CDS),Single Base,-0.8000448
RBP (CDS),Codon,0.93753755
RBP (CDS),9-mer,0.5077864
RBP (CDS),Ribosome,0.077386335
RBP (CDS),Single Base,-0.5391454
RBP (CDS),Codon,0.6411048
RBP (CDS),9-mer,0.3469362
RBP (CDS),Ribosome,0.29944783
RBP (CDS),Single Base,-0.061161622
RBP (CDS),Codon,3.2515469
RBP (CDS),9-mer,-3.7622507
RBP (CDS),Ribosome,-2.2177963
RBP (CDS),Single Base,-2.958748
RBP (CDS),Codon,2.108736
RBP (CDS),9-mer,2.9833643
RBP (CDS),Ribosome,3.958778
RBP (CDS),Single Base,-1.7962356
RBP (CDS),Codon,2.147954
RBP (CDS),9-mer,-0.50969946
RBP (CDS),Ribosome,0.76576996
RBP (CDS),Single Base,-1.8245071
RBP (CDS),Codon,0.19833127
RBP (CDS),9-mer,1.0676292
RBP (CDS),Ribosome,1.9815074
RBP (CDS),Single Base,2.923573
RBP (CDS),Codon,0.9324633
RBP (CDS),9-mer,-1.800147
RBP (CDS),Ribosome,-5.1428494
RBP (CDS),Single Base,2.5853357
RBP (CDS),Codon,1.392812
RBP (CDS),9-mer,-0.9982303
RBP (CDS),Ribosome,-1.435442
RBP (CDS),Single Base,1.1864343
RBP (CDS),Codon,-0.16981119
RBP (CDS),9-mer,-1.3412147
RBP (CDS),Ribosome,-1.1889731
RBP (CDS),Single Base,1.6947526
RBP (CDS),Codon,-1.7819616
RBP (CDS),9-mer,0.8936668
RBP (CDS),Ribosome,-0.2897565
RBP (CDS),Single Base,-0.7747103
RBP (CDS),Codon,-0.9167985
RBP (CDS),9-mer,2.2963367
RBP (CDS),Ribosome,0.9123925
RBP (CDS),Single Base,1.0683249
RBP (CDS),Codon,-2.787668
RBP (CDS),9-mer,-0.64001656
RBP (CDS),Ribosome,1.9725524
RBP (CDS),Single Base,-1.4367572
RBP (CDS),Codon,2.8037536
RBP (CDS),9-mer,-0.22385357
RBP (CDS),Ribosome,-0.10078455
RBP (CDS),Single Base,-1.3773025
RBP (CDS),Codon,-0.6759885
RBP (CDS),9-mer,1.799916
RBP (CDS),Ribosome,1.0037348
RBP (CDS),Single Base,2.5006306
RBP (CDS),Codon,-0.31980515
RBP (CDS),9-mer,-1.4962257
RBP (CDS),Ribosome,-0.85510886
RBP (CDS),Single Base,1.1423249
RBP (CDS),Codon,-0.9827512
RBP (CDS),9-mer,-0.40902954
RBP (CDS),Ribosome,0.7875354
RBP (CDS),Single Base,-0.46365124
RBP (CDS),Codon,0.32732636
RBP (CDS),9-mer,0.3219032
RBP (CDS),Ribosome,0.18514653
RBP (CDS),Single Base,-1.2321376
RBP (CDS),Codon,0.6920401
RBP (CDS),9-mer,0.772089
RBP (CDS),Ribosome,0.5643082
RBP (CDS),Single Base,0.50406015
RBP (CDS),Codon,2.2888978
RBP (CDS),9-mer,-3.2125785
RBP (CDS),Ribosome,0.12973851
RBP (CDS),Single Base,0.14450495
RBP (CDS),Codon,-0.8838012
RBP (CDS),9-mer,0.26060432
RBP (CDS),Ribosome,0.8807336
RBP (CDS),Single Base,-0.13911277
RBP (CDS),Codon,0.60898226
RBP (CDS),9-mer,-0.3670389
RBP (CDS),Ribosome,0.1933591
RBP (CDS),Single Base,-0.34854892
RBP (CDS),Codon,0.92146826
RBP (CDS),9-mer,-1.562045
RBP (CDS),Ribosome,0.9200412
RBP (CDS),Single Base,-1.0937726
RBP (CDS),Codon,-0.53575623
RBP (CDS),9-mer,1.2923356
RBP (CDS),Ribosome,1.2314608
RBP (CDS),Single Base,-0.6663115
RBP (CDS),Codon,-1.1858406
RBP (CDS),9-mer,1.0170139
RBP (CDS),Ribosome,2.569137
RBP (CDS),Single Base,-1.3087772
RBP (CDS),Codon,-0.0147432815
RBP (CDS),9-mer,0.6902698
RBP (CDS),Ribosome,2.546562
RBP (CDS),Single Base,0.570374
RBP (CDS),Codon,1.022527
RBP (CDS),9-mer,-2.3620005
RBP (CDS),Ribosome,-0.019910939
RBP (CDS),Single Base,-1.4143773
RBP (CDS),Codon,-0.78839105
RBP (CDS),9-mer,1.2237033
RBP (CDS),Ribosome,1.9493012
RBP (CDS),Single Base,1.9238603
RBP (CDS),Codon,-1.4364643
RBP (CDS),9-mer,-0.34339714
RBP (CDS),Ribosome,-0.5553968
RBP (CDS),Single Base,-0.6591273
RBP (CDS),Codon,1.2350719
RBP (CDS),9-mer,-0.13595879
RBP (CDS),Ribosome,0.40188754
RBP (CDS),Single Base,-0.20233624
RBP (CDS),Codon,-1.4309313
RBP (CDS),9-mer,-1.2327305
RBP (CDS),Ribosome,1.7950487
RBP (CDS),Single Base,-0.7194308
RBP (CDS),Codon,-0.17153986
RBP (CDS),9-mer,0.8938506
RBP (CDS),Ribosome,0.7409579
RBP (CDS),Single Base,-1.0685714
RBP (CDS),Codon,-1.509956
RBP (CDS),9-mer,1.7226623
RBP (CDS),Ribosome,1.4921306
RBP (CDS),Single Base,-0.5812617
RBP (CDS),Codon,0.97903895
RBP (CDS),9-mer,-0.23925439
RBP (CDS),Ribosome,-0.7128187
RBP (CDS),Single Base,0.19490185
RBP (CDS),Codon,-0.8834802
RBP (CDS),9-mer,0.22105819
RBP (CDS),Ribosome,0.28050756
RBP (CDS),Single Base,0.69418716
RBP (CDS),Codon,-0.077586696
RBP (CDS),9-mer,-0.94512933
RBP (CDS),Ribosome,-0.34881353
RBP (CDS),Single Base,-0.42187878
RBP (CDS),Codon,0.28227767
RBP (CDS),9-mer,-0.42585105
RBP (CDS),Ribosome,1.15573
RBP (CDS),Single Base,-1.5960641
RBP (CDS),Codon,0.24965712
RBP (CDS),9-mer,0.96148044
RBP (CDS),Ribosome,0.60338044
RBP (CDS),Single Base,-0.8639588
RBP (CDS),Codon,0.91723496
RBP (CDS),9-mer,0.6078208
RBP (CDS),Ribosome,0.3348084
RBP (CDS),Single Base,-0.23695908
RBP (CDS),Codon,0.09885107
RBP (CDS),9-mer,0.021721847
RBP (CDS),Ribosome,0.39729133
RBP (CDS),Single Base,-0.72995406
RBP (CDS),Codon,-0.4493582
RBP (CDS),9-mer,1.1301416
RBP (CDS),Ribosome,0.2795093
RBP (CDS),Single Base,-0.37332934
RBP (CDS),Codon,0.15130103
RBP (CDS),9-mer,0.6840983
RBP (CDS),Ribosome,0.12488579
RBP (CDS),Single Base,-0.030390404
RBP (CDS),Codon,-0.83913136
RBP (CDS),9-mer,1.2067314
RBP (CDS),Ribosome,0.28509086
RBP (CDS),Single Base,-1.5746863
RBP (CDS),Codon,0.6133624
RBP (CDS),9-mer,1.1607069
RBP (CDS),Ribosome,1.4778394
RBP (CDS),Single Base,0.034590807
RBP (CDS),Codon,0.11998961
RBP (CDS),9-mer,-0.7943639
RBP (CDS),Ribosome,0.40337718
RBP (CDS),Single Base,0.19678758
RBP (CDS),Codon,-2.0652583
RBP (CDS),9-mer,2.156897
RBP (CDS),Ribosome,0.9597087
RBP (CDS),Single Base,2.9969287
RBP (CDS),Codon,-1.7787752
RBP (CDS),9-mer,-2.3014488
RBP (CDS),Ribosome,-1.8186243
RBP (CDS),Single Base,-0.52414215
RBP (CDS),Codon,-0.80101407
RBP (CDS),9-mer,0.20187403
RBP (CDS),Ribosome,1.537385
RBP (CDS),Single Base,-1.4620397
RBP (CDS),Codon,1.2887229
RBP (CDS),9-mer,1.1760428
RBP (CDS),Ribosome,0.8791097
RBP (CDS),Single Base,0.150673
RBP (CDS),Codon,-0.51330703
RBP (CDS),9-mer,0.08321813
RBP (CDS),Ribosome,0.062902994
RBP (CDS),Single Base,1.4228206
RBP (CDS),Codon,-1.4760752
RBP (CDS),9-mer,-0.870569
RBP (CDS),Ribosome,-0.07738139
RBP (CDS),Single Base,2.4362166
RBP (CDS),Codon,-0.12500332
RBP (CDS),9-mer,-1.3775393
RBP (CDS),Ribosome,-1.610303
RBP (CDS),Single Base,2.0284472
RBP (CDS),Codon,-1.6523997
RBP (CDS),9-mer,-0.64585334
RBP (CDS),Ribosome,1.7901086
RBP (CDS),Single Base,-1.1157873
RBP (CDS),Codon,0.57974154
RBP (CDS),9-mer,1.1869096
RBP (CDS),Ribosome,0.6016795
RBP (CDS),Single Base,-0.18963684
RBP (CDS),Codon,-0.698747
RBP (CDS),9-mer,0.7142342
RBP (CDS),Ribosome,0.64198416
RBP (CDS),Single Base,-1.2754543
RBP (CDS),Codon,-0.29334915
RBP (CDS),9-mer,2.0079381
RBP (CDS),Ribosome,0.47282964
RBP (CDS),Single Base,1.3795645
RBP (CDS),Codon,-1.6210654
RBP (CDS),9-mer,-1.0061452
RBP (CDS),Ribosome,-0.30375913
RBP (CDS),Single Base,1.082023
RBP (CDS),Codon,0.22045521
RBP (CDS),9-mer,-1.4389668
RBP (CDS),Ribosome,-0.92413497
RBP (CDS),Single Base,-1.9978995
RBP (CDS),Codon,0.9844488
RBP (CDS),9-mer,1.8038633
RBP (CDS),Ribosome,1.1541473
RBP (CDS),Single Base,1.6843666
RBP (CDS),Codon,-1.9055237
RBP (CDS),9-mer,-1.0319346
RBP (CDS),Ribosome,0.35585108
RBP (CDS),Single Base,0.7273705
RBP (CDS),Codon,0.82561594
RBP (CDS),9-mer,-1.1018943
RBP (CDS),Ribosome,-0.7976757
RBP (CDS),Single Base,1.8564881
RBP (CDS),Codon,-2.0148654
RBP (CDS),9-mer,-0.15680097
RBP (CDS),Ribosome,0.28739908
RBP (CDS),Single Base,-1.4619228
RBP (CDS),Codon,-2.2878082
RBP (CDS),9-mer,2.6167197
RBP (CDS),Ribosome,3.6457257
RBP (CDS),Single Base,-0.48087993
RBP (CDS),Codon,2.3361955
RBP (CDS),9-mer,-2.6551309
RBP (CDS),Ribosome,0.51932395
RBP (CDS),Single Base,-1.9370782
RBP (CDS),Codon,0.7733389
RBP (CDS),9-mer,2.1133723
RBP (CDS),Ribosome,2.073988
RBP (CDS),Single Base,-0.21956338
RBP (CDS),Codon,-0.872605
RBP (CDS),9-mer,0.95260835
RBP (CDS),Ribosome,0.6366559
RBP (CDS),Single Base,0.6523416
RBP (CDS),Codon,-0.6537197
RBP (CDS),9-mer,-0.2316897
RBP (CDS),Ribosome,0.40051058
RBP (CDS),Single Base,-0.9841916
RBP (CDS),Codon,-0.66613513
RBP (CDS),9-mer,2.1269243
RBP (CDS),Ribosome,1.5378997
RBP (CDS),Single Base,0.15318255
RBP (CDS),Codon,-1.1650394
RBP (CDS),9-mer,0.86047626
RBP (CDS),Ribosome,1.218692
RBP (CDS),Single Base,-1.5294396
RBP (CDS),Codon,-0.36607426
RBP (CDS),9-mer,1.7858056
RBP (CDS),Ribosome,2.1628094
RBP (CDS),Single Base,1.9935108
RBP (CDS),Codon,0.50300264
RBP (CDS),9-mer,-3.6365738
RBP (CDS),Ribosome,-1.7675169
RBP (CDS),Single Base,-0.38152167
RBP (CDS),Codon,0.32958952
RBP (CDS),9-mer,0.22545901
RBP (CDS),Ribosome,0.57064617
RBP (CDS),Single Base,-1.6193858
RBP (CDS),Codon,-0.9619397
RBP (CDS),9-mer,2.5834785
RBP (CDS),Ribosome,2.483031
RBP (CDS),Single Base,2.283926
RBP (CDS),Codon,0.36120942
RBP (CDS),9-mer,-2.2205667
RBP (CDS),Ribosome,-2.3637254
RBP (CDS),Single Base,0.60261786
RBP (CDS),Codon,-1.8318645
RBP (CDS),9-mer,-0.023763351
RBP (CDS),Ribosome,0.62426275
RBP (CDS),Single Base,-1.2325876
RBP (CDS),Codon,-2.1866555
RBP (CDS),9-mer,1.9394658
RBP (CDS),Ribosome,2.2608578
RBP (CDS),Single Base,-1.3265277
RBP (CDS),Codon,-1.2315168
RBP (CDS),9-mer,1.8827552
RBP (CDS),Ribosome,1.2188224
RBP (CDS),Single Base,-0.49917942
RBP (CDS),Codon,-0.2593995
RBP (CDS),9-mer,0.044581145
RBP (CDS),Ribosome,0.70965034
RBP (CDS),Single Base,-0.09160318
RBP (CDS),Codon,1.6457086
RBP (CDS),9-mer,-0.9078476
RBP (CDS),Ribosome,-1.8729969
RBP (CDS),Single Base,-2.0241997
RBP (CDS),Codon,3.0267923
RBP (CDS),9-mer,-1.8558625
RBP (CDS),Ribosome,1.5695224
RBP (CDS),Single Base,-3.295066
RBP (CDS),Codon,-0.61242175
RBP (CDS),9-mer,1.8156918
RBP (CDS),Ribosome,3.5670202
RBP (CDS),Single Base,-1.294703
RBP (CDS),Codon,0.53969115
RBP (CDS),9-mer,1.0951043
RBP (CDS),Ribosome,0.7236489
RBP (CDS),Single Base,-2.1242337
RBP (CDS),Codon,-2.8403058
RBP (CDS),9-mer,2.793653
RBP (CDS),Ribosome,3.0367572
RBP (CDS),Single Base,1.9489663
RBP (CDS),Codon,-1.5761609
RBP (CDS),9-mer,-2.446823
RBP (CDS),Ribosome,-0.92709494
RBP (CDS),Single Base,1.4437758
RBP (CDS),Codon,-1.0838801
RBP (CDS),9-mer,-0.35440043
RBP (CDS),Ribosome,-0.045181923
RBP (CDS),Single Base,2.2904418
RBP (CDS),Codon,0.7310931
RBP (CDS),9-mer,-1.7749485
RBP (CDS),Ribosome,-2.013513
RBP (CDS),Single Base,1.539043
RBP (CDS),Codon,0.7716194
RBP (CDS),9-mer,-2.0509267
RBP (CDS),Ribosome,-0.86315984
RBP (CDS),Single Base,-1.113561
RBP (CDS),Codon,-0.72785187
RBP (CDS),9-mer,1.3819245
RBP (CDS),Ribosome,1.022415
RBP (CDS),Single Base,1.5617163
RBP (CDS),Codon,-2.635429
RBP (CDS),9-mer,-1.2756997
RBP (CDS),Ribosome,-0.1776046
RBP (CDS),Single Base,-1.3965399
RBP (CDS),Codon,0.22893554
RBP (CDS),9-mer,1.7379152
RBP (CDS),Ribosome,0.9382241
RBP (CDS),Single Base,3.4987905
RBP (CDS),Codon,-2.6437933
RBP (CDS),9-mer,-0.75181955
RBP (CDS),Ribosome,-1.2774761
RBP (CDS),Single Base,-1.6267915
RBP (CDS),Codon,-1.2508689
RBP (CDS),9-mer,2.2925012
RBP (CDS),Ribosome,2.0880866
RBP (CDS),Single Base,-0.062101673
RBP (CDS),Codon,-1.2188405
RBP (CDS),9-mer,-0.3519084
RBP (CDS),Ribosome,1.3354858
RBP (CDS),Single Base,-1.2823199
RBP (CDS),Codon,-0.019586446
RBP (CDS),9-mer,-1.2992985
RBP (CDS),Ribosome,2.64033
RBP (CDS),Single Base,-1.7591357
RBP (CDS),Codon,-1.5670698
RBP (CDS),9-mer,2.3039713
RBP (CDS),Ribosome,2.593118
RBP (CDS),Single Base,0.7387238
RBP (CDS),Codon,1.4407631
RBP (CDS),9-mer,-1.9302778
RBP (CDS),Ribosome,-1.1229202
RBP (CDS),Single Base,0.83827764
RBP (CDS),Codon,-0.79234296
RBP (CDS),9-mer,-0.50930357
RBP (CDS),Ribosome,0.9236951
RBP (CDS),Single Base,-1.2248194
RBP (CDS),Codon,-1.7189809
RBP (CDS),9-mer,0.96359146
RBP (CDS),Ribosome,1.4421422
RBP (CDS),Single Base,-1.3479874
RBP (CDS),Codon,1.105828
RBP (CDS),9-mer,-0.009243581
RBP (CDS),Ribosome,0.19023238
RBP (CDS),Single Base,1.4340742
RBP (CDS),Codon,-0.62487376
RBP (CDS),9-mer,-1.459476
RBP (CDS),Ribosome,0.5492727
RBP (CDS),Single Base,-1.3215976
RBP (CDS),Codon,-0.009825189
RBP (CDS),9-mer,0.85724145
RBP (CDS),Ribosome,1.3841883
RBP (CDS),Single Base,-1.2678566
RBP (CDS),Codon,0.77993315
RBP (CDS),9-mer,1.0748023
RBP (CDS),Ribosome,1.590832
RBP (CDS),Single Base,2.267796
RBP (CDS),Codon,-0.27743122
RBP (CDS),9-mer,-2.531158
RBP (CDS),Ribosome,-1.6145155
RBP (CDS),Single Base,-0.8669916
RBP (CDS),Codon,-1.6867352
RBP (CDS),9-mer,1.7449802
RBP (CDS),Ribosome,2.0154793
RBP (CDS),Single Base,-1.0151268
RBP (CDS),Codon,-0.12412625
RBP (CDS),9-mer,1.5817122
RBP (CDS),Ribosome,1.173653
RBP (CDS),Single Base,-1.4009744
RBP (CDS),Codon,-1.1404976
RBP (CDS),9-mer,2.1968427
RBP (CDS),Ribosome,2.2690275
RBP (CDS),Single Base,-0.013297901
RBP (CDS),Codon,-0.78497356
RBP (CDS),9-mer,-0.09090412
RBP (CDS),Ribosome,0.91581607
RBP (CDS),Single Base,-0.49045727
RBP (CDS),Codon,-0.77039397
RBP (CDS),9-mer,1.1402146
RBP (CDS),Ribosome,1.7041916
RBP (CDS),Single Base,-1.2595117
RBP (CDS),Codon,-2.0413055
RBP (CDS),9-mer,1.882802
RBP (CDS),Ribosome,1.9227438
RBP (CDS),Single Base,3.0347264
RBP (CDS),Codon,-3.3940964
RBP (CDS),9-mer,-2.0334187
RBP (CDS),Ribosome,0.40323636
RBP (CDS),Single Base,-0.9698321
RBP (CDS),Codon,1.3740855
RBP (CDS),9-mer,-0.68598694
RBP (CDS),Ribosome,0.9614158
RBP (CDS),Single Base,-0.89406675
RBP (CDS),Codon,1.4143858
RBP (CDS),9-mer,-0.26434064
RBP (CDS),Ribosome,-0.23405454
RBP (CDS),Single Base,-1.0182313
RBP (CDS),Codon,-2.0843976
RBP (CDS),9-mer,2.0426304
RBP (CDS),Ribosome,2.3739562
RBP (CDS),Single Base,-0.9902238
RBP (CDS),Codon,-0.7206729
RBP (CDS),9-mer,1.1328368
RBP (CDS),Ribosome,1.2808093
RBP (CDS),Single Base,-0.7688705
RBP (CDS),Codon,-0.06458453
RBP (CDS),9-mer,1.1665007
RBP (CDS),Ribosome,0.63846284
RBP (CDS),Single Base,1.342552
RBP (CDS),Codon,-0.087693974
RBP (CDS),9-mer,-1.4187212
RBP (CDS),Ribosome,-2.1569645
RBP (CDS),Single Base,0.0
RBP (CDS),Codon,0.0
RBP (CDS),9-mer,-0.9675349
RBP (CDS),Ribosome,-0.9371115
RBP (CDS),Single Base,1.4773844
RBP (CDS),Codon,-2.068852
RBP (CDS),9-mer,0.35682383
RBP (CDS),Ribosome,0.0890959
RBP (CDS),Single Base,0.61194116
RBP (CDS),Codon,0.19927843
RBP (CDS),9-mer,-2.1397793
RBP (CDS),Ribosome,-0.717215
RBP (CDS),Single Base,-1.7170962
RBP (CDS),Codon,0.92310685
RBP (CDS),9-mer,1.1212974
RBP (CDS),Ribosome,1.6569372
RBP (CDS),Single Base,0.0072974847
RBP (CDS),Codon,0.17164117
RBP (CDS),9-mer,-0.08701618
RBP (CDS),Ribosome,-0.35994148
RBP (CDS),Single Base,-0.20538498
RBP (CDS),Codon,-1.4011232
RBP (CDS),9-mer,0.3894087
RBP (CDS),Ribosome,1.356003
RBP (CDS),Single Base,-0.9189998
RBP (CDS),Codon,-0.028692774
RBP (CDS),9-mer,-0.10983272
RBP (CDS),Ribosome,0.80253386
RBP (CDS),Single Base,0.09722106
RBP (CDS),Codon,0.3571304
RBP (CDS),9-mer,-1.1427624
RBP (CDS),Ribosome,0.18248516
RBP (CDS),Single Base,0.085220605
RBP (CDS),Codon,0.56997406
RBP (CDS),9-mer,-1.1844314
RBP (CDS),Ribosome,-0.22548042
RBP (CDS),Single Base,-0.6276888
RBP (CDS),Codon,0.4357915
RBP (CDS),9-mer,-0.13827035
RBP (CDS),Ribosome,0.7417933
RBP (CDS),Single Base,-1.2788924
RBP (CDS),Codon,-0.17863981
RBP (CDS),9-mer,1.0119421
RBP (CDS),Ribosome,1.00475
RBP (CDS),Single Base,-0.9642231
RBP (CDS),Codon,1.8635886
RBP (CDS),9-mer,0.4920023
RBP (CDS),Ribosome,-0.4216219
RBP (CDS),Single Base,0.342298
RBP (CDS),Codon,-0.24708979
RBP (CDS),9-mer,-0.45859045
RBP (CDS),Ribosome,-0.06432151
RBP (CDS),Single Base,0.858519
RBP (CDS),Codon,-0.24179368
RBP (CDS),9-mer,-0.14165685
RBP (CDS),Ribosome,-0.91685414
RBP (CDS),Single Base,0.017591203
RBP (CDS),Codon,0.32883683
RBP (CDS),9-mer,-0.4211226
RBP (CDS),Ribosome,0.19539481
RBP (CDS),Single Base,0.81490415
RBP (CDS),Codon,0.4972052
RBP (CDS),9-mer,-1.5253395
RBP (CDS),Ribosome,-0.20958832
RBP (CDS),Single Base,-1.1294477
RBP (CDS),Codon,0.31604645
RBP (CDS),9-mer,-0.33533788
RBP (CDS),Ribosome,1.7636201
RBP (CDS),Single Base,-0.22864567
RBP (CDS),Codon,-0.23569186
RBP (CDS),9-mer,0.17010647
RBP (CDS),Ribosome,0.44370496
RBP (CDS),Single Base,-0.29477483
RBP (CDS),Codon,0.36808914
RBP (CDS),9-mer,0.046166774
RBP (CDS),Ribosome,-0.30095702
RBP (CDS),Single Base,-1.0261301
RBP (CDS),Codon,0.12096895
RBP (CDS),9-mer,0.3360384
RBP (CDS),Ribosome,1.2572922
RBP (CDS),Single Base,-2.2699142
RBP (CDS),Codon,0.81938934
RBP (CDS),9-mer,-0.1893116
RBP (CDS),Ribosome,2.0479484
RBP (CDS),Single Base,1.8734374
RBP (CDS),Codon,-1.4245346
RBP (CDS),9-mer,0.079490006
RBP (CDS),Ribosome,-1.5109742
RBP (CDS),Single Base,-2.0751402
RBP (CDS),Codon,2.90913
RBP (CDS),9-mer,-1.030288
RBP (CDS),Ribosome,0.014270453
RBP (CDS),Single Base,-0.6921018
RBP (CDS),Codon,-0.32683918
RBP (CDS),9-mer,1.4140949
RBP (CDS),Ribosome,1.2598403
RBP (CDS),Single Base,-1.3889858
RBP (CDS),Codon,0.7544658
RBP (CDS),9-mer,1.8209867
RBP (CDS),Ribosome,1.4921039
RBP (CDS),Single Base,-2.0802464
RBP (CDS),Codon,0.8776168
RBP (CDS),9-mer,1.4085176
RBP (CDS),Ribosome,2.177076
RBP (CDS),Single Base,-0.31306964
RBP (CDS),Codon,0.239994
RBP (CDS),9-mer,0.44183406
RBP (CDS),Ribosome,-0.07663387
RBP (CDS),Single Base,0.22272281
RBP (CDS),Codon,-0.42861044
RBP (CDS),9-mer,0.8735399
RBP (CDS),Ribosome,-0.2916804
RBP (CDS),Single Base,2.1583333
RBP (CDS),Codon,-2.4572725
RBP (CDS),9-mer,-0.9017652
RBP (CDS),Ribosome,0.67737406
RBP (CDS),Single Base,-0.621373
RBP (CDS),Codon,0.048089158
RBP (CDS),9-mer,1.1856638
RBP (CDS),Ribosome,0.5614423
RBP (CDS),Single Base,2.073727
RBP (CDS),Codon,0.9194614
RBP (CDS),9-mer,-2.314488
RBP (CDS),Ribosome,-2.1205518
RBP (CDS),Single Base,2.4103215
RBP (CDS),Codon,-0.32244745
RBP (CDS),9-mer,-3.562867
RBP (CDS),Ribosome,-1.8022238
RBP (CDS),Single Base,-1.4299909
RBP (CDS),Codon,-0.26568654
RBP (CDS),9-mer,1.6494588
RBP (CDS),Ribosome,2.2774718
RBP (CDS),Single Base,-1.5832146
RBP (CDS),Codon,-0.5662858
RBP (CDS),9-mer,0.5028976
RBP (CDS),Ribosome,1.8619441
RBP (CDS),Single Base,-0.95981663
RBP (CDS),Codon,1.510603
RBP (CDS),9-mer,-0.71798134
RBP (CDS),Ribosome,-1.3921189
RBP (CDS),Single Base,0.21037044
RBP (CDS),Codon,0.3530198
RBP (CDS),9-mer,-0.51056033
RBP (CDS),Ribosome,-0.11546906
RBP (CDS),Single Base,-0.030642891
RBP (CDS),Codon,-0.25007647
RBP (CDS),9-mer,0.16066726
RBP (CDS),Ribosome,0.17619331
RBP (CDS),Single Base,1.6617368
RBP (CDS),Codon,-0.41293025
RBP (CDS),9-mer,-1.0941293
RBP (CDS),Ribosome,-0.64853805
RBP (CDS),Single Base,-0.012866951
RBP (CDS),Codon,-0.21555102
RBP (CDS),9-mer,-0.32966638
RBP (CDS),Ribosome,0.78026485
RBP (CDS),Single Base,-0.924575
RBP (CDS),Codon,2.8243415
RBP (CDS),9-mer,-2.7166264
RBP (CDS),Ribosome,-1.1767796
RBP (CDS),Single Base,-2.5960457
RBP (CDS),Codon,-0.798912
RBP (CDS),9-mer,2.75048
RBP (CDS),Ribosome,2.5097935
RBP (CDS),Single Base,0.7258744
RBP (CDS),Codon,0.21556298
RBP (CDS),9-mer,-2.5731933
RBP (CDS),Ribosome,0.13239177
RBP (CDS),Single Base,-3.1322026
RBP (CDS),Codon,-0.83532834
RBP (CDS),9-mer,3.9521065
RBP (CDS),Ribosome,5.008736
RBP (CDS),Single Base,0.89238244
RBP (CDS),Codon,-0.7298205
RBP (CDS),9-mer,-0.29819542
RBP (CDS),Ribosome,-1.3889608
RBP (CDS),Single Base,-1.6672809
RBP (CDS),Codon,-0.7600239
RBP (CDS),9-mer,1.9712806
RBP (CDS),Ribosome,1.8329194
RBP (CDS),Single Base,-0.8082858
RBP (CDS),Codon,-1.5692457
RBP (CDS),9-mer,0.7917184
RBP (CDS),Ribosome,3.1106699
RBP (CDS),Single Base,-1.5060353
RBP (CDS),Codon,3.0411983
RBP (CDS),9-mer,-2.815686
RBP (CDS),Ribosome,0.30321592
RBP (CDS),Single Base,-0.386825
RBP (CDS),Codon,0.5852703
RBP (CDS),9-mer,-0.30541065
RBP (CDS),Ribosome,0.061724354
RBP (CDS),Single Base,-1.0254718
RBP (CDS),Codon,0.61858106
RBP (CDS),9-mer,1.2390937
RBP (CDS),Ribosome,0.56629777
RBP (CDS),Single Base,2.0344987
RBP (CDS),Codon,-1.2565136
RBP (CDS),9-mer,-1.7417803
RBP (CDS),Ribosome,-0.76222134
RBP (CDS),Single Base,1.4786716
RBP (CDS),Codon,-2.6334488
RBP (CDS),9-mer,-0.36130485
RBP (CDS),Ribosome,1.1385589
RBP (CDS),Single Base,-0.7055076
RBP (CDS),Codon,-1.4445572
RBP (CDS),9-mer,1.6801419
RBP (CDS),Ribosome,1.965584
RBP (CDS),Single Base,0.19517624
RBP (CDS),Codon,1.9617019
RBP (CDS),9-mer,-1.9187311
RBP (CDS),Ribosome,-0.96375453
RBP (CDS),Single Base,0.0430761
RBP (CDS),Codon,0.2485269
RBP (CDS),9-mer,-0.34780732
RBP (CDS),Ribosome,-0.054728553
RBP (CDS),Single Base,-0.4743356
RBP (CDS),Codon,0.56869864
RBP (CDS),9-mer,0.40522847
RBP (CDS),Ribosome,0.099438004
RBP (CDS),Single Base,0.74457294
RBP (CDS),Codon,1.6924396
RBP (CDS),9-mer,-1.3650134
RBP (CDS),Ribosome,-1.3802811
RBP (CDS),Single Base,-1.9713293
RBP (CDS),Codon,0.9418912
RBP (CDS),9-mer,1.9634926
RBP (CDS),Ribosome,2.1391323
RBP (CDS),Single Base,0.7249009
RBP (CDS),Codon,-0.13182014
RBP (CDS),9-mer,-0.7720524
RBP (CDS),Ribosome,-0.7219925
RBP (CDS),Single Base,-1.7979761
RBP (CDS),Codon,0.4386404
RBP (CDS),9-mer,1.7138768
RBP (CDS),Ribosome,1.7357116
RBP (CDS),Single Base,0.20803857
RBP (CDS),Codon,0.8574102
RBP (CDS),9-mer,-0.97725797
RBP (CDS),Ribosome,-0.49344024
RBP (CDS),Single Base,-0.22854444
RBP (CDS),Codon,-0.08319582
RBP (CDS),9-mer,0.013541175
RBP (CDS),Ribosome,0.34428793
RBP (CDS),Single Base,-0.55459064
RBP (CDS),Codon,-0.006165608
RBP (CDS),9-mer,0.576104
RBP (CDS),Ribosome,0.67087704
RBP (CDS),Single Base,-1.315909
RBP (CDS),Codon,2.1255634
RBP (CDS),9-mer,1.0075413
RBP (CDS),Ribosome,0.5289277
RBP (CDS),Single Base,0.69720834
RBP (CDS),Codon,-1.3885226
RBP (CDS),9-mer,-0.39099193
RBP (CDS),Ribosome,0.18576264
RBP (CDS),Single Base,2.3107126
RBP (CDS),Codon,-0.70705754
RBP (CDS),9-mer,-1.4939901
RBP (CDS),Ribosome,-0.5434335
RBP (CDS),Single Base,3.3019354
RBP (CDS),Codon,-0.461835
RBP (CDS),9-mer,-1.100586
RBP (CDS),Ribosome,-2.0625565
RBP (CDS),Single Base,3.2246425
RBP (CDS),Codon,-2.046048
RBP (CDS),9-mer,-1.6862246
RBP (CDS),Ribosome,-2.4000874
RBP (CDS),Single Base,3.5044959
RBP (CDS),Codon,-3.9009926
RBP (CDS),9-mer,-1.8157966
RBP (CDS),Ribosome,2.158497
RBP (CDS),Single Base,3.6867368
RBP (CDS),Codon,-1.0016546
RBP (CDS),9-mer,-3.7080064
RBP (CDS),Ribosome,-1.4705148
RBP (CDS),Single Base,-1.0990777
RBP (CDS),Codon,1.7073463
RBP (CDS),9-mer,-0.06274231
RBP (CDS),Ribosome,0.012586109
RBP (CDS),Single Base,-1.2653267
RBP (CDS),Codon,1.4859215
RBP (CDS),9-mer,0.09662576
RBP (CDS),Ribosome,0.8645141
RBP (CDS),Single Base,0.38905996
RBP (CDS),Codon,1.2438351
RBP (CDS),9-mer,-1.59262
RBP (CDS),Ribosome,-0.37551972
RBP (CDS),Single Base,1.4732494
RBP (CDS),Codon,2.9845037
RBP (CDS),9-mer,-3.9331954
RBP (CDS),Ribosome,-2.4998493
RBP (CDS),Single Base,-1.6259975
RBP (CDS),Codon,2.9020472
RBP (CDS),9-mer,-1.8237488
RBP (CDS),Ribosome,0.51569766
RBP (CDS),Single Base,0.36512002
RBP (CDS),Codon,-1.1429467
RBP (CDS),9-mer,-0.18997791
RBP (CDS),Ribosome,0.08606579
RBP (CDS),Single Base,0.51188225
RBP (CDS),Codon,4.264845
RBP (CDS),9-mer,-4.0609326
RBP (CDS),Ribosome,-2.7381766
RBP (CDS),Single Base,-1.8520125
RBP (CDS),Codon,-1.3210931
RBP (CDS),9-mer,1.7638272
RBP (CDS),Ribosome,3.0658832
RBP (CDS),Single Base,-0.15856412
RBP (CDS),Codon,0.4745414
RBP (CDS),9-mer,0.13075581
RBP (CDS),Ribosome,-0.80338985
RBP (CDS),Single Base,0.705174
RBP (CDS),Codon,0.090875715
RBP (CDS),9-mer,-0.42136824
RBP (CDS),Ribosome,-1.0691187
RBP (CDS),Single Base,-0.20859428
RBP (CDS),Codon,-2.340441
RBP (CDS),9-mer,2.134723
RBP (CDS),Ribosome,2.2778847
RBP (CDS),Single Base,2.6507413
RBP (CDS),Codon,3.6476636
RBP (CDS),9-mer,-3.6239483
RBP (CDS),Ribosome,-5.7066145
RBP (CDS),Single Base,-3.1160727
RBP (CDS),Codon,0.07577897
RBP (CDS),9-mer,2.361236
RBP (CDS),Ribosome,2.3265097
RBP (CDS),Single Base,-1.066153
RBP (CDS),Codon,-2.7458541
RBP (CDS),9-mer,1.5146106
RBP (CDS),Ribosome,2.2417333
RBP (CDS),Single Base,1.471403
RBP (CDS),Codon,-1.105027
RBP (CDS),9-mer,-1.0648211
RBP (CDS),Ribosome,-0.700237
RBP (CDS),Single Base,-0.16250212
RBP (CDS),Codon,0.79858834
RBP (CDS),9-mer,-0.45643085
RBP (CDS),Ribosome,-0.58179164
RBP (CDS),Single Base,-3.7701845
RBP (CDS),Codon,0.08400532
RBP (CDS),9-mer,1.0102265
RBP (CDS),Ribosome,2.026048
RBP (CDS),Single Base,-1.0314536
RBP (CDS),Codon,-2.0017521
RBP (CDS),9-mer,2.0523582
RBP (CDS),Ribosome,1.6935247
RBP (CDS),Single Base,0.7257101
RBP (CDS),Codon,-1.1099632
RBP (CDS),9-mer,-0.6891623
RBP (CDS),Ribosome,0.5678118
RBP (CDS),Single Base,-0.7737565
RBP (CDS),Codon,-0.49245286
RBP (CDS),9-mer,1.2343843
RBP (CDS),Ribosome,0.76094466
RBP (CDS),Single Base,1.0509139
RBP (CDS),Codon,-1.745831
RBP (CDS),9-mer,0.976287
RBP (CDS),Ribosome,-0.56445634
RBP (CDS),Single Base,0.41202343
RBP (CDS),Codon,-1.2658299
RBP (CDS),9-mer,0.76070017
RBP (CDS),Ribosome,0.28030476
RBP (CDS),Single Base,0.08683892
RBP (CDS),Codon,-0.9483481
RBP (CDS),9-mer,1.5391871
RBP (CDS),Ribosome,1.0488567
RBP (CDS),Single Base,0.0779196
RBP (CDS),Codon,-0.26848537
RBP (CDS),9-mer,0.6713374
RBP (CDS),Ribosome,-0.14908265
RBP (CDS),Single Base,-0.21658191
RBP (CDS),Codon,-1.7235597
RBP (CDS),9-mer,0.84471333
RBP (CDS),Ribosome,0.50249827
RBP (CDS),Single Base,-1.2367412
RBP (CDS),Codon,0.79853904
RBP (CDS),9-mer,0.94396734
RBP (CDS),Ribosome,0.96588707
RBP (CDS),Single Base,-1.1027079
RBP (CDS),Codon,0.45343158
RBP (CDS),9-mer,1.1084977
RBP (CDS),Ribosome,0.86526877
RBP (CDS),Single Base,-1.3123351
RBP (CDS),Codon,0.21592492
RBP (CDS),9-mer,1.0075642
RBP (CDS),Ribosome,0.9922477
RBP (CDS),Single Base,-0.853861
RBP (CDS),Codon,-1.1656932
RBP (CDS),9-mer,1.2818507
RBP (CDS),Ribosome,1.0121756
RBP (CDS),Single Base,-1.2551578
RBP (CDS),Codon,-0.87889075
RBP (CDS),9-mer,0.1788123
RBP (CDS),Ribosome,2.3450322
RBP (CDS),Single Base,-0.40723473
RBP (CDS),Codon,0.10869016
RBP (CDS),9-mer,0.17095281
RBP (CDS),Ribosome,0.6854719
RBP (CDS),Single Base,-2.0935843
RBP (CDS),Codon,-0.34770063
RBP (CDS),9-mer,2.250161
RBP (CDS),Ribosome,1.6438551
RBP (CDS),Single Base,1.2390126
RBP (CDS),Codon,-1.7745967
RBP (CDS),9-mer,-1.2290853
RBP (CDS),Ribosome,1.4317032
RBP (CDS),Single Base,1.6413342
RBP (CDS),Codon,-1.4826089
RBP (CDS),9-mer,-1.2529038
RBP (CDS),Ribosome,0.7117493
RBP (CDS),Single Base,0.38470665
RBP (CDS),Codon,-1.3428817
RBP (CDS),9-mer,1.3154771
RBP (CDS),Ribosome,0.55463225
RBP (CDS),Single Base,-0.56427926
RBP (CDS),Codon,-0.78048414
RBP (CDS),9-mer,0.63247186
RBP (CDS),Ribosome,0.78507465
RBP (CDS),Single Base,-0.10776626
RBP (CDS),Codon,0.8187304
RBP (CDS),9-mer,-0.70957196
RBP (CDS),Ribosome,-1.2530613
RBP (CDS),Single Base,3.6790347
RBP (CDS),Codon,-1.7908577
RBP (CDS),9-mer,-1.4205468
RBP (CDS),Ribosome,-1.442914
RBP (CDS),Single Base,0.34428632
RBP (CDS),Codon,-0.4035301
RBP (CDS),9-mer,-0.20770136
RBP (CDS),Ribosome,-0.07904412
RBP (CDS),Single Base,3.3184254
RBP (CDS),Codon,-2.52249
RBP (CDS),9-mer,-1.8081288
RBP (CDS),Ribosome,0.42834225
RBP (CDS),Single Base,-0.37354264
RBP (CDS),Codon,-1.3710406
RBP (CDS),9-mer,1.1543957
RBP (CDS),Ribosome,1.2103912
RBP (CDS),Single Base,-0.7110705
RBP (CDS),Codon,-0.78449976
RBP (CDS),9-mer,1.1635395
RBP (CDS),Ribosome,3.4778473
RBP (CDS),Single Base,-1.2454861
RBP (CDS),Codon,-1.9137344
RBP (CDS),9-mer,1.6786894
RBP (CDS),Ribosome,2.309759
RBP (CDS),Single Base,2.2715197
RBP (CDS),Codon,-0.53191817
RBP (CDS),9-mer,-2.5414004
RBP (CDS),Ribosome,0.27192214
RBP (CDS),Single Base,-4.0315948
RBP (CDS),Codon,-0.5510345
RBP (CDS),9-mer,5.5256705
RBP (CDS),Ribosome,5.091961
RBP (CDS),Single Base,-0.8295535
RBP (CDS),Codon,-1.6636257
RBP (CDS),9-mer,0.50071
RBP (CDS),Ribosome,4.179276
RBP (CDS),Single Base,0.37742546
RBP (CDS),Codon,-1.1457918
RBP (CDS),9-mer,0.9883064
RBP (CDS),Ribosome,1.3488914
RBP (CDS),Single Base,-1.0010508
RBP (CDS),Codon,1.5874343
RBP (CDS),9-mer,0.24298096
RBP (CDS),Ribosome,-0.1495311
RBP (CDS),Single Base,-0.70745414
RBP (CDS),Codon,-0.7026868
RBP (CDS),9-mer,1.5325899
RBP (CDS),Ribosome,1.2793728
RBP (CDS),Single Base,3.7341502
RBP (CDS),Codon,0.46850267
RBP (CDS),9-mer,-4.040292
RBP (CDS),Ribosome,-2.8884444
RBP (CDS),Single Base,1.8619946
RBP (CDS),Codon,-0.9301546
RBP (CDS),9-mer,-1.1274712
RBP (CDS),Ribosome,-0.77306104
RBP (CDS),Single Base,0.76978093
RBP (CDS),Codon,-0.9369497
RBP (CDS),9-mer,0.06416806
RBP (CDS),Ribosome,-0.36160237
RBP (CDS),Single Base,-0.73563856
RBP (CDS),Codon,-1.0809827
RBP (CDS),9-mer,1.3466228
RBP (CDS),Ribosome,1.079764
RBP (CDS),Single Base,1.9304913
RBP (CDS),Codon,-0.47168127
RBP (CDS),9-mer,-1.9075422
RBP (CDS),Ribosome,-1.1617043
RBP (CDS),Single Base,2.0107734
RBP (CDS),Codon,-0.04027311
RBP (CDS),9-mer,-1.5549524
RBP (CDS),Ribosome,-2.330181
RBP (CDS),Single Base,2.3397295
RBP (CDS),Codon,-0.8564052
RBP (CDS),9-mer,-1.7864547
RBP (CDS),Ribosome,-1.1269019
RBP (CDS),Single Base,0.9416467
RBP (CDS),Codon,-2.4485743
RBP (CDS),9-mer,1.6033255
RBP (CDS),Ribosome,0.614175
RBP (CDS),Single Base,-1.0809472
RBP (CDS),Codon,0.5442257
RBP (CDS),9-mer,0.16293888
RBP (CDS),Ribosome,0.042592805
RBP (CDS),Single Base,-0.60150266
RBP (CDS),Codon,0.3641559
RBP (CDS),9-mer,0.21242853
RBP (CDS),Ribosome,0.9015593
RBP (CDS),Single Base,0.19264463
RBP (CDS),Codon,1.2653831
RBP (CDS),9-mer,-3.256766
RBP (CDS),Ribosome,-0.3145787
RBP (CDS),Single Base,0.9674325
RBP (CDS),Codon,-0.30941457
RBP (CDS),9-mer,-1.5314469
RBP (CDS),Ribosome,-0.58614355
RBP (CDS),Single Base,-1.2263292
RBP (CDS),Codon,-4.4908895
RBP (CDS),9-mer,2.30945
RBP (CDS),Ribosome,3.4381192
RBP (CDS),Single Base,-0.63286775
RBP (CDS),Codon,-1.0889031
RBP (CDS),9-mer,1.8164502
RBP (CDS),Ribosome,2.6924646
RBP (CDS),Single Base,-0.56734705
RBP (CDS),Codon,-0.1474518
RBP (CDS),9-mer,0.9659859
RBP (CDS),Ribosome,0.3639686
RBP (CDS),Single Base,-2.7398715
RBP (CDS),Codon,2.190093
RBP (CDS),9-mer,2.1293569
RBP (CDS),Ribosome,0.08971301
RBP (CDS),Single Base,-0.62977827
RBP (CDS),Codon,0.330802
RBP (CDS),9-mer,-1.7469916
RBP (CDS),Ribosome,1.9775444
RBP (CDS),Single Base,-0.2616829
RBP (CDS),Codon,-0.58507067
RBP (CDS),9-mer,0.64736336
RBP (CDS),Ribosome,0.8223599
RBP (CDS),Single Base,-0.85573775
RBP (CDS),Codon,-1.204305
RBP (CDS),9-mer,0.94088244
RBP (CDS),Ribosome,1.802061
RBP (CDS),Single Base,-0.6644982
RBP (CDS),Codon,0.69013023
RBP (CDS),9-mer,-0.26812804
RBP (CDS),Ribosome,0.74332684
RBP (CDS),Single Base,0.58699405
RBP (CDS),Codon,0.48118064
RBP (CDS),9-mer,-0.9900544
RBP (CDS),Ribosome,-1.2386459
RBP (CDS),Single Base,1.8249737
RBP (CDS),Codon,-0.8556112
RBP (CDS),9-mer,-1.5830612
RBP (CDS),Ribosome,-1.234893
RBP (CDS),Single Base,2.9474878
RBP (CDS),Codon,3.1962752
RBP (CDS),9-mer,-3.323219
RBP (CDS),Ribosome,-4.643303
RBP (CDS),Single Base,-0.6306709
RBP (CDS),Codon,-0.678719
RBP (CDS),9-mer,0.9825424
RBP (CDS),Ribosome,0.7084769
RBP (CDS),Single Base,-0.85450554
RBP (CDS),Codon,-2.7315357
RBP (CDS),9-mer,1.7134103
RBP (CDS),Ribosome,1.0631382
RBP (CDS),Single Base,-0.7017523
RBP (CDS),Codon,0.06650017
RBP (CDS),9-mer,-0.6505016
RBP (CDS),Ribosome,2.797042
RBP (CDS),Single Base,-1.6847696
RBP (CDS),Codon,1.3004014
RBP (CDS),9-mer,1.2911854
RBP (CDS),Ribosome,0.77224445
RBP (CDS),Single Base,2.7119498
RBP (CDS),Codon,-0.15551943
RBP (CDS),9-mer,-1.6442254
RBP (CDS),Ribosome,-2.0198107
RBP (CDS),Single Base,-0.6027389
RBP (CDS),Codon,1.9025872
RBP (CDS),9-mer,-0.66526514
RBP (CDS),Ribosome,-1.272654
RBP (CDS),Single Base,1.7946774
RBP (CDS),Codon,-1.3491318
RBP (CDS),9-mer,0.18926586
RBP (CDS),Ribosome,-2.1344302
RBP (CDS),Single Base,0.056406643
RBP (CDS),Codon,1.7476566
RBP (CDS),9-mer,-0.89611
RBP (CDS),Ribosome,-0.5789778
RBP (CDS),Single Base,-3.0821369
RBP (CDS),Codon,1.4048035
RBP (CDS),9-mer,2.222718
RBP (CDS),Ribosome,1.0004916
RBP (CDS),Single Base,0.7344515
RBP (CDS),Codon,-0.97408664
RBP (CDS),9-mer,-0.0032781756
RBP (CDS),Ribosome,-0.22019532
RBP (CDS),Single Base,3.341414
RBP (CDS),Codon,2.5499012
RBP (CDS),9-mer,-5.2732077
RBP (CDS),Ribosome,-2.8137548
RBP (CDS),Single Base,1.5006578
RBP (CDS),Codon,-0.6879925
RBP (CDS),9-mer,-1.850025
RBP (CDS),Ribosome,-0.40637168
RBP (CDS),Single Base,-1.1261022
RBP (CDS),Codon,2.5356512
RBP (CDS),9-mer,0.28345695
RBP (CDS),Ribosome,-0.6075626
RBP (CDS),Single Base,-0.39811963
RBP (CDS),Codon,-0.28285366
RBP (CDS),9-mer,0.5306333
RBP (CDS),Ribosome,1.4262956
RBP (CDS),Single Base,0.7707752
RBP (CDS),Codon,-0.34265876
RBP (CDS),9-mer,-1.2558513
RBP (CDS),Ribosome,0.25425866
RBP (CDS),Single Base,-0.8926921
RBP (CDS),Codon,0.6044746
RBP (CDS),9-mer,0.8760533
RBP (CDS),Ribosome,-0.21549232
RBP (CDS),Single Base,-0.31476372
RBP (CDS),Codon,0.8420319
RBP (CDS),9-mer,-0.1506907
RBP (CDS),Ribosome,-0.7127039
RBP (CDS),Single Base,0.8293797
RBP (CDS),Codon,-1.1421869
RBP (CDS),9-mer,-0.67638814
RBP (CDS),Ribosome,0.3201145
RBP (CDS),Single Base,0.28355438
RBP (CDS),Codon,-1.1616377
RBP (CDS),9-mer,0.07321245
RBP (CDS),Ribosome,0.46968818
RBP (CDS),Single Base,-0.7719942
RBP (CDS),Codon,1.6415733
RBP (CDS),9-mer,-0.24282974
RBP (CDS),Ribosome,-1.5827197
RBP (CDS),Single Base,-2.0292535
RBP (CDS),Codon,1.4249291
RBP (CDS),9-mer,0.2573316
RBP (CDS),Ribosome,1.6864308
RBP (CDS),Single Base,-1.7785784
RBP (CDS),Codon,-2.117792
RBP (CDS),9-mer,2.1674967
RBP (CDS),Ribosome,1.9505441
RBP (CDS),Single Base,1.1335679
RBP (CDS),Codon,-0.34195393
RBP (CDS),9-mer,-0.86254793
RBP (CDS),Ribosome,-0.42729288
RBP (CDS),Single Base,-0.23715337
RBP (CDS),Codon,0.04767648
RBP (CDS),9-mer,0.5012124
RBP (CDS),Ribosome,-0.54280174
RBP (CDS),Single Base,-1.985436
RBP (CDS),Codon,-0.92763287
RBP (CDS),9-mer,1.7410965
RBP (CDS),Ribosome,2.1782193
RBP (CDS),Single Base,2.6183355
RBP (CDS),Codon,-1.3452199
RBP (CDS),9-mer,-1.7340866
RBP (CDS),Ribosome,-1.4629604
RBP (CDS),Single Base,0.13759108
RBP (CDS),Codon,-0.8485861
RBP (CDS),9-mer,0.26510483
RBP (CDS),Ribosome,0.30833447
RBP (CDS),Single Base,-0.93149203
RBP (CDS),Codon,-1.0159037
RBP (CDS),9-mer,1.4725761
RBP (CDS),Ribosome,1.5806003
RBP (CDS),Single Base,-1.1457131
RBP (CDS),Codon,-1.6934791
RBP (CDS),9-mer,1.8242534
RBP (CDS),Ribosome,1.1960384
RBP (CDS),Single Base,-0.8229992
RBP (CDS),Codon,0.13361207
RBP (CDS),9-mer,0.45789468
RBP (CDS),Ribosome,0.6565696
RBP (CDS),Single Base,-2.86643
RBP (CDS),Codon,2.6247916
RBP (CDS),9-mer,1.6880165
RBP (CDS),Ribosome,-1.3200498
RBP (CDS),Single Base,3.1897109
RBP (CDS),Codon,0.4195086
RBP (CDS),9-mer,-3.0023866
RBP (CDS),Ribosome,-0.9739473
RBP (CDS),Single Base,0.98343337
RBP (CDS),Codon,-0.6696968
RBP (CDS),9-mer,-0.32021752
RBP (CDS),Ribosome,-0.86997354
RBP (CDS),Single Base,-1.9950871
RBP (CDS),Codon,0.006125902
RBP (CDS),9-mer,3.1316824
RBP (CDS),Ribosome,1.8886201
RBP (CDS),Single Base,3.2150583
RBP (CDS),Codon,-3.0973175
RBP (CDS),9-mer,-1.8370184
RBP (CDS),Ribosome,0.27545372
