Condition,Expert,Z_Score
RBP (CDS),Single Base,-0.59868956
RBP (CDS),Codon,0.46837786
RBP (CDS),9-mer,0.7013883
RBP (CDS),Ribosome,-0.07080378
RBP (CDS),Single Base,-1.4080256
RBP (CDS),Codon,0.08512575
RBP (CDS),9-mer,1.2326714
RBP (CDS),Ribosome,1.4216796
RBP (CDS),Single Base,-1.5245864
RBP (CDS),Codon,0.38802728
RBP (CDS),9-mer,1.3907993
RBP (CDS),Ribosome,0.39986506
RBP (CDS),Single Base,-0.3531403
RBP (CDS),Codon,-0.61549574
RBP (CDS),9-mer,-2.8726666
RBP (CDS),Ribosome,3.0604422
RBP (CDS),Single Base,-2.304724
RBP (CDS),Codon,1.7417493
RBP (CDS),9-mer,2.0411177
RBP (CDS),Ribosome,2.0296016
RBP (CDS),Single Base,-0.12524247
RBP (CDS),Codon,-0.48305136
RBP (CDS),9-mer,0.8564056
RBP (CDS),Ribosome,0.093053795
RBP (CDS),Single Base,-1.5111842
RBP (CDS),Codon,-0.20267399
RBP (CDS),9-mer,0.686408
RBP (CDS),Ribosome,1.5038288
RBP (CDS),Single Base,-1.6778141
RBP (CDS),Codon,2.2186708
RBP (CDS),9-mer,-2.186842
RBP (CDS),Ribosome,1.259813
RBP (CDS),Single Base,-0.5371324
RBP (CDS),Codon,0.58366376
RBP (CDS),9-mer,0.5261639
RBP (CDS),Ribosome,-0.45194438
RBP (CDS),Single Base,-0.80794793
RBP (CDS),Codon,0.75658005
RBP (CDS),9-mer,0.4153928
RBP (CDS),Ribosome,-0.24598634
RBP (CDS),Single Base,2.3555353
RBP (CDS),Codon,-1.5821004
RBP (CDS),9-mer,-0.4253697
RBP (CDS),Ribosome,-0.8065852
RBP (CDS),Single Base,-1.1592637
RBP (CDS),Codon,1.3438021
RBP (CDS),9-mer,-1.57874
RBP (CDS),Ribosome,1.1504484
RBP (CDS),Single Base,-1.7325994
RBP (CDS),Codon,-1.0546827
RBP (CDS),9-mer,1.5202209
RBP (CDS),Ribosome,2.8308573
RBP (CDS),Single Base,0.80787426
RBP (CDS),Codon,0.85985464
RBP (CDS),9-mer,-1.5698934
RBP (CDS),Ribosome,-1.2835885
RBP (CDS),Single Base,0.6261644
RBP (CDS),Codon,-1.4719521
RBP (CDS),9-mer,-0.08811358
RBP (CDS),Ribosome,1.483983
RBP (CDS),Single Base,-1.410846
RBP (CDS),Codon,0.52022606
RBP (CDS),9-mer,1.120141
RBP (CDS),Ribosome,0.30790526
RBP (CDS),Single Base,3.4238336
RBP (CDS),Codon,-3.49069
RBP (CDS),9-mer,-1.8746578
RBP (CDS),Ribosome,-0.17506652
RBP (CDS),Single Base,0.2659265
RBP (CDS),Codon,0.5877766
RBP (CDS),9-mer,-2.197684
RBP (CDS),Ribosome,0.57391626
RBP (CDS),Single Base,-1.4687449
RBP (CDS),Codon,-1.6272774
RBP (CDS),9-mer,2.19911
RBP (CDS),Ribosome,1.7640642
RBP (CDS),Single Base,1.4268478
RBP (CDS),Codon,0.9091203
RBP (CDS),9-mer,-1.8044367
RBP (CDS),Ribosome,-1.3742417
RBP (CDS),Single Base,-0.6270224
RBP (CDS),Codon,-1.037437
RBP (CDS),9-mer,0.90470046
RBP (CDS),Ribosome,1.5239987
RBP (CDS),Single Base,-1.3624365
RBP (CDS),Codon,-1.3271414
RBP (CDS),9-mer,1.8063834
RBP (CDS),Ribosome,1.7472917
RBP (CDS),Single Base,0.4188269
RBP (CDS),Codon,0.5673124
RBP (CDS),9-mer,-0.8079125
RBP (CDS),Ribosome,-0.40590316
RBP (CDS),Single Base,0.4900216
RBP (CDS),Codon,-0.9466712
RBP (CDS),9-mer,-0.4259168
RBP (CDS),Ribosome,0.08056863
RBP (CDS),Single Base,-1.0822847
RBP (CDS),Codon,-2.969609
RBP (CDS),9-mer,2.4043374
RBP (CDS),Ribosome,2.861463
RBP (CDS),Single Base,-1.3207681
RBP (CDS),Codon,1.3540623
RBP (CDS),9-mer,1.3714061
RBP (CDS),Ribosome,1.0867692
RBP (CDS),Single Base,2.8507643
RBP (CDS),Codon,-2.6165316
RBP (CDS),9-mer,-1.3655825
RBP (CDS),Ribosome,1.0160444
RBP (CDS),Single Base,-0.45269763
RBP (CDS),Codon,-0.08517434
RBP (CDS),9-mer,-0.29534915
RBP (CDS),Ribosome,1.8611939
RBP (CDS),Single Base,-1.0662681
RBP (CDS),Codon,0.95411074
RBP (CDS),9-mer,0.24579813
RBP (CDS),Ribosome,1.2994915
RBP (CDS),Single Base,1.1129853
RBP (CDS),Codon,-0.63628095
RBP (CDS),9-mer,-1.1773486
RBP (CDS),Ribosome,0.77433753
RBP (CDS),Single Base,-1.3154074
RBP (CDS),Codon,0.21698748
RBP (CDS),9-mer,-2.218551
RBP (CDS),Ribosome,2.4892275
RBP (CDS),Single Base,1.9420356
RBP (CDS),Codon,-0.42679068
RBP (CDS),9-mer,-1.5986519
RBP (CDS),Ribosome,-1.3601167
RBP (CDS),Single Base,2.0293834
RBP (CDS),Codon,-2.4759116
RBP (CDS),9-mer,0.1544617
RBP (CDS),Ribosome,-1.502496
RBP (CDS),Single Base,-0.3556186
RBP (CDS),Codon,1.1113224
RBP (CDS),9-mer,-0.14868449
RBP (CDS),Ribosome,-0.057976652
RBP (CDS),Single Base,-2.434148
RBP (CDS),Codon,2.324089
RBP (CDS),9-mer,1.2985786
RBP (CDS),Ribosome,1.593667
RBP (CDS),Single Base,-0.55523384
RBP (CDS),Codon,1.5756302
RBP (CDS),9-mer,-0.032150675
RBP (CDS),Ribosome,0.14742972
RBP (CDS),Single Base,-1.9429702
RBP (CDS),Codon,-0.643589
RBP (CDS),9-mer,1.770345
RBP (CDS),Ribosome,2.862045
RBP (CDS),Single Base,-3.444534
RBP (CDS),Codon,-1.9734004
RBP (CDS),9-mer,1.9411747
RBP (CDS),Ribosome,3.7912912
RBP (CDS),Single Base,0.21808214
RBP (CDS),Codon,-0.5651221
RBP (CDS),9-mer,-0.016354756
RBP (CDS),Ribosome,0.14837773
RBP (CDS),Single Base,-1.3803204
RBP (CDS),Codon,1.217539
RBP (CDS),9-mer,-1.3803151
RBP (CDS),Ribosome,-0.15674199
RBP (CDS),Single Base,-1.8102751
RBP (CDS),Codon,-2.9968433
RBP (CDS),9-mer,2.205159
RBP (CDS),Ribosome,2.7348688
RBP (CDS),Single Base,-2.4404552
RBP (CDS),Codon,2.709105
RBP (CDS),9-mer,2.6049423
RBP (CDS),Ribosome,0.8364185
RBP (CDS),Single Base,-1.0485798
RBP (CDS),Codon,-0.71637475
RBP (CDS),9-mer,1.8775755
RBP (CDS),Ribosome,1.7552267
RBP (CDS),Single Base,-2.4168925
RBP (CDS),Codon,-1.4389882
RBP (CDS),9-mer,2.6199386
RBP (CDS),Ribosome,3.166985
RBP (CDS),Single Base,-1.7648559
RBP (CDS),Codon,-1.1815474
RBP (CDS),9-mer,2.1312814
RBP (CDS),Ribosome,2.155561
RBP (CDS),Single Base,-0.1098394
RBP (CDS),Codon,0.3329139
RBP (CDS),9-mer,-0.19640872
RBP (CDS),Ribosome,-0.14728612
RBP (CDS),Single Base,0.17217673
RBP (CDS),Codon,0.7649036
RBP (CDS),9-mer,-2.1574457
RBP (CDS),Ribosome,2.1859438
RBP (CDS),Single Base,0.5811594
RBP (CDS),Codon,-1.304294
RBP (CDS),9-mer,0.6839249
RBP (CDS),Ribosome,1.1949611
RBP (CDS),Single Base,0.32854068
RBP (CDS),Codon,-1.44094
RBP (CDS),9-mer,-0.13007288
RBP (CDS),Ribosome,1.0256022
RBP (CDS),Single Base,-1.4487286
RBP (CDS),Codon,-0.9959853
RBP (CDS),9-mer,1.8651366
RBP (CDS),Ribosome,1.7210807
RBP (CDS),Single Base,1.1242222
RBP (CDS),Codon,-0.023778431
RBP (CDS),9-mer,-1.0123086
RBP (CDS),Ribosome,-1.4722761
RBP (CDS),Single Base,-0.15233548
RBP (CDS),Codon,-1.6624732
RBP (CDS),9-mer,-0.28693563
RBP (CDS),Ribosome,2.162545
RBP (CDS),Single Base,0.19733506
RBP (CDS),Codon,-2.8137033
RBP (CDS),9-mer,3.5409462
RBP (CDS),Ribosome,3.1663218
RBP (CDS),Single Base,0.57747823
RBP (CDS),Codon,0.68292814
RBP (CDS),9-mer,-0.8309151
RBP (CDS),Ribosome,-2.7111042
RBP (CDS),Single Base,-1.7681799
RBP (CDS),Codon,0.80055505
RBP (CDS),9-mer,0.9763289
RBP (CDS),Ribosome,0.90462005
RBP (CDS),Single Base,-1.7889642
RBP (CDS),Codon,1.1777569
RBP (CDS),9-mer,2.1913767
RBP (CDS),Ribosome,2.294765
RBP (CDS),Single Base,-1.1448866
RBP (CDS),Codon,0.40340933
RBP (CDS),9-mer,-0.15697736
RBP (CDS),Ribosome,1.7731279
RBP (CDS),Single Base,1.0905361
RBP (CDS),Codon,-1.3635037
RBP (CDS),9-mer,-1.1482365
RBP (CDS),Ribosome,0.86483514
RBP (CDS),Single Base,0.28940082
RBP (CDS),Codon,-2.848513
RBP (CDS),9-mer,1.0549545
RBP (CDS),Ribosome,1.6992207
RBP (CDS),Single Base,-1.5015166
RBP (CDS),Codon,-1.6323962
RBP (CDS),9-mer,2.6930737
RBP (CDS),Ribosome,2.9346814
RBP (CDS),Single Base,0.3362361
RBP (CDS),Codon,0.95547724
RBP (CDS),9-mer,-2.5441585
RBP (CDS),Ribosome,-0.9012986
RBP (CDS),Single Base,1.5301383
RBP (CDS),Codon,-2.250598
RBP (CDS),9-mer,-1.0805057
RBP (CDS),Ribosome,1.1197374
RBP (CDS),Single Base,-2.3514946
RBP (CDS),Codon,0.33085084
RBP (CDS),9-mer,3.1212316
RBP (CDS),Ribosome,2.915992
RBP (CDS),Single Base,0.9442451
RBP (CDS),Codon,-0.4999683
RBP (CDS),9-mer,-0.6297454
RBP (CDS),Ribosome,-0.48272556
RBP (CDS),Single Base,-1.097789
RBP (CDS),Codon,0.86081564
RBP (CDS),9-mer,-2.4919698
RBP (CDS),Ribosome,1.8284025
RBP (CDS),Single Base,3.4492304
RBP (CDS),Codon,-3.3644214
RBP (CDS),9-mer,-1.937627
RBP (CDS),Ribosome,0.6262496
RBP (CDS),Single Base,0.744937
RBP (CDS),Codon,-1.3055854
RBP (CDS),9-mer,-0.33384755
RBP (CDS),Ribosome,-0.36122555
RBP (CDS),Single Base,-0.42012724
RBP (CDS),Codon,-1.6484972
RBP (CDS),9-mer,0.7751182
RBP (CDS),Ribosome,0.80132324
RBP (CDS),Single Base,-0.11436695
RBP (CDS),Codon,-1.704433
RBP (CDS),9-mer,0.2006872
RBP (CDS),Ribosome,1.1965107
RBP (CDS),Single Base,-1.7895621
RBP (CDS),Codon,0.3797459
RBP (CDS),9-mer,2.2375164
RBP (CDS),Ribosome,0.9767499
RBP (CDS),Single Base,-1.4102218
RBP (CDS),Codon,-2.3188114
RBP (CDS),9-mer,1.9738855
RBP (CDS),Ribosome,2.219642
RBP (CDS),Single Base,2.8823688
RBP (CDS),Codon,-1.3035624
RBP (CDS),9-mer,-1.11996
RBP (CDS),Ribosome,-1.6870037
RBP (CDS),Single Base,-0.8248502
RBP (CDS),Codon,0.6209117
RBP (CDS),9-mer,1.3345073
RBP (CDS),Ribosome,0.44453892
RBP (CDS),Single Base,-1.9039575
RBP (CDS),Codon,1.6343381
RBP (CDS),9-mer,1.3003356
RBP (CDS),Ribosome,1.2584413
RBP (CDS),Single Base,0.21261449
RBP (CDS),Codon,-1.542119
RBP (CDS),9-mer,0.013267786
RBP (CDS),Ribosome,2.089497
RBP (CDS),Single Base,0.97154176
RBP (CDS),Codon,-1.231946
RBP (CDS),9-mer,0.27270544
RBP (CDS),Ribosome,-0.2528612
RBP (CDS),Single Base,2.5901527
RBP (CDS),Codon,-2.572578
RBP (CDS),9-mer,-1.6552186
RBP (CDS),Ribosome,0.9921407
RBP (CDS),Single Base,1.2025791
RBP (CDS),Codon,0.23765238
RBP (CDS),9-mer,-1.9207497
RBP (CDS),Ribosome,-1.0041485
RBP (CDS),Single Base,-0.80644464
RBP (CDS),Codon,0.89814585
RBP (CDS),9-mer,0.06709298
RBP (CDS),Ribosome,0.5355612
RBP (CDS),Single Base,-0.49343055
RBP (CDS),Codon,0.13042027
RBP (CDS),9-mer,0.17186777
RBP (CDS),Ribosome,0.97044426
RBP (CDS),Single Base,0.13094956
RBP (CDS),Codon,-0.8029564
RBP (CDS),9-mer,0.5042129
RBP (CDS),Ribosome,0.5122101
RBP (CDS),Single Base,0.075983465
RBP (CDS),Codon,-0.18794061
RBP (CDS),9-mer,-0.2498614
RBP (CDS),Ribosome,0.25484195
RBP (CDS),Single Base,-0.46079168
RBP (CDS),Codon,-0.30921873
RBP (CDS),9-mer,0.08828597
RBP (CDS),Ribosome,1.1936345
RBP (CDS),Single Base,2.2100024
RBP (CDS),Codon,-1.3136837
RBP (CDS),9-mer,-1.535566
RBP (CDS),Ribosome,-1.062072
RBP (CDS),Single Base,-0.34933564
RBP (CDS),Codon,1.0721554
RBP (CDS),9-mer,-1.3819691
RBP (CDS),Ribosome,0.43647075
RBP (CDS),Single Base,0.49461192
RBP (CDS),Codon,-0.32054338
RBP (CDS),9-mer,-0.77584684
RBP (CDS),Ribosome,-0.46404177
RBP (CDS),Single Base,-0.2844425
RBP (CDS),Codon,-0.25449285
RBP (CDS),9-mer,-0.2639614
RBP (CDS),Ribosome,1.3797812
RBP (CDS),Single Base,0.81805384
RBP (CDS),Codon,1.1398131
RBP (CDS),9-mer,-2.3347533
RBP (CDS),Ribosome,-0.5465641
RBP (CDS),Single Base,-0.9985542
RBP (CDS),Codon,0.66638905
RBP (CDS),9-mer,0.6224639
RBP (CDS),Ribosome,1.0671687
RBP (CDS),Single Base,-1.3266085
RBP (CDS),Codon,0.25884902
RBP (CDS),9-mer,1.4728945
RBP (CDS),Ribosome,1.3283361
RBP (CDS),Single Base,-1.9708393
RBP (CDS),Codon,-0.8464202
RBP (CDS),9-mer,1.7319286
RBP (CDS),Ribosome,1.6630127
RBP (CDS),Single Base,-1.0257075
RBP (CDS),Codon,1.1627104
RBP (CDS),9-mer,0.091155216
RBP (CDS),Ribosome,0.42704764
RBP (CDS),Single Base,1.9799929
RBP (CDS),Codon,-2.5290542
RBP (CDS),9-mer,-1.369323
RBP (CDS),Ribosome,0.2556528
RBP (CDS),Single Base,0.03490226
RBP (CDS),Codon,0.65428257
RBP (CDS),9-mer,0.010729301
RBP (CDS),Ribosome,-0.99602896
RBP (CDS),Single Base,-1.7625786
RBP (CDS),Codon,0.27330145
RBP (CDS),9-mer,1.921195
RBP (CDS),Ribosome,0.9130296
RBP (CDS),Single Base,1.7591285
RBP (CDS),Codon,-0.43834108
RBP (CDS),9-mer,-2.0156033
RBP (CDS),Ribosome,-0.98196197
RBP (CDS),Single Base,2.9302025
RBP (CDS),Codon,-0.8203619
RBP (CDS),9-mer,-2.5134234
RBP (CDS),Ribosome,-0.95478165
RBP (CDS),Single Base,-1.5910499
RBP (CDS),Codon,2.9356606
RBP (CDS),9-mer,-3.049474
RBP (CDS),Ribosome,-1.2634854
RBP (CDS),Single Base,0.30736452
RBP (CDS),Codon,-1.1508607
RBP (CDS),9-mer,1.1740913
RBP (CDS),Ribosome,0.5455521
RBP (CDS),Single Base,0.24853215
RBP (CDS),Codon,-0.87039644
RBP (CDS),9-mer,0.051711075
RBP (CDS),Ribosome,0.12815687
RBP (CDS),Single Base,0.7282161
RBP (CDS),Codon,-1.398489
RBP (CDS),9-mer,-0.55158263
RBP (CDS),Ribosome,1.2310351
RBP (CDS),Single Base,-0.13781586
RBP (CDS),Codon,0.8412734
RBP (CDS),9-mer,-0.7171175
RBP (CDS),Ribosome,-0.4930392
RBP (CDS),Single Base,0.5176053
RBP (CDS),Codon,1.1254478
RBP (CDS),9-mer,-2.3636076
RBP (CDS),Ribosome,-0.8821902
RBP (CDS),Single Base,0.5866882
RBP (CDS),Codon,0.06324223
RBP (CDS),9-mer,-1.7359151
RBP (CDS),Ribosome,0.16782819
RBP (CDS),Single Base,3.7855155
RBP (CDS),Codon,-2.6157067
RBP (CDS),9-mer,-2.9826062
RBP (CDS),Ribosome,-1.1039516
RBP (CDS),Single Base,-0.9518805
RBP (CDS),Codon,-0.20287672
RBP (CDS),9-mer,0.07724133
RBP (CDS),Ribosome,1.6433334
RBP (CDS),Single Base,0.5774419
RBP (CDS),Codon,-0.62442416
RBP (CDS),9-mer,-0.040459324
RBP (CDS),Ribosome,-0.38147792
RBP (CDS),Single Base,-1.9115729
RBP (CDS),Codon,0.07027961
RBP (CDS),9-mer,1.5714526
RBP (CDS),Ribosome,0.46804845
RBP (CDS),Single Base,0.05159695
RBP (CDS),Codon,0.8446274
RBP (CDS),9-mer,-1.5679475
RBP (CDS),Ribosome,-0.27407178
RBP (CDS),Single Base,-0.4282547
RBP (CDS),Codon,0.31268495
RBP (CDS),9-mer,-0.047159936
RBP (CDS),Ribosome,0.65366757
RBP (CDS),Single Base,-0.21281311
RBP (CDS),Codon,-0.44698337
RBP (CDS),9-mer,0.6267876
RBP (CDS),Ribosome,0.2805305
RBP (CDS),Single Base,-0.033514366
RBP (CDS),Codon,-0.95887274
RBP (CDS),9-mer,0.33788326
RBP (CDS),Ribosome,0.94045603
RBP (CDS),Single Base,0.738788
RBP (CDS),Codon,-2.2927825
RBP (CDS),9-mer,1.7388828
RBP (CDS),Ribosome,0.66491693
RBP (CDS),Single Base,-1.0920957
RBP (CDS),Codon,0.48518667
RBP (CDS),9-mer,1.1541543
RBP (CDS),Ribosome,0.77642715
RBP (CDS),Single Base,-1.7981762
RBP (CDS),Codon,1.8440425
RBP (CDS),9-mer,0.62645006
RBP (CDS),Ribosome,0.95666724
RBP (CDS),Single Base,0.3511853
RBP (CDS),Codon,0.30505356
RBP (CDS),9-mer,-1.8781984
RBP (CDS),Ribosome,-1.5639802
RBP (CDS),Single Base,0.7183616
RBP (CDS),Codon,-1.1644021
RBP (CDS),9-mer,-0.23178203
RBP (CDS),Ribosome,0.5586687
RBP (CDS),Single Base,-0.8218338
RBP (CDS),Codon,0.69627637
RBP (CDS),9-mer,0.26206177
RBP (CDS),Ribosome,0.2957941
RBP (CDS),Single Base,17.585163
RBP (CDS),Codon,0.45279175
RBP (CDS),9-mer,-4.166137
RBP (CDS),Ribosome,-4.20295
RBP (CDS),Single Base,-0.9793444
RBP (CDS),Codon,-0.248838
RBP (CDS),9-mer,0.011792938
RBP (CDS),Ribosome,2.8663974
RBP (CDS),Single Base,3.2542331
RBP (CDS),Codon,-1.5915867
RBP (CDS),9-mer,-0.8626959
RBP (CDS),Ribosome,-0.7286999
RBP (CDS),Single Base,0.5553867
RBP (CDS),Codon,1.1999894
RBP (CDS),9-mer,-1.3607647
RBP (CDS),Ribosome,-1.3071665
RBP (CDS),Single Base,1.4678988
RBP (CDS),Codon,-2.5271611
RBP (CDS),9-mer,-0.005971121
RBP (CDS),Ribosome,0.24434637
RBP (CDS),Single Base,1.1686723
RBP (CDS),Codon,-1.6188505
RBP (CDS),9-mer,-0.6860003
RBP (CDS),Ribosome,1.5011003
RBP (CDS),Single Base,1.9559814
RBP (CDS),Codon,1.0385637
RBP (CDS),9-mer,-2.2547631
RBP (CDS),Ribosome,-1.5103186
RBP (CDS),Single Base,-1.4887416
RBP (CDS),Codon,0.18963368
RBP (CDS),9-mer,1.3192072
RBP (CDS),Ribosome,1.9217016
RBP (CDS),Single Base,-0.6874034
RBP (CDS),Codon,0.665241
RBP (CDS),9-mer,-0.60323614
RBP (CDS),Ribosome,2.8264422
RBP (CDS),Single Base,-0.34521556
RBP (CDS),Codon,-2.503074
RBP (CDS),9-mer,1.293308
RBP (CDS),Ribosome,2.766007
RBP (CDS),Single Base,-1.5862843
RBP (CDS),Codon,0.44399667
RBP (CDS),9-mer,1.3369429
RBP (CDS),Ribosome,1.7472101
RBP (CDS),Single Base,-0.79338074
RBP (CDS),Codon,0.27021757
RBP (CDS),9-mer,0.110215284
RBP (CDS),Ribosome,1.196521
RBP (CDS),Single Base,-3.1451948
RBP (CDS),Codon,-0.3744962
RBP (CDS),9-mer,4.1242013
RBP (CDS),Ribosome,2.7600784
RBP (CDS),Single Base,-0.10852487
RBP (CDS),Codon,-0.7609635
RBP (CDS),9-mer,0.6622882
RBP (CDS),Ribosome,0.5613271
RBP (CDS),Single Base,2.5725102
RBP (CDS),Codon,-0.9163653
RBP (CDS),9-mer,-1.0829543
RBP (CDS),Ribosome,-0.24099337
RBP (CDS),Single Base,-2.9861012
RBP (CDS),Codon,3.1423843
RBP (CDS),9-mer,1.8474612
RBP (CDS),Ribosome,1.9040679
RBP (CDS),Single Base,-1.1113842
RBP (CDS),Codon,0.663436
RBP (CDS),9-mer,-0.76570994
RBP (CDS),Ribosome,1.7772392
RBP (CDS),Single Base,-0.7847914
RBP (CDS),Codon,0.4212008
RBP (CDS),9-mer,-0.98936754
RBP (CDS),Ribosome,1.2906451
RBP (CDS),Single Base,-1.6484047
RBP (CDS),Codon,1.6474295
RBP (CDS),9-mer,0.98489857
RBP (CDS),Ribosome,1.1562569
RBP (CDS),Single Base,-0.6102982
RBP (CDS),Codon,0.5551886
RBP (CDS),9-mer,-0.15597653
RBP (CDS),Ribosome,0.51298684
RBP (CDS),Single Base,-1.7271771
RBP (CDS),Codon,-0.47127947
RBP (CDS),9-mer,1.7412837
RBP (CDS),Ribosome,1.6777298
RBP (CDS),Single Base,-1.1128094
RBP (CDS),Codon,1.1744484
RBP (CDS),9-mer,-1.2413034
RBP (CDS),Ribosome,1.2704417
RBP (CDS),Single Base,-0.74425757
RBP (CDS),Codon,-0.029271636
RBP (CDS),9-mer,0.48518673
RBP (CDS),Ribosome,1.9377981
RBP (CDS),Single Base,-1.9082556
RBP (CDS),Codon,-0.2609194
RBP (CDS),9-mer,1.7800971
RBP (CDS),Ribosome,3.8107603
RBP (CDS),Single Base,-1.2800565
RBP (CDS),Codon,0.03171995
RBP (CDS),9-mer,2.2900424
RBP (CDS),Ribosome,1.1562603
RBP (CDS),Single Base,-1.781303
RBP (CDS),Codon,-1.3158741
RBP (CDS),9-mer,1.639905
RBP (CDS),Ribosome,3.4413722
RBP (CDS),Single Base,-3.041796
RBP (CDS),Codon,-0.54574233
RBP (CDS),9-mer,2.534005
RBP (CDS),Ribosome,3.312642
RBP (CDS),Single Base,-0.5057743
RBP (CDS),Codon,-0.5305271
RBP (CDS),9-mer,1.7624282
RBP (CDS),Ribosome,1.6800573
RBP (CDS),Single Base,4.3583384
RBP (CDS),Codon,-0.6734607
RBP (CDS),9-mer,-1.7158726
RBP (CDS),Ribosome,-1.87141
RBP (CDS),Single Base,-2.3175495
RBP (CDS),Codon,-1.6279955
RBP (CDS),9-mer,1.8141037
RBP (CDS),Ribosome,2.6683722
RBP (CDS),Single Base,0.11767258
RBP (CDS),Codon,-1.2503818
RBP (CDS),9-mer,0.1408754
RBP (CDS),Ribosome,1.0807695
RBP (CDS),Single Base,-0.48258483
RBP (CDS),Codon,2.8350947
RBP (CDS),9-mer,-2.0252986
RBP (CDS),Ribosome,-2.116386
RBP (CDS),Single Base,-0.59896034
RBP (CDS),Codon,-1.3569585
RBP (CDS),9-mer,1.6298367
RBP (CDS),Ribosome,2.1579998
RBP (CDS),Single Base,0.8470841
RBP (CDS),Codon,2.4722254
RBP (CDS),9-mer,-3.4260144
RBP (CDS),Ribosome,-2.0735974
RBP (CDS),Single Base,0.61590147
RBP (CDS),Codon,-0.6736561
RBP (CDS),9-mer,-0.11238392
RBP (CDS),Ribosome,-0.058418356
RBP (CDS),Single Base,0.2217072
RBP (CDS),Codon,0.60983676
RBP (CDS),9-mer,-0.6014184
RBP (CDS),Ribosome,-0.9479924
RBP (CDS),Single Base,-0.5029922
RBP (CDS),Codon,-0.9142829
RBP (CDS),9-mer,1.2471585
RBP (CDS),Ribosome,0.8751718
RBP (CDS),Single Base,2.2771287
RBP (CDS),Codon,1.5850954
RBP (CDS),9-mer,-2.296931
RBP (CDS),Ribosome,-3.1001656
RBP (CDS),Single Base,0.56328076
RBP (CDS),Codon,-1.0404078
RBP (CDS),9-mer,0.022792118
RBP (CDS),Ribosome,0.02262313
RBP (CDS),Single Base,0.03059011
RBP (CDS),Codon,0.4257021
RBP (CDS),9-mer,-1.6138957
RBP (CDS),Ribosome,0.74202985
RBP (CDS),Single Base,-0.1313342
RBP (CDS),Codon,0.2925164
RBP (CDS),9-mer,0.24645117
RBP (CDS),Ribosome,-0.63412565
RBP (CDS),Single Base,-0.49066475
RBP (CDS),Codon,-0.1142753
RBP (CDS),9-mer,-0.70973074
RBP (CDS),Ribosome,1.2139034
RBP (CDS),Single Base,-1.3360469
RBP (CDS),Codon,-1.2561888
RBP (CDS),9-mer,1.9474405
RBP (CDS),Ribosome,3.1462924
RBP (CDS),Single Base,-1.7377678
RBP (CDS),Codon,0.98057634
RBP (CDS),9-mer,0.7715584
RBP (CDS),Ribosome,0.6779201
RBP (CDS),Single Base,-1.1758214
RBP (CDS),Codon,-0.7297173
RBP (CDS),9-mer,0.4184702
RBP (CDS),Ribosome,1.511251
RBP (CDS),Single Base,-1.0365351
RBP (CDS),Codon,-0.41986182
RBP (CDS),9-mer,1.3855296
RBP (CDS),Ribosome,1.5707643
RBP (CDS),Single Base,-0.8709956
RBP (CDS),Codon,-0.26369497
RBP (CDS),9-mer,0.69797856
RBP (CDS),Ribosome,0.84226036
RBP (CDS),Single Base,1.849709
RBP (CDS),Codon,-1.8988218
RBP (CDS),9-mer,-1.7434973
RBP (CDS),Ribosome,0.6008862
RBP (CDS),Single Base,-1.6683468
RBP (CDS),Codon,0.16793317
RBP (CDS),9-mer,1.4978129
RBP (CDS),Ribosome,1.1612961
RBP (CDS),Single Base,0.8944296
RBP (CDS),Codon,-2.2340853
RBP (CDS),9-mer,-0.7190132
RBP (CDS),Ribosome,0.7704298
RBP (CDS),Single Base,-1.6838008
RBP (CDS),Codon,2.3108304
RBP (CDS),9-mer,1.0272176
RBP (CDS),Ribosome,0.43789437
RBP (CDS),Single Base,-0.7630805
RBP (CDS),Codon,3.1117885
RBP (CDS),9-mer,-1.1116042
RBP (CDS),Ribosome,0.07491378
RBP (CDS),Single Base,1.7442423
RBP (CDS),Codon,-1.622633
RBP (CDS),9-mer,-1.7743303
RBP (CDS),Ribosome,0.8067436
RBP (CDS),Single Base,0.6207216
RBP (CDS),Codon,0.066796444
RBP (CDS),9-mer,-1.4595453
RBP (CDS),Ribosome,1.1073321
RBP (CDS),Single Base,-1.338825
RBP (CDS),Codon,1.824735
RBP (CDS),9-mer,0.0063550617
RBP (CDS),Ribosome,-0.3024655
RBP (CDS),Single Base,-0.50557685
RBP (CDS),Codon,0.391877
RBP (CDS),9-mer,0.3251801
RBP (CDS),Ribosome,0.058478564
RBP (CDS),Single Base,-0.10879427
RBP (CDS),Codon,-0.1260402
RBP (CDS),9-mer,-0.6591738
RBP (CDS),Ribosome,0.9907736
RBP (CDS),Single Base,-0.9956544
RBP (CDS),Codon,4.537958
RBP (CDS),9-mer,-0.3812591
RBP (CDS),Ribosome,-0.6586911
RBP (CDS),Single Base,0.13161173
RBP (CDS),Codon,0.96048373
RBP (CDS),9-mer,-0.8160073
RBP (CDS),Ribosome,-0.75506836
RBP (CDS),Single Base,-1.6615844
RBP (CDS),Codon,2.6116025
RBP (CDS),9-mer,-2.5163095
RBP (CDS),Ribosome,0.62720937
RBP (CDS),Single Base,-0.40791014
RBP (CDS),Codon,0.20929621
RBP (CDS),9-mer,0.79755294
RBP (CDS),Ribosome,0.1716859
RBP (CDS),Single Base,0.6622327
RBP (CDS),Codon,-0.61609715
RBP (CDS),9-mer,-1.1140743
RBP (CDS),Ribosome,0.37906742
RBP (CDS),Single Base,0.0016117755
RBP (CDS),Codon,-0.22992001
RBP (CDS),9-mer,1.5283858
RBP (CDS),Ribosome,-0.9318006
RBP (CDS),Single Base,0.25815865
RBP (CDS),Codon,-0.95811117
RBP (CDS),9-mer,-0.63394403
RBP (CDS),Ribosome,1.4839845
RBP (CDS),Single Base,-2.4018257
RBP (CDS),Codon,0.70704496
RBP (CDS),9-mer,2.4704568
RBP (CDS),Ribosome,2.81299
RBP (CDS),Single Base,0.5323162
RBP (CDS),Codon,0.6076297
RBP (CDS),9-mer,-0.6245911
RBP (CDS),Ribosome,-0.6437161
RBP (CDS),Single Base,2.2600667
RBP (CDS),Codon,-0.93799746
RBP (CDS),9-mer,0.2645319
RBP (CDS),Ribosome,0.77166975
RBP (CDS),Single Base,-0.21724537
RBP (CDS),Codon,-0.8992235
RBP (CDS),9-mer,0.72573876
RBP (CDS),Ribosome,0.40056163
RBP (CDS),Single Base,-0.3999435
RBP (CDS),Codon,0.33854452
RBP (CDS),9-mer,0.34920633
RBP (CDS),Ribosome,0.008608789
RBP (CDS),Single Base,1.8819696
RBP (CDS),Codon,-1.3747019
RBP (CDS),9-mer,-0.3603625
RBP (CDS),Ribosome,0.04196875
RBP (CDS),Single Base,0.85124475
RBP (CDS),Codon,0.6954072
RBP (CDS),9-mer,-1.7238579
RBP (CDS),Ribosome,-1.58456
RBP (CDS),Single Base,-0.496021
RBP (CDS),Codon,-0.8708948
RBP (CDS),9-mer,0.6029749
RBP (CDS),Ribosome,1.0595833
RBP (CDS),Single Base,-0.22131743
RBP (CDS),Codon,-0.002763274
RBP (CDS),9-mer,0.1429122
RBP (CDS),Ribosome,0.35279188
RBP (CDS),Single Base,-0.3654882
RBP (CDS),Codon,0.07029822
RBP (CDS),9-mer,0.84196436
RBP (CDS),Ribosome,0.13555124
RBP (CDS),Single Base,-0.46418828
RBP (CDS),Codon,0.6611733
RBP (CDS),9-mer,0.40131918
RBP (CDS),Ribosome,0.030614203
RBP (CDS),Single Base,-0.35063088
RBP (CDS),Codon,-0.19181472
RBP (CDS),9-mer,0.3772037
RBP (CDS),Ribosome,0.63706326
RBP (CDS),Single Base,-2.7245784
RBP (CDS),Codon,2.280247
RBP (CDS),9-mer,0.043285135
RBP (CDS),Ribosome,3.324624
RBP (CDS),Single Base,0.06888155
RBP (CDS),Codon,1.6365972
RBP (CDS),9-mer,-0.59775233
RBP (CDS),Ribosome,-1.3630757
RBP (CDS),Single Base,-0.8013594
RBP (CDS),Codon,-0.05768931
RBP (CDS),9-mer,0.040558502
RBP (CDS),Ribosome,1.2950402
RBP (CDS),Single Base,-1.0628066
RBP (CDS),Codon,-0.9333898
RBP (CDS),9-mer,0.61182237
RBP (CDS),Ribosome,1.6343161
RBP (CDS),Single Base,3.1984327
RBP (CDS),Codon,-1.3750681
RBP (CDS),9-mer,-3.7094984
RBP (CDS),Ribosome,-1.1227179
RBP (CDS),Single Base,-0.62135994
RBP (CDS),Codon,0.19330417
RBP (CDS),9-mer,-0.249786
RBP (CDS),Ribosome,1.0600466
RBP (CDS),Single Base,3.1968596
RBP (CDS),Codon,-1.2988883
RBP (CDS),9-mer,-1.7284184
RBP (CDS),Ribosome,-0.4310923
RBP (CDS),Single Base,-2.122934
RBP (CDS),Codon,1.1972452
RBP (CDS),9-mer,3.1860344
RBP (CDS),Ribosome,1.4439243
RBP (CDS),Single Base,0.8747766
RBP (CDS),Codon,-0.60039055
RBP (CDS),9-mer,-2.060403
RBP (CDS),Ribosome,-0.3006352
RBP (CDS),Single Base,-0.7681854
RBP (CDS),Codon,-0.26867598
RBP (CDS),9-mer,1.3356076
RBP (CDS),Ribosome,0.9153044
RBP (CDS),Single Base,-1.8596057
RBP (CDS),Codon,-1.0104407
RBP (CDS),9-mer,2.2161622
RBP (CDS),Ribosome,2.6589074
RBP (CDS),Single Base,-1.6646649
RBP (CDS),Codon,0.5153792
RBP (CDS),9-mer,1.3644677
RBP (CDS),Ribosome,2.2566185
RBP (CDS),Single Base,-1.1277682
RBP (CDS),Codon,0.9615242
RBP (CDS),9-mer,-0.2672513
RBP (CDS),Ribosome,1.3603879
RBP (CDS),Single Base,-0.5426848
RBP (CDS),Codon,-2.0720682
RBP (CDS),9-mer,1.1402922
RBP (CDS),Ribosome,2.2498312
RBP (CDS),Single Base,-1.1282841
RBP (CDS),Codon,-0.15214472
RBP (CDS),9-mer,-0.9848474
RBP (CDS),Ribosome,1.8234876
RBP (CDS),Single Base,-0.90628093
RBP (CDS),Codon,0.5736545
RBP (CDS),9-mer,-1.9716092
RBP (CDS),Ribosome,1.9158003
RBP (CDS),Single Base,0.8032121
RBP (CDS),Codon,0.76630664
RBP (CDS),9-mer,-0.55821526
RBP (CDS),Ribosome,-1.4468478
RBP (CDS),Single Base,-0.7866061
RBP (CDS),Codon,-0.13308474
RBP (CDS),9-mer,0.8389269
RBP (CDS),Ribosome,0.71756154
RBP (CDS),Single Base,0.7452117
RBP (CDS),Codon,1.0386467
RBP (CDS),9-mer,-1.5246844
RBP (CDS),Ribosome,-0.98321384
RBP (CDS),Single Base,-0.060731232
RBP (CDS),Codon,0.039354965
RBP (CDS),9-mer,-0.26641315
RBP (CDS),Ribosome,0.36059844
RBP (CDS),Single Base,-1.8007225
RBP (CDS),Codon,0.683794
RBP (CDS),9-mer,1.650215
RBP (CDS),Ribosome,1.8892846
RBP (CDS),Single Base,0.7343135
RBP (CDS),Codon,-0.6329486
RBP (CDS),9-mer,0.4619956
RBP (CDS),Ribosome,-0.3449639
RBP (CDS),Single Base,-1.6252776
RBP (CDS),Codon,1.1433715
RBP (CDS),9-mer,1.9660473
RBP (CDS),Ribosome,1.1218083
RBP (CDS),Single Base,-0.54533017
RBP (CDS),Codon,1.2556362
RBP (CDS),9-mer,-1.4065703
RBP (CDS),Ribosome,0.58923364
RBP (CDS),Single Base,-1.9041322
RBP (CDS),Codon,4.397685
RBP (CDS),9-mer,0.66795725
RBP (CDS),Ribosome,-0.8014279
RBP (CDS),Single Base,-2.504409
RBP (CDS),Codon,-2.9950895
RBP (CDS),9-mer,3.3469412
RBP (CDS),Ribosome,2.8677335
RBP (CDS),Single Base,1.2521621
RBP (CDS),Codon,0.15882413
RBP (CDS),9-mer,-1.4976459
RBP (CDS),Ribosome,-1.3529819
RBP (CDS),Single Base,-1.8990536
RBP (CDS),Codon,0.34679154
RBP (CDS),9-mer,1.4825172
RBP (CDS),Ribosome,0.7514008
RBP (CDS),Single Base,0.2075017
RBP (CDS),Codon,0.05890082
RBP (CDS),9-mer,-0.15905465
RBP (CDS),Ribosome,-0.43526453
RBP (CDS),Single Base,1.2399902
RBP (CDS),Codon,-0.12343828
RBP (CDS),9-mer,-2.8358836
RBP (CDS),Ribosome,-1.7174982
RBP (CDS),Single Base,0.82981133
RBP (CDS),Codon,-0.75910217
RBP (CDS),9-mer,-0.93886566
RBP (CDS),Ribosome,0.5947898
RBP (CDS),Single Base,1.462456
RBP (CDS),Codon,-1.1856543
RBP (CDS),9-mer,-0.65231365
RBP (CDS),Ribosome,0.69327074
RBP (CDS),Single Base,1.7580322
RBP (CDS),Codon,-1.4505198
RBP (CDS),9-mer,-0.24891113
RBP (CDS),Ribosome,-0.92050207
RBP (CDS),Single Base,0.3354841
RBP (CDS),Codon,-1.3084093
RBP (CDS),9-mer,0.9575994
RBP (CDS),Ribosome,1.615422
RBP (CDS),Single Base,2.58949
RBP (CDS),Codon,-1.8127853
RBP (CDS),9-mer,-1.1232699
RBP (CDS),Ribosome,0.07188849
RBP (CDS),Single Base,0.6847007
RBP (CDS),Codon,0.89225036
RBP (CDS),9-mer,-1.4083644
RBP (CDS),Ribosome,0.07207479
RBP (CDS),Single Base,-0.19556578
RBP (CDS),Codon,-0.529484
RBP (CDS),9-mer,0.5890087
RBP (CDS),Ribosome,0.71749085
RBP (CDS),Single Base,0.38415226
RBP (CDS),Codon,-0.17029437
RBP (CDS),9-mer,-0.14485496
RBP (CDS),Ribosome,-0.4581251
RBP (CDS),Single Base,-0.5952514
RBP (CDS),Codon,0.7278199
RBP (CDS),9-mer,-0.9230605
RBP (CDS),Ribosome,1.1148324
RBP (CDS),Single Base,0.5270864
RBP (CDS),Codon,-1.3301611
RBP (CDS),9-mer,-0.10411082
RBP (CDS),Ribosome,0.39822522
RBP (CDS),Single Base,-0.4158254
RBP (CDS),Codon,-1.1257092
RBP (CDS),9-mer,1.2550519
RBP (CDS),Ribosome,0.88888234
RBP (CDS),Single Base,-1.1810962
RBP (CDS),Codon,0.89508575
RBP (CDS),9-mer,1.7141984
RBP (CDS),Ribosome,0.1795489
RBP (CDS),Single Base,1.5688388
RBP (CDS),Codon,1.1519076
RBP (CDS),9-mer,-2.4251223
RBP (CDS),Ribosome,0.085222594
RBP (CDS),Single Base,-1.7661593
RBP (CDS),Codon,-0.70504284
RBP (CDS),9-mer,2.275194
RBP (CDS),Ribosome,2.1978219
RBP (CDS),Single Base,-1.606249
RBP (CDS),Codon,-1.9491688
RBP (CDS),9-mer,2.9667883
RBP (CDS),Ribosome,1.5019381
RBP (CDS),Single Base,-0.37327096
RBP (CDS),Codon,-0.8089247
RBP (CDS),9-mer,0.34245405
RBP (CDS),Ribosome,1.6240392
RBP (CDS),Single Base,-0.77140987
RBP (CDS),Codon,-0.43917018
RBP (CDS),9-mer,2.3164449
RBP (CDS),Ribosome,-0.10959362
RBP (CDS),Single Base,0.057440627
RBP (CDS),Codon,0.009164935
RBP (CDS),9-mer,-0.32597086
RBP (CDS),Ribosome,0.061706685
RBP (CDS),Single Base,-0.50558084
RBP (CDS),Codon,-0.97687143
RBP (CDS),9-mer,1.0931349
RBP (CDS),Ribosome,1.4249837
RBP (CDS),Single Base,0.27865085
RBP (CDS),Codon,-0.31442636
RBP (CDS),9-mer,-0.02711671
RBP (CDS),Ribosome,-0.26411328
RBP (CDS),Single Base,-0.68207175
RBP (CDS),Codon,-0.5336377
RBP (CDS),9-mer,0.6216587
RBP (CDS),Ribosome,1.918817
RBP (CDS),Single Base,-0.39733455
RBP (CDS),Codon,-2.1415856
RBP (CDS),9-mer,1.7005273
RBP (CDS),Ribosome,1.886977
RBP (CDS),Single Base,1.3877953
RBP (CDS),Codon,-0.62451345
RBP (CDS),9-mer,-1.1806612
RBP (CDS),Ribosome,-1.8106031
RBP (CDS),Single Base,1.1549616
RBP (CDS),Codon,-1.4007853
RBP (CDS),9-mer,-0.91943324
RBP (CDS),Ribosome,0.3648733
RBP (CDS),Single Base,-3.1991127
RBP (CDS),Codon,2.377874
RBP (CDS),9-mer,1.5825802
RBP (CDS),Ribosome,2.6828198
RBP (CDS),Single Base,0.47107053
RBP (CDS),Codon,-0.5041957
RBP (CDS),9-mer,-0.17437184
RBP (CDS),Ribosome,-0.059442926
RBP (CDS),Single Base,1.7561198
RBP (CDS),Codon,-2.5125635
RBP (CDS),9-mer,-0.31376728
RBP (CDS),Ribosome,-0.13015011
RBP (CDS),Single Base,-0.96247214
RBP (CDS),Codon,0.23461513
RBP (CDS),9-mer,1.8664136
RBP (CDS),Ribosome,-1.0148062
RBP (CDS),Single Base,0.6761688
RBP (CDS),Codon,1.2796481
RBP (CDS),9-mer,-1.7534515
RBP (CDS),Ribosome,-1.8057603
RBP (CDS),Single Base,1.1107314
RBP (CDS),Codon,-0.7226356
RBP (CDS),9-mer,-1.0972514
RBP (CDS),Ribosome,-0.19291654
RBP (CDS),Single Base,-1.442147
RBP (CDS),Codon,1.1117252
RBP (CDS),9-mer,0.63663644
RBP (CDS),Ribosome,0.10772649
RBP (CDS),Single Base,-0.33898407
RBP (CDS),Codon,0.2338637
RBP (CDS),9-mer,0.5932614
RBP (CDS),Ribosome,0.25651878
RBP (CDS),Single Base,-1.282233
RBP (CDS),Codon,-0.16513509
RBP (CDS),9-mer,1.5761981
RBP (CDS),Ribosome,1.9861019
RBP (CDS),Single Base,-0.69069636
RBP (CDS),Codon,1.5520475
RBP (CDS),9-mer,-1.946821
RBP (CDS),Ribosome,-0.23282328
RBP (CDS),Single Base,-0.6800028
RBP (CDS),Codon,-0.9262738
RBP (CDS),9-mer,1.3132277
RBP (CDS),Ribosome,0.7967487
RBP (CDS),Single Base,0.4137626
RBP (CDS),Codon,0.04183688
RBP (CDS),9-mer,-0.7576587
RBP (CDS),Ribosome,-0.075032376
RBP (CDS),Single Base,-0.012795376
RBP (CDS),Codon,-1.0325575
RBP (CDS),9-mer,-0.15323997
RBP (CDS),Ribosome,1.355877
RBP (CDS),Single Base,-1.1250385
RBP (CDS),Codon,0.790865
RBP (CDS),9-mer,0.32861164
RBP (CDS),Ribosome,0.64819217
RBP (CDS),Single Base,-1.0163082
RBP (CDS),Codon,-1.069971
RBP (CDS),9-mer,1.9560486
RBP (CDS),Ribosome,1.882953
RBP (CDS),Single Base,-2.095975
RBP (CDS),Codon,2.597461
RBP (CDS),9-mer,1.316333
RBP (CDS),Ribosome,0.38465372
RBP (CDS),Single Base,-0.47900432
RBP (CDS),Codon,1.0254993
RBP (CDS),9-mer,-0.07446916
RBP (CDS),Ribosome,-0.10145332
RBP (CDS),Single Base,1.4751804
RBP (CDS),Codon,-0.7426702
RBP (CDS),9-mer,-1.2008263
RBP (CDS),Ribosome,1.3297721
RBP (CDS),Single Base,4.1399927
RBP (CDS),Codon,-2.0461762
RBP (CDS),9-mer,-3.288226
RBP (CDS),Ribosome,-3.8008513
RBP (CDS),Single Base,-3.8247194
RBP (CDS),Codon,1.3241601
RBP (CDS),9-mer,1.6519965
RBP (CDS),Ribosome,4.699939
RBP (CDS),Single Base,1.4482068
RBP (CDS),Codon,-1.9523661
RBP (CDS),9-mer,0.45264807
RBP (CDS),Ribosome,1.1321805
RBP (CDS),Single Base,-0.26687965
RBP (CDS),Codon,0.34640965
RBP (CDS),9-mer,0.024868809
RBP (CDS),Ribosome,0.19830249
RBP (CDS),Single Base,-1.2225934
RBP (CDS),Codon,0.97188604
RBP (CDS),9-mer,0.00075668434
RBP (CDS),Ribosome,2.0569463
RBP (CDS),Single Base,3.145663
RBP (CDS),Codon,2.4420633
RBP (CDS),9-mer,-3.5513422
RBP (CDS),Ribosome,-3.2225792
RBP (CDS),Single Base,0.24069057
RBP (CDS),Codon,-0.6596831
RBP (CDS),9-mer,-0.19297916
RBP (CDS),Ribosome,0.39589515
RBP (CDS),Single Base,0.71818584
RBP (CDS),Codon,-0.33400014
RBP (CDS),9-mer,1.0698026
RBP (CDS),Ribosome,-2.8055546
RBP (CDS),Single Base,-0.24073143
RBP (CDS),Codon,0.24595621
RBP (CDS),9-mer,-1.2288195
RBP (CDS),Ribosome,1.1504464
RBP (CDS),Single Base,1.6022215
RBP (CDS),Codon,-0.255286
RBP (CDS),9-mer,-1.8113194
RBP (CDS),Ribosome,-1.8234215
RBP (CDS),Single Base,-1.3496339
RBP (CDS),Codon,0.581026
RBP (CDS),9-mer,1.0222278
RBP (CDS),Ribosome,1.3430963
RBP (CDS),Single Base,-1.0176108
RBP (CDS),Codon,1.7324749
RBP (CDS),9-mer,0.27089432
RBP (CDS),Ribosome,0.28965378
RBP (CDS),Single Base,1.9436836
RBP (CDS),Codon,1.5226493
RBP (CDS),9-mer,-1.7240366
RBP (CDS),Ribosome,-2.575956
RBP (CDS),Single Base,-0.5703786
RBP (CDS),Codon,1.616066
RBP (CDS),9-mer,-0.8590364
RBP (CDS),Ribosome,-0.8788588
RBP (CDS),Single Base,-0.31863102
RBP (CDS),Codon,-0.87173265
RBP (CDS),9-mer,1.1515971
RBP (CDS),Ribosome,1.3400539
RBP (CDS),Single Base,-0.54431844
RBP (CDS),Codon,-0.30401665
RBP (CDS),9-mer,0.7644776
RBP (CDS),Ribosome,0.82593596
RBP (CDS),Single Base,-1.3104848
RBP (CDS),Codon,-0.91765076
RBP (CDS),9-mer,0.79425025
RBP (CDS),Ribosome,1.7980149
RBP (CDS),Single Base,0.9289917
RBP (CDS),Codon,-2.5608633
RBP (CDS),9-mer,1.6524374
RBP (CDS),Ribosome,1.2515571
RBP (CDS),Single Base,-0.6588591
RBP (CDS),Codon,-0.84190637
RBP (CDS),9-mer,1.5001775
RBP (CDS),Ribosome,1.4978379
RBP (CDS),Single Base,-0.68831056
RBP (CDS),Codon,-0.11162824
RBP (CDS),9-mer,0.5005543
RBP (CDS),Ribosome,1.1788754
RBP (CDS),Single Base,1.3273942
RBP (CDS),Codon,-0.4610275
RBP (CDS),9-mer,-0.859404
RBP (CDS),Ribosome,-1.6914464
RBP (CDS),Single Base,0.46763477
RBP (CDS),Codon,0.39100668
RBP (CDS),9-mer,-0.39366853
RBP (CDS),Ribosome,-1.2610868
RBP (CDS),Single Base,2.0267935
RBP (CDS),Codon,-2.6706672
RBP (CDS),9-mer,-1.688416
RBP (CDS),Ribosome,0.13041458
RBP (CDS),Single Base,-1.4279358
RBP (CDS),Codon,0.89550143
RBP (CDS),9-mer,-0.5915695
RBP (CDS),Ribosome,2.208574
RBP (CDS),Single Base,1.0935136
RBP (CDS),Codon,-0.86502814
RBP (CDS),9-mer,0.71159834
RBP (CDS),Ribosome,-1.1784934
RBP (CDS),Single Base,-0.45305344
RBP (CDS),Codon,0.50788933
RBP (CDS),9-mer,0.36604476
RBP (CDS),Ribosome,0.3852604
RBP (CDS),Single Base,-1.4415917
RBP (CDS),Codon,0.09257842
RBP (CDS),9-mer,1.9270105
RBP (CDS),Ribosome,1.6358279
RBP (CDS),Single Base,-0.34913927
RBP (CDS),Codon,-0.839087
RBP (CDS),9-mer,0.30938938
RBP (CDS),Ribosome,1.385744
RBP (CDS),Single Base,0.36530706
RBP (CDS),Codon,-0.33026555
RBP (CDS),9-mer,-1.4162883
RBP (CDS),Ribosome,1.7629727
RBP (CDS),Single Base,0.60250825
RBP (CDS),Codon,-0.40351453
RBP (CDS),9-mer,-0.028052326
RBP (CDS),Ribosome,-0.5206273
RBP (CDS),Single Base,-0.44760957
RBP (CDS),Codon,-1.4543153
RBP (CDS),9-mer,1.2094756
RBP (CDS),Ribosome,1.5786042
RBP (CDS),Single Base,1.2635149
RBP (CDS),Codon,1.5954396
RBP (CDS),9-mer,-3.0053067
RBP (CDS),Ribosome,-4.5021887
RBP (CDS),Single Base,-0.14144638
RBP (CDS),Codon,-0.008532356
RBP (CDS),9-mer,0.0899445
RBP (CDS),Ribosome,0.35966504
RBP (CDS),Single Base,-1.8722647
RBP (CDS),Codon,0.41323018
RBP (CDS),9-mer,1.2577221
RBP (CDS),Ribosome,1.977914
RBP (CDS),Single Base,-1.0444205
RBP (CDS),Codon,0.5404816
RBP (CDS),9-mer,0.9787831
RBP (CDS),Ribosome,2.3731525
RBP (CDS),Single Base,-1.6096176
RBP (CDS),Codon,2.228358
RBP (CDS),9-mer,0.24756502
RBP (CDS),Ribosome,2.6007037
RBP (CDS),Single Base,0.7216824
RBP (CDS),Codon,1.3147857
RBP (CDS),9-mer,-1.2825423
RBP (CDS),Ribosome,-1.3032234
RBP (CDS),Single Base,-1.885138
RBP (CDS),Codon,1.048354
RBP (CDS),9-mer,1.449066
RBP (CDS),Ribosome,0.34577265
RBP (CDS),Single Base,0.58565116
RBP (CDS),Codon,-1.2654655
RBP (CDS),9-mer,0.28686672
RBP (CDS),Ribosome,1.0324879
RBP (CDS),Single Base,-2.9579024
RBP (CDS),Codon,2.535651
RBP (CDS),9-mer,-0.0658088
RBP (CDS),Ribosome,-0.24742474
RBP (CDS),Single Base,-0.16210435
RBP (CDS),Codon,1.7405878
RBP (CDS),9-mer,-2.3979023
RBP (CDS),Ribosome,-1.259296
RBP (CDS),Single Base,-1.0041323
RBP (CDS),Codon,-1.2804664
RBP (CDS),9-mer,1.6754323
RBP (CDS),Ribosome,1.8764354
RBP (CDS),Single Base,-1.5169115
RBP (CDS),Codon,-0.48827785
RBP (CDS),9-mer,1.2543437
RBP (CDS),Ribosome,1.4606006
RBP (CDS),Single Base,0.42644998
RBP (CDS),Codon,0.0611492
RBP (CDS),9-mer,-0.56769484
RBP (CDS),Ribosome,-0.81226104
RBP (CDS),Single Base,-0.29629666
RBP (CDS),Codon,-0.4237648
RBP (CDS),9-mer,0.13842116
RBP (CDS),Ribosome,1.9340029
RBP (CDS),Single Base,-2.686353
RBP (CDS),Codon,1.2865483
RBP (CDS),9-mer,2.3463027
RBP (CDS),Ribosome,4.1413827
RBP (CDS),Single Base,3.5407655
RBP (CDS),Codon,-5.4156423
RBP (CDS),9-mer,-3.668373
RBP (CDS),Ribosome,3.0216577
RBP (CDS),Single Base,1.3711504
RBP (CDS),Codon,0.52260375
RBP (CDS),9-mer,-2.0572119
RBP (CDS),Ribosome,-1.739044
RBP (CDS),Single Base,-0.70855343
RBP (CDS),Codon,0.048197392
RBP (CDS),9-mer,0.8390327
RBP (CDS),Ribosome,0.6986104
RBP (CDS),Single Base,1.4754603
RBP (CDS),Codon,-2.6268675
RBP (CDS),9-mer,-1.4364722
RBP (CDS),Ribosome,0.016386477
RBP (CDS),Single Base,-2.918359
RBP (CDS),Codon,-0.8840101
RBP (CDS),9-mer,2.633396
RBP (CDS),Ribosome,2.5340424
RBP (CDS),Single Base,-1.4775268
RBP (CDS),Codon,0.48077092
RBP (CDS),9-mer,0.99503314
RBP (CDS),Ribosome,1.3075117
RBP (CDS),Single Base,-0.41389775
RBP (CDS),Codon,0.02494853
RBP (CDS),9-mer,0.49886924
RBP (CDS),Ribosome,0.21483028
RBP (CDS),Single Base,0.77348155
RBP (CDS),Codon,0.2332723
RBP (CDS),9-mer,-1.3417548
RBP (CDS),Ribosome,-0.817719
RBP (CDS),Single Base,3.1245599
RBP (CDS),Codon,-2.112367
RBP (CDS),9-mer,-2.4504168
RBP (CDS),Ribosome,-1.6007295
RBP (CDS),Single Base,-0.6286877
RBP (CDS),Codon,0.6126117
RBP (CDS),9-mer,0.19020195
RBP (CDS),Ribosome,0.24036723
RBP (CDS),Single Base,-0.3520429
RBP (CDS),Codon,-0.9197264
RBP (CDS),9-mer,1.2162045
RBP (CDS),Ribosome,0.6795486
RBP (CDS),Single Base,1.625448
RBP (CDS),Codon,0.6836519
RBP (CDS),9-mer,-2.3446932
RBP (CDS),Ribosome,-1.9635737
RBP (CDS),Single Base,-0.95399
RBP (CDS),Codon,1.5183237
RBP (CDS),9-mer,0.31779012
RBP (CDS),Ribosome,0.07949882
RBP (CDS),Single Base,1.4935176
RBP (CDS),Codon,0.17529842
RBP (CDS),9-mer,-0.21846679
RBP (CDS),Ribosome,-1.4999391
RBP (CDS),Single Base,-0.13275541
RBP (CDS),Codon,-0.089506194
RBP (CDS),9-mer,0.11008688
RBP (CDS),Ribosome,0.5329234
RBP (CDS),Single Base,-1.4869277
RBP (CDS),Codon,1.3147126
RBP (CDS),9-mer,1.5140275
RBP (CDS),Ribosome,0.34996408
RBP (CDS),Single Base,0.13467728
RBP (CDS),Codon,-0.14335543
RBP (CDS),9-mer,0.46109384
RBP (CDS),Ribosome,-0.4396382
RBP (CDS),Single Base,0.58272237
RBP (CDS),Codon,-0.09017643
RBP (CDS),9-mer,-2.9460518
RBP (CDS),Ribosome,2.2069163
RBP (CDS),Single Base,-0.21877484
RBP (CDS),Codon,-0.7662876
RBP (CDS),9-mer,0.6565017
RBP (CDS),Ribosome,0.39756298
RBP (CDS),Single Base,3.2299647
RBP (CDS),Codon,-1.9258615
RBP (CDS),9-mer,-2.1984622
RBP (CDS),Ribosome,-0.10927274
RBP (CDS),Single Base,1.6819938
RBP (CDS),Codon,-1.8130122
RBP (CDS),9-mer,-0.48390502
RBP (CDS),Ribosome,-1.9440511
RBP (CDS),Single Base,-1.6414182
RBP (CDS),Codon,0.099256225
RBP (CDS),9-mer,2.1441298
RBP (CDS),Ribosome,1.3446453
RBP (CDS),Single Base,-0.17451029
RBP (CDS),Codon,0.0367449
RBP (CDS),9-mer,0.09965109
RBP (CDS),Ribosome,0.048684753
RBP (CDS),Single Base,0.04192874
RBP (CDS),Codon,-0.51634794
RBP (CDS),9-mer,0.3791052
RBP (CDS),Ribosome,1.3802013
RBP (CDS),Single Base,0.997642
RBP (CDS),Codon,0.39896798
RBP (CDS),9-mer,-3.4036667
RBP (CDS),Ribosome,0.6238887
RBP (CDS),Single Base,1.8061233
RBP (CDS),Codon,-2.7714674
RBP (CDS),9-mer,-0.282114
RBP (CDS),Ribosome,2.1434758
RBP (CDS),Single Base,-1.2926494
RBP (CDS),Codon,1.1086445
RBP (CDS),9-mer,0.77845556
RBP (CDS),Ribosome,1.2143283
RBP (CDS),Single Base,-2.7075186
RBP (CDS),Codon,-2.2428854
RBP (CDS),9-mer,2.5765917
RBP (CDS),Ribosome,2.9059088
RBP (CDS),Single Base,-1.8880969
RBP (CDS),Codon,3.2298312
RBP (CDS),9-mer,0.96455884
RBP (CDS),Ribosome,0.19717492
RBP (CDS),Single Base,1.4214313
RBP (CDS),Codon,-0.589949
RBP (CDS),9-mer,-1.4419419
RBP (CDS),Ribosome,-0.89513254
RBP (CDS),Single Base,-1.7552525
RBP (CDS),Codon,0.15158275
RBP (CDS),9-mer,1.1400983
RBP (CDS),Ribosome,1.5255079
RBP (CDS),Single Base,1.2295281
RBP (CDS),Codon,-0.50545025
RBP (CDS),9-mer,-1.0222079
RBP (CDS),Ribosome,-0.8832424
RBP (CDS),Single Base,1.7165822
RBP (CDS),Codon,-2.796125
RBP (CDS),9-mer,1.2131697
RBP (CDS),Ribosome,0.78013146
RBP (CDS),Single Base,0.7017433
RBP (CDS),Codon,-1.3170742
RBP (CDS),9-mer,-1.4851651
RBP (CDS),Ribosome,2.6285343
RBP (CDS),Single Base,-0.7153448
RBP (CDS),Codon,-2.3152237
RBP (CDS),9-mer,1.2690529
RBP (CDS),Ribosome,1.8388672
RBP (CDS),Single Base,2.1736622
RBP (CDS),Codon,-2.2863882
RBP (CDS),9-mer,-1.3327996
RBP (CDS),Ribosome,0.09792628
RBP (CDS),Single Base,-0.7858477
RBP (CDS),Codon,-1.0834727
RBP (CDS),9-mer,1.3652784
RBP (CDS),Ribosome,1.1853415
RBP (CDS),Single Base,0.16612692
RBP (CDS),Codon,0.16176888
RBP (CDS),9-mer,-0.6012415
RBP (CDS),Ribosome,-0.7792721
RBP (CDS),Single Base,0.28322783
RBP (CDS),Codon,4.048845
RBP (CDS),9-mer,-2.5656798
RBP (CDS),Ribosome,-1.0565495
RBP (CDS),Single Base,-2.33628
RBP (CDS),Codon,2.7098486
RBP (CDS),9-mer,0.14380366
RBP (CDS),Ribosome,0.9891003
RBP (CDS),Single Base,-1.1213453
RBP (CDS),Codon,0.41443822
RBP (CDS),9-mer,0.9019409
RBP (CDS),Ribosome,0.7389875
RBP (CDS),Single Base,-1.9874983
RBP (CDS),Codon,0.4879308
RBP (CDS),9-mer,1.3989303
RBP (CDS),Ribosome,2.0397942
RBP (CDS),Single Base,-0.5528256
RBP (CDS),Codon,-0.20641962
RBP (CDS),9-mer,0.69518024
RBP (CDS),Ribosome,0.42819223
RBP (CDS),Single Base,3.0227697
RBP (CDS),Codon,-2.4309242
RBP (CDS),9-mer,-1.425224
RBP (CDS),Ribosome,1.0054817
RBP (CDS),Single Base,-1.4082942
RBP (CDS),Codon,0.077165015
RBP (CDS),9-mer,1.3573396
RBP (CDS),Ribosome,2.1940198
RBP (CDS),Single Base,0.87352705
RBP (CDS),Codon,-1.486859
RBP (CDS),9-mer,-0.06617259
RBP (CDS),Ribosome,0.45757467
RBP (CDS),Single Base,-1.5142686
RBP (CDS),Codon,2.1889079
RBP (CDS),9-mer,-0.8642745
RBP (CDS),Ribosome,-0.776517
RBP (CDS),Single Base,0.8462185
RBP (CDS),Codon,-1.0078313
RBP (CDS),9-mer,-1.1577141
RBP (CDS),Ribosome,0.9353567
RBP (CDS),Single Base,-0.12991706
RBP (CDS),Codon,-0.34734994
RBP (CDS),9-mer,0.626301
RBP (CDS),Ribosome,0.19312486
RBP (CDS),Single Base,-3.3277721
RBP (CDS),Codon,1.5278772
RBP (CDS),9-mer,3.8092833
RBP (CDS),Ribosome,1.0306563
RBP (CDS),Single Base,-1.05335
RBP (CDS),Codon,1.0983305
RBP (CDS),9-mer,0.2141611
RBP (CDS),Ribosome,0.9500848
RBP (CDS),Single Base,-1.0889448
RBP (CDS),Codon,0.9844515
RBP (CDS),9-mer,-0.25356895
RBP (CDS),Ribosome,1.32251
RBP (CDS),Single Base,-0.0034002936
RBP (CDS),Codon,1.2250496
RBP (CDS),9-mer,-1.0123508
RBP (CDS),Ribosome,-1.6135375
RBP (CDS),Single Base,-0.07700262
RBP (CDS),Codon,-0.011405555
RBP (CDS),9-mer,-0.6207118
RBP (CDS),Ribosome,1.0149993
RBP (CDS),Single Base,2.0043836
RBP (CDS),Codon,-0.24451315
RBP (CDS),9-mer,-4.143992
RBP (CDS),Ribosome,0.025782775
RBP (CDS),Single Base,-0.5536323
RBP (CDS),Codon,-2.250336
RBP (CDS),9-mer,2.7906268
RBP (CDS),Ribosome,2.377338
RBP (CDS),Single Base,-0.3562092
RBP (CDS),Codon,0.78878796
RBP (CDS),9-mer,0.064573
RBP (CDS),Ribosome,-0.042284194
RBP (CDS),Single Base,0.235247
RBP (CDS),Codon,-0.8233615
RBP (CDS),9-mer,0.14427184
RBP (CDS),Ribosome,0.43175846
RBP (CDS),Single Base,-1.7356579
RBP (CDS),Codon,1.1642067
RBP (CDS),9-mer,1.3245361
RBP (CDS),Ribosome,0.5295553
RBP (CDS),Single Base,-1.1310489
RBP (CDS),Codon,-0.46594232
RBP (CDS),9-mer,-2.3620675
RBP (CDS),Ribosome,2.0934427
RBP (CDS),Single Base,0.39924362
RBP (CDS),Codon,-0.2879952
RBP (CDS),9-mer,-0.8422719
RBP (CDS),Ribosome,0.5778538
RBP (CDS),Single Base,1.6055263
RBP (CDS),Codon,-0.28876367
RBP (CDS),9-mer,-1.7153499
RBP (CDS),Ribosome,-1.6797501
RBP (CDS),Single Base,-2.3433473
RBP (CDS),Codon,0.720157
RBP (CDS),9-mer,1.7670692
RBP (CDS),Ribosome,1.9890778
RBP (CDS),Single Base,3.003156
RBP (CDS),Codon,0.10585177
RBP (CDS),9-mer,-2.5026588
RBP (CDS),Ribosome,-2.3093257
RBP (CDS),Single Base,-1.5436798
RBP (CDS),Codon,1.2970525
RBP (CDS),9-mer,0.8152917
RBP (CDS),Ribosome,0.8755917
RBP (CDS),Single Base,1.310055
RBP (CDS),Codon,-0.17273656
RBP (CDS),9-mer,-0.71451545
RBP (CDS),Ribosome,-0.24859442
RBP (CDS),Single Base,-0.09078635
RBP (CDS),Codon,-0.9013036
RBP (CDS),9-mer,2.052919
RBP (CDS),Ribosome,-0.67844915
RBP (CDS),Single Base,-0.07532847
RBP (CDS),Codon,-0.48705074
RBP (CDS),9-mer,0.1353733
RBP (CDS),Ribosome,0.71714324
RBP (CDS),Single Base,0.7926014
RBP (CDS),Codon,-2.774434
RBP (CDS),9-mer,1.4592164
RBP (CDS),Ribosome,1.3409468
RBP (CDS),Single Base,-0.90350324
RBP (CDS),Codon,3.3388512
RBP (CDS),9-mer,-2.0174844
RBP (CDS),Ribosome,-1.8502742
RBP (CDS),Single Base,-1.1937189
RBP (CDS),Codon,-1.2124411
RBP (CDS),9-mer,1.1996974
RBP (CDS),Ribosome,2.1233757
RBP (CDS),Single Base,-0.32778755
RBP (CDS),Codon,-1.4096547
RBP (CDS),9-mer,1.7437356
RBP (CDS),Ribosome,2.4262686
RBP (CDS),Single Base,2.017369
RBP (CDS),Codon,4.2408266
RBP (CDS),9-mer,-2.6319218
RBP (CDS),Ribosome,-3.7410967
RBP (CDS),Single Base,0.5017802
RBP (CDS),Codon,-0.19245577
RBP (CDS),9-mer,0.19034266
RBP (CDS),Ribosome,-2.4010475
RBP (CDS),Single Base,-2.861713
RBP (CDS),Codon,-0.68012625
RBP (CDS),9-mer,2.7723815
RBP (CDS),Ribosome,3.048751
RBP (CDS),Single Base,-1.2637031
RBP (CDS),Codon,1.5998865
RBP (CDS),9-mer,-0.060864013
RBP (CDS),Ribosome,0.019568823
RBP (CDS),Single Base,3.4853
RBP (CDS),Codon,-2.0697627
RBP (CDS),9-mer,-1.5715848
RBP (CDS),Ribosome,-0.6104404
RBP (CDS),Single Base,-1.5911863
RBP (CDS),Codon,0.16045433
RBP (CDS),9-mer,1.3082176
RBP (CDS),Ribosome,2.6397586
RBP (CDS),Single Base,0.51680094
RBP (CDS),Codon,-0.9589587
RBP (CDS),9-mer,0.98176426
RBP (CDS),Ribosome,-0.0977244
RBP (CDS),Single Base,-1.8643483
RBP (CDS),Codon,1.0947483
RBP (CDS),9-mer,0.9716104
RBP (CDS),Ribosome,1.3449677
RBP (CDS),Single Base,-1.924665
RBP (CDS),Codon,1.5952456
RBP (CDS),9-mer,0.9751458
RBP (CDS),Ribosome,-0.3457925
RBP (CDS),Single Base,-0.31593204
RBP (CDS),Codon,0.5109495
RBP (CDS),9-mer,0.77436185
RBP (CDS),Ribosome,-0.77881956
RBP (CDS),Single Base,-1.8555824
RBP (CDS),Codon,-0.33636647
RBP (CDS),9-mer,1.4454753
RBP (CDS),Ribosome,2.1575449
RBP (CDS),Single Base,-2.1173444
RBP (CDS),Codon,1.6473837
RBP (CDS),9-mer,2.2540774
RBP (CDS),Ribosome,2.3181899
RBP (CDS),Single Base,-0.65313554
RBP (CDS),Codon,0.15818541
RBP (CDS),9-mer,0.535907
RBP (CDS),Ribosome,1.0041974
RBP (CDS),Single Base,3.2352214
RBP (CDS),Codon,-0.6318184
RBP (CDS),9-mer,-2.5199869
RBP (CDS),Ribosome,-1.861288
RBP (CDS),Single Base,-1.4859132
RBP (CDS),Codon,0.6884297
RBP (CDS),9-mer,1.2832797
RBP (CDS),Ribosome,1.1320853
RBP (CDS),Single Base,-0.8618665
RBP (CDS),Codon,0.28833842
RBP (CDS),9-mer,0.98233277
RBP (CDS),Ribosome,0.4604876
RBP (CDS),Single Base,-1.8656778
RBP (CDS),Codon,1.0933056
RBP (CDS),9-mer,1.7428391
RBP (CDS),Ribosome,1.2485821
RBP (CDS),Single Base,-0.9093169
RBP (CDS),Codon,0.91057396
RBP (CDS),9-mer,0.5073506
RBP (CDS),Ribosome,0.6589214
RBP (CDS),Single Base,-0.69478387
RBP (CDS),Codon,-0.28881824
RBP (CDS),9-mer,1.1418107
RBP (CDS),Ribosome,1.0072385
RBP (CDS),Single Base,-0.20769496
RBP (CDS),Codon,0.1071273
RBP (CDS),9-mer,0.25109914
RBP (CDS),Ribosome,-0.04575484
RBP (CDS),Single Base,-0.074810244
RBP (CDS),Codon,-0.4816861
RBP (CDS),9-mer,0.19178702
RBP (CDS),Ribosome,0.39839333
RBP (CDS),Single Base,-0.89495003
RBP (CDS),Codon,-0.06448353
RBP (CDS),9-mer,0.67561495
RBP (CDS),Ribosome,1.0615339
RBP (CDS),Single Base,0.24127296
RBP (CDS),Codon,-0.5537478
RBP (CDS),9-mer,0.7431072
RBP (CDS),Ribosome,-0.7717642
RBP (CDS),Single Base,0.8795047
RBP (CDS),Codon,-0.0073036933
RBP (CDS),9-mer,-0.21610494
RBP (CDS),Ribosome,-1.8440874
RBP (CDS),Single Base,0.44690368
RBP (CDS),Codon,-1.6278381
RBP (CDS),9-mer,-0.7915837
RBP (CDS),Ribosome,1.39095
RBP (CDS),Single Base,-0.5255025
RBP (CDS),Codon,-0.49067733
RBP (CDS),9-mer,0.77923626
RBP (CDS),Ribosome,0.7814455
RBP (CDS),Single Base,-1.2915429
RBP (CDS),Codon,0.2126507
RBP (CDS),9-mer,1.6633886
RBP (CDS),Ribosome,0.5394854
RBP (CDS),Single Base,-1.2129546
RBP (CDS),Codon,1.8535192
RBP (CDS),9-mer,-1.5052607
RBP (CDS),Ribosome,-0.29756457
RBP (CDS),Single Base,-3.2387302
RBP (CDS),Codon,0.8621173
RBP (CDS),9-mer,3.3919141
RBP (CDS),Ribosome,3.3768983
RBP (CDS),Single Base,0.9956003
RBP (CDS),Codon,-2.0151715
RBP (CDS),9-mer,-0.31065756
RBP (CDS),Ribosome,0.39797333
RBP (CDS),Single Base,1.6652229
RBP (CDS),Codon,1.1975247
RBP (CDS),9-mer,-4.4385085
RBP (CDS),Ribosome,-2.2029192
RBP (CDS),Single Base,-0.88111806
RBP (CDS),Codon,0.69488335
RBP (CDS),9-mer,0.7416329
RBP (CDS),Ribosome,1.0729468
RBP (CDS),Single Base,-0.760096
RBP (CDS),Codon,-2.4201062
RBP (CDS),9-mer,2.8169596
RBP (CDS),Ribosome,2.12481
RBP (CDS),Single Base,-0.80835456
RBP (CDS),Codon,-1.2390882
RBP (CDS),9-mer,2.663928
RBP (CDS),Ribosome,0.7633773
RBP (CDS),Single Base,1.7286918
RBP (CDS),Codon,-0.86086
RBP (CDS),9-mer,-1.1772442
RBP (CDS),Ribosome,-1.3983408
RBP (CDS),Single Base,-0.6306808
RBP (CDS),Codon,-1.6790038
RBP (CDS),9-mer,0.93786776
RBP (CDS),Ribosome,2.7034397
RBP (CDS),Single Base,0.79267687
RBP (CDS),Codon,-0.66300505
RBP (CDS),9-mer,-0.41305304
RBP (CDS),Ribosome,0.10744973
RBP (CDS),Single Base,1.7129955
RBP (CDS),Codon,0.8604764
RBP (CDS),9-mer,-1.5696288
RBP (CDS),Ribosome,-2.626896
RBP (CDS),Single Base,0.1440921
RBP (CDS),Codon,-0.42449412
RBP (CDS),9-mer,-0.11299106
RBP (CDS),Ribosome,0.5266506
RBP (CDS),Single Base,-1.9357749
RBP (CDS),Codon,-1.0203494
RBP (CDS),9-mer,2.169295
RBP (CDS),Ribosome,1.9338586
RBP (CDS),Single Base,-1.1115172
RBP (CDS),Codon,0.018401574
RBP (CDS),9-mer,1.1144572
RBP (CDS),Ribosome,1.5003108
RBP (CDS),Single Base,1.7414314
RBP (CDS),Codon,-2.6856723
RBP (CDS),9-mer,-1.2956674
RBP (CDS),Ribosome,1.2199671
RBP (CDS),Single Base,2.1453302
RBP (CDS),Codon,1.63585
RBP (CDS),9-mer,-1.4845252
RBP (CDS),Ribosome,-3.3083074
RBP (CDS),Single Base,0.34580883
RBP (CDS),Codon,-0.23707452
RBP (CDS),9-mer,-0.280278
RBP (CDS),Ribosome,-0.038689118
RBP (CDS),Single Base,-1.7410487
RBP (CDS),Codon,0.63959247
RBP (CDS),9-mer,1.9487427
RBP (CDS),Ribosome,0.92263657
RBP (CDS),Single Base,-0.105970584
RBP (CDS),Codon,-1.2173525
RBP (CDS),9-mer,-0.6306803
RBP (CDS),Ribosome,2.2444305
RBP (CDS),Single Base,-0.60235536
RBP (CDS),Codon,0.3545997
RBP (CDS),9-mer,-0.46538645
RBP (CDS),Ribosome,1.4747096
RBP (CDS),Single Base,3.8493268
RBP (CDS),Codon,0.8016858
RBP (CDS),9-mer,-2.780955
RBP (CDS),Ribosome,-2.357541
RBP (CDS),Single Base,-1.6198733
RBP (CDS),Codon,-0.7503362
RBP (CDS),9-mer,1.2370255
RBP (CDS),Ribosome,1.4662716
RBP (CDS),Single Base,-1.5076919
RBP (CDS),Codon,1.4111122
RBP (CDS),9-mer,-0.6102539
RBP (CDS),Ribosome,0.20704037
RBP (CDS),Single Base,-0.02869602
RBP (CDS),Codon,-0.3634
RBP (CDS),9-mer,0.31727532
RBP (CDS),Ribosome,0.24395843
RBP (CDS),Single Base,-0.8640871
RBP (CDS),Codon,1.6271057
RBP (CDS),9-mer,-0.8334566
RBP (CDS),Ribosome,0.63213444
RBP (CDS),Single Base,0.99909973
RBP (CDS),Codon,-0.8847721
RBP (CDS),9-mer,-0.22174028
RBP (CDS),Ribosome,-0.5662186
RBP (CDS),Single Base,-0.29999825
RBP (CDS),Codon,-2.3660452
RBP (CDS),9-mer,-0.46327382
RBP (CDS),Ribosome,2.128087
RBP (CDS),Single Base,-0.9859603
RBP (CDS),Codon,-0.8282137
RBP (CDS),9-mer,1.679553
RBP (CDS),Ribosome,0.70448595
RBP (CDS),Single Base,0.040493026
RBP (CDS),Codon,-0.31995174
RBP (CDS),9-mer,0.319352
RBP (CDS),Ribosome,0.0088666845
RBP (CDS),Single Base,0.9716554
RBP (CDS),Codon,-0.6036472
RBP (CDS),9-mer,-2.2879784
RBP (CDS),Ribosome,1.1709847
RBP (CDS),Single Base,-0.75011426
RBP (CDS),Codon,1.1776271
RBP (CDS),9-mer,-0.6597686
RBP (CDS),Ribosome,1.0383168
RBP (CDS),Single Base,-1.3094711
RBP (CDS),Codon,0.6902124
RBP (CDS),9-mer,0.97762656
RBP (CDS),Ribosome,0.5555546
RBP (CDS),Single Base,-0.14614066
RBP (CDS),Codon,-1.7540516
RBP (CDS),9-mer,1.9924612
RBP (CDS),Ribosome,1.3041339
RBP (CDS),Single Base,-0.8567229
RBP (CDS),Codon,0.17653489
RBP (CDS),9-mer,0.4773318
RBP (CDS),Ribosome,1.2129418
RBP (CDS),Single Base,0.47840515
RBP (CDS),Codon,1.2653081
RBP (CDS),9-mer,-1.0985959
RBP (CDS),Ribosome,-1.0580751
RBP (CDS),Single Base,-2.1916234
RBP (CDS),Codon,2.0877514
RBP (CDS),9-mer,1.1921978
RBP (CDS),Ribosome,-0.25767726
RBP (CDS),Single Base,-2.6798134
RBP (CDS),Codon,-1.9062713
RBP (CDS),9-mer,3.4005466
RBP (CDS),Ribosome,2.3471987
RBP (CDS),Single Base,-1.1674345
RBP (CDS),Codon,0.96926826
RBP (CDS),9-mer,-0.15526217
RBP (CDS),Ribosome,0.03286263
RBP (CDS),Single Base,0.89124095
RBP (CDS),Codon,0.13972288
RBP (CDS),9-mer,-1.3124789
RBP (CDS),Ribosome,-0.66988075
RBP (CDS),Single Base,-0.6055566
RBP (CDS),Codon,0.02931476
RBP (CDS),9-mer,0.37481368
RBP (CDS),Ribosome,0.56038886
RBP (CDS),Single Base,2.1854932
RBP (CDS),Codon,-1.2494648
RBP (CDS),9-mer,-1.6962075
RBP (CDS),Ribosome,-0.4309243
RBP (CDS),Single Base,-0.37160024
RBP (CDS),Codon,0.2719537
RBP (CDS),9-mer,0.47942045
RBP (CDS),Ribosome,0.0935083
RBP (CDS),Single Base,-1.0603935
RBP (CDS),Codon,1.4813046
RBP (CDS),9-mer,0.39915463
RBP (CDS),Ribosome,-0.11624408
RBP (CDS),Single Base,0.5756187
RBP (CDS),Codon,1.082014
RBP (CDS),9-mer,-0.38847125
RBP (CDS),Ribosome,-1.4197526
RBP (CDS),Single Base,-2.1066787
RBP (CDS),Codon,0.72992116
RBP (CDS),9-mer,-0.97973233
RBP (CDS),Ribosome,3.0269914
RBP (CDS),Single Base,-1.0635178
RBP (CDS),Codon,-2.1656468
RBP (CDS),9-mer,2.311654
RBP (CDS),Ribosome,1.9784219
RBP (CDS),Single Base,1.2618372
RBP (CDS),Codon,-2.193239
RBP (CDS),9-mer,0.2951684
RBP (CDS),Ribosome,0.55290663
RBP (CDS),Single Base,0.5966933
RBP (CDS),Codon,-2.659426
RBP (CDS),9-mer,0.32422006
RBP (CDS),Ribosome,2.8962133
RBP (CDS),Single Base,1.5159914
RBP (CDS),Codon,-2.6542277
RBP (CDS),9-mer,-0.7182799
RBP (CDS),Ribosome,0.08428009
RBP (CDS),Single Base,-0.0911119
RBP (CDS),Codon,0.4399491
RBP (CDS),9-mer,-0.36163613
RBP (CDS),Ribosome,-0.54960585
RBP (CDS),Single Base,-0.10260844
RBP (CDS),Codon,-0.39934835
RBP (CDS),9-mer,1.2943759
RBP (CDS),Ribosome,-0.4654572
RBP (CDS),Single Base,-1.3726307
RBP (CDS),Codon,0.66553086
RBP (CDS),9-mer,0.6324176
RBP (CDS),Ribosome,0.55348676
RBP (CDS),Single Base,1.6859508
RBP (CDS),Codon,-1.9725921
RBP (CDS),9-mer,-1.4726036
RBP (CDS),Ribosome,0.3974901
RBP (CDS),Single Base,1.0216635
RBP (CDS),Codon,-1.8175651
RBP (CDS),9-mer,0.76025426
RBP (CDS),Ribosome,1.1330167
RBP (CDS),Single Base,-0.21745609
RBP (CDS),Codon,2.2531908
RBP (CDS),9-mer,-0.546895
RBP (CDS),Ribosome,-1.033209
RBP (CDS),Single Base,-1.3372939
RBP (CDS),Codon,-0.8814831
RBP (CDS),9-mer,-3.6130185
RBP (CDS),Ribosome,4.6756372
RBP (CDS),Single Base,0.62774193
RBP (CDS),Codon,-0.053055264
RBP (CDS),9-mer,-0.8566558
RBP (CDS),Ribosome,-1.0781128
RBP (CDS),Single Base,-0.6877916
RBP (CDS),Codon,-0.12888682
RBP (CDS),9-mer,1.4520677
RBP (CDS),Ribosome,0.74491346
RBP (CDS),Single Base,-1.1910756
RBP (CDS),Codon,-0.5388784
RBP (CDS),9-mer,1.476811
RBP (CDS),Ribosome,1.6018658
RBP (CDS),Single Base,-1.1221964
RBP (CDS),Codon,0.797918
RBP (CDS),9-mer,0.47678515
RBP (CDS),Ribosome,1.5052885
RBP (CDS),Single Base,2.1392217
RBP (CDS),Codon,-3.4036672
RBP (CDS),9-mer,-1.7227123
RBP (CDS),Ribosome,0.910207
RBP (CDS),Single Base,0.021347431
RBP (CDS),Codon,-1.2860316
RBP (CDS),9-mer,0.6671995
RBP (CDS),Ribosome,0.5986913
RBP (CDS),Single Base,-0.9168779
RBP (CDS),Codon,2.3229182
RBP (CDS),9-mer,-2.0279145
RBP (CDS),Ribosome,-0.09649223
RBP (CDS),Single Base,1.1995068
RBP (CDS),Codon,0.92087626
RBP (CDS),9-mer,-1.4664149
RBP (CDS),Ribosome,-1.040714
RBP (CDS),Single Base,2.663264
RBP (CDS),Codon,-2.4227588
RBP (CDS),9-mer,-2.3400638
RBP (CDS),Ribosome,-0.2589482
RBP (CDS),Single Base,-0.9908851
RBP (CDS),Codon,-1.4295304
RBP (CDS),9-mer,1.4164838
RBP (CDS),Ribosome,2.23963
RBP (CDS),Single Base,0.8836383
RBP (CDS),Codon,1.121498
RBP (CDS),9-mer,-1.2034857
RBP (CDS),Ribosome,-1.6864624
RBP (CDS),Single Base,0.59382135
RBP (CDS),Codon,0.08778768
RBP (CDS),9-mer,-0.49752098
RBP (CDS),Ribosome,-1.1152366
RBP (CDS),Single Base,-0.114896454
RBP (CDS),Codon,-0.10025766
RBP (CDS),9-mer,0.43620047
RBP (CDS),Ribosome,0.096979685
RBP (CDS),Single Base,2.5438468
RBP (CDS),Codon,-1.905041
RBP (CDS),9-mer,-1.7702049
RBP (CDS),Ribosome,-0.082424484
RBP (CDS),Single Base,0.6195498
RBP (CDS),Codon,-0.0689482
RBP (CDS),9-mer,-0.8152467
RBP (CDS),Ribosome,-0.79370856
RBP (CDS),Single Base,0.18390346
RBP (CDS),Codon,-3.4020133
RBP (CDS),9-mer,1.1574409
RBP (CDS),Ribosome,2.5244398
RBP (CDS),Single Base,-0.116872884
RBP (CDS),Codon,-0.67752707
RBP (CDS),9-mer,0.46534628
RBP (CDS),Ribosome,0.69503003
RBP (CDS),Single Base,-0.7897303
RBP (CDS),Codon,-0.37741864
RBP (CDS),9-mer,1.6574992
RBP (CDS),Ribosome,1.690504
RBP (CDS),Single Base,-0.6874103
RBP (CDS),Codon,0.77244776
RBP (CDS),9-mer,0.19279486
RBP (CDS),Ribosome,0.2306118
RBP (CDS),Single Base,-1.9749266
RBP (CDS),Codon,-0.43957263
RBP (CDS),9-mer,2.6278272
RBP (CDS),Ribosome,1.6946993
RBP (CDS),Single Base,-2.6420157
RBP (CDS),Codon,2.3010237
RBP (CDS),9-mer,1.0990618
RBP (CDS),Ribosome,-0.19267592
RBP (CDS),Single Base,-1.2012053
RBP (CDS),Codon,-2.112678
RBP (CDS),9-mer,1.54311
RBP (CDS),Ribosome,2.1028006
RBP (CDS),Single Base,-0.73225975
RBP (CDS),Codon,0.1760528
RBP (CDS),9-mer,-0.1842123
RBP (CDS),Ribosome,0.8888558
RBP (CDS),Single Base,0.17981733
RBP (CDS),Codon,-1.6742375
RBP (CDS),9-mer,1.3275394
RBP (CDS),Ribosome,1.0471343
RBP (CDS),Single Base,-2.1888852
RBP (CDS),Codon,1.4437344
RBP (CDS),9-mer,0.10533459
RBP (CDS),Ribosome,-0.11233772
RBP (CDS),Single Base,-0.8091206
RBP (CDS),Codon,1.9540023
RBP (CDS),9-mer,-1.421185
RBP (CDS),Ribosome,-1.5048684
RBP (CDS),Single Base,0.45756117
RBP (CDS),Codon,0.3482223
RBP (CDS),9-mer,-0.37705043
RBP (CDS),Ribosome,-1.0858699
RBP (CDS),Single Base,-1.7725388
RBP (CDS),Codon,-0.66496646
RBP (CDS),9-mer,1.6935818
RBP (CDS),Ribosome,1.7188085
RBP (CDS),Single Base,0.12072793
RBP (CDS),Codon,-1.1741743
RBP (CDS),9-mer,0.3146814
RBP (CDS),Ribosome,0.93284047
RBP (CDS),Single Base,-2.588192
RBP (CDS),Codon,2.4829178
RBP (CDS),9-mer,0.75539666
RBP (CDS),Ribosome,0.71844345
RBP (CDS),Single Base,-1.6737213
RBP (CDS),Codon,2.0819545
RBP (CDS),9-mer,0.089908
RBP (CDS),Ribosome,-0.35865074
RBP (CDS),Single Base,-1.4332179
RBP (CDS),Codon,-1.0439913
RBP (CDS),9-mer,-0.14482978
RBP (CDS),Ribosome,3.4575052
RBP (CDS),Single Base,-1.225424
RBP (CDS),Codon,-0.091838814
RBP (CDS),9-mer,1.2682261
RBP (CDS),Ribosome,1.0065699
RBP (3′UTR),Single Base,-0.9675349
RBP (3′UTR),Codon,-0.98349965
RBP (3′UTR),9-mer,-0.9675349
RBP (3′UTR),Ribosome,0.88166493
RBP (3′UTR),Single Base,0.17268673
RBP (3′UTR),Codon,-0.08872334
RBP (3′UTR),9-mer,-1.7715968
RBP (3′UTR),Ribosome,0.5017881
RBP (3′UTR),Single Base,0.59808964
RBP (3′UTR),Codon,-0.46139953
RBP (3′UTR),9-mer,-0.36678755
RBP (3′UTR),Ribosome,-0.59033394
RBP (3′UTR),Single Base,-0.7622672
RBP (3′UTR),Codon,0.63135624
RBP (3′UTR),9-mer,-0.6408202
RBP (3′UTR),Ribosome,1.4260645
RBP (3′UTR),Single Base,-0.6067324
RBP (3′UTR),Codon,-0.12464631
RBP (3′UTR),9-mer,1.0718462
RBP (3′UTR),Ribosome,0.804462
RBP (3′UTR),Single Base,-0.34528378
RBP (3′UTR),Codon,1.0955815
RBP (3′UTR),9-mer,-0.29001367
RBP (3′UTR),Ribosome,-0.87969387
RBP (3′UTR),Single Base,-1.9496769
RBP (3′UTR),Codon,1.2448759
RBP (3′UTR),9-mer,2.0706763
RBP (3′UTR),Ribosome,1.6348376
RBP (3′UTR),Single Base,-1.949426
RBP (3′UTR),Codon,2.0723634
RBP (3′UTR),9-mer,-0.8168431
RBP (3′UTR),Ribosome,2.026065
RBP (3′UTR),Single Base,-0.98349965
RBP (3′UTR),Codon,-0.9371115
RBP (3′UTR),9-mer,-0.9675349
RBP (3′UTR),Ribosome,0.0
RBP (3′UTR),Single Base,0.40333045
RBP (3′UTR),Codon,-0.044962384
RBP (3′UTR),9-mer,-0.8401479
RBP (3′UTR),Ribosome,0.6730118
RBP (3′UTR),Single Base,-0.27925175
RBP (3′UTR),Codon,1.3054266
RBP (3′UTR),9-mer,-2.0922744
RBP (3′UTR),Ribosome,2.2877219
RBP (3′UTR),Single Base,-1.0908266
RBP (3′UTR),Codon,1.0238788
RBP (3′UTR),9-mer,1.0000994
RBP (3′UTR),Ribosome,0.44843304
RBP (3′UTR),Single Base,0.68670607
RBP (3′UTR),Codon,-0.47628957
RBP (3′UTR),9-mer,-0.89370567
RBP (3′UTR),Ribosome,-0.6258445
RBP (3′UTR),Single Base,0.20332728
RBP (3′UTR),Codon,0.2287381
RBP (3′UTR),9-mer,-0.9069467
RBP (3′UTR),Ribosome,-0.3359481
RBP (3′UTR),Single Base,0.07309811
RBP (3′UTR),Codon,-0.28846622
RBP (3′UTR),9-mer,0.4465785
RBP (3′UTR),Ribosome,-0.55806977
RBP (3′UTR),Single Base,-0.40388355
RBP (3′UTR),Codon,0.30533507
RBP (3′UTR),9-mer,0.48805693
RBP (3′UTR),Ribosome,-1.4334478
RBP (3′UTR),Single Base,-0.33646333
RBP (3′UTR),Codon,-0.9715131
RBP (3′UTR),9-mer,0.9924091
RBP (3′UTR),Ribosome,0.8425327
RBP (3′UTR),Single Base,0.9133185
RBP (3′UTR),Codon,-0.2290064
RBP (3′UTR),9-mer,-1.0449933
RBP (3′UTR),Ribosome,-1.3013487
RBP (3′UTR),Single Base,0.6638126
RBP (3′UTR),Codon,-0.24660113
RBP (3′UTR),9-mer,-1.0553728
RBP (3′UTR),Ribosome,-0.53777856
RBP (3′UTR),Single Base,-1.1673017
RBP (3′UTR),Codon,1.0281214
RBP (3′UTR),9-mer,1.1226282
RBP (3′UTR),Ribosome,0.65615505
RBP (3′UTR),Single Base,-1.4520211
RBP (3′UTR),Codon,1.3751343
RBP (3′UTR),9-mer,1.7352246
RBP (3′UTR),Ribosome,-0.7875715
RBP (3′UTR),Single Base,-0.98349965
RBP (3′UTR),Codon,0.0
RBP (3′UTR),9-mer,0.9371115
RBP (3′UTR),Ribosome,0.0
RBP (3′UTR),Single Base,-2.6649427
RBP (3′UTR),Codon,2.596189
RBP (3′UTR),9-mer,2.2358704
RBP (3′UTR),Ribosome,1.9648234
RBP (3′UTR),Single Base,-1.2545952
RBP (3′UTR),Codon,1.9902984
RBP (3′UTR),9-mer,-0.8552576
RBP (3′UTR),Ribosome,1.2295918
RBP (3′UTR),Single Base,1.8987302
RBP (3′UTR),Codon,-1.0076232
RBP (3′UTR),9-mer,-1.6071898
RBP (3′UTR),Ribosome,-1.0595752
RBP (3′UTR),Single Base,-1.6671044
RBP (3′UTR),Codon,1.6792183
RBP (3′UTR),9-mer,-0.2956912
RBP (3′UTR),Ribosome,1.4360077
RBP (3′UTR),Single Base,-0.22536111
RBP (3′UTR),Codon,0.92524236
RBP (3′UTR),9-mer,-0.53332025
RBP (3′UTR),Ribosome,0.24051173
RBP (3′UTR),Single Base,-0.7992632
RBP (3′UTR),Codon,0.6266369
RBP (3′UTR),9-mer,0.73236316
RBP (3′UTR),Ribosome,0.78302145
RBP (3′UTR),Single Base,-1.7436572
RBP (3′UTR),Codon,1.4061296
RBP (3′UTR),9-mer,0.8159026
RBP (3′UTR),Ribosome,0.70681405
RBP (3′UTR),Single Base,0.11512304
RBP (3′UTR),Codon,-0.26797175
RBP (3′UTR),9-mer,0.33317792
RBP (3′UTR),Ribosome,-0.3746781
RBP (3′UTR),Single Base,-1.2442487
RBP (3′UTR),Codon,0.67412955
RBP (3′UTR),9-mer,1.1166736
RBP (3′UTR),Ribosome,0.53015876
RBP (3′UTR),Single Base,-0.3698126
RBP (3′UTR),Codon,-1.184429
RBP (3′UTR),9-mer,1.8038052
RBP (3′UTR),Ribosome,0.93254495
RBP (3′UTR),Single Base,-0.075125
RBP (3′UTR),Codon,0.04695359
RBP (3′UTR),9-mer,0.15318155
RBP (3′UTR),Ribosome,-0.09977227
RBP (3′UTR),Single Base,0.3001345
RBP (3′UTR),Codon,0.2966917
RBP (3′UTR),9-mer,-1.1780659
RBP (3′UTR),Ribosome,0.038967185
RBP (3′UTR),Single Base,-0.45025793
RBP (3′UTR),Codon,1.7845227
RBP (3′UTR),9-mer,-0.06460551
RBP (3′UTR),Ribosome,0.03863678
RBP (3′UTR),Single Base,-1.3347274
RBP (3′UTR),Codon,0.7947007
RBP (3′UTR),9-mer,1.3466275
RBP (3′UTR),Ribosome,1.7818006
RBP (3′UTR),Single Base,0.06882385
RBP (3′UTR),Codon,0.35506725
RBP (3′UTR),9-mer,-0.25382555
RBP (3′UTR),Ribosome,-0.6872068
RBP (3′UTR),Single Base,0.5281298
RBP (3′UTR),Codon,-0.2707934
RBP (3′UTR),9-mer,-0.24006963
RBP (3′UTR),Ribosome,-0.9521869
RBP (3′UTR),Single Base,0.014355017
RBP (3′UTR),Codon,0.76858896
RBP (3′UTR),9-mer,-0.8017024
RBP (3′UTR),Ribosome,-0.009375215
RBP (3′UTR),Single Base,-2.1232953
RBP (3′UTR),Codon,1.9431025
RBP (3′UTR),9-mer,0.8459639
RBP (3′UTR),Ribosome,1.8962971
RBP (3′UTR),Single Base,0.324348
RBP (3′UTR),Codon,-0.6742052
RBP (3′UTR),9-mer,0.65800256
RBP (3′UTR),Ribosome,-0.99742097
RBP (3′UTR),Single Base,-1.0900774
RBP (3′UTR),Codon,1.2702852
RBP (3′UTR),9-mer,0.07944032
RBP (3′UTR),Ribosome,0.025886193
RBP (3′UTR),Single Base,-0.27930304
RBP (3′UTR),Codon,1.5675994
RBP (3′UTR),9-mer,-0.531731
RBP (3′UTR),Ribosome,-0.65172714
RBP (3′UTR),Single Base,-1.5722454
RBP (3′UTR),Codon,0.414377
RBP (3′UTR),9-mer,2.7176716
RBP (3′UTR),Ribosome,0.69147474
RBP (3′UTR),Single Base,0.34023342
RBP (3′UTR),Codon,-0.14063746
RBP (3′UTR),9-mer,-0.3966824
RBP (3′UTR),Ribosome,-0.42952034
RBP (3′UTR),Single Base,-0.47512046
RBP (3′UTR),Codon,0.275624
RBP (3′UTR),9-mer,0.47990486
RBP (3′UTR),Ribosome,0.73882496
RBP (3′UTR),Single Base,0.6507673
RBP (3′UTR),Codon,1.2354193
RBP (3′UTR),9-mer,-2.0800889
RBP (3′UTR),Ribosome,-2.107274
RBP (3′UTR),Single Base,-1.6795659
RBP (3′UTR),Codon,1.2523309
RBP (3′UTR),9-mer,2.2660842
RBP (3′UTR),Ribosome,0.88337684
RBP (3′UTR),Single Base,-0.76676637
RBP (3′UTR),Codon,0.41530728
RBP (3′UTR),9-mer,0.9887748
RBP (3′UTR),Ribosome,0.79723006
RBP (3′UTR),Single Base,0.6375369
RBP (3′UTR),Codon,-0.20731652
RBP (3′UTR),9-mer,-0.79700106
RBP (3′UTR),Ribosome,-0.76876307
RBP (3′UTR),Single Base,0.3004739
RBP (3′UTR),Codon,-0.6503663
RBP (3′UTR),9-mer,1.0174598
RBP (3′UTR),Ribosome,-0.41755444
RBP (3′UTR),Single Base,-0.75542665
RBP (3′UTR),Codon,0.90590644
RBP (3′UTR),9-mer,-0.31902754
RBP (3′UTR),Ribosome,0.9534858
RBP (3′UTR),Single Base,-0.9675349
RBP (3′UTR),Codon,-0.98349965
RBP (3′UTR),9-mer,-0.9889389
RBP (3′UTR),Ribosome,-0.9675349
RBP (3′UTR),Single Base,0.7075932
RBP (3′UTR),Codon,-0.21429332
RBP (3′UTR),9-mer,-1.055783
RBP (3′UTR),Ribosome,-0.78230155
RBP (3′UTR),Single Base,-2.88231
RBP (3′UTR),Codon,2.8523679
RBP (3′UTR),9-mer,1.293461
RBP (3′UTR),Ribosome,-0.8706159
RBP (3′UTR),Single Base,-1.4359676
RBP (3′UTR),Codon,1.5971465
RBP (3′UTR),9-mer,0.84800553
RBP (3′UTR),Ribosome,0.39802682
RBP (3′UTR),Single Base,-0.8159138
RBP (3′UTR),Codon,0.77848154
RBP (3′UTR),9-mer,1.043978
RBP (3′UTR),Ribosome,0.056166563
RBP (3′UTR),Single Base,1.0762489
RBP (3′UTR),Codon,-0.31822515
RBP (3′UTR),9-mer,-1.477176
RBP (3′UTR),Ribosome,-1.1917698
RBP (3′UTR),Single Base,0.8790959
RBP (3′UTR),Codon,-0.6698079
RBP (3′UTR),9-mer,-0.20570038
RBP (3′UTR),Ribosome,-0.8010133
RBP (3′UTR),Single Base,-0.794225
RBP (3′UTR),Codon,0.5689939
RBP (3′UTR),9-mer,0.82725894
RBP (3′UTR),Ribosome,0.26171392
RBP (3′UTR),Single Base,1.9379491
RBP (3′UTR),Codon,-0.49863395
RBP (3′UTR),9-mer,-2.686212
RBP (3′UTR),Ribosome,1.1260426
RBP (3′UTR),Single Base,-1.4085844
RBP (3′UTR),Codon,1.2249058
RBP (3′UTR),9-mer,0.46069854
RBP (3′UTR),Ribosome,1.3570578
RBP (3′UTR),Single Base,-1.384408
RBP (3′UTR),Codon,0.81507134
RBP (3′UTR),9-mer,1.3598608
RBP (3′UTR),Ribosome,-0.09826769
RBP (3′UTR),Single Base,0.34725416
RBP (3′UTR),Codon,-0.8493791
RBP (3′UTR),9-mer,0.6591005
RBP (3′UTR),Ribosome,-0.858505
RBP (3′UTR),Single Base,-0.18097413
RBP (3′UTR),Codon,1.3084364
RBP (3′UTR),9-mer,-0.51432836
RBP (3′UTR),Ribosome,0.004056742
RBP (3′UTR),Single Base,0.6143457
RBP (3′UTR),Codon,-0.96487194
RBP (3′UTR),9-mer,-0.2204236
RBP (3′UTR),Ribosome,-0.13134587
RBP (3′UTR),Single Base,0.3052219
RBP (3′UTR),Codon,1.3014226
RBP (3′UTR),9-mer,0.5330256
RBP (3′UTR),Ribosome,-1.0902091
RBP (3′UTR),Single Base,-0.74543816
RBP (3′UTR),Codon,-0.24881631
RBP (3′UTR),9-mer,1.6867349
RBP (3′UTR),Ribosome,0.910499
RBP (3′UTR),Single Base,0.27044934
RBP (3′UTR),Codon,-0.081487715
RBP (3′UTR),9-mer,-0.7052707
RBP (3′UTR),Ribosome,1.2145073
RBP (3′UTR),Single Base,1.1980654
RBP (3′UTR),Codon,0.047482364
RBP (3′UTR),9-mer,-2.7718062
RBP (3′UTR),Ribosome,0.5924118
RBP (3′UTR),Single Base,0.92487556
RBP (3′UTR),Codon,0.34235597
RBP (3′UTR),9-mer,-1.2609884
RBP (3′UTR),Ribosome,-0.84759915
RBP (3′UTR),Single Base,-3.3362017
RBP (3′UTR),Codon,5.016711
RBP (3′UTR),9-mer,-2.2365787
RBP (3′UTR),Ribosome,6.203969
RBP (3′UTR),Single Base,-0.10507876
RBP (3′UTR),Codon,1.1283673
RBP (3′UTR),9-mer,-1.1188654
RBP (3′UTR),Ribosome,0.022708625
RBP (3′UTR),Single Base,-0.26185045
RBP (3′UTR),Codon,0.6635827
RBP (3′UTR),9-mer,-1.0465118
RBP (3′UTR),Ribosome,-0.2926939
RBP (3′UTR),Single Base,-2.678234
RBP (3′UTR),Codon,2.5935333
RBP (3′UTR),9-mer,1.2468213
RBP (3′UTR),Ribosome,2.6647105
RBP (3′UTR),Single Base,0.45608813
RBP (3′UTR),Codon,-0.4136327
RBP (3′UTR),9-mer,-0.15413378
RBP (3′UTR),Ribosome,-0.76601994
RBP (3′UTR),Single Base,1.1045308
RBP (3′UTR),Codon,-1.1966987
RBP (3′UTR),9-mer,-0.38233858
RBP (3′UTR),Ribosome,-0.43578318
RBP (3′UTR),Single Base,-0.4834147
RBP (3′UTR),Codon,0.27205375
RBP (3′UTR),9-mer,0.86406463
RBP (3′UTR),Ribosome,0.1886332
RBP (3′UTR),Single Base,-0.11798218
RBP (3′UTR),Codon,-0.8192244
RBP (3′UTR),9-mer,0.5843827
RBP (3′UTR),Ribosome,0.65838087
RBP (3′UTR),Single Base,-0.8537675
RBP (3′UTR),Codon,0.76899225
RBP (3′UTR),9-mer,-0.7288319
RBP (3′UTR),Ribosome,1.4432399
RBP (3′UTR),Single Base,-1.2230842
RBP (3′UTR),Codon,0.71984744
RBP (3′UTR),9-mer,1.1354561
RBP (3′UTR),Ribosome,0.89819556
RBP (3′UTR),Single Base,-0.33546138
RBP (3′UTR),Codon,0.67169577
RBP (3′UTR),9-mer,-0.057478383
RBP (3′UTR),Ribosome,-0.34631976
RBP (3′UTR),Single Base,0.14534746
RBP (3′UTR),Codon,0.5953591
RBP (3′UTR),9-mer,-0.38817206
RBP (3′UTR),Ribosome,-2.1812613
RBP (3′UTR),Single Base,-0.6015208
RBP (3′UTR),Codon,0.6168434
RBP (3′UTR),9-mer,-0.06625915
RBP (3′UTR),Ribosome,1.7231474
RBP (3′UTR),Single Base,1.2519937
RBP (3′UTR),Codon,-2.1221817
RBP (3′UTR),9-mer,0.5101392
RBP (3′UTR),Ribosome,-0.5444777
RBP (3′UTR),Single Base,0.98349965
RBP (3′UTR),Codon,-0.9371115
RBP (3′UTR),9-mer,0.98349965
RBP (3′UTR),Ribosome,0.0
RBP (3′UTR),Single Base,-0.79067194
RBP (3′UTR),Codon,0.12989576
RBP (3′UTR),9-mer,1.0426232
RBP (3′UTR),Ribosome,0.78478235
RBP (3′UTR),Single Base,-0.98349965
RBP (3′UTR),Codon,-0.9371115
RBP (3′UTR),9-mer,0.9675349
RBP (3′UTR),Ribosome,0.0
RBP (3′UTR),Single Base,1.71204
RBP (3′UTR),Codon,-0.7521514
RBP (3′UTR),9-mer,-2.995158
RBP (3′UTR),Ribosome,-0.9868254
RBP (3′UTR),Single Base,1.6698238
RBP (3′UTR),Codon,-1.349621
RBP (3′UTR),9-mer,-0.721441
RBP (3′UTR),Ribosome,-1.1929537
RBP (3′UTR),Single Base,1.4727248
RBP (3′UTR),Codon,0.11661876
RBP (3′UTR),9-mer,-2.9848223
RBP (3′UTR),Ribosome,-1.9998077
RBP (3′UTR),Single Base,-1.1334009
RBP (3′UTR),Codon,1.5395607
RBP (3′UTR),9-mer,-0.38549113
RBP (3′UTR),Ribosome,1.5445637
RBP (3′UTR),Single Base,-0.9675349
RBP (3′UTR),Codon,0.9675349
RBP (3′UTR),9-mer,0.0
RBP (3′UTR),Ribosome,-0.88166493
RBP (3′UTR),Single Base,-0.37646538
RBP (3′UTR),Codon,2.6435504
RBP (3′UTR),9-mer,-1.8710703
RBP (3′UTR),Ribosome,-1.9463177
RBP (3′UTR),Single Base,-2.654905
RBP (3′UTR),Codon,3.1522212
RBP (3′UTR),9-mer,1.1823739
RBP (3′UTR),Ribosome,1.5058835
RBP (3′UTR),Single Base,0.03679462
RBP (3′UTR),Codon,0.08728325
RBP (3′UTR),9-mer,-0.42990983
RBP (3′UTR),Ribosome,0.6482502
RBP (3′UTR),Single Base,-2.000678
RBP (3′UTR),Codon,0.89472264
RBP (3′UTR),9-mer,1.426638
RBP (3′UTR),Ribosome,2.2526774
RBP (3′UTR),Single Base,-0.99168116
RBP (3′UTR),Codon,-0.9675349
RBP (3′UTR),9-mer,0.9371115
RBP (3′UTR),Ribosome,-0.9371115
RBP (3′UTR),Single Base,-0.9180578
RBP (3′UTR),Codon,1.9630097
RBP (3′UTR),9-mer,-2.8203511
RBP (3′UTR),Ribosome,-0.70072716
RBP (3′UTR),Single Base,2.1937325
RBP (3′UTR),Codon,-1.574444
RBP (3′UTR),9-mer,-0.8644462
RBP (3′UTR),Ribosome,-2.5412161
RBP (3′UTR),Single Base,-1.1631912
RBP (3′UTR),Codon,0.7789057
RBP (3′UTR),9-mer,0.33868372
RBP (3′UTR),Ribosome,0.8516178
RBP (3′UTR),Single Base,-0.8713551
RBP (3′UTR),Codon,0.42050275
RBP (3′UTR),9-mer,1.301893
RBP (3′UTR),Ribosome,1.0210387
RBP (3′UTR),Single Base,-0.3235451
RBP (3′UTR),Codon,1.111339
RBP (3′UTR),9-mer,0.06601299
RBP (3′UTR),Ribosome,-0.23341328
RBP (3′UTR),Single Base,-0.59637344
RBP (3′UTR),Codon,0.6055728
RBP (3′UTR),9-mer,1.2110286
RBP (3′UTR),Ribosome,-0.21021512
RBP (3′UTR),Single Base,-0.7774979
RBP (3′UTR),Codon,1.110862
RBP (3′UTR),9-mer,0.14900483
RBP (3′UTR),Ribosome,0.41912746
RBP (3′UTR),Single Base,-0.19254522
RBP (3′UTR),Codon,3.846275
RBP (3′UTR),9-mer,-3.3980293
RBP (3′UTR),Ribosome,0.98298085
RBP (3′UTR),Single Base,0.2575431
RBP (3′UTR),Codon,0.7863681
RBP (3′UTR),9-mer,-0.53131104
RBP (3′UTR),Ribosome,-1.6155144
RBP (3′UTR),Single Base,-0.43568373
RBP (3′UTR),Codon,-0.2229553
RBP (3′UTR),9-mer,0.8409768
RBP (3′UTR),Ribosome,0.5458554
RBP (3′UTR),Single Base,0.96666276
RBP (3′UTR),Codon,-0.4277479
RBP (3′UTR),9-mer,-2.5926223
RBP (3′UTR),Ribosome,-0.34016815
RBP (3′UTR),Single Base,2.1097217
RBP (3′UTR),Codon,-0.6917201
RBP (3′UTR),9-mer,-3.4450498
RBP (3′UTR),Ribosome,-1.0320511
RBP (3′UTR),Single Base,-0.9179114
RBP (3′UTR),Codon,1.2181356
RBP (3′UTR),9-mer,0.8276602
RBP (3′UTR),Ribosome,0.14817087
RBP (3′UTR),Single Base,0.9691443
RBP (3′UTR),Codon,-0.81420785
RBP (3′UTR),9-mer,0.35826883
RBP (3′UTR),Ribosome,-1.7815189
RBP (3′UTR),Single Base,0.1896654
RBP (3′UTR),Codon,-0.24721618
RBP (3′UTR),9-mer,-0.4063987
RBP (3′UTR),Ribosome,0.17178941
RBP (3′UTR),Single Base,0.16583748
RBP (3′UTR),Codon,0.08595873
RBP (3′UTR),9-mer,0.0047769016
RBP (3′UTR),Ribosome,-1.781028
RBP (3′UTR),Single Base,-1.8136623
RBP (3′UTR),Codon,3.269852
RBP (3′UTR),9-mer,-3.5527112
RBP (3′UTR),Ribosome,-0.2161671
RBP (3′UTR),Single Base,-1.2885516
RBP (3′UTR),Codon,0.39990357
RBP (3′UTR),9-mer,1.3495909
RBP (3′UTR),Ribosome,1.950796
RBP (3′UTR),Single Base,-0.99622875
RBP (3′UTR),Codon,1.2020491
RBP (3′UTR),9-mer,0.49072462
RBP (3′UTR),Ribosome,0.32712838
RBP (3′UTR),Single Base,-0.3046037
RBP (3′UTR),Codon,2.478482
RBP (3′UTR),9-mer,-1.8574288
RBP (3′UTR),Ribosome,-1.2131666
RBP (3′UTR),Single Base,0.4890447
RBP (3′UTR),Codon,1.175241
RBP (3′UTR),9-mer,-2.1986063
RBP (3′UTR),Ribosome,-1.3895229
RBP (3′UTR),Single Base,-0.77660215
RBP (3′UTR),Codon,0.34307566
RBP (3′UTR),9-mer,1.1235152
RBP (3′UTR),Ribosome,0.12389721
RBP (3′UTR),Single Base,1.4476284
RBP (3′UTR),Codon,-0.6060359
RBP (3′UTR),9-mer,-1.0888809
RBP (3′UTR),Ribosome,-1.3715105
RBP (3′UTR),Single Base,-1.2312708
RBP (3′UTR),Codon,0.77279913
RBP (3′UTR),9-mer,0.7056206
RBP (3′UTR),Ribosome,1.2349439
RBP (3′UTR),Single Base,-0.21455888
RBP (3′UTR),Codon,0.23086868
RBP (3′UTR),9-mer,0.25598177
RBP (3′UTR),Ribosome,0.03599027
RBP (3′UTR),Single Base,0.93459225
RBP (3′UTR),Codon,-0.67534506
RBP (3′UTR),9-mer,-1.1616642
RBP (3′UTR),Ribosome,0.5515952
RBP (3′UTR),Single Base,0.0
RBP (3′UTR),Codon,-0.9675349
RBP (3′UTR),9-mer,-0.9675349
RBP (3′UTR),Ribosome,0.0
RBP (3′UTR),Single Base,-1.4457582
RBP (3′UTR),Codon,1.3374553
RBP (3′UTR),9-mer,0.5979567
RBP (3′UTR),Ribosome,0.71345234
RBP (3′UTR),Single Base,0.98349965
RBP (3′UTR),Codon,0.0
RBP (3′UTR),9-mer,-0.9675349
RBP (3′UTR),Ribosome,-0.91787034
RBP (3′UTR),Single Base,-0.95045096
RBP (3′UTR),Codon,1.1936624
RBP (3′UTR),9-mer,0.46986812
RBP (3′UTR),Ribosome,0.64903736
RBP (3′UTR),Single Base,-0.75718015
RBP (3′UTR),Codon,0.91699344
RBP (3′UTR),9-mer,-0.9259922
RBP (3′UTR),Ribosome,1.4373983
RBP (3′UTR),Single Base,-0.9669415
RBP (3′UTR),Codon,1.6241505
RBP (3′UTR),9-mer,2.0350797
RBP (3′UTR),Ribosome,-1.5976366
RBP (3′UTR),Single Base,-1.0460238
RBP (3′UTR),Codon,0.97908604
RBP (3′UTR),9-mer,0.96080554
RBP (3′UTR),Ribosome,0.17808531
RBP (3′UTR),Single Base,0.8536945
RBP (3′UTR),Codon,-1.3025322
RBP (3′UTR),9-mer,0.59241533
RBP (3′UTR),Ribosome,-0.42872003
RBP (3′UTR),Single Base,-1.3324984
RBP (3′UTR),Codon,1.0880009
RBP (3′UTR),9-mer,0.100882486
RBP (3′UTR),Ribosome,2.319682
RBP (3′UTR),Single Base,-0.43345723
RBP (3′UTR),Codon,0.47356465
RBP (3′UTR),9-mer,0.536028
RBP (3′UTR),Ribosome,-0.2915411
RBP (3′UTR),Single Base,-1.1122804
RBP (3′UTR),Codon,0.44648516
RBP (3′UTR),9-mer,2.007043
RBP (3′UTR),Ribosome,0.14662674
RBP (3′UTR),Single Base,-1.3478966
RBP (3′UTR),Codon,1.8234901
RBP (3′UTR),9-mer,0.19566385
RBP (3′UTR),Ribosome,0.941604
RBP (3′UTR),Single Base,-0.922124
RBP (3′UTR),Codon,0.5031133
RBP (3′UTR),9-mer,1.3284683
RBP (3′UTR),Ribosome,-0.25438604
RBP (3′UTR),Single Base,-1.141874
RBP (3′UTR),Codon,0.24367844
RBP (3′UTR),9-mer,1.075372
RBP (3′UTR),Ribosome,1.8132446
RBP (3′UTR),Single Base,0.99168116
RBP (3′UTR),Codon,0.0
RBP (3′UTR),9-mer,-0.9675349
RBP (3′UTR),Ribosome,-0.88166493
RBP (3′UTR),Single Base,-0.2521216
RBP (3′UTR),Codon,0.8866012
RBP (3′UTR),9-mer,0.28405944
RBP (3′UTR),Ribosome,-0.60329026
RBP (3′UTR),Single Base,0.014986167
RBP (3′UTR),Codon,0.78739476
RBP (3′UTR),9-mer,-0.9033278
RBP (3′UTR),Ribosome,-0.8120875
RBP (3′UTR),Single Base,1.0745769
RBP (3′UTR),Codon,-1.5899673
RBP (3′UTR),9-mer,-0.38320085
RBP (3′UTR),Ribosome,-0.21954134
RBP (3′UTR),Single Base,-1.4644741
RBP (3′UTR),Codon,1.2758482
RBP (3′UTR),9-mer,0.60796255
RBP (3′UTR),Ribosome,2.036155
RBP (3′UTR),Single Base,-1.1047968
RBP (3′UTR),Codon,0.8428907
RBP (3′UTR),9-mer,0.36151925
RBP (3′UTR),Ribosome,2.067559
RBP (3′UTR),Single Base,-0.1221831
RBP (3′UTR),Codon,0.30698088
RBP (3′UTR),9-mer,-0.2314847
RBP (3′UTR),Ribosome,0.18838507
RBP (3′UTR),Single Base,-2.406509
RBP (3′UTR),Codon,1.5748235
RBP (3′UTR),9-mer,2.0354023
RBP (3′UTR),Ribosome,1.3790305
RBP (3′UTR),Single Base,0.5356502
RBP (3′UTR),Codon,-0.6727343
RBP (3′UTR),9-mer,-0.19240427
RBP (3′UTR),Ribosome,-0.3423389
RBP (3′UTR),Single Base,-1.7589372
RBP (3′UTR),Codon,0.29686105
RBP (3′UTR),9-mer,1.5527518
RBP (3′UTR),Ribosome,0.72872823
RBP (3′UTR),Single Base,-2.5601478
RBP (3′UTR),Codon,3.1290038
RBP (3′UTR),9-mer,-2.3446097
RBP (3′UTR),Ribosome,1.1719127
RBP (3′UTR),Single Base,0.0
RBP (3′UTR),Codon,-0.97811985
RBP (3′UTR),9-mer,0.9675349
RBP (3′UTR),Ribosome,0.0
RBP (3′UTR),Single Base,-0.0894194
RBP (3′UTR),Codon,0.73802185
RBP (3′UTR),9-mer,-0.31526566
RBP (3′UTR),Ribosome,-1.9634255
RBP (3′UTR),Single Base,-0.24621603
RBP (3′UTR),Codon,0.16444355
RBP (3′UTR),9-mer,0.8446079
RBP (3′UTR),Ribosome,-0.36229452
RBP (3′UTR),Single Base,0.73782325
RBP (3′UTR),Codon,0.7067153
RBP (3′UTR),9-mer,-1.7865868
RBP (3′UTR),Ribosome,-0.57391506
RBP (3′UTR),Single Base,0.43341053
RBP (3′UTR),Codon,-1.0319879
RBP (3′UTR),9-mer,0.9163055
RBP (3′UTR),Ribosome,-0.65553266
RBP (3′UTR),Single Base,1.3286887
RBP (3′UTR),Codon,-0.6871239
RBP (3′UTR),9-mer,-0.6407966
RBP (3′UTR),Ribosome,-2.2377725
RBP (3′UTR),Single Base,1.2888435
RBP (3′UTR),Codon,0.4895264
RBP (3′UTR),9-mer,-2.3567626
RBP (3′UTR),Ribosome,-2.109898
RBP (3′UTR),Single Base,-3.4293823
RBP (3′UTR),Codon,2.4092937
RBP (3′UTR),9-mer,3.4930117
RBP (3′UTR),Ribosome,5.141642
RBP (3′UTR),Single Base,-0.7330913
RBP (3′UTR),Codon,1.1020494
RBP (3′UTR),9-mer,-0.042273246
RBP (3′UTR),Ribosome,0.81135464
RBP (3′UTR),Single Base,-6.013422
RBP (3′UTR),Codon,6.029097
RBP (3′UTR),9-mer,-0.6599143
RBP (3′UTR),Ribosome,5.345524
RBP (3′UTR),Single Base,-0.12304871
RBP (3′UTR),Codon,-1.7777143
RBP (3′UTR),9-mer,1.505711
RBP (3′UTR),Ribosome,0.5050376
RBP (3′UTR),Single Base,0.522315
RBP (3′UTR),Codon,-0.2840994
RBP (3′UTR),9-mer,-0.9231015
RBP (3′UTR),Ribosome,-0.3293361
RBP (3′UTR),Single Base,-0.66000414
RBP (3′UTR),Codon,0.43411762
RBP (3′UTR),9-mer,0.9820373
RBP (3′UTR),Ribosome,0.50301445
RBP (3′UTR),Single Base,0.11346583
RBP (3′UTR),Codon,0.15358008
RBP (3′UTR),9-mer,-0.2779788
RBP (3′UTR),Ribosome,-0.16137925
RBP (3′UTR),Single Base,0.3608923
RBP (3′UTR),Codon,0.10267063
RBP (3′UTR),9-mer,-0.47889665
RBP (3′UTR),Ribosome,-0.8569181
RBP (3′UTR),Single Base,0.5904263
RBP (3′UTR),Codon,-0.36239818
RBP (3′UTR),9-mer,-0.9927084
RBP (3′UTR),Ribosome,0.61228067
RBP (3′UTR),Single Base,-1.3026403
RBP (3′UTR),Codon,0.5951949
RBP (3′UTR),9-mer,1.6952026
RBP (3′UTR),Ribosome,0.8061255
RBP (3′UTR),Single Base,-1.5273403
RBP (3′UTR),Codon,1.3174165
RBP (3′UTR),9-mer,1.6364793
RBP (3′UTR),Ribosome,0.47694704
RBP (3′UTR),Single Base,1.6049775
RBP (3′UTR),Codon,-1.0923382
RBP (3′UTR),9-mer,-1.0788642
RBP (3′UTR),Ribosome,-0.83921236
RBP (3′UTR),Single Base,-0.20426224
RBP (3′UTR),Codon,0.38664296
RBP (3′UTR),9-mer,-0.58338064
RBP (3′UTR),Ribosome,0.51673406
RBP (3′UTR),Single Base,-0.4797628
RBP (3′UTR),Codon,0.01673326
RBP (3′UTR),9-mer,1.6783484
RBP (3′UTR),Ribosome,-0.18955019
RBP (3′UTR),Single Base,-0.14081238
RBP (3′UTR),Codon,0.4256827
RBP (3′UTR),9-mer,-0.24595204
RBP (3′UTR),Ribosome,-0.51340514
RBP (3′UTR),Single Base,-0.5070298
RBP (3′UTR),Codon,-0.14337209
RBP (3′UTR),9-mer,0.7335899
RBP (3′UTR),Ribosome,0.8029948
RBP (3′UTR),Single Base,0.1390294
RBP (3′UTR),Codon,-0.17475384
RBP (3′UTR),9-mer,0.033218984
RBP (3′UTR),Ribosome,-0.4010152
RBP (3′UTR),Single Base,0.99168116
RBP (3′UTR),Codon,0.9675349
RBP (3′UTR),9-mer,-0.97811985
RBP (3′UTR),Ribosome,0.88166493
RBP (3′UTR),Single Base,0.25843897
RBP (3′UTR),Codon,0.15289044
RBP (3′UTR),9-mer,-0.24264511
RBP (3′UTR),Ribosome,-1.2830331
RBP (3′UTR),Single Base,-0.14501749
RBP (3′UTR),Codon,0.35276443
RBP (3′UTR),9-mer,-0.2710446
RBP (3′UTR),Ribosome,-0.42458168
RBP (3′UTR),Single Base,-1.8794717
RBP (3′UTR),Codon,1.8779176
RBP (3′UTR),9-mer,-1.1499846
RBP (3′UTR),Ribosome,1.0332601
RBP (3′UTR),Single Base,-10.890124
RBP (3′UTR),Codon,11.725315
RBP (3′UTR),9-mer,1.0092506
RBP (3′UTR),Ribosome,13.497981
RBP (3′UTR),Single Base,0.9675349
RBP (3′UTR),Codon,-0.97811985
RBP (3′UTR),9-mer,-0.9675349
RBP (3′UTR),Ribosome,0.0
RBP (3′UTR),Single Base,-0.8524997
RBP (3′UTR),Codon,1.3734248
RBP (3′UTR),9-mer,0.51120424
RBP (3′UTR),Ribosome,-0.15142603
RBP (3′UTR),Single Base,-2.8211317
RBP (3′UTR),Codon,5.0231724
RBP (3′UTR),9-mer,-1.8571576
RBP (3′UTR),Ribosome,1.3999331
RBP (3′UTR),Single Base,-0.048483156
RBP (3′UTR),Codon,1.0991151
RBP (3′UTR),9-mer,-0.9130893
RBP (3′UTR),Ribosome,-0.72724706
RBP (3′UTR),Single Base,-0.12020111
RBP (3′UTR),Codon,-1.1668802
RBP (3′UTR),9-mer,1.3347996
RBP (3′UTR),Ribosome,0.37680665
RBP (3′UTR),Single Base,-2.4203587
RBP (3′UTR),Codon,2.3833148
RBP (3′UTR),9-mer,1.872203
RBP (3′UTR),Ribosome,1.2319157
RBP (3′UTR),Single Base,0.50698984
RBP (3′UTR),Codon,-0.09181398
RBP (3′UTR),9-mer,0.05325061
RBP (3′UTR),Ribosome,-0.94075024
RBP (3′UTR),Single Base,-1.3915774
RBP (3′UTR),Codon,2.7821465
RBP (3′UTR),9-mer,-0.3501179
RBP (3′UTR),Ribosome,-1.390808
RBP (3′UTR),Single Base,0.5073151
RBP (3′UTR),Codon,0.81352985
RBP (3′UTR),9-mer,-1.5835152
RBP (3′UTR),Ribosome,-1.1410956
RBP (3′UTR),Single Base,-0.35432476
RBP (3′UTR),Codon,-0.13977824
RBP (3′UTR),9-mer,0.57842463
RBP (3′UTR),Ribosome,0.07522067
RBP (3′UTR),Single Base,-0.14151135
RBP (3′UTR),Codon,0.55150163
RBP (3′UTR),9-mer,-0.10842963
RBP (3′UTR),Ribosome,-0.39732862
RBP (3′UTR),Single Base,0.8534959
RBP (3′UTR),Codon,-1.1316969
RBP (3′UTR),9-mer,-0.79925424
RBP (3′UTR),Ribosome,-0.3663982
RBP (3′UTR),Single Base,0.5793177
RBP (3′UTR),Codon,-0.90557206
RBP (3′UTR),9-mer,0.44343203
RBP (3′UTR),Ribosome,-0.4710416
RBP (3′UTR),Single Base,-0.4507281
RBP (3′UTR),Codon,0.18040055
RBP (3′UTR),9-mer,1.3456057
RBP (3′UTR),Ribosome,-0.09736526
RBP (3′UTR),Single Base,0.99168116
RBP (3′UTR),Codon,0.0
RBP (3′UTR),9-mer,0.9371115
RBP (3′UTR),Ribosome,0.0
RBP (3′UTR),Single Base,-0.8382609
RBP (3′UTR),Codon,0.44423586
RBP (3′UTR),9-mer,1.3191148
RBP (3′UTR),Ribosome,0.26027194
RBP (3′UTR),Single Base,-0.14611991
RBP (3′UTR),Codon,1.063495
RBP (3′UTR),9-mer,-0.6737266
RBP (3′UTR),Ribosome,-0.06968883
RBP (3′UTR),Single Base,3.5104015
RBP (3′UTR),Codon,-0.06250678
RBP (3′UTR),9-mer,-4.3485923
RBP (3′UTR),Ribosome,-3.6720393
RBP (3′UTR),Single Base,0.251588
RBP (3′UTR),Codon,0.23185313
RBP (3′UTR),9-mer,-1.2248117
RBP (3′UTR),Ribosome,0.8544757
RBP (3′UTR),Single Base,-0.0673986
RBP (3′UTR),Codon,0.96809036
RBP (3′UTR),9-mer,-0.80795896
RBP (3′UTR),Ribosome,-0.51616067
RBP (3′UTR),Single Base,-0.19104314
RBP (3′UTR),Codon,0.34103376
RBP (3′UTR),9-mer,-0.1127215
RBP (3′UTR),Ribosome,0.81037724
RBP (3′UTR),Single Base,-3.7848928
RBP (3′UTR),Codon,2.769219
RBP (3′UTR),9-mer,3.5049317
RBP (3′UTR),Ribosome,4.426922
RBP (3′UTR),Single Base,-0.30371347
RBP (3′UTR),Codon,0.3261511
RBP (3′UTR),9-mer,0.5771966
RBP (3′UTR),Ribosome,-0.13601379
RBP (3′UTR),Single Base,-1.737683
RBP (3′UTR),Codon,2.2135932
RBP (3′UTR),9-mer,-0.42215478
RBP (3′UTR),Ribosome,1.9170297
RBP (3′UTR),Single Base,0.11375889
RBP (3′UTR),Codon,0.3520655
RBP (3′UTR),9-mer,-1.173406
RBP (3′UTR),Ribosome,-0.69457406
RBP (3′UTR),Single Base,1.3098255
RBP (3′UTR),Codon,-0.026515743
RBP (3′UTR),9-mer,-1.9505584
RBP (3′UTR),Ribosome,-0.82594717
RBP (3′UTR),Single Base,-1.9917645
RBP (3′UTR),Codon,1.9339368
RBP (3′UTR),9-mer,1.1612664
RBP (3′UTR),Ribosome,-0.25660133
RBP (3′UTR),Single Base,-0.26720175
RBP (3′UTR),Codon,0.6076002
RBP (3′UTR),9-mer,-0.8276005
RBP (3′UTR),Ribosome,-0.09644356
RBP (3′UTR),Single Base,0.99168116
RBP (3′UTR),Codon,-0.9675349
RBP (3′UTR),9-mer,0.9675349
RBP (3′UTR),Ribosome,-0.78837276
RBP (3′UTR),Single Base,-0.28297082
RBP (3′UTR),Codon,0.4890442
RBP (3′UTR),9-mer,-0.074851744
RBP (3′UTR),Ribosome,0.23652612
RBP (3′UTR),Single Base,0.5687414
RBP (3′UTR),Codon,0.83051324
RBP (3′UTR),9-mer,-1.6123785
RBP (3′UTR),Ribosome,-0.40125206
RBP (3′UTR),Single Base,-0.98886514
RBP (3′UTR),Codon,0.91670966
RBP (3′UTR),9-mer,0.615114
RBP (3′UTR),Ribosome,0.21761072
RBP (3′UTR),Single Base,-0.48181042
RBP (3′UTR),Codon,0.5740261
RBP (3′UTR),9-mer,0.08432967
RBP (3′UTR),Ribosome,-0.51317316
RBP (3′UTR),Single Base,2.1902502
RBP (3′UTR),Codon,-1.7066633
RBP (3′UTR),9-mer,-0.7749074
RBP (3′UTR),Ribosome,-1.6464084
RBP (3′UTR),Single Base,0.0
RBP (3′UTR),Codon,0.97811985
RBP (3′UTR),9-mer,0.9371115
RBP (3′UTR),Ribosome,0.0
RBP (3′UTR),Single Base,0.85627735
RBP (3′UTR),Codon,-1.0102692
RBP (3′UTR),9-mer,-0.49925384
RBP (3′UTR),Ribosome,-0.52136403
RBP (3′UTR),Single Base,0.39305446
RBP (3′UTR),Codon,-0.46017402
RBP (3′UTR),9-mer,0.4770949
RBP (3′UTR),Ribosome,-0.7897648
RBP (3′UTR),Single Base,1.1514399
RBP (3′UTR),Codon,-0.47797075
RBP (3′UTR),9-mer,-1.4162806
RBP (3′UTR),Ribosome,0.19259386
RBP (3′UTR),Single Base,0.30354548
RBP (3′UTR),Codon,1.4683158
RBP (3′UTR),9-mer,-2.4513738
RBP (3′UTR),Ribosome,0.34220913
RBP (3′UTR),Single Base,-0.004917889
RBP (3′UTR),Codon,-0.6365118
RBP (3′UTR),9-mer,0.38323417
RBP (3′UTR),Ribosome,0.22872001
RBP (3′UTR),Single Base,-2.395674
RBP (3′UTR),Codon,3.4279153
RBP (3′UTR),9-mer,1.1424006
RBP (3′UTR),Ribosome,1.533227
RBP (3′UTR),Single Base,-0.015732717
RBP (3′UTR),Codon,0.21389607
RBP (3′UTR),9-mer,0.2497518
RBP (3′UTR),Ribosome,-1.0957123
RBP (3′UTR),Single Base,-0.71123224
RBP (3′UTR),Codon,0.5728112
RBP (3′UTR),9-mer,0.20576541
RBP (3′UTR),Ribosome,1.2859284
RBP (3′UTR),Single Base,-0.59385014
RBP (3′UTR),Codon,0.6348436
RBP (3′UTR),9-mer,0.39648753
RBP (3′UTR),Ribosome,0.11058052
RBP (3′UTR),Single Base,-1.0540546
RBP (3′UTR),Codon,1.8090918
RBP (3′UTR),9-mer,-1.1003228
RBP (3′UTR),Ribosome,1.2076445
RBP (3′UTR),Single Base,-0.70760244
RBP (3′UTR),Codon,0.6061321
RBP (3′UTR),9-mer,0.7240606
RBP (3′UTR),Ribosome,0.5587501
RBP (3′UTR),Single Base,-1.1657894
RBP (3′UTR),Codon,1.36189
RBP (3′UTR),9-mer,1.0424906
RBP (3′UTR),Ribosome,0.83502275
RBP (3′UTR),Single Base,-0.2701292
RBP (3′UTR),Codon,-0.24245922
RBP (3′UTR),9-mer,1.3447218
RBP (3′UTR),Ribosome,-0.5839565
RBP (3′UTR),Single Base,-0.61346567
RBP (3′UTR),Codon,-0.95693195
RBP (3′UTR),9-mer,1.833224
RBP (3′UTR),Ribosome,1.6767678
RBP (3′UTR),Single Base,-0.7585979
RBP (3′UTR),Codon,0.13899356
RBP (3′UTR),9-mer,0.8260708
RBP (3′UTR),Ribosome,1.6922187
RBP (3′UTR),Single Base,0.38889617
RBP (3′UTR),Codon,0.67240506
RBP (3′UTR),9-mer,-1.9617627
RBP (3′UTR),Ribosome,-0.30216068
RBP (3′UTR),Single Base,0.5151932
RBP (3′UTR),Codon,-0.5722597
RBP (3′UTR),9-mer,0.34571332
RBP (3′UTR),Ribosome,-0.71893334
RBP (3′UTR),Single Base,0.3449676
RBP (3′UTR),Codon,-0.41013125
RBP (3′UTR),9-mer,-0.23128301
RBP (3′UTR),Ribosome,0.10573218
RBP (3′UTR),Single Base,-0.05854487
RBP (3′UTR),Codon,0.75221294
RBP (3′UTR),9-mer,-0.698619
RBP (3′UTR),Ribosome,-0.032288857
RBP (3′UTR),Single Base,-0.8280709
RBP (3′UTR),Codon,0.52202827
RBP (3′UTR),9-mer,1.7331281
RBP (3′UTR),Ribosome,0.0006492637
RBP (3′UTR),Single Base,0.53264105
RBP (3′UTR),Codon,0.19290328
RBP (3′UTR),9-mer,-0.8205511
RBP (3′UTR),Ribosome,0.06952212
RBP (3′UTR),Single Base,1.3744702
RBP (3′UTR),Codon,-1.1411581
RBP (3′UTR),9-mer,-1.557021
RBP (3′UTR),Ribosome,-0.8352246
RBP (3′UTR),Single Base,-0.87057465
RBP (3′UTR),Codon,2.5578976
RBP (3′UTR),9-mer,-1.123239
RBP (3′UTR),Ribosome,-0.5810385
RBP (3′UTR),Single Base,0.016908575
RBP (3′UTR),Codon,0.96818024
RBP (3′UTR),9-mer,-0.60781205
RBP (3′UTR),Ribosome,-0.6472789
RBP (3′UTR),Single Base,-0.9675349
RBP (3′UTR),Codon,0.0
RBP (3′UTR),9-mer,-0.9675349
RBP (3′UTR),Ribosome,0.0
RBP (3′UTR),Single Base,-2.2820067
RBP (3′UTR),Codon,2.8305292
RBP (3′UTR),9-mer,-0.73004365
RBP (3′UTR),Ribosome,1.7553341
RBP (3′UTR),Single Base,0.539566
RBP (3′UTR),Codon,-0.45596316
RBP (3′UTR),9-mer,-0.1922198
RBP (3′UTR),Ribosome,0.1871313
RBP (3′UTR),Single Base,-0.088822566
RBP (3′UTR),Codon,0.7055872
RBP (3′UTR),9-mer,-1.3258102
RBP (3′UTR),Ribosome,0.08395556
RBP (3′UTR),Single Base,-1.766689
RBP (3′UTR),Codon,3.6879985
RBP (3′UTR),9-mer,-2.0830128
RBP (3′UTR),Ribosome,-0.5793263
RBP (3′UTR),Single Base,-0.21291721
RBP (3′UTR),Codon,0.044330318
RBP (3′UTR),9-mer,0.2196786
RBP (3′UTR),Ribosome,0.43228456
RBP (3′UTR),Single Base,-0.5023839
RBP (3′UTR),Codon,-0.096243314
RBP (3′UTR),9-mer,0.5707664
RBP (3′UTR),Ribosome,1.207448
RBP (3′UTR),Single Base,1.6967933
RBP (3′UTR),Codon,-1.6249468
RBP (3′UTR),9-mer,-0.8321234
RBP (3′UTR),Ribosome,0.9731733
RBP (3′UTR),Single Base,-0.53437495
RBP (3′UTR),Codon,0.5046592
RBP (3′UTR),9-mer,0.5621615
RBP (3′UTR),Ribosome,0.037177082
RBP (3′UTR),Single Base,0.93546534
RBP (3′UTR),Codon,-0.35426784
RBP (3′UTR),9-mer,-0.5156228
RBP (3′UTR),Ribosome,-0.7832618
RBP (3′UTR),Single Base,-1.1694418
RBP (3′UTR),Codon,0.9123539
RBP (3′UTR),9-mer,1.1351714
RBP (3′UTR),Ribosome,-1.0055523
RBP (3′UTR),Single Base,1.1036246
RBP (3′UTR),Codon,-0.8804154
RBP (3′UTR),9-mer,-0.088633284
RBP (3′UTR),Ribosome,-0.80242276
RBP (3′UTR),Single Base,0.43872374
RBP (3′UTR),Codon,-0.90971035
RBP (3′UTR),9-mer,0.06658129
RBP (3′UTR),Ribosome,0.49821633
RBP (3′UTR),Single Base,1.0625572
RBP (3′UTR),Codon,-1.7381442
RBP (3′UTR),9-mer,1.4159133
RBP (3′UTR),Ribosome,-1.203697
RBP (3′UTR),Single Base,-0.83461994
RBP (3′UTR),Codon,0.6281335
RBP (3′UTR),9-mer,0.95036316
RBP (3′UTR),Ribosome,0.75771236
RBP (3′UTR),Single Base,-1.9443051
RBP (3′UTR),Codon,3.1066413
RBP (3′UTR),9-mer,-0.720016
RBP (3′UTR),Ribosome,-1.218215
RBP (3′UTR),Single Base,-0.58623075
RBP (3′UTR),Codon,1.1099278
RBP (3′UTR),9-mer,0.4230636
RBP (3′UTR),Ribosome,-1.1122019
RBP (3′UTR),Single Base,-1.7458203
RBP (3′UTR),Codon,2.113001
RBP (3′UTR),9-mer,-1.1730334
RBP (3′UTR),Ribosome,3.2142751
RBP (3′UTR),Single Base,0.31445414
RBP (3′UTR),Codon,-0.13018651
RBP (3′UTR),9-mer,-0.60912454
RBP (3′UTR),Ribosome,0.0768965
RBP (3′UTR),Single Base,0.9455669
RBP (3′UTR),Codon,-1.5658243
RBP (3′UTR),9-mer,-0.27403453
RBP (3′UTR),Ribosome,-0.6152135
RBP (3′UTR),Single Base,-2.285265
RBP (3′UTR),Codon,2.1625783
RBP (3′UTR),9-mer,0.6005899
RBP (3′UTR),Ribosome,1.993654
RBP (3′UTR),Single Base,0.6733289
RBP (3′UTR),Codon,-0.5144901
RBP (3′UTR),9-mer,-0.61358863
RBP (3′UTR),Ribosome,-0.54580677
RBP (3′UTR),Single Base,-0.04957333
RBP (3′UTR),Codon,0.21996067
RBP (3′UTR),9-mer,-0.03182743
RBP (3′UTR),Ribosome,-0.40707374
RBP (3′UTR),Single Base,0.012631881
RBP (3′UTR),Codon,-0.27803925
RBP (3′UTR),9-mer,0.3226
RBP (3′UTR),Ribosome,-0.15933944
RBP (3′UTR),Single Base,1.5614935
RBP (3′UTR),Codon,-1.8010166
RBP (3′UTR),9-mer,1.2722564
RBP (3′UTR),Ribosome,-0.5686555
RBP (3′UTR),Single Base,-0.49676922
RBP (3′UTR),Codon,1.829797
RBP (3′UTR),9-mer,0.72231776
RBP (3′UTR),Ribosome,-0.43073946
RBP (3′UTR),Single Base,-0.47562256
RBP (3′UTR),Codon,0.34395555
RBP (3′UTR),9-mer,-0.019341758
RBP (3′UTR),Ribosome,1.3521248
RBP (3′UTR),Single Base,-2.2846594
RBP (3′UTR),Codon,2.4421294
RBP (3′UTR),9-mer,-0.88194174
RBP (3′UTR),Ribosome,-0.7834869
RBP (3′UTR),Single Base,-4.753997
RBP (3′UTR),Codon,5.5891147
RBP (3′UTR),9-mer,-1.2618793
RBP (3′UTR),Ribosome,2.4951787
RBP (3′UTR),Single Base,-0.013335929
RBP (3′UTR),Codon,0.30811575
RBP (3′UTR),9-mer,0.05673739
RBP (3′UTR),Ribosome,-0.7368272
RBP (3′UTR),Single Base,-1.0245183
RBP (3′UTR),Codon,1.8770071
RBP (3′UTR),9-mer,-0.72628295
RBP (3′UTR),Ribosome,-0.7752982
RBP (3′UTR),Single Base,1.2226427
RBP (3′UTR),Codon,-0.5799134
RBP (3′UTR),9-mer,-0.9195689
RBP (3′UTR),Ribosome,-1.7711842
RBP (3′UTR),Single Base,-0.51896167
RBP (3′UTR),Codon,-0.5580324
RBP (3′UTR),9-mer,2.1404927
RBP (3′UTR),Ribosome,0.06059465
RBP (3′UTR),Single Base,0.98349965
RBP (3′UTR),Codon,-0.9371115
RBP (3′UTR),9-mer,0.9675349
RBP (3′UTR),Ribosome,-0.78837276
RBP (3′UTR),Single Base,0.7891045
RBP (3′UTR),Codon,0.190457
RBP (3′UTR),9-mer,-1.3595024
RBP (3′UTR),Ribosome,-0.95971
RBP (3′UTR),Single Base,-2.0188572
RBP (3′UTR),Codon,1.6058035
RBP (3′UTR),9-mer,1.9741702
RBP (3′UTR),Ribosome,2.2065976
RBP (3′UTR),Single Base,3.3686717
RBP (3′UTR),Codon,-2.38068
RBP (3′UTR),9-mer,-1.4483278
RBP (3′UTR),Ribosome,-2.5477803
RBP (3′UTR),Single Base,-0.98349965
RBP (3′UTR),Codon,-0.98349965
RBP (3′UTR),9-mer,-0.98349965
RBP (3′UTR),Ribosome,0.9571766
RBP (3′UTR),Single Base,-0.026543489
RBP (3′UTR),Codon,0.11952864
RBP (3′UTR),9-mer,-0.5818887
RBP (3′UTR),Ribosome,1.1227044
RBP (3′UTR),Single Base,3.539165
RBP (3′UTR),Codon,-2.2154336
RBP (3′UTR),9-mer,-4.0567036
RBP (3′UTR),Ribosome,-2.1553168
RBP (3′UTR),Single Base,0.1454874
RBP (3′UTR),Codon,-0.7148133
RBP (3′UTR),9-mer,0.3786115
RBP (3′UTR),Ribosome,1.0200317
RBP (3′UTR),Single Base,0.38355905
RBP (3′UTR),Codon,-0.4636511
RBP (3′UTR),9-mer,0.422105
RBP (3′UTR),Ribosome,-0.8704168
RBP (3′UTR),Single Base,0.3128361
RBP (3′UTR),Codon,0.8459628
RBP (3′UTR),9-mer,-1.1521052
RBP (3′UTR),Ribosome,0.24899368
RBP (3′UTR),Single Base,-0.5595666
RBP (3′UTR),Codon,2.4280438
RBP (3′UTR),9-mer,-0.69910717
RBP (3′UTR),Ribosome,-0.7411567
RBP (3′UTR),Single Base,-0.109834135
RBP (3′UTR),Codon,1.5206637
RBP (3′UTR),9-mer,-3.3194938
RBP (3′UTR),Ribosome,-1.0382166
RBP (3′UTR),Single Base,0.4638452
RBP (3′UTR),Codon,1.349538
RBP (3′UTR),9-mer,-2.658295
RBP (3′UTR),Ribosome,-1.9747471
RBP (3′UTR),Single Base,1.4125868
RBP (3′UTR),Codon,-1.6939133
RBP (3′UTR),9-mer,-0.5778085
RBP (3′UTR),Ribosome,-0.44377163
RBP (3′UTR),Single Base,-1.8406994
RBP (3′UTR),Codon,1.4261639
RBP (3′UTR),9-mer,0.11815423
RBP (3′UTR),Ribosome,1.983225
RBP (3′UTR),Single Base,0.7566977
RBP (3′UTR),Codon,-0.53742975
RBP (3′UTR),9-mer,-1.1429657
RBP (3′UTR),Ribosome,-0.6285262
RBP (3′UTR),Single Base,-2.339724
RBP (3′UTR),Codon,1.2975364
RBP (3′UTR),9-mer,1.2986712
RBP (3′UTR),Ribosome,0.58897126
RBP (3′UTR),Single Base,0.018688519
RBP (3′UTR),Codon,-0.2093533
RBP (3′UTR),9-mer,0.2742074
RBP (3′UTR),Ribosome,0.3087499
RBP (3′UTR),Single Base,0.8515629
RBP (3′UTR),Codon,-0.48463008
RBP (3′UTR),9-mer,-1.040927
RBP (3′UTR),Ribosome,-0.78871185
RBP (3′UTR),Single Base,-0.14472727
RBP (3′UTR),Codon,0.20746131
RBP (3′UTR),9-mer,-0.33712733
RBP (3′UTR),Ribosome,1.0764852
RBP (3′UTR),Single Base,-1.1665326
RBP (3′UTR),Codon,0.3772565
RBP (3′UTR),9-mer,1.0513958
RBP (3′UTR),Ribosome,1.3840884
RBP (3′UTR),Single Base,0.16866136
RBP (3′UTR),Codon,-0.02731147
RBP (3′UTR),9-mer,0.20939806
RBP (3′UTR),Ribosome,-0.6624946
RBP (3′UTR),Single Base,-3.2213488
RBP (3′UTR),Codon,2.5507102
RBP (3′UTR),9-mer,2.8566463
RBP (3′UTR),Ribosome,3.2614071
RBP (3′UTR),Single Base,0.539143
RBP (3′UTR),Codon,-0.13273914
RBP (3′UTR),9-mer,-2.0878422
RBP (3′UTR),Ribosome,-0.12267439
RBP (3′UTR),Single Base,-0.94826543
RBP (3′UTR),Codon,0.65334606
RBP (3′UTR),9-mer,1.7645388
RBP (3′UTR),Ribosome,0.51821774
RBP (3′UTR),Single Base,-0.9016949
RBP (3′UTR),Codon,0.8033813
RBP (3′UTR),9-mer,0.50159264
RBP (3′UTR),Ribosome,0.9742281
RBP (3′UTR),Single Base,1.2690179
RBP (3′UTR),Codon,-0.965331
RBP (3′UTR),9-mer,-1.2015295
RBP (3′UTR),Ribosome,-0.9441004
RBP (3′UTR),Single Base,0.13719304
RBP (3′UTR),Codon,0.09727116
RBP (3′UTR),9-mer,-0.11440372
RBP (3′UTR),Ribosome,-0.3511202
RBP (3′UTR),Single Base,-2.3950624
RBP (3′UTR),Codon,2.2838805
RBP (3′UTR),9-mer,2.3778403
RBP (3′UTR),Ribosome,2.3606915
RBP (3′UTR),Single Base,-1.1347566
RBP (3′UTR),Codon,1.1903722
RBP (3′UTR),9-mer,-0.13652793
RBP (3′UTR),Ribosome,0.6400247
RBP (3′UTR),Single Base,-0.48597363
RBP (3′UTR),Codon,0.3762345
RBP (3′UTR),9-mer,0.677592
RBP (3′UTR),Ribosome,0.017810093
RBP (3′UTR),Single Base,0.7306245
RBP (3′UTR),Codon,-0.597497
RBP (3′UTR),9-mer,-0.554863
RBP (3′UTR),Ribosome,-0.020190313
RBP (3′UTR),Single Base,0.30400863
RBP (3′UTR),Codon,0.6886162
RBP (3′UTR),9-mer,-1.6763456
RBP (3′UTR),Ribosome,-1.130356
RBP (3′UTR),Single Base,0.12016201
RBP (3′UTR),Codon,1.0889394
RBP (3′UTR),9-mer,-1.4279062
RBP (3′UTR),Ribosome,-1.1945964
RBP (3′UTR),Single Base,-0.22735518
RBP (3′UTR),Codon,-0.45819324
RBP (3′UTR),9-mer,2.1596744
RBP (3′UTR),Ribosome,0.31721333
RBP (3′UTR),Single Base,0.4812253
RBP (3′UTR),Codon,-0.9007358
RBP (3′UTR),9-mer,0.9796066
RBP (3′UTR),Ribosome,-1.0565935
RBP (3′UTR),Single Base,1.1757302
RBP (3′UTR),Codon,-0.66109824
RBP (3′UTR),9-mer,-0.8431703
RBP (3′UTR),Ribosome,-0.8193145
RBP (3′UTR),Single Base,-0.85324746
RBP (3′UTR),Codon,1.0766201
RBP (3′UTR),9-mer,0.41321015
RBP (3′UTR),Ribosome,-0.6459907
RBP (3′UTR),Single Base,-0.12455043
RBP (3′UTR),Codon,1.0777528
RBP (3′UTR),9-mer,-0.73521477
RBP (3′UTR),Ribosome,-0.20103943
RBP (3′UTR),Single Base,0.07473415
RBP (3′UTR),Codon,-1.53866
RBP (3′UTR),9-mer,1.1407413
RBP (3′UTR),Ribosome,1.311748
RBP (3′UTR),Single Base,0.8345075
RBP (3′UTR),Codon,-0.20958172
RBP (3′UTR),9-mer,-0.46392986
RBP (3′UTR),Ribosome,-1.2350947
RBP (3′UTR),Single Base,-3.5544872
RBP (3′UTR),Codon,3.0836725
RBP (3′UTR),9-mer,2.9418986
RBP (3′UTR),Ribosome,1.1622634
RBP (3′UTR),Single Base,-0.85967416
RBP (3′UTR),Codon,0.94917727
RBP (3′UTR),9-mer,-0.982634
RBP (3′UTR),Ribosome,0.5117279
RBP (3′UTR),Single Base,-1.8153348
RBP (3′UTR),Codon,1.981902
RBP (3′UTR),9-mer,1.047658
RBP (3′UTR),Ribosome,1.901844
RBP (3′UTR),Single Base,1.1135269
RBP (3′UTR),Codon,-0.7991828
RBP (3′UTR),9-mer,-1.690144
RBP (3′UTR),Ribosome,-1.1301084
RBP (3′UTR),Single Base,0.8353712
RBP (3′UTR),Codon,-0.30128482
RBP (3′UTR),9-mer,-1.1328039
RBP (3′UTR),Ribosome,0.15011033
RBP (3′UTR),Single Base,-0.43293417
RBP (3′UTR),Codon,1.1508368
RBP (3′UTR),9-mer,-0.015441519
RBP (3′UTR),Ribosome,0.08799964
RBP (3′UTR),Single Base,1.0953784
RBP (3′UTR),Codon,-0.6401219
RBP (3′UTR),9-mer,-0.67254376
RBP (3′UTR),Ribosome,-0.8996446
RBP (3′UTR),Single Base,0.0
RBP (3′UTR),Codon,-0.9675349
RBP (3′UTR),9-mer,-0.98349965
RBP (3′UTR),Ribosome,0.9371115
RBP (3′UTR),Single Base,-0.52595043
RBP (3′UTR),Codon,0.6168498
RBP (3′UTR),9-mer,0.22742695
RBP (3′UTR),Ribosome,0.41927844
RBP (3′UTR),Single Base,-1.6223063
RBP (3′UTR),Codon,0.8316893
RBP (3′UTR),9-mer,1.7270745
RBP (3′UTR),Ribosome,0.86023223
RBP (3′UTR),Single Base,0.28035352
RBP (3′UTR),Codon,0.12118664
RBP (3′UTR),9-mer,-1.206994
RBP (3′UTR),Ribosome,0.671337
RBP (3′UTR),Single Base,1.7193696
RBP (3′UTR),Codon,-1.4821547
RBP (3′UTR),9-mer,-1.6157575
RBP (3′UTR),Ribosome,-1.9231247
RBP (3′UTR),Single Base,0.6405444
RBP (3′UTR),Codon,-0.20558546
RBP (3′UTR),9-mer,-0.7132247
RBP (3′UTR),Ribosome,-0.6810837
RBP (3′UTR),Single Base,-0.1661579
RBP (3′UTR),Codon,0.7751671
RBP (3′UTR),9-mer,-1.1193608
RBP (3′UTR),Ribosome,0.5722531
RBP (3′UTR),Single Base,-0.73151577
RBP (3′UTR),Codon,2.520721
RBP (3′UTR),9-mer,-2.998548
RBP (3′UTR),Ribosome,0.023464708
RBP (3′UTR),Single Base,0.38884583
RBP (3′UTR),Codon,0.48527026
RBP (3′UTR),9-mer,-0.025049957
RBP (3′UTR),Ribosome,-0.87769854
RBP (3′UTR),Single Base,1.1010404
RBP (3′UTR),Codon,-0.9402877
RBP (3′UTR),9-mer,-1.194398
RBP (3′UTR),Ribosome,-1.0527132
RBP (3′UTR),Single Base,-2.1249287
RBP (3′UTR),Codon,2.4913647
RBP (3′UTR),9-mer,2.0184565
RBP (3′UTR),Ribosome,0.1396409
RBP (3′UTR),Single Base,-1.1092814
RBP (3′UTR),Codon,1.8429676
RBP (3′UTR),9-mer,0.90709525
RBP (3′UTR),Ribosome,-0.40206632
RBP (3′UTR),Single Base,-1.2677141
RBP (3′UTR),Codon,0.27773705
RBP (3′UTR),9-mer,1.4249445
RBP (3′UTR),Ribosome,1.51029
RBP (3′UTR),Single Base,-0.69089776
RBP (3′UTR),Codon,0.9313446
RBP (3′UTR),9-mer,0.6292807
RBP (3′UTR),Ribosome,-0.3449396
RBP (3′UTR),Single Base,-0.0038792312
RBP (3′UTR),Codon,0.08327667
RBP (3′UTR),9-mer,-0.6565676
RBP (3′UTR),Ribosome,0.8201169
RBP (3′UTR),Single Base,0.47076994
RBP (3′UTR),Codon,0.91867805
RBP (3′UTR),9-mer,-1.4889184
RBP (3′UTR),Ribosome,-0.73994297
RBP (3′UTR),Single Base,-4.677758
RBP (3′UTR),Codon,3.917035
RBP (3′UTR),9-mer,-0.4869229
RBP (3′UTR),Ribosome,6.239168
RBP (3′UTR),Single Base,-0.815536
RBP (3′UTR),Codon,1.7189457
RBP (3′UTR),9-mer,-0.35603538
RBP (3′UTR),Ribosome,0.25853437
RBP (3′UTR),Single Base,-2.435002
RBP (3′UTR),Codon,2.1929975
RBP (3′UTR),9-mer,1.3242434
RBP (3′UTR),Ribosome,1.6970164
RBP (3′UTR),Single Base,0.47101718
RBP (3′UTR),Codon,-0.5098641
RBP (3′UTR),9-mer,-0.07991759
RBP (3′UTR),Ribosome,-0.7147116
RBP (3′UTR),Single Base,-1.4582732
RBP (3′UTR),Codon,1.8273422
RBP (3′UTR),9-mer,-0.429922
RBP (3′UTR),Ribosome,-0.1718682
RBP (3′UTR),Single Base,-2.198518
RBP (3′UTR),Codon,1.8544571
RBP (3′UTR),9-mer,1.667059
RBP (3′UTR),Ribosome,-1.2197869
RBP (3′UTR),Single Base,-0.13215773
RBP (3′UTR),Codon,0.6777824
RBP (3′UTR),9-mer,-1.9655856
RBP (3′UTR),Ribosome,2.8072367
RBP (3′UTR),Single Base,-1.911886
RBP (3′UTR),Codon,2.339319
RBP (3′UTR),9-mer,0.84648067
RBP (3′UTR),Ribosome,-0.7663038
RBP (3′UTR),Single Base,-1.1653572
RBP (3′UTR),Codon,1.02358
RBP (3′UTR),9-mer,0.8092672
RBP (3′UTR),Ribosome,1.0743256
RBP (3′UTR),Single Base,0.914594
RBP (3′UTR),Codon,-0.3236879
RBP (3′UTR),9-mer,0.41847646
RBP (3′UTR),Ribosome,-1.3532614
RBP (3′UTR),Single Base,-0.14627215
RBP (3′UTR),Codon,0.27270234
RBP (3′UTR),9-mer,-0.21826774
RBP (3′UTR),Ribosome,-0.26187316
RBP (3′UTR),Single Base,-3.031917
RBP (3′UTR),Codon,2.219521
RBP (3′UTR),9-mer,2.5048227
RBP (3′UTR),Ribosome,3.238412
RBP (3′UTR),Single Base,-2.6460474
RBP (3′UTR),Codon,2.2956991
RBP (3′UTR),9-mer,0.5411437
RBP (3′UTR),Ribosome,2.4404275
RBP (3′UTR),Single Base,0.5183791
RBP (3′UTR),Codon,-0.14947042
RBP (3′UTR),9-mer,-0.42817554
RBP (3′UTR),Ribosome,-0.39621794
RBP (3′UTR),Single Base,0.011571319
RBP (3′UTR),Codon,-0.19207777
RBP (3′UTR),9-mer,0.24133389
RBP (3′UTR),Ribosome,0.23190397
RBP (3′UTR),Single Base,-0.060193516
RBP (3′UTR),Codon,2.44726
RBP (3′UTR),9-mer,-2.7037058
RBP (3′UTR),Ribosome,-2.4690425
RBP (3′UTR),Single Base,-0.98349965
RBP (3′UTR),Codon,-0.98349965
RBP (3′UTR),9-mer,-0.98349965
RBP (3′UTR),Ribosome,0.9675349
RBP (3′UTR),Single Base,-0.48702872
RBP (3′UTR),Codon,-0.08433763
RBP (3′UTR),9-mer,1.2051129
RBP (3′UTR),Ribosome,0.1460388
RBP (3′UTR),Single Base,-2.282416
RBP (3′UTR),Codon,1.1068865
RBP (3′UTR),9-mer,1.7326018
RBP (3′UTR),Ribosome,1.8184997
RBP (3′UTR),Single Base,-0.82761383
RBP (3′UTR),Codon,0.54480815
RBP (3′UTR),9-mer,1.7952626
RBP (3′UTR),Ribosome,0.4555621
RBP (3′UTR),Single Base,0.44675797
RBP (3′UTR),Codon,-0.022360202
RBP (3′UTR),9-mer,-1.7086365
RBP (3′UTR),Ribosome,0.2375881
RBP (3′UTR),Single Base,0.43214506
RBP (3′UTR),Codon,0.16703188
RBP (3′UTR),9-mer,-0.99379075
RBP (3′UTR),Ribosome,-0.46966413
RBP (3′UTR),Single Base,0.13971426
RBP (3′UTR),Codon,-0.80857074
RBP (3′UTR),9-mer,0.6495101
RBP (3′UTR),Ribosome,-0.5964997
RBP (3′UTR),Single Base,-2.394703
RBP (3′UTR),Codon,1.9926944
RBP (3′UTR),9-mer,2.4276984
RBP (3′UTR),Ribosome,1.2309386
RBP (3′UTR),Single Base,0.024737285
RBP (3′UTR),Codon,0.31735846
RBP (3′UTR),9-mer,-0.29017472
RBP (3′UTR),Ribosome,-0.20554948
RBP (3′UTR),Single Base,-3.5964413
RBP (3′UTR),Codon,1.031333
RBP (3′UTR),9-mer,3.4021587
RBP (3′UTR),Ribosome,3.4293275
RBP (3′UTR),Single Base,-0.17459464
RBP (3′UTR),Codon,0.13530779
RBP (3′UTR),9-mer,-0.07166501
RBP (3′UTR),Ribosome,0.48902103
RBP (3′UTR),Single Base,-0.17802611
RBP (3′UTR),Codon,-0.3371541
RBP (3′UTR),9-mer,0.67964023
RBP (3′UTR),Ribosome,0.065585524
RBP (3′UTR),Single Base,1.5612905
RBP (3′UTR),Codon,-1.4157943
RBP (3′UTR),9-mer,-0.5048403
RBP (3′UTR),Ribosome,-1.1706226
RBP (3′UTR),Single Base,1.2744533
RBP (3′UTR),Codon,-0.39279693
RBP (3′UTR),9-mer,-1.5445243
RBP (3′UTR),Ribosome,-0.8570856
RBP (3′UTR),Single Base,-1.4117509
RBP (3′UTR),Codon,2.0788207
RBP (3′UTR),9-mer,0.41509533
RBP (3′UTR),Ribosome,-0.4438243
RBP (3′UTR),Single Base,-1.8656965
RBP (3′UTR),Codon,3.2141693
RBP (3′UTR),9-mer,-5.6763945
RBP (3′UTR),Ribosome,1.1230861
RBP (3′UTR),Single Base,0.9960045
RBP (3′UTR),Codon,1.5748167
RBP (3′UTR),9-mer,-2.7206883
RBP (3′UTR),Ribosome,-0.25506645
RBP (3′UTR),Single Base,1.743744
RBP (3′UTR),Codon,-1.3579159
RBP (3′UTR),9-mer,-1.4589596
RBP (3′UTR),Ribosome,-1.0015106
RBP (3′UTR),Single Base,-1.8182737
RBP (3′UTR),Codon,2.496117
RBP (3′UTR),9-mer,2.4611332
RBP (3′UTR),Ribosome,-1.5289274
RBP (3′UTR),Single Base,0.42796767
RBP (3′UTR),Codon,-0.5742056
RBP (3′UTR),9-mer,0.10331415
RBP (3′UTR),Ribosome,-0.8993061
RBP (3′UTR),Single Base,1.2793931
RBP (3′UTR),Codon,-1.5091054
RBP (3′UTR),9-mer,0.5016228
RBP (3′UTR),Ribosome,-2.6457276
RBP (3′UTR),Single Base,0.45093846
RBP (3′UTR),Codon,0.14619859
RBP (3′UTR),9-mer,-0.75224125
RBP (3′UTR),Ribosome,-1.768193
RBP (3′UTR),Single Base,0.2513536
RBP (3′UTR),Codon,-0.0973853
RBP (3′UTR),9-mer,-0.43758482
RBP (3′UTR),Ribosome,-0.15977019
RBP (3′UTR),Single Base,0.9388206
RBP (3′UTR),Codon,-0.69662064
RBP (3′UTR),9-mer,-0.60916954
RBP (3′UTR),Ribosome,-1.194015
RBP (3′UTR),Single Base,0.8429355
RBP (3′UTR),Codon,-0.97095174
RBP (3′UTR),9-mer,0.6516041
RBP (3′UTR),Ribosome,-0.7763494
RBP (3′UTR),Single Base,-1.3263963
RBP (3′UTR),Codon,0.8748557
RBP (3′UTR),9-mer,1.1846427
RBP (3′UTR),Ribosome,-0.8393233
RBP (3′UTR),Single Base,1.8274741
RBP (3′UTR),Codon,-1.0237329
RBP (3′UTR),9-mer,-3.436737
RBP (3′UTR),Ribosome,-1.2489076
RBP (3′UTR),Single Base,-1.0898632
RBP (3′UTR),Codon,2.9088128
RBP (3′UTR),9-mer,-2.362062
RBP (3′UTR),Ribosome,1.7045927
RBP (3′UTR),Single Base,-1.6135387
RBP (3′UTR),Codon,2.7383869
RBP (3′UTR),9-mer,-0.49188223
RBP (3′UTR),Ribosome,1.4339039
RBP (3′UTR),Single Base,0.77199215
RBP (3′UTR),Codon,0.15265726
RBP (3′UTR),9-mer,-1.0229487
RBP (3′UTR),Ribosome,-1.1911029
RBP (3′UTR),Single Base,0.40188062
RBP (3′UTR),Codon,-0.44428673
RBP (3′UTR),9-mer,-0.20847121
RBP (3′UTR),Ribosome,-0.448211
RBP (3′UTR),Single Base,0.78046244
RBP (3′UTR),Codon,-0.516999
RBP (3′UTR),9-mer,-0.7352695
RBP (3′UTR),Ribosome,-0.9653163
RBP (3′UTR),Single Base,-1.5113031
RBP (3′UTR),Codon,1.453974
RBP (3′UTR),9-mer,0.23319851
RBP (3′UTR),Ribosome,2.5851676
RBP (3′UTR),Single Base,-0.0463121
RBP (3′UTR),Codon,0.25207958
RBP (3′UTR),9-mer,-0.17541644
RBP (3′UTR),Ribosome,-0.4304469
RBP (3′UTR),Single Base,-0.22709987
RBP (3′UTR),Codon,0.2358815
RBP (3′UTR),9-mer,0.36204475
RBP (3′UTR),Ribosome,-0.5078251
RBP (3′UTR),Single Base,-0.45045853
RBP (3′UTR),Codon,0.84929967
RBP (3′UTR),9-mer,-0.85748625
RBP (3′UTR),Ribosome,-0.004241244
RBP (3′UTR),Single Base,0.06000919
RBP (3′UTR),Codon,0.43948263
RBP (3′UTR),9-mer,-1.0614548
RBP (3′UTR),Ribosome,-0.05850555
RBP (3′UTR),Single Base,-0.5831475
RBP (3′UTR),Codon,-0.025294432
RBP (3′UTR),9-mer,1.0259776
RBP (3′UTR),Ribosome,-0.048549276
RBP (3′UTR),Single Base,1.3699213
RBP (3′UTR),Codon,-1.0876645
RBP (3′UTR),9-mer,-1.9475588
RBP (3′UTR),Ribosome,-0.15308051
RBP (3′UTR),Single Base,-2.223448
RBP (3′UTR),Codon,1.7195364
RBP (3′UTR),9-mer,1.8234242
RBP (3′UTR),Ribosome,0.83285004
RBP (3′UTR),Single Base,0.077439696
RBP (3′UTR),Codon,1.3767396
RBP (3′UTR),9-mer,-0.6107381
RBP (3′UTR),Ribosome,-0.37697682
RBP (3′UTR),Single Base,-0.0718136
RBP (3′UTR),Codon,1.6253226
RBP (3′UTR),9-mer,-1.0585967
RBP (3′UTR),Ribosome,-1.9748697
RBP (3′UTR),Single Base,0.51997954
RBP (3′UTR),Codon,-0.68774325
RBP (3′UTR),9-mer,0.12691133
RBP (3′UTR),Ribosome,-0.08911907
RBP (3′UTR),Single Base,-0.37410176
RBP (3′UTR),Codon,1.3223372
RBP (3′UTR),9-mer,-0.08169646
RBP (3′UTR),Ribosome,-1.3164192
RBP (3′UTR),Single Base,0.8936246
RBP (3′UTR),Codon,-1.069827
RBP (3′UTR),9-mer,0.46151462
RBP (3′UTR),Ribosome,-0.92942554
RBP (3′UTR),Single Base,0.34096536
RBP (3′UTR),Codon,-0.6384734
RBP (3′UTR),9-mer,0.8419538
RBP (3′UTR),Ribosome,0.03160544
RBP (3′UTR),Single Base,-1.137358
RBP (3′UTR),Codon,1.6367569
RBP (3′UTR),9-mer,0.25801307
RBP (3′UTR),Ribosome,0.8533464
RBP (3′UTR),Single Base,0.7464326
RBP (3′UTR),Codon,-1.108786
RBP (3′UTR),9-mer,-0.32572132
RBP (3′UTR),Ribosome,-0.59791815
RBP (3′UTR),Single Base,1.1945171
RBP (3′UTR),Codon,-1.8557186
RBP (3′UTR),9-mer,-0.4116949
RBP (3′UTR),Ribosome,0.25861907
RBP (3′UTR),Single Base,-0.98349965
RBP (3′UTR),Codon,0.98349965
RBP (3′UTR),9-mer,-0.98349965
RBP (3′UTR),Ribosome,0.9371115
RBP (3′UTR),Single Base,-0.5624206
RBP (3′UTR),Codon,1.52208
RBP (3′UTR),9-mer,1.739987
RBP (3′UTR),Ribosome,-1.804128
RBP (3′UTR),Single Base,0.12882869
RBP (3′UTR),Codon,-0.33505842
RBP (3′UTR),9-mer,1.4285315
RBP (3′UTR),Ribosome,-2.6516724
RBP (3′UTR),Single Base,0.57933325
RBP (3′UTR),Codon,1.1516175
RBP (3′UTR),9-mer,-0.9084712
RBP (3′UTR),Ribosome,-0.7416855
RBP (3′UTR),Single Base,0.04591493
RBP (3′UTR),Codon,-0.13625675
RBP (3′UTR),9-mer,0.061853144
RBP (3′UTR),Ribosome,-0.07107686
RBP (3′UTR),Single Base,-1.2978727
RBP (3′UTR),Codon,0.5563307
RBP (3′UTR),9-mer,1.5553372
RBP (3′UTR),Ribosome,0.5334912
RBP (3′UTR),Single Base,0.45318356
RBP (3′UTR),Codon,-1.0698574
RBP (3′UTR),9-mer,1.5961481
RBP (3′UTR),Ribosome,0.5822742
RBP (3′UTR),Single Base,-6.047358
RBP (3′UTR),Codon,3.8185718
RBP (3′UTR),9-mer,4.66982
RBP (3′UTR),Ribosome,6.7876773
RBP (3′UTR),Single Base,-1.0277703
RBP (3′UTR),Codon,2.14857
RBP (3′UTR),9-mer,-0.9520574
RBP (3′UTR),Ribosome,0.91638243
RBP (3′UTR),Single Base,-1.76741
RBP (3′UTR),Codon,1.0669701
RBP (3′UTR),9-mer,1.9802806
RBP (3′UTR),Ribosome,1.7042004
RBP (3′UTR),Single Base,0.2999121
RBP (3′UTR),Codon,0.2277751
RBP (3′UTR),9-mer,-1.0241532
RBP (3′UTR),Ribosome,-0.41190234
RBP (3′UTR),Single Base,-0.6258859
RBP (3′UTR),Codon,1.4704418
RBP (3′UTR),9-mer,-0.3453373
RBP (3′UTR),Ribosome,-0.04722812
RBP (3′UTR),Single Base,-1.8161416
RBP (3′UTR),Codon,5.165692
RBP (3′UTR),9-mer,-1.2934693
RBP (3′UTR),Ribosome,3.2433822
RBP (3′UTR),Single Base,0.5412329
RBP (3′UTR),Codon,0.1375232
RBP (3′UTR),9-mer,-1.5216863
RBP (3′UTR),Ribosome,0.31182936
RBP (3′UTR),Single Base,0.2823912
RBP (3′UTR),Codon,1.0105165
RBP (3′UTR),9-mer,-1.7600068
RBP (3′UTR),Ribosome,-0.001984079
RBP (3′UTR),Single Base,-1.0850319
RBP (3′UTR),Codon,0.9888565
RBP (3′UTR),9-mer,0.6345875
RBP (3′UTR),Ribosome,0.4210138
RBP (3′UTR),Single Base,-1.8292582
RBP (3′UTR),Codon,2.0775712
RBP (3′UTR),9-mer,-0.62017155
RBP (3′UTR),Ribosome,2.1532362
RBP (3′UTR),Single Base,-2.495814
RBP (3′UTR),Codon,2.1877744
RBP (3′UTR),9-mer,3.2362146
RBP (3′UTR),Ribosome,-0.32345092
RBP (3′UTR),Single Base,0.474261
RBP (3′UTR),Codon,-0.7113755
RBP (3′UTR),9-mer,1.1707022
RBP (3′UTR),Ribosome,-0.8684763
RBP (3′UTR),Single Base,0.79642504
RBP (3′UTR),Codon,-0.056646727
RBP (3′UTR),9-mer,0.02182124
RBP (3′UTR),Ribosome,-2.3402536
RBP (3′UTR),Single Base,0.7826565
RBP (3′UTR),Codon,-0.92985183
RBP (3′UTR),9-mer,-0.16827942
RBP (3′UTR),Ribosome,-0.48982275
RBP (3′UTR),Single Base,-2.8881571
RBP (3′UTR),Codon,1.2988687
RBP (3′UTR),9-mer,2.6702185
RBP (3′UTR),Ribosome,2.3176322
RBP (3′UTR),Single Base,-2.8540978
RBP (3′UTR),Codon,1.7788988
RBP (3′UTR),9-mer,2.5301328
RBP (3′UTR),Ribosome,1.9727997
RBP (3′UTR),Single Base,0.32622436
RBP (3′UTR),Codon,0.35281733
RBP (3′UTR),9-mer,-0.7451086
RBP (3′UTR),Ribosome,-1.0192013
RBP (3′UTR),Single Base,-1.9601759
RBP (3′UTR),Codon,1.7696937
RBP (3′UTR),9-mer,0.6792952
RBP (3′UTR),Ribosome,-0.26501733
RBP (3′UTR),Single Base,0.19774753
RBP (3′UTR),Codon,-1.4026921
RBP (3′UTR),9-mer,1.7062846
RBP (3′UTR),Ribosome,0.05849945
RBP (3′UTR),Single Base,0.033984482
RBP (3′UTR),Codon,-0.0026524912
RBP (3′UTR),9-mer,0.3378516
RBP (3′UTR),Ribosome,-0.36963832
RBP (3′UTR),Single Base,0.080698244
RBP (3′UTR),Codon,0.6993054
RBP (3′UTR),9-mer,-1.7271082
RBP (3′UTR),Ribosome,-0.47365
RBP (3′UTR),Single Base,-0.22365808
RBP (3′UTR),Codon,0.80959463
RBP (3′UTR),9-mer,-1.48707
RBP (3′UTR),Ribosome,-0.06803119
RBP (3′UTR),Single Base,0.566671
RBP (3′UTR),Codon,0.13509321
RBP (3′UTR),9-mer,-0.91951406
RBP (3′UTR),Ribosome,-1.4360265
RBP (3′UTR),Single Base,-2.7808151
RBP (3′UTR),Codon,3.0055187
RBP (3′UTR),9-mer,0.9164098
RBP (3′UTR),Ribosome,1.9278781
RBP (3′UTR),Single Base,-0.5833704
RBP (3′UTR),Codon,-0.20677987
RBP (3′UTR),9-mer,1.628176
RBP (3′UTR),Ribosome,1.4254994
RBP (3′UTR),Single Base,0.37546933
RBP (3′UTR),Codon,0.028478667
RBP (3′UTR),9-mer,-0.37669924
RBP (3′UTR),Ribosome,-1.3083904
RBP (3′UTR),Single Base,-1.4688716
RBP (3′UTR),Codon,1.2332716
RBP (3′UTR),9-mer,-0.6206984
RBP (3′UTR),Ribosome,1.0416036
RBP (3′UTR),Single Base,0.10291385
RBP (3′UTR),Codon,0.059198875
RBP (3′UTR),9-mer,-0.4376149
RBP (3′UTR),Ribosome,-0.20666009
RBP (3′UTR),Single Base,0.74098617
RBP (3′UTR),Codon,-0.045117337
RBP (3′UTR),9-mer,-1.5974705
RBP (3′UTR),Ribosome,-1.1747212
RBP (3′UTR),Single Base,1.0001117
RBP (3′UTR),Codon,-0.9464896
RBP (3′UTR),9-mer,-0.4415435
RBP (3′UTR),Ribosome,-0.8600021
RBP (3′UTR),Single Base,-1.5524876
RBP (3′UTR),Codon,2.0888095
RBP (3′UTR),9-mer,0.117104754
RBP (3′UTR),Ribosome,0.33097613
RBP (3′UTR),Single Base,-9.431808
RBP (3′UTR),Codon,8.18255
RBP (3′UTR),9-mer,4.484834
RBP (3′UTR),Ribosome,3.1010835
RBP (3′UTR),Single Base,-0.0230362
RBP (3′UTR),Codon,-0.40816027
RBP (3′UTR),9-mer,1.1467527
RBP (3′UTR),Ribosome,-0.6692226
RBP (3′UTR),Single Base,-2.0154474
RBP (3′UTR),Codon,2.4931114
RBP (3′UTR),9-mer,1.3157763
RBP (3′UTR),Ribosome,1.4789734
RBP (3′UTR),Single Base,-1.295671
RBP (3′UTR),Codon,1.1472899
RBP (3′UTR),9-mer,0.20354803
RBP (3′UTR),Ribosome,1.5631931
RBP (3′UTR),Single Base,0.69499546
RBP (3′UTR),Codon,-0.80369025
RBP (3′UTR),9-mer,-0.097244084
RBP (3′UTR),Ribosome,-0.54132223
RBP (3′UTR),Single Base,-0.7940582
RBP (3′UTR),Codon,1.5144018
RBP (3′UTR),9-mer,-0.31190494
RBP (3′UTR),Ribosome,0.23349307
RBP (3′UTR),Single Base,2.0297914
RBP (3′UTR),Codon,-2.2395163
RBP (3′UTR),9-mer,-1.6023524
RBP (3′UTR),Ribosome,-1.9843895
RBP (3′UTR),Single Base,-2.5112617
RBP (3′UTR),Codon,1.990663
RBP (3′UTR),9-mer,1.5552771
RBP (3′UTR),Ribosome,2.3573341
RBP (3′UTR),Single Base,-0.98349965
RBP (3′UTR),Codon,0.0
RBP (3′UTR),9-mer,0.0
RBP (3′UTR),Ribosome,0.88166493
RBP (3′UTR),Single Base,-0.33969557
RBP (3′UTR),Codon,0.49045923
RBP (3′UTR),9-mer,0.5192306
RBP (3′UTR),Ribosome,-0.74044365
RBP (3′UTR),Single Base,-0.7680364
RBP (3′UTR),Codon,0.9462609
RBP (3′UTR),9-mer,0.2671554
RBP (3′UTR),Ribosome,-0.29213414
RBP (3′UTR),Single Base,-0.98349965
RBP (3′UTR),Codon,0.0
RBP (3′UTR),9-mer,-0.97811985
RBP (3′UTR),Ribosome,0.9371115
RBP (3′UTR),Single Base,0.9675349
RBP (3′UTR),Codon,0.98349965
RBP (3′UTR),9-mer,0.0
RBP (3′UTR),Ribosome,0.0
RBP (3′UTR),Single Base,0.7748979
RBP (3′UTR),Codon,-0.21467589
RBP (3′UTR),9-mer,-0.64668083
RBP (3′UTR),Ribosome,-1.5982143
RBP (3′UTR),Single Base,0.44941148
RBP (3′UTR),Codon,-0.63495535
RBP (3′UTR),9-mer,0.4622349
RBP (3′UTR),Ribosome,-0.7079735
RBP (3′UTR),Single Base,-0.4881997
RBP (3′UTR),Codon,2.5513403
RBP (3′UTR),9-mer,-0.2369793
RBP (3′UTR),Ribosome,-0.36738968
RBP (3′UTR),Single Base,2.4165459
RBP (3′UTR),Codon,-2.9015675
RBP (3′UTR),9-mer,-1.0747666
RBP (3′UTR),Ribosome,-1.7684661
RBP (3′UTR),Single Base,-3.0024998
RBP (3′UTR),Codon,4.4362807
RBP (3′UTR),9-mer,-2.0479116
RBP (3′UTR),Ribosome,0.6231803
RBP (3′UTR),Single Base,-2.3054545
RBP (3′UTR),Codon,3.1057522
RBP (3′UTR),9-mer,-0.8651182
RBP (3′UTR),Ribosome,2.7437341
RBP (3′UTR),Single Base,0.43682632
RBP (3′UTR),Codon,-1.3060131
RBP (3′UTR),9-mer,0.38354895
RBP (3′UTR),Ribosome,-0.19793557
RBP (3′UTR),Single Base,-1.7893054
RBP (3′UTR),Codon,1.916248
RBP (3′UTR),9-mer,-0.48970225
RBP (3′UTR),Ribosome,2.4749005
RBP (3′UTR),Single Base,-1.7762702
RBP (3′UTR),Codon,1.4352968
RBP (3′UTR),9-mer,0.57573193
RBP (3′UTR),Ribosome,0.8569531
RBP (3′UTR),Single Base,1.0629632
RBP (3′UTR),Codon,-0.9093617
RBP (3′UTR),9-mer,-0.4252676
RBP (3′UTR),Ribosome,-1.7702967
RBP (3′UTR),Single Base,0.120202385
RBP (3′UTR),Codon,2.7872784
RBP (3′UTR),9-mer,-3.7328699
RBP (3′UTR),Ribosome,-1.9099818
RBP (3′UTR),Single Base,1.3906571
RBP (3′UTR),Codon,0.7501472
RBP (3′UTR),9-mer,-2.8614628
RBP (3′UTR),Ribosome,-1.4879801
RBP (3′UTR),Single Base,-0.63131875
RBP (3′UTR),Codon,1.1257108
RBP (3′UTR),9-mer,-0.38094258
RBP (3′UTR),Ribosome,-0.4607496
RBP (3′UTR),Single Base,0.34028414
RBP (3′UTR),Codon,0.086901404
RBP (3′UTR),9-mer,-0.5566235
RBP (3′UTR),Ribosome,-0.926005
RBP (3′UTR),Single Base,-0.54233354
RBP (3′UTR),Codon,0.6306231
RBP (3′UTR),9-mer,0.25521415
RBP (3′UTR),Ribosome,-0.018414147
RBP (3′UTR),Single Base,-0.008949621
RBP (3′UTR),Codon,0.1522663
RBP (3′UTR),9-mer,0.9771203
RBP (3′UTR),Ribosome,-0.5410887
RBP (3′UTR),Single Base,-4.003759
RBP (3′UTR),Codon,4.742914
RBP (3′UTR),9-mer,-0.40351954
RBP (3′UTR),Ribosome,2.2004247
RBP (3′UTR),Single Base,0.38882208
RBP (3′UTR),Codon,-0.2372207
RBP (3′UTR),9-mer,-0.5314186
RBP (3′UTR),Ribosome,-0.15806994
RBP (3′UTR),Single Base,-3.2080722
RBP (3′UTR),Codon,2.6847453
RBP (3′UTR),9-mer,3.56242
RBP (3′UTR),Ribosome,-0.66295683
RBP (3′UTR),Single Base,-0.17706944
RBP (3′UTR),Codon,2.0546381
RBP (3′UTR),9-mer,-1.4551206
RBP (3′UTR),Ribosome,-0.27309978
RBP (3′UTR),Single Base,0.0
RBP (3′UTR),Codon,0.9675349
RBP (3′UTR),9-mer,0.98349965
RBP (3′UTR),Ribosome,-0.9675349
RBP (3′UTR),Single Base,-1.2004395
RBP (3′UTR),Codon,1.1957464
RBP (3′UTR),9-mer,0.92552066
RBP (3′UTR),Ribosome,0.24421711
RBP (3′UTR),Single Base,-1.0757204
RBP (3′UTR),Codon,1.0619805
RBP (3′UTR),9-mer,0.49123707
RBP (3′UTR),Ribosome,0.6715673
RBP (3′UTR),Single Base,0.048621424
RBP (3′UTR),Codon,0.035574652
RBP (3′UTR),9-mer,-0.048112947
RBP (3′UTR),Ribosome,-0.19226769
RBP (3′UTR),Single Base,1.6483454
RBP (3′UTR),Codon,-0.77490324
RBP (3′UTR),9-mer,0.06993949
RBP (3′UTR),Ribosome,-1.686016
RBP (3′UTR),Single Base,-0.6820302
RBP (3′UTR),Codon,1.0038552
RBP (3′UTR),9-mer,-0.016794283
RBP (3′UTR),Ribosome,-0.4121288
RBP (3′UTR),Single Base,0.9936827
RBP (3′UTR),Codon,-1.373748
RBP (3′UTR),9-mer,0.96490604
RBP (3′UTR),Ribosome,-1.6024127
RBP (3′UTR),Single Base,-1.1217574
RBP (3′UTR),Codon,1.9620281
RBP (3′UTR),9-mer,0.25409922
RBP (3′UTR),Ribosome,0.040533915
RBP (3′UTR),Single Base,0.46446314
RBP (3′UTR),Codon,-1.1564595
RBP (3′UTR),9-mer,0.18886046
RBP (3′UTR),Ribosome,1.4193825
RBP (3′UTR),Single Base,-1.3716754
RBP (3′UTR),Codon,0.106541194
RBP (3′UTR),9-mer,1.7852169
RBP (3′UTR),Ribosome,2.4972334
RBP (3′UTR),Single Base,-0.4610057
RBP (3′UTR),Codon,0.7323415
RBP (3′UTR),9-mer,0.24520834
RBP (3′UTR),Ribosome,-1.116834
RBP (3′UTR),Single Base,1.3143071
RBP (3′UTR),Codon,-0.36227196
RBP (3′UTR),9-mer,-1.7704085
RBP (3′UTR),Ribosome,-1.1740595
RBP (3′UTR),Single Base,-0.050302617
RBP (3′UTR),Codon,-0.7981708
RBP (3′UTR),9-mer,2.4143162
RBP (3′UTR),Ribosome,0.38574618
RBP (3′UTR),Single Base,-0.98349965
RBP (3′UTR),Codon,-0.9675349
RBP (3′UTR),9-mer,-0.97811985
RBP (3′UTR),Ribosome,0.88166493
RBP (3′UTR),Single Base,-0.56642973
RBP (3′UTR),Codon,1.990082
RBP (3′UTR),9-mer,1.9145701
RBP (3′UTR),Ribosome,-1.3169775
RBP (3′UTR),Single Base,0.17327912
RBP (3′UTR),Codon,0.80785346
RBP (3′UTR),9-mer,-0.78072494
RBP (3′UTR),Ribosome,-0.61606365
RBP (3′UTR),Single Base,0.36885983
RBP (3′UTR),Codon,-0.34029195
RBP (3′UTR),9-mer,-0.5139688
RBP (3′UTR),Ribosome,0.62554455
RBP (3′UTR),Single Base,0.86603343
RBP (3′UTR),Codon,-0.43642855
RBP (3′UTR),9-mer,-1.0217756
RBP (3′UTR),Ribosome,-0.7665448
RBP (3′UTR),Single Base,-1.0523627
RBP (3′UTR),Codon,2.2104878
RBP (3′UTR),9-mer,1.9787111
RBP (3′UTR),Ribosome,-1.3286331
RBP (3′UTR),Single Base,2.3925257
RBP (3′UTR),Codon,-1.357046
RBP (3′UTR),9-mer,-1.8285419
RBP (3′UTR),Ribosome,-2.3469586
RBP (3′UTR),Single Base,1.182269
RBP (3′UTR),Codon,0.10001707
RBP (3′UTR),9-mer,-1.434951
RBP (3′UTR),Ribosome,0.47924116
RBP (3′UTR),Single Base,-0.26375222
RBP (3′UTR),Codon,-0.31048402
RBP (3′UTR),9-mer,1.2103677
RBP (3′UTR),Ribosome,-0.74778634
RBP (3′UTR),Single Base,-1.7166026
RBP (3′UTR),Codon,2.8974392
RBP (3′UTR),9-mer,-2.282715
RBP (3′UTR),Ribosome,-0.94642454
RBP (3′UTR),Single Base,-0.36356422
RBP (3′UTR),Codon,-1.1636099
RBP (3′UTR),9-mer,1.4923354
RBP (3′UTR),Ribosome,1.0957304
RBP (3′UTR),Single Base,-0.31699446
RBP (3′UTR),Codon,0.2188722
RBP (3′UTR),9-mer,-0.10848591
RBP (3′UTR),Ribosome,0.55058414
RBP (3′UTR),Single Base,-0.99168116
RBP (3′UTR),Codon,0.97811985
RBP (3′UTR),9-mer,0.9371115
RBP (3′UTR),Ribosome,0.88166493
RBP (3′UTR),Single Base,-0.03547261
RBP (3′UTR),Codon,0.72332746
RBP (3′UTR),9-mer,-1.0670359
RBP (3′UTR),Ribosome,-0.96151835
RBP (3′UTR),Single Base,-1.0408047
RBP (3′UTR),Codon,0.31420875
RBP (3′UTR),9-mer,1.0181829
RBP (3′UTR),Ribosome,0.60092294
RBP (3′UTR),Single Base,0.98349965
RBP (3′UTR),Codon,-0.9371115
RBP (3′UTR),9-mer,-0.9675349
RBP (3′UTR),Ribosome,0.88166493
RBP (3′UTR),Single Base,-1.2349571
RBP (3′UTR),Codon,0.40374732
RBP (3′UTR),9-mer,1.457181
RBP (3′UTR),Ribosome,0.30337206
RBP (3′UTR),Single Base,0.24946949
RBP (3′UTR),Codon,-0.09538805
RBP (3′UTR),9-mer,-0.21348208
RBP (3′UTR),Ribosome,-0.4937856
RBP (3′UTR),Single Base,-1.0421745
RBP (3′UTR),Codon,0.8516396
RBP (3′UTR),9-mer,-0.16514039
RBP (3′UTR),Ribosome,0.6854094
RBP (3′UTR),Single Base,-0.69928896
RBP (3′UTR),Codon,0.9938502
RBP (3′UTR),9-mer,-0.36597246
RBP (3′UTR),Ribosome,0.6223067
RBP (3′UTR),Single Base,0.2396026
RBP (3′UTR),Codon,0.065558344
RBP (3′UTR),9-mer,-0.22536545
RBP (3′UTR),Ribosome,-0.7840661
RBP (3′UTR),Single Base,3.2251914
RBP (3′UTR),Codon,-0.3210733
RBP (3′UTR),9-mer,-2.0954266
RBP (3′UTR),Ribosome,-2.262988
RBP (3′UTR),Single Base,0.19461817
RBP (3′UTR),Codon,1.8773382
RBP (3′UTR),9-mer,-2.2271848
RBP (3′UTR),Ribosome,-0.70804983
RBP (3′UTR),Single Base,-0.60585654
RBP (3′UTR),Codon,0.1396036
RBP (3′UTR),9-mer,0.6630676
RBP (3′UTR),Ribosome,1.44461
RBP (3′UTR),Single Base,-0.6879132
RBP (3′UTR),Codon,1.7376908
RBP (3′UTR),9-mer,-0.9134787
RBP (3′UTR),Ribosome,0.894266
RBP (3′UTR),Single Base,-2.4642382
RBP (3′UTR),Codon,2.4754121
RBP (3′UTR),9-mer,-1.1899303
RBP (3′UTR),Ribosome,-0.6204866
RBP (3′UTR),Single Base,-2.7561407
RBP (3′UTR),Codon,1.8321464
RBP (3′UTR),9-mer,1.6583201
RBP (3′UTR),Ribosome,2.6052582
RBP (3′UTR),Single Base,-2.6193106
RBP (3′UTR),Codon,2.6587107
RBP (3′UTR),9-mer,0.806416
RBP (3′UTR),Ribosome,2.153319
RBP (3′UTR),Single Base,0.51367396
RBP (3′UTR),Codon,-0.2260195
RBP (3′UTR),9-mer,-0.21455894
RBP (3′UTR),Ribosome,-0.55337745
RBP (3′UTR),Single Base,-0.6208303
RBP (3′UTR),Codon,2.257621
RBP (3′UTR),9-mer,-0.68472826
RBP (3′UTR),Ribosome,-1.4271553
RBP (3′UTR),Single Base,0.8142517
RBP (3′UTR),Codon,1.2135983
RBP (3′UTR),9-mer,-2.4236388
RBP (3′UTR),Ribosome,1.230829
RBP (3′UTR),Single Base,-0.034224395
RBP (3′UTR),Codon,-0.07027912
RBP (3′UTR),9-mer,-0.26006445
RBP (3′UTR),Ribosome,0.38124064
RBP (3′UTR),Single Base,-0.41127923
RBP (3′UTR),Codon,0.3207169
RBP (3′UTR),9-mer,0.12946047
RBP (3′UTR),Ribosome,0.52573776
RBP (3′UTR),Single Base,-0.3839347
RBP (3′UTR),Codon,2.1733766
RBP (3′UTR),9-mer,-1.0925269
RBP (3′UTR),Ribosome,-0.4399037
RBP (3′UTR),Single Base,-1.3941809
RBP (3′UTR),Codon,0.7146222
RBP (3′UTR),9-mer,1.8488754
RBP (3′UTR),Ribosome,-0.28918144
RBP (3′UTR),Single Base,-1.0093462
RBP (3′UTR),Codon,0.93989354
RBP (3′UTR),9-mer,1.057299
RBP (3′UTR),Ribosome,0.8604974
RBP (3′UTR),Single Base,-0.71809214
RBP (3′UTR),Codon,1.6205944
RBP (3′UTR),9-mer,-0.8201153
RBP (3′UTR),Ribosome,0.099134535
RBP (3′UTR),Single Base,-1.5336004
RBP (3′UTR),Codon,2.6409981
RBP (3′UTR),9-mer,-0.7615419
RBP (3′UTR),Ribosome,2.1790872
RBP (3′UTR),Single Base,0.17931664
RBP (3′UTR),Codon,0.02555861
RBP (3′UTR),9-mer,-0.6637137
RBP (3′UTR),Ribosome,-0.09704466
RBP (3′UTR),Single Base,0.008871394
RBP (3′UTR),Codon,1.2793722
RBP (3′UTR),9-mer,-1.3673393
RBP (3′UTR),Ribosome,-1.2628349
RBP (3′UTR),Single Base,-2.5586214
RBP (3′UTR),Codon,1.5345277
RBP (3′UTR),9-mer,1.6160386
RBP (3′UTR),Ribosome,3.9363806
RBP (3′UTR),Single Base,-0.19942603
RBP (3′UTR),Codon,-0.023104606
RBP (3′UTR),9-mer,0.7998138
RBP (3′UTR),Ribosome,-0.52315754
RBP (3′UTR),Single Base,-5.2485857
RBP (3′UTR),Codon,5.7750907
RBP (3′UTR),9-mer,2.0647533
RBP (3′UTR),Ribosome,1.5219918
RBP (3′UTR),Single Base,-0.24563709
RBP (3′UTR),Codon,0.030077234
RBP (3′UTR),9-mer,0.9611698
RBP (3′UTR),Ribosome,-0.979089
RBP (3′UTR),Single Base,0.5373509
RBP (3′UTR),Codon,0.44409353
RBP (3′UTR),9-mer,-1.0514727
RBP (3′UTR),Ribosome,-1.6085702
RBP (3′UTR),Single Base,-1.7754694
RBP (3′UTR),Codon,1.6252029
RBP (3′UTR),9-mer,0.9997881
RBP (3′UTR),Ribosome,1.5001487
RBP (3′UTR),Single Base,-0.42843467
RBP (3′UTR),Codon,1.4808553
RBP (3′UTR),9-mer,-0.34587365
RBP (3′UTR),Ribosome,-0.33448422
RBP (3′UTR),Single Base,0.98349965
RBP (3′UTR),Codon,0.9675349
RBP (3′UTR),9-mer,0.9675349
RBP (3′UTR),Ribosome,0.0
RBP (3′UTR),Single Base,-2.4262516
RBP (3′UTR),Codon,4.046856
RBP (3′UTR),9-mer,-1.1818501
RBP (3′UTR),Ribosome,3.028588
RBP (3′UTR),Single Base,-0.7375939
RBP (3′UTR),Codon,0.6386228
RBP (3′UTR),9-mer,1.2457833
RBP (3′UTR),Ribosome,-0.23627897
RBP (3′UTR),Single Base,0.56804556
RBP (3′UTR),Codon,-1.1912695
RBP (3′UTR),9-mer,-0.0006590984
RBP (3′UTR),Ribosome,-0.7149815
RBP (3′UTR),Single Base,-0.48077473
RBP (3′UTR),Codon,0.5079977
RBP (3′UTR),9-mer,0.9309103
RBP (3′UTR),Ribosome,-0.22043784
RBP (3′UTR),Single Base,-0.6776716
RBP (3′UTR),Codon,0.5624916
RBP (3′UTR),9-mer,0.5000343
RBP (3′UTR),Ribosome,-0.64811677
RBP (3′UTR),Single Base,-1.8309754
RBP (3′UTR),Codon,0.4441342
RBP (3′UTR),9-mer,1.5902071
RBP (3′UTR),Ribosome,1.8508646
RBP (3′UTR),Single Base,-1.9213015
RBP (3′UTR),Codon,2.0169587
RBP (3′UTR),9-mer,-1.0347297
RBP (3′UTR),Ribosome,1.00992
RBP (3′UTR),Single Base,0.35223246
RBP (3′UTR),Codon,0.06293522
RBP (3′UTR),9-mer,-0.86845386
RBP (3′UTR),Ribosome,0.05696571
RBP (3′UTR),Single Base,-0.78312683
RBP (3′UTR),Codon,1.3677297
RBP (3′UTR),9-mer,0.70186657
RBP (3′UTR),Ribosome,-0.45242903
RBP (3′UTR),Single Base,0.6521648
RBP (3′UTR),Codon,-1.108571
RBP (3′UTR),9-mer,1.4089626
RBP (3′UTR),Ribosome,-0.9595323
RBP (3′UTR),Single Base,-2.191512
RBP (3′UTR),Codon,1.4739038
RBP (3′UTR),9-mer,1.3516225
RBP (3′UTR),Ribosome,2.7923095
RBP (3′UTR),Single Base,-0.06554987
RBP (3′UTR),Codon,-0.35819703
RBP (3′UTR),9-mer,2.3031576
RBP (3′UTR),Ribosome,0.00014139533
RBP (3′UTR),Single Base,-1.4604137
RBP (3′UTR),Codon,1.6458728
RBP (3′UTR),9-mer,0.89761025
RBP (3′UTR),Ribosome,0.9106472
RBP (3′UTR),Single Base,-1.2231528
RBP (3′UTR),Codon,0.84210604
RBP (3′UTR),9-mer,0.5463238
RBP (3′UTR),Ribosome,1.8217224
RBP (3′UTR),Single Base,-3.4883246
RBP (3′UTR),Codon,3.8733866
RBP (3′UTR),9-mer,0.04333123
RBP (3′UTR),Ribosome,2.8841662
RBP (3′UTR),Single Base,-1.6604143
RBP (3′UTR),Codon,1.6968164
RBP (3′UTR),9-mer,0.053770516
RBP (3′UTR),Ribosome,2.2632005
RBP (3′UTR),Single Base,-0.11500459
RBP (3′UTR),Codon,0.14966969
RBP (3′UTR),9-mer,-0.119323425
RBP (3′UTR),Ribosome,0.55477256
RBP (3′UTR),Single Base,-0.60717
RBP (3′UTR),Codon,0.26136643
RBP (3′UTR),9-mer,0.39787838
RBP (3′UTR),Ribosome,0.9739894
RBP (3′UTR),Single Base,-2.6620512
RBP (3′UTR),Codon,2.5254571
RBP (3′UTR),9-mer,2.1591682
RBP (3′UTR),Ribosome,0.07416316
RBP (3′UTR),Single Base,-0.8055007
RBP (3′UTR),Codon,1.2929981
RBP (3′UTR),9-mer,1.0708237
RBP (3′UTR),Ribosome,-0.34977728
RBP (3′UTR),Single Base,-0.6674805
RBP (3′UTR),Codon,1.241009
RBP (3′UTR),9-mer,-0.54534334
RBP (3′UTR),Ribosome,0.32274228
RBP (3′UTR),Single Base,-1.5304854
RBP (3′UTR),Codon,2.10755
RBP (3′UTR),9-mer,0.6062472
RBP (3′UTR),Ribosome,-0.66616684
RBP (3′UTR),Single Base,0.6816818
RBP (3′UTR),Codon,-0.9057635
RBP (3′UTR),9-mer,1.1389229
RBP (3′UTR),Ribosome,-0.42985207
RBP (3′UTR),Single Base,-2.2026885
RBP (3′UTR),Codon,2.994191
RBP (3′UTR),9-mer,0.7222372
RBP (3′UTR),Ribosome,-0.8993341
RBP (3′UTR),Single Base,-1.8927276
RBP (3′UTR),Codon,3.2810838
RBP (3′UTR),9-mer,-0.66875863
RBP (3′UTR),Ribosome,1.419575
RBP (3′UTR),Single Base,0.99168116
RBP (3′UTR),Codon,0.9675349
RBP (3′UTR),9-mer,0.97811985
RBP (3′UTR),Ribosome,0.0
RBP (3′UTR),Single Base,-0.21253286
RBP (3′UTR),Codon,1.2822237
RBP (3′UTR),9-mer,-0.87833637
RBP (3′UTR),Ribosome,-1.58036
RBP (3′UTR),Single Base,0.6736128
RBP (3′UTR),Codon,0.3018958
RBP (3′UTR),9-mer,-1.2793766
RBP (3′UTR),Ribosome,0.5342605
RBP (3′UTR),Single Base,1.7124833
RBP (3′UTR),Codon,-1.7877829
RBP (3′UTR),9-mer,-0.72170913
RBP (3′UTR),Ribosome,-1.4725374
RBP (3′UTR),Single Base,-0.28590122
RBP (3′UTR),Codon,0.97846246
RBP (3′UTR),9-mer,-0.14192721
RBP (3′UTR),Ribosome,-1.8790846
RBP (3′UTR),Single Base,-3.1605225
RBP (3′UTR),Codon,4.1065845
RBP (3′UTR),9-mer,0.8892934
RBP (3′UTR),Ribosome,2.9969573
RBP (3′UTR),Single Base,-1.7742162
RBP (3′UTR),Codon,1.5340903
RBP (3′UTR),9-mer,1.1396555
RBP (3′UTR),Ribosome,2.0559115
RBP (3′UTR),Single Base,0.44921976
RBP (3′UTR),Codon,-0.33787423
RBP (3′UTR),9-mer,-0.9359085
RBP (3′UTR),Ribosome,-0.12766166
RBP (3′UTR),Single Base,1.1585691
RBP (3′UTR),Codon,-0.05258372
RBP (3′UTR),9-mer,-1.0104164
RBP (3′UTR),Ribosome,-1.6594363
RBP (3′UTR),Single Base,0.0
RBP (3′UTR),Codon,0.0
RBP (3′UTR),9-mer,0.9675349
RBP (3′UTR),Ribosome,-0.9371115
RBP (3′UTR),Single Base,-0.32911062
RBP (3′UTR),Codon,-0.03507522
RBP (3′UTR),9-mer,0.62555414
RBP (3′UTR),Ribosome,-0.14252691
RBP (3′UTR),Single Base,-2.8470213
RBP (3′UTR),Codon,3.9683504
RBP (3′UTR),9-mer,-1.9237889
RBP (3′UTR),Ribosome,0.79284054
RBP (3′UTR),Single Base,-0.97816825
RBP (3′UTR),Codon,2.457153
RBP (3′UTR),9-mer,-0.74643207
RBP (3′UTR),Ribosome,-2.5319371
RBP (3′UTR),Single Base,1.6439675
RBP (3′UTR),Codon,0.11430992
RBP (3′UTR),9-mer,-1.6054404
RBP (3′UTR),Ribosome,-2.1685958
RBP (3′UTR),Single Base,0.47893295
RBP (3′UTR),Codon,0.832188
RBP (3′UTR),9-mer,-3.0326104
RBP (3′UTR),Ribosome,0.89487064
RBP (3′UTR),Single Base,-1.424336
RBP (3′UTR),Codon,1.7740849
RBP (3′UTR),9-mer,1.1002221
RBP (3′UTR),Ribosome,1.0472716
RBP (3′UTR),Single Base,-0.9265441
RBP (3′UTR),Codon,-0.05924331
RBP (3′UTR),9-mer,1.3908782
RBP (3′UTR),Ribosome,0.8160306
RBP (3′UTR),Single Base,-0.26581812
RBP (3′UTR),Codon,1.0559652
RBP (3′UTR),9-mer,0.01623886
RBP (3′UTR),Ribosome,-0.54916865
RBP (3′UTR),Single Base,0.25032592
RBP (3′UTR),Codon,0.814107
RBP (3′UTR),9-mer,-1.0466317
RBP (3′UTR),Ribosome,-0.32355282
RBP (3′UTR),Single Base,1.2611047
RBP (3′UTR),Codon,-1.1070209
RBP (3′UTR),9-mer,0.050963625
RBP (3′UTR),Ribosome,-0.5945046
RBP (3′UTR),Single Base,-0.18055433
RBP (3′UTR),Codon,-0.25477517
RBP (3′UTR),9-mer,1.1567426
RBP (3′UTR),Ribosome,-0.15256889
RBP (3′UTR),Single Base,-1.1572124
RBP (3′UTR),Codon,0.7266161
RBP (3′UTR),9-mer,1.3807408
RBP (3′UTR),Ribosome,0.48195863
RBP (3′UTR),Single Base,-1.0430561
RBP (3′UTR),Codon,1.2965913
RBP (3′UTR),9-mer,0.48104763
RBP (3′UTR),Ribosome,-0.42937925
RBP (3′UTR),Single Base,0.8546013
RBP (3′UTR),Codon,-1.0632612
RBP (3′UTR),9-mer,1.0068749
RBP (3′UTR),Ribosome,-1.009792
RBP (3′UTR),Single Base,-0.7109261
RBP (3′UTR),Codon,0.94279015
RBP (3′UTR),9-mer,-1.033998
RBP (3′UTR),Ribosome,1.0958617
RBP (3′UTR),Single Base,0.94553524
RBP (3′UTR),Codon,-0.6695797
RBP (3′UTR),9-mer,-0.93182254
RBP (3′UTR),Ribosome,-0.578559
RBP (3′UTR),Single Base,0.89080894
RBP (3′UTR),Codon,-1.0081428
RBP (3′UTR),9-mer,-0.23302111
RBP (3′UTR),Ribosome,-1.1850079
RBP (3′UTR),Single Base,-0.4518975
RBP (3′UTR),Codon,0.81226087
RBP (3′UTR),9-mer,-0.85919803
RBP (3′UTR),Ribosome,1.0092815
RBP (3′UTR),Single Base,-1.0892476
RBP (3′UTR),Codon,2.008266
RBP (3′UTR),9-mer,-1.3957244
RBP (3′UTR),Ribosome,1.4904532
RBP (3′UTR),Single Base,1.4503613
RBP (3′UTR),Codon,-0.13578063
RBP (3′UTR),9-mer,-1.9629343
RBP (3′UTR),Ribosome,-1.8736682
RBP (3′UTR),Single Base,-1.9871447
RBP (3′UTR),Codon,0.75056064
RBP (3′UTR),9-mer,2.419901
RBP (3′UTR),Ribosome,-0.18905705
RBP (3′UTR),Single Base,-0.34418908
RBP (3′UTR),Codon,0.40585515
RBP (3′UTR),9-mer,0.42343664
RBP (3′UTR),Ribosome,-1.5988399
RBP (3′UTR),Single Base,0.28123516
RBP (3′UTR),Codon,0.15682979
RBP (3′UTR),9-mer,-1.0427511
RBP (3′UTR),Ribosome,-0.6227626
RBP (3′UTR),Single Base,-3.2063832
RBP (3′UTR),Codon,3.5472069
RBP (3′UTR),9-mer,-0.9362014
RBP (3′UTR),Ribosome,5.532969
RBP (3′UTR),Single Base,0.18168308
RBP (3′UTR),Codon,0.75282025
RBP (3′UTR),9-mer,-1.1881961
RBP (3′UTR),Ribosome,-0.9141497
RBP (3′UTR),Single Base,-0.023052875
RBP (3′UTR),Codon,-0.51101786
RBP (3′UTR),9-mer,0.95215344
RBP (3′UTR),Ribosome,-0.36384752
RBP (3′UTR),Single Base,0.8869848
RBP (3′UTR),Codon,-1.419801
RBP (3′UTR),9-mer,0.7856393
RBP (3′UTR),Ribosome,-0.81306654
RBP (3′UTR),Single Base,-2.7167463
RBP (3′UTR),Codon,2.6151848
RBP (3′UTR),9-mer,2.9997854
RBP (3′UTR),Ribosome,1.6326022
RBP (3′UTR),Single Base,-0.562778
RBP (3′UTR),Codon,0.078047894
RBP (3′UTR),9-mer,1.0914327
RBP (3′UTR),Ribosome,-0.4691385
RBP (3′UTR),Single Base,-0.615351
RBP (3′UTR),Codon,1.4624892
RBP (3′UTR),9-mer,-0.780507
RBP (3′UTR),Ribosome,-0.15925238
RBP (3′UTR),Single Base,-1.7818515
RBP (3′UTR),Codon,2.134781
RBP (3′UTR),9-mer,-0.48721707
RBP (3′UTR),Ribosome,2.3449855
RBP (3′UTR),Single Base,-1.7121753
RBP (3′UTR),Codon,2.7650366
RBP (3′UTR),9-mer,-1.8130772
RBP (3′UTR),Ribosome,-0.51333636
RBP (3′UTR),Single Base,0.48124707
RBP (3′UTR),Codon,0.113210596
RBP (3′UTR),9-mer,-0.9494586
RBP (3′UTR),Ribosome,-0.8363126
RBP (3′UTR),Single Base,-2.0689669
RBP (3′UTR),Codon,1.8731749
RBP (3′UTR),9-mer,1.0049939
RBP (3′UTR),Ribosome,0.7284942
RBP (3′UTR),Single Base,-3.1130445
RBP (3′UTR),Codon,3.5803022
RBP (3′UTR),9-mer,1.9848573
RBP (3′UTR),Ribosome,2.8348403
RBP (3′UTR),Single Base,0.39468947
RBP (3′UTR),Codon,-0.35818702
RBP (3′UTR),9-mer,-0.7205387
RBP (3′UTR),Ribosome,0.50463045
RBP (3′UTR),Single Base,0.98349965
RBP (3′UTR),Codon,0.0
RBP (3′UTR),9-mer,-0.9675349
RBP (3′UTR),Ribosome,0.0
RBP (3′UTR),Single Base,1.9190013
RBP (3′UTR),Codon,0.48828653
RBP (3′UTR),9-mer,-1.1199262
RBP (3′UTR),Ribosome,-0.6233197
RBP (3′UTR),Single Base,-0.9675349
RBP (3′UTR),Codon,-0.9675349
RBP (3′UTR),9-mer,-0.98349965
RBP (3′UTR),Ribosome,0.0
RBP (3′UTR),Single Base,-0.64449376
RBP (3′UTR),Codon,2.0856152
RBP (3′UTR),9-mer,-0.49803758
RBP (3′UTR),Ribosome,-0.379026
RBP (3′UTR),Single Base,0.73851204
RBP (3′UTR),Codon,-0.850479
RBP (3′UTR),9-mer,-0.53277844
RBP (3′UTR),Ribosome,-0.71145827
RBP (3′UTR),Single Base,-0.94376475
RBP (3′UTR),Codon,0.6934576
RBP (3′UTR),9-mer,1.1683543
RBP (3′UTR),Ribosome,-0.3825369
RBP (3′UTR),Single Base,-0.25500152
RBP (3′UTR),Codon,0.4365306
RBP (3′UTR),9-mer,-0.082682535
RBP (3′UTR),Ribosome,0.095675476
RBP (3′UTR),Single Base,0.353867
RBP (3′UTR),Codon,-0.43350038
RBP (3′UTR),9-mer,-0.09708777
RBP (3′UTR),Ribosome,-0.2651429
RBP (3′UTR),Single Base,-1.3788087
RBP (3′UTR),Codon,1.165977
RBP (3′UTR),9-mer,1.6866746
RBP (3′UTR),Ribosome,0.578384
RBP (3′UTR),Single Base,0.49556234
RBP (3′UTR),Codon,-0.40636528
RBP (3′UTR),9-mer,-0.16918743
RBP (3′UTR),Ribosome,-1.2193946
RBP (3′UTR),Single Base,0.19662182
RBP (3′UTR),Codon,0.7612247
RBP (3′UTR),9-mer,-0.798186
RBP (3′UTR),Ribosome,0.16525002
RBP (3′UTR),Single Base,0.41502059
RBP (3′UTR),Codon,-0.8366083
RBP (3′UTR),9-mer,-0.3749309
RBP (3′UTR),Ribosome,0.47761723
RBP (3′UTR),Single Base,-0.22962883
RBP (3′UTR),Codon,1.0554762
RBP (3′UTR),9-mer,-0.9818119
RBP (3′UTR),Ribosome,-0.5035683
RBP (3′UTR),Single Base,-0.12066724
RBP (3′UTR),Codon,-0.5690543
RBP (3′UTR),9-mer,1.1091663
RBP (3′UTR),Ribosome,0.26982325
RBP (3′UTR),Single Base,-2.028158
RBP (3′UTR),Codon,1.8021555
RBP (3′UTR),9-mer,0.521611
RBP (3′UTR),Ribosome,2.748089
RBP (3′UTR),Single Base,-0.4777856
RBP (3′UTR),Codon,1.064514
RBP (3′UTR),9-mer,0.2970665
RBP (3′UTR),Ribosome,0.05861578
RBP (3′UTR),Single Base,-3.0693176
RBP (3′UTR),Codon,2.7688777
RBP (3′UTR),9-mer,0.9396172
RBP (3′UTR),Ribosome,2.574414
RBP (3′UTR),Single Base,-2.362882
RBP (3′UTR),Codon,2.0917852
RBP (3′UTR),9-mer,1.0569106
RBP (3′UTR),Ribosome,-0.3426832
RBP (3′UTR),Single Base,-0.9675349
RBP (3′UTR),Codon,-0.9675349
RBP (3′UTR),9-mer,-0.98349965
RBP (3′UTR),Ribosome,-0.88166493
RBP (3′UTR),Single Base,0.6739278
RBP (3′UTR),Codon,0.023361737
RBP (3′UTR),9-mer,-0.9331349
RBP (3′UTR),Ribosome,-0.5741426
RBP (3′UTR),Single Base,0.23862472
RBP (3′UTR),Codon,-0.12281039
RBP (3′UTR),9-mer,-0.9732395
RBP (3′UTR),Ribosome,1.2561569
RBP (3′UTR),Single Base,1.4843866
RBP (3′UTR),Codon,-0.66312957
RBP (3′UTR),9-mer,-1.4672855
RBP (3′UTR),Ribosome,-0.19558448
RBP (3′UTR),Single Base,-1.6834972
RBP (3′UTR),Codon,0.67006004
RBP (3′UTR),9-mer,0.46646455
RBP (3′UTR),Ribosome,1.1586468
RBP (3′UTR),Single Base,-1.1840322
RBP (3′UTR),Codon,1.7903229
RBP (3′UTR),9-mer,-0.7955588
RBP (3′UTR),Ribosome,0.57820016
RBP (3′UTR),Single Base,0.2835894
RBP (3′UTR),Codon,0.36353472
RBP (3′UTR),9-mer,-0.52147317
RBP (3′UTR),Ribosome,-0.3148656
RBP (3′UTR),Single Base,0.26960546
RBP (3′UTR),Codon,0.17925857
RBP (3′UTR),9-mer,-0.5262342
RBP (3′UTR),Ribosome,-0.34898183
RBP (3′UTR),Single Base,2.6307144
RBP (3′UTR),Codon,-1.6797074
RBP (3′UTR),9-mer,-2.1135373
RBP (3′UTR),Ribosome,-1.3054575
RBP (3′UTR),Single Base,-1.1120088
RBP (3′UTR),Codon,1.5830088
RBP (3′UTR),9-mer,-0.19058785
RBP (3′UTR),Ribosome,0.29975894
RBP (3′UTR),Single Base,-4.0166087
RBP (3′UTR),Codon,4.965988
RBP (3′UTR),9-mer,1.7784692
RBP (3′UTR),Ribosome,3.3590734
RBP (3′UTR),Single Base,0.36772203
RBP (3′UTR),Codon,-0.35149065
RBP (3′UTR),9-mer,0.13359733
RBP (3′UTR),Ribosome,-0.56966615
RBP (3′UTR),Single Base,1.2995193
RBP (3′UTR),Codon,1.9418786
RBP (3′UTR),9-mer,-2.7716277
RBP (3′UTR),Ribosome,-0.30833754
RBP (3′UTR),Single Base,-0.84126484
RBP (3′UTR),Codon,-0.015953835
RBP (3′UTR),9-mer,1.5464975
RBP (3′UTR),Ribosome,1.3230687
RBP (3′UTR),Single Base,0.62119555
RBP (3′UTR),Codon,-0.4498166
RBP (3′UTR),9-mer,-0.79548955
RBP (3′UTR),Ribosome,-0.2507842
RBP (3′UTR),Single Base,-13.490467
RBP (3′UTR),Codon,8.500969
RBP (3′UTR),9-mer,8.390746
RBP (3′UTR),Ribosome,16.456902
RBP (3′UTR),Single Base,-2.1763086
RBP (3′UTR),Codon,1.6347727
RBP (3′UTR),9-mer,2.0777566
RBP (3′UTR),Ribosome,0.5794164
RBP (3′UTR),Single Base,1.0922692
RBP (3′UTR),Codon,0.641274
RBP (3′UTR),9-mer,-3.8363378
RBP (3′UTR),Ribosome,-1.0698105
RBP (3′UTR),Single Base,-0.09234659
RBP (3′UTR),Codon,0.8853788
RBP (3′UTR),9-mer,-1.9629588
RBP (3′UTR),Ribosome,-0.6120946
RBP (3′UTR),Single Base,-1.1285211
RBP (3′UTR),Codon,0.94127876
RBP (3′UTR),9-mer,1.6983142
RBP (3′UTR),Ribosome,0.7551452
RBP (3′UTR),Single Base,-1.2810731
RBP (3′UTR),Codon,0.986184
RBP (3′UTR),9-mer,1.2323077
RBP (3′UTR),Ribosome,1.4290732
RBP (3′UTR),Single Base,-2.519615
RBP (3′UTR),Codon,1.3733972
RBP (3′UTR),9-mer,3.3321338
RBP (3′UTR),Ribosome,2.3602965
RBP (3′UTR),Single Base,0.33260036
RBP (3′UTR),Codon,-0.544414
RBP (3′UTR),9-mer,0.78004146
RBP (3′UTR),Ribosome,-0.39246002
RBP (3′UTR),Single Base,-0.3637649
RBP (3′UTR),Codon,0.8844075
RBP (3′UTR),9-mer,-0.6970766
RBP (3′UTR),Ribosome,0.23184213
RBP (3′UTR),Single Base,1.357345
RBP (3′UTR),Codon,-1.4374756
RBP (3′UTR),9-mer,0.09340049
RBP (3′UTR),Ribosome,-1.2347279
RBP (3′UTR),Single Base,0.043179877
RBP (3′UTR),Codon,1.0711883
RBP (3′UTR),9-mer,-1.3977476
RBP (3′UTR),Ribosome,-1.9550102
RBP (3′UTR),Single Base,-0.15642387
RBP (3′UTR),Codon,0.5122903
RBP (3′UTR),9-mer,-0.2239046
RBP (3′UTR),Ribosome,-0.81120384
RBP (3′UTR),Single Base,1.5667255
RBP (3′UTR),Codon,0.84669167
RBP (3′UTR),9-mer,-4.849287
RBP (3′UTR),Ribosome,0.20091942
RBP (3′UTR),Single Base,-0.17653334
RBP (3′UTR),Codon,2.7947397
RBP (3′UTR),9-mer,-2.7314892
RBP (3′UTR),Ribosome,-0.15875474
RBP (3′UTR),Single Base,-0.6958825
RBP (3′UTR),Codon,1.2712076
RBP (3′UTR),9-mer,0.15940551
RBP (3′UTR),Ribosome,0.47248206
RBP (3′UTR),Single Base,-1.9844167
RBP (3′UTR),Codon,1.9110643
RBP (3′UTR),9-mer,1.094669
RBP (3′UTR),Ribosome,1.9011028
RBP (3′UTR),Single Base,0.40978324
RBP (3′UTR),Codon,-0.14839861
RBP (3′UTR),9-mer,-0.15643407
RBP (3′UTR),Ribosome,-0.913388
RBP (3′UTR),Single Base,1.1016434
RBP (3′UTR),Codon,-0.66573554
RBP (3′UTR),9-mer,-0.75356597
RBP (3′UTR),Ribosome,-0.5528753
RBP (3′UTR),Single Base,0.34087896
RBP (3′UTR),Codon,-0.59044266
RBP (3′UTR),9-mer,0.57182074
RBP (3′UTR),Ribosome,-0.012199874
RBP (3′UTR),Single Base,-0.6728236
RBP (3′UTR),Codon,0.15270975
RBP (3′UTR),9-mer,1.1195173
RBP (3′UTR),Ribosome,-0.05243728
RBP (3′UTR),Single Base,0.98850435
RBP (3′UTR),Codon,-0.042231075
RBP (3′UTR),9-mer,-1.4900365
RBP (3′UTR),Ribosome,-0.94571054
RBP (3′UTR),Single Base,-0.38302082
RBP (3′UTR),Codon,-0.020638019
RBP (3′UTR),9-mer,0.50102675
RBP (3′UTR),Ribosome,0.71983004
RBP (3′UTR),Single Base,0.11065568
RBP (3′UTR),Codon,0.5635048
RBP (3′UTR),9-mer,-0.5626303
RBP (3′UTR),Ribosome,-0.23533797
RBP (3′UTR),Single Base,-1.0444748
RBP (3′UTR),Codon,1.4702399
RBP (3′UTR),9-mer,0.6741513
RBP (3′UTR),Ribosome,0.971197
RBP (3′UTR),Single Base,0.58824706
RBP (3′UTR),Codon,-0.38956746
RBP (3′UTR),9-mer,-0.35599455
RBP (3′UTR),Ribosome,-0.9448634
RBP (3′UTR),Single Base,0.43324
RBP (3′UTR),Codon,0.29525608
RBP (3′UTR),9-mer,-1.8164378
RBP (3′UTR),Ribosome,1.0733219
RBP (3′UTR),Single Base,-1.0931941
RBP (3′UTR),Codon,0.9576512
RBP (3′UTR),9-mer,-0.5281348
RBP (3′UTR),Ribosome,0.8284575
RBP (3′UTR),Single Base,-4.0901184
RBP (3′UTR),Codon,9.122113
RBP (3′UTR),9-mer,2.5234888
RBP (3′UTR),Ribosome,2.515634
RBP (3′UTR),Single Base,-0.3164506
RBP (3′UTR),Codon,0.55222136
RBP (3′UTR),9-mer,0.10533833
RBP (3′UTR),Ribosome,-0.65362215
RBP (3′UTR),Single Base,-0.22359172
RBP (3′UTR),Codon,0.19892332
RBP (3′UTR),9-mer,0.2015948
RBP (3′UTR),Ribosome,0.06332099
RBP (3′UTR),Single Base,0.20634261
RBP (3′UTR),Codon,-0.057343163
RBP (3′UTR),9-mer,0.06821934
RBP (3′UTR),Ribosome,-1.2766421
RBP (3′UTR),Single Base,-1.423743
RBP (3′UTR),Codon,0.10615132
RBP (3′UTR),9-mer,0.9651693
RBP (3′UTR),Ribosome,0.8390204
RBP (3′UTR),Single Base,1.1598784
RBP (3′UTR),Codon,-1.4609896
RBP (3′UTR),9-mer,-1.0982977
RBP (3′UTR),Ribosome,-0.5945908
RBP (3′UTR),Single Base,-4.060555
RBP (3′UTR),Codon,4.779784
RBP (3′UTR),9-mer,1.0722291
RBP (3′UTR),Ribosome,1.67338
RBP (3′UTR),Single Base,1.7004634
RBP (3′UTR),Codon,-0.65380245
RBP (3′UTR),9-mer,0.008079972
RBP (3′UTR),Ribosome,-1.7358745
RBP (3′UTR),Single Base,0.38267064
RBP (3′UTR),Codon,-0.19707638
RBP (3′UTR),9-mer,-0.09308046
RBP (3′UTR),Ribosome,-0.6373477
RBP (3′UTR),Single Base,-0.24848709
RBP (3′UTR),Codon,0.32871675
RBP (3′UTR),9-mer,0.13707218
RBP (3′UTR),Ribosome,0.065278046
RBP (3′UTR),Single Base,-4.0946093
RBP (3′UTR),Codon,3.1431847
RBP (3′UTR),9-mer,3.6622906
RBP (3′UTR),Ribosome,3.0949845
RBP (3′UTR),Single Base,0.953698
RBP (3′UTR),Codon,-0.06661986
RBP (3′UTR),9-mer,-1.2154568
RBP (3′UTR),Ribosome,-1.7837051
RBP (3′UTR),Single Base,-1.378784
RBP (3′UTR),Codon,1.1450709
RBP (3′UTR),9-mer,1.3484709
RBP (3′UTR),Ribosome,1.0130057
RBP (3′UTR),Single Base,-0.63870806
RBP (3′UTR),Codon,0.64314395
RBP (3′UTR),9-mer,0.12085241
RBP (3′UTR),Ribosome,0.37414312
RBP (3′UTR),Single Base,-0.5507935
RBP (3′UTR),Codon,0.69011587
RBP (3′UTR),9-mer,0.134954
RBP (3′UTR),Ribosome,0.020949692
RBP (3′UTR),Single Base,-0.56071395
RBP (3′UTR),Codon,-0.028367799
RBP (3′UTR),9-mer,0.5463352
RBP (3′UTR),Ribosome,0.98375875
RBP (3′UTR),Single Base,-2.2974162
RBP (3′UTR),Codon,2.0939963
RBP (3′UTR),9-mer,3.3546984
RBP (3′UTR),Ribosome,-1.6499108
RBP (3′UTR),Single Base,0.9889389
RBP (3′UTR),Codon,0.9675349
RBP (3′UTR),9-mer,0.0
RBP (3′UTR),Ribosome,0.0
RBP (3′UTR),Single Base,0.032926194
RBP (3′UTR),Codon,-0.09269835
RBP (3′UTR),9-mer,0.18807755
RBP (3′UTR),Ribosome,-0.2675538
RBP (3′UTR),Single Base,-0.98349965
RBP (3′UTR),Codon,0.9675349
RBP (3′UTR),9-mer,-0.9371115
RBP (3′UTR),Ribosome,0.88166493
RBP (3′UTR),Single Base,-2.953015
RBP (3′UTR),Codon,4.0966835
RBP (3′UTR),9-mer,1.4433037
RBP (3′UTR),Ribosome,1.1057832
RBP (3′UTR),Single Base,-1.1964529
RBP (3′UTR),Codon,1.8746245
RBP (3′UTR),9-mer,-0.5265612
RBP (3′UTR),Ribosome,0.38064823
RBP (3′UTR),Single Base,-0.9204811
RBP (3′UTR),Codon,0.30320683
RBP (3′UTR),9-mer,1.0976834
RBP (3′UTR),Ribosome,0.9398472
RBP (3′UTR),Single Base,-0.9335855
RBP (3′UTR),Codon,0.4816211
RBP (3′UTR),9-mer,0.4547734
RBP (3′UTR),Ribosome,-0.18060033
RBP (3′UTR),Single Base,-3.016724
RBP (3′UTR),Codon,5.723311
RBP (3′UTR),9-mer,-0.83741087
RBP (3′UTR),Ribosome,0.7487503
RBP (3′UTR),Single Base,-1.8607658
RBP (3′UTR),Codon,2.5907006
RBP (3′UTR),9-mer,0.76190364
RBP (3′UTR),Ribosome,0.34378678
RBP (3′UTR),Single Base,0.7822441
RBP (3′UTR),Codon,-1.2260326
RBP (3′UTR),9-mer,-0.3970784
RBP (3′UTR),Ribosome,1.518799
RBP (3′UTR),Single Base,-9.120842
RBP (3′UTR),Codon,8.321757
RBP (3′UTR),9-mer,-1.234871
RBP (3′UTR),Ribosome,1.838253
RBP (3′UTR),Single Base,0.92721456
RBP (3′UTR),Codon,0.14650138
RBP (3′UTR),9-mer,-0.7956504
RBP (3′UTR),Ribosome,-0.7044788
RBP (3′UTR),Single Base,-0.736875
RBP (3′UTR),Codon,0.9693976
RBP (3′UTR),9-mer,0.07638532
RBP (3′UTR),Ribosome,1.1062216
RBP (3′UTR),Single Base,-1.1108588
RBP (3′UTR),Codon,0.99709284
RBP (3′UTR),9-mer,1.4124972
RBP (3′UTR),Ribosome,1.0365833
RBP (3′UTR),Single Base,0.48618007
RBP (3′UTR),Codon,-0.3082359
RBP (3′UTR),9-mer,0.30727628
RBP (3′UTR),Ribosome,-0.8474157
RBP (3′UTR),Single Base,0.62378436
RBP (3′UTR),Codon,-0.6182651
RBP (3′UTR),9-mer,0.21658725
RBP (3′UTR),Ribosome,-1.5994931
RBP (3′UTR),Single Base,0.18635672
RBP (3′UTR),Codon,-0.047846466
RBP (3′UTR),9-mer,-0.7805325
RBP (3′UTR),Ribosome,0.8992957
RBP (3′UTR),Single Base,0.0
RBP (3′UTR),Codon,0.98349965
RBP (3′UTR),9-mer,0.9675349
RBP (3′UTR),Ribosome,0.0
RBP (3′UTR),Single Base,-4.1519237
RBP (3′UTR),Codon,2.7643237
RBP (3′UTR),9-mer,3.456995
RBP (3′UTR),Ribosome,2.5775414
RBP (3′UTR),Single Base,0.038800977
RBP (3′UTR),Codon,-0.057575658
RBP (3′UTR),9-mer,0.43081608
RBP (3′UTR),Ribosome,-0.8996699
RBP (3′UTR),Single Base,-1.2822918
RBP (3′UTR),Codon,-0.02241823
RBP (3′UTR),9-mer,1.6745214
RBP (3′UTR),Ribosome,1.1904659
RBP (3′UTR),Single Base,-0.7093975
RBP (3′UTR),Codon,0.38261688
RBP (3′UTR),9-mer,1.0058228
RBP (3′UTR),Ribosome,-0.26107165
RBP (3′UTR),Single Base,-1.5191194
RBP (3′UTR),Codon,1.7228281
RBP (3′UTR),9-mer,-0.26301524
RBP (3′UTR),Ribosome,2.372988
RBP (3′UTR),Single Base,-0.6853919
RBP (3′UTR),Codon,0.86347735
RBP (3′UTR),9-mer,-0.44202638
RBP (3′UTR),Ribosome,1.3547218
RBP (3′UTR),Single Base,0.2171361
RBP (3′UTR),Codon,0.6756373
RBP (3′UTR),9-mer,-0.51226836
RBP (3′UTR),Ribosome,-0.8326654
RBP (3′UTR),Single Base,-0.30030957
RBP (3′UTR),Codon,0.82644093
RBP (3′UTR),9-mer,0.116242774
RBP (3′UTR),Ribosome,-0.6410174
RBP (3′UTR),Single Base,0.31051263
RBP (3′UTR),Codon,0.2719967
RBP (3′UTR),9-mer,-0.34261063
RBP (3′UTR),Ribosome,-0.97030973
RBP (3′UTR),Single Base,0.24117492
RBP (3′UTR),Codon,0.473343
RBP (3′UTR),9-mer,-0.90779644
RBP (3′UTR),Ribosome,-0.76265013
RBP (3′UTR),Single Base,-0.37210906
RBP (3′UTR),Codon,0.032768324
RBP (3′UTR),9-mer,0.23493217
RBP (3′UTR),Ribosome,0.9018086
RBP (3′UTR),Single Base,0.9675349
RBP (3′UTR),Codon,-0.97811985
RBP (3′UTR),9-mer,0.9675349
RBP (3′UTR),Ribosome,0.0
RBP (3′UTR),Single Base,-2.7669702
RBP (3′UTR),Codon,4.1044836
RBP (3′UTR),9-mer,-1.6876448
RBP (3′UTR),Ribosome,-0.061513312
RBP (3′UTR),Single Base,-4.4156466
RBP (3′UTR),Codon,4.622923
RBP (3′UTR),9-mer,-0.41277155
RBP (3′UTR),Ribosome,4.7324038
RBP (3′UTR),Single Base,-0.871358
RBP (3′UTR),Codon,0.9518283
RBP (3′UTR),9-mer,-0.47314346
RBP (3′UTR),Ribosome,0.45833448
RBP (3′UTR),Single Base,-1.3390576
RBP (3′UTR),Codon,0.6342482
RBP (3′UTR),9-mer,2.1061335
RBP (3′UTR),Ribosome,0.048379615
RBP (3′UTR),Single Base,-0.6751228
RBP (3′UTR),Codon,0.5623851
RBP (3′UTR),9-mer,0.68408823
RBP (3′UTR),Ribosome,0.28400895
RBP (3′UTR),Single Base,1.1439035
RBP (3′UTR),Codon,0.47980815
RBP (3′UTR),9-mer,-2.7886677
RBP (3′UTR),Ribosome,-1.2577293
RBP (3′UTR),Single Base,0.45214042
RBP (3′UTR),Codon,0.17646553
RBP (3′UTR),9-mer,-1.0014639
RBP (3′UTR),Ribosome,-0.7434061
RBP (3′UTR),Single Base,-1.9151181
RBP (3′UTR),Codon,2.0068998
RBP (3′UTR),9-mer,1.2855703
RBP (3′UTR),Ribosome,0.5114069
RBP (3′UTR),Single Base,0.97761154
RBP (3′UTR),Codon,-0.8595959
RBP (3′UTR),9-mer,-0.34400308
RBP (3′UTR),Ribosome,0.27026442
RBP (3′UTR),Single Base,-0.9486583
RBP (3′UTR),Codon,0.5188322
RBP (3′UTR),9-mer,1.824817
RBP (3′UTR),Ribosome,-0.28695136
RBP (3′UTR),Single Base,0.9675349
RBP (3′UTR),Codon,0.98349965
RBP (3′UTR),9-mer,0.98349965
RBP (3′UTR),Ribosome,-0.9371115
RBP (3′UTR),Single Base,0.09207129
RBP (3′UTR),Codon,-0.044953264
RBP (3′UTR),9-mer,-0.011087409
RBP (3′UTR),Ribosome,-0.26943147
RBP (3′UTR),Single Base,1.523686
RBP (3′UTR),Codon,-1.2473181
RBP (3′UTR),9-mer,-1.8149256
RBP (3′UTR),Ribosome,-1.1065342
RBP (3′UTR),Single Base,1.2479444
RBP (3′UTR),Codon,-0.8791435
RBP (3′UTR),9-mer,-1.3370014
RBP (3′UTR),Ribosome,-1.018291
RBP (3′UTR),Single Base,-2.7065516
RBP (3′UTR),Codon,1.3088036
RBP (3′UTR),9-mer,2.9394805
RBP (3′UTR),Ribosome,1.744232
RBP (3′UTR),Single Base,-0.72162527
RBP (3′UTR),Codon,-0.20755881
RBP (3′UTR),9-mer,2.2981396
RBP (3′UTR),Ribosome,-0.48173532
RBP (3′UTR),Single Base,-1.6206377
RBP (3′UTR),Codon,0.45791855
RBP (3′UTR),9-mer,0.8144088
RBP (3′UTR),Ribosome,0.47547027
RBP (3′UTR),Single Base,0.16866462
RBP (3′UTR),Codon,2.414006
RBP (3′UTR),9-mer,-0.7940868
RBP (3′UTR),Ribosome,-1.420075
RBP (3′UTR),Single Base,0.27582335
RBP (3′UTR),Codon,-0.20276487
RBP (3′UTR),9-mer,-0.047433484
RBP (3′UTR),Ribosome,-0.17516021
RBP (3′UTR),Single Base,1.712862
RBP (3′UTR),Codon,-1.9741045
RBP (3′UTR),9-mer,1.0635177
RBP (3′UTR),Ribosome,-1.0525069
RBP (3′UTR),Single Base,0.28651914
RBP (3′UTR),Codon,0.23790519
RBP (3′UTR),9-mer,-0.68375003
RBP (3′UTR),Ribosome,-0.70218503
RBP (3′UTR),Single Base,-0.65942734
RBP (3′UTR),Codon,0.49775174
RBP (3′UTR),9-mer,0.54250383
RBP (3′UTR),Ribosome,0.8062417
RBP (3′UTR),Single Base,-2.1545827
RBP (3′UTR),Codon,0.2475133
RBP (3′UTR),9-mer,3.0316582
RBP (3′UTR),Ribosome,1.0586556
RBP (3′UTR),Single Base,0.40125647
RBP (3′UTR),Codon,0.27816796
RBP (3′UTR),9-mer,-1.5387517
RBP (3′UTR),Ribosome,-0.39171466
RBP (3′UTR),Single Base,-2.8245316
RBP (3′UTR),Codon,1.7955645
RBP (3′UTR),9-mer,3.3352334
RBP (3′UTR),Ribosome,1.811033
RBP (3′UTR),Single Base,-0.52379906
RBP (3′UTR),Codon,1.2340406
RBP (3′UTR),9-mer,-0.4117577
RBP (3′UTR),Ribosome,-0.41498616
RBP (3′UTR),Single Base,-0.6098959
RBP (3′UTR),Codon,1.1532592
RBP (3′UTR),9-mer,-0.5099618
RBP (3′UTR),Ribosome,-0.031030418
RBP (3′UTR),Single Base,-2.0734446
RBP (3′UTR),Codon,2.1473231
RBP (3′UTR),9-mer,-1.7092991
RBP (3′UTR),Ribosome,0.33673808
RBP (3′UTR),Single Base,1.1244189
RBP (3′UTR),Codon,-0.87480587
RBP (3′UTR),9-mer,-0.16227287
RBP (3′UTR),Ribosome,-1.0623194
RBP (3′UTR),Single Base,0.51684827
RBP (3′UTR),Codon,-0.689571
RBP (3′UTR),9-mer,0.12921526
RBP (3′UTR),Ribosome,-0.6428653
RBP (3′UTR),Single Base,-1.1616175
RBP (3′UTR),Codon,1.2388469
RBP (3′UTR),9-mer,-0.14340131
RBP (3′UTR),Ribosome,0.9012133
RBP (3′UTR),Single Base,-1.3094866
RBP (3′UTR),Codon,2.3319938
RBP (3′UTR),9-mer,-1.1489106
RBP (3′UTR),Ribosome,2.0993536
RBP (3′UTR),Single Base,0.55251807
RBP (3′UTR),Codon,-0.3085592
RBP (3′UTR),9-mer,-0.74799263
RBP (3′UTR),Ribosome,-0.55862796
RBP (3′UTR),Single Base,-0.72826856
RBP (3′UTR),Codon,0.6074886
RBP (3′UTR),9-mer,0.83972764
RBP (3′UTR),Ribosome,-0.62262386
RBP (3′UTR),Single Base,-1.7376646
RBP (3′UTR),Codon,2.9291904
RBP (3′UTR),9-mer,-3.0918605
RBP (3′UTR),Ribosome,0.45090944
RBP (3′UTR),Single Base,-0.19944185
RBP (3′UTR),Codon,0.658133
RBP (3′UTR),9-mer,-0.17076293
RBP (3′UTR),Ribosome,-2.4821703
RBP (3′UTR),Single Base,0.51715666
RBP (3′UTR),Codon,0.083231956
RBP (3′UTR),9-mer,-0.8915344
RBP (3′UTR),Ribosome,-0.38009366
RBP (3′UTR),Single Base,-2.0966883
RBP (3′UTR),Codon,3.2254984
RBP (3′UTR),9-mer,1.9046589
RBP (3′UTR),Ribosome,-0.85710293
RBP (3′UTR),Single Base,0.34555253
RBP (3′UTR),Codon,-1.0739366
RBP (3′UTR),9-mer,0.65528274
RBP (3′UTR),Ribosome,0.06804301
RBP (3′UTR),Single Base,1.124559
RBP (3′UTR),Codon,-1.0186085
RBP (3′UTR),9-mer,-1.0182462
RBP (3′UTR),Ribosome,-0.9084311
RBP (3′UTR),Single Base,-0.16128641
RBP (3′UTR),Codon,0.32832685
RBP (3′UTR),9-mer,-0.21486084
RBP (3′UTR),Ribosome,0.017530948
RBP (3′UTR),Single Base,2.9626746
RBP (3′UTR),Codon,0.9897643
RBP (3′UTR),9-mer,-3.8323202
RBP (3′UTR),Ribosome,-0.5918307
RBP (3′UTR),Single Base,0.074225366
RBP (3′UTR),Codon,-0.09195739
RBP (3′UTR),9-mer,0.10334841
RBP (3′UTR),Ribosome,-0.26703197
RBP (3′UTR),Single Base,-0.68751943
RBP (3′UTR),Codon,1.0682459
RBP (3′UTR),9-mer,0.09408398
RBP (3′UTR),Ribosome,0.79600704
RBP (3′UTR),Single Base,-0.99050313
RBP (3′UTR),Codon,1.0332524
RBP (3′UTR),9-mer,1.9047961
RBP (3′UTR),Ribosome,-0.37216005
RBP (3′UTR),Single Base,-0.5461387
RBP (3′UTR),Codon,-0.38547003
RBP (3′UTR),9-mer,1.4784042
RBP (3′UTR),Ribosome,0.20614874
RBP (3′UTR),Single Base,1.3565032
RBP (3′UTR),Codon,-0.88135594
RBP (3′UTR),9-mer,-0.99169016
RBP (3′UTR),Ribosome,-1.4584736
RBP (3′UTR),Single Base,0.0025266518
RBP (3′UTR),Codon,-0.51193565
RBP (3′UTR),9-mer,0.35805428
RBP (3′UTR),Ribosome,0.36497787
RBP (3′UTR),Single Base,-3.8877208
RBP (3′UTR),Codon,4.138329
RBP (3′UTR),9-mer,0.5712415
RBP (3′UTR),Ribosome,4.288073
RBP (3′UTR),Single Base,-1.0396849
RBP (3′UTR),Codon,1.1513757
RBP (3′UTR),9-mer,0.43695152
RBP (3′UTR),Ribosome,0.56877047
RBP (3′UTR),Single Base,-0.79879093
RBP (3′UTR),Codon,1.2589382
RBP (3′UTR),9-mer,-0.2626429
RBP (3′UTR),Ribosome,-0.59132403
RBP (3′UTR),Single Base,0.12132742
RBP (3′UTR),Codon,-0.044704404
RBP (3′UTR),9-mer,-0.012767618
RBP (3′UTR),Ribosome,-0.3338351
RBP (3′UTR),Single Base,-0.09087814
RBP (3′UTR),Codon,0.002325645
RBP (3′UTR),9-mer,0.27666923
RBP (3′UTR),Ribosome,-0.036453705
RBP (3′UTR),Single Base,-0.49467555
RBP (3′UTR),Codon,1.0409366
RBP (3′UTR),9-mer,-0.083396725
RBP (3′UTR),Ribosome,-0.7718556
RBP (3′UTR),Single Base,-0.70472914
RBP (3′UTR),Codon,-0.18021506
RBP (3′UTR),9-mer,1.0733001
RBP (3′UTR),Ribosome,0.91232
RBP (3′UTR),Single Base,-0.98349965
RBP (3′UTR),Codon,0.0
RBP (3′UTR),9-mer,0.98349965
RBP (3′UTR),Ribosome,-0.9371115
RBP (3′UTR),Single Base,-2.2968297
RBP (3′UTR),Codon,1.228335
RBP (3′UTR),9-mer,2.1302097
RBP (3′UTR),Ribosome,1.4851342
RBP (3′UTR),Single Base,-0.34824023
RBP (3′UTR),Codon,1.1402086
RBP (3′UTR),9-mer,-0.8573327
RBP (3′UTR),Ribosome,-0.38617864
RBP (3′UTR),Single Base,-0.4990845
RBP (3′UTR),Codon,0.73662096
RBP (3′UTR),9-mer,0.089453205
RBP (3′UTR),Ribosome,0.16045293
RBP (3′UTR),Single Base,-2.3670628
RBP (3′UTR),Codon,2.1187081
RBP (3′UTR),9-mer,2.075942
RBP (3′UTR),Ribosome,2.029446
RBP (3′UTR),Single Base,-0.56007755
RBP (3′UTR),Codon,0.82700664
RBP (3′UTR),9-mer,-0.38584
RBP (3′UTR),Ribosome,0.2574106
RBP (3′UTR),Single Base,-0.22079255
RBP (3′UTR),Codon,0.55213743
RBP (3′UTR),9-mer,-0.4548086
RBP (3′UTR),Ribosome,0.25919133
RBP (3′UTR),Single Base,0.72039634
RBP (3′UTR),Codon,0.057378713
RBP (3′UTR),9-mer,-1.1683208
RBP (3′UTR),Ribosome,-0.26428404
RBP (3′UTR),Single Base,0.91547865
RBP (3′UTR),Codon,-0.76698565
RBP (3′UTR),9-mer,-0.8593486
RBP (3′UTR),Ribosome,-1.0723261
RBP (3′UTR),Single Base,-1.1003672
RBP (3′UTR),Codon,1.0416266
RBP (3′UTR),9-mer,1.0571961
RBP (3′UTR),Ribosome,-0.18828218
RBP (3′UTR),Single Base,1.1064799
RBP (3′UTR),Codon,-1.359958
RBP (3′UTR),9-mer,-0.41515222
RBP (3′UTR),Ribosome,0.9071969
RBP (3′UTR),Single Base,0.46125564
RBP (3′UTR),Codon,-0.563156
RBP (3′UTR),9-mer,0.8341149
RBP (3′UTR),Ribosome,-1.6382186
RBP (3′UTR),Single Base,0.9675349
RBP (3′UTR),Codon,-0.9675349
RBP (3′UTR),9-mer,0.98349965
RBP (3′UTR),Ribosome,-0.88166493
RBP (3′UTR),Single Base,0.25419232
RBP (3′UTR),Codon,-0.9547707
RBP (3′UTR),9-mer,0.55372727
RBP (3′UTR),Ribosome,0.3425049
RBP (3′UTR),Single Base,0.24320872
RBP (3′UTR),Codon,-0.7926841
RBP (3′UTR),9-mer,1.7300016
RBP (3′UTR),Ribosome,-0.4479802
RBP (3′UTR),Single Base,-1.5301355
RBP (3′UTR),Codon,1.0108209
RBP (3′UTR),9-mer,1.4695762
RBP (3′UTR),Ribosome,2.7634873
RBP (3′UTR),Single Base,-2.5124645
RBP (3′UTR),Codon,5.4048247
RBP (3′UTR),9-mer,-1.1648163
RBP (3′UTR),Ribosome,-0.6017397
RBP (3′UTR),Single Base,0.06789005
RBP (3′UTR),Codon,-0.4976991
RBP (3′UTR),9-mer,0.70906234
RBP (3′UTR),Ribosome,-0.14224
RBP (3′UTR),Single Base,0.55213636
RBP (3′UTR),Codon,-0.247967
RBP (3′UTR),9-mer,-0.55198365
RBP (3′UTR),Ribosome,-1.1577685
RBP (3′UTR),Single Base,-1.4019718
RBP (3′UTR),Codon,2.3993053
RBP (3′UTR),9-mer,0.31812176
RBP (3′UTR),Ribosome,-0.8508038
RBP (3′UTR),Single Base,-0.40258238
RBP (3′UTR),Codon,0.24803692
RBP (3′UTR),9-mer,0.8998692
RBP (3′UTR),Ribosome,-0.71872586
RBP (3′UTR),Single Base,1.354801
RBP (3′UTR),Codon,-0.39054728
RBP (3′UTR),9-mer,-1.6066058
RBP (3′UTR),Ribosome,-1.543542
RBP (3′UTR),Single Base,0.13733214
RBP (3′UTR),Codon,0.6120979
RBP (3′UTR),9-mer,-0.8511612
RBP (3′UTR),Ribosome,-0.7055464
RBP (3′UTR),Single Base,0.10621423
RBP (3′UTR),Codon,0.03963031
RBP (3′UTR),9-mer,0.042070407
RBP (3′UTR),Ribosome,-0.6531751
RBP (3′UTR),Single Base,-0.8484704
RBP (3′UTR),Codon,0.9910915
RBP (3′UTR),9-mer,0.5636199
RBP (3′UTR),Ribosome,0.12123261
RBP (3′UTR),Single Base,-3.2485287
RBP (3′UTR),Codon,4.0707493
RBP (3′UTR),9-mer,0.59590954
RBP (3′UTR),Ribosome,1.1314007
RBP (3′UTR),Single Base,-0.98349965
RBP (3′UTR),Codon,0.9675349
RBP (3′UTR),9-mer,0.0
RBP (3′UTR),Ribosome,0.0
RBP (3′UTR),Single Base,-0.07853357
RBP (3′UTR),Codon,0.078897014
RBP (3′UTR),9-mer,0.37314558
RBP (3′UTR),Ribosome,-0.20243207
RBP (3′UTR),Single Base,0.879794
RBP (3′UTR),Codon,-1.2634457
RBP (3′UTR),9-mer,1.3916234
RBP (3′UTR),Ribosome,-1.0155674
RBP (3′UTR),Single Base,-0.2912058
RBP (3′UTR),Codon,0.044017635
RBP (3′UTR),9-mer,0.3069479
RBP (3′UTR),Ribosome,1.2111189
RBP (3′UTR),Single Base,-1.2368221
RBP (3′UTR),Codon,1.1155797
RBP (3′UTR),9-mer,1.1125898
RBP (3′UTR),Ribosome,0.16172889
RBP (3′UTR),Single Base,-0.68712974
RBP (3′UTR),Codon,0.7998999
RBP (3′UTR),9-mer,0.24698013
RBP (3′UTR),Ribosome,0.33002314
RBP (3′UTR),Single Base,-8.121653
RBP (3′UTR),Codon,9.562844
RBP (3′UTR),9-mer,2.21301
RBP (3′UTR),Ribosome,7.529852
RBP (3′UTR),Single Base,1.6028619
RBP (3′UTR),Codon,-1.312435
RBP (3′UTR),9-mer,-1.3456168
RBP (3′UTR),Ribosome,-1.8798131
RBP (3′UTR),Single Base,-1.1415987
RBP (3′UTR),Codon,0.98366797
RBP (3′UTR),9-mer,0.9382339
RBP (3′UTR),Ribosome,0.8218554
RBP (3′UTR),Single Base,-2.3517966
RBP (3′UTR),Codon,2.040924
RBP (3′UTR),9-mer,0.7585454
RBP (3′UTR),Ribosome,0.7480373
RBP (3′UTR),Single Base,1.164872
RBP (3′UTR),Codon,0.8898059
RBP (3′UTR),9-mer,-1.482842
RBP (3′UTR),Ribosome,-0.47585988
RBP (3′UTR),Single Base,1.2149209
RBP (3′UTR),Codon,-0.4607522
RBP (3′UTR),9-mer,-0.8246213
RBP (3′UTR),Ribosome,-0.9816483
RBP (3′UTR),Single Base,-0.44550338
RBP (3′UTR),Codon,-0.19979897
RBP (3′UTR),9-mer,0.47649246
RBP (3′UTR),Ribosome,0.96359855
RBP (3′UTR),Single Base,-0.9578591
RBP (3′UTR),Codon,-0.38201538
RBP (3′UTR),9-mer,1.869047
RBP (3′UTR),Ribosome,0.4168907
RBP (3′UTR),Single Base,1.631011
RBP (3′UTR),Codon,-0.41513798
RBP (3′UTR),9-mer,-4.3292413
RBP (3′UTR),Ribosome,-0.9335493
RBP (3′UTR),Single Base,0.021179901
RBP (3′UTR),Codon,-0.4146617
RBP (3′UTR),9-mer,1.4993949
RBP (3′UTR),Ribosome,-0.29209554
RBP (3′UTR),Single Base,0.5592806
RBP (3′UTR),Codon,-0.14969924
RBP (3′UTR),9-mer,-0.8269478
RBP (3′UTR),Ribosome,0.2555672
RBP (3′UTR),Single Base,0.017355384
RBP (3′UTR),Codon,0.6474718
RBP (3′UTR),9-mer,-0.809876
RBP (3′UTR),Ribosome,-0.3016188
RBP (3′UTR),Single Base,3.6433377
RBP (3′UTR),Codon,-1.1949703
RBP (3′UTR),9-mer,-2.5529644
RBP (3′UTR),Ribosome,-4.2396574
RBP (3′UTR),Single Base,-0.53838915
RBP (3′UTR),Codon,-0.40463734
RBP (3′UTR),9-mer,0.8510451
RBP (3′UTR),Ribosome,0.8987671
RBP (3′UTR),Single Base,-1.1147113
RBP (3′UTR),Codon,1.6649199
RBP (3′UTR),9-mer,0.66652113
RBP (3′UTR),Ribosome,0.48072368
RBP (3′UTR),Single Base,2.3899152
RBP (3′UTR),Codon,-2.3501499
RBP (3′UTR),9-mer,-1.9304042
RBP (3′UTR),Ribosome,-0.9810376
RBP (3′UTR),Single Base,1.9102196
RBP (3′UTR),Codon,-1.2314603
RBP (3′UTR),9-mer,-1.0995605
RBP (3′UTR),Ribosome,-2.3393116
RBP (3′UTR),Single Base,-0.69565004
RBP (3′UTR),Codon,1.507556
RBP (3′UTR),9-mer,-0.4890634
RBP (3′UTR),Ribosome,0.29568392
RBP (3′UTR),Single Base,-1.4717432
RBP (3′UTR),Codon,0.4444511
RBP (3′UTR),9-mer,0.8833165
RBP (3′UTR),Ribosome,-0.41815934
RBP (3′UTR),Single Base,-0.5692084
RBP (3′UTR),Codon,0.5053453
RBP (3′UTR),9-mer,0.9510308
RBP (3′UTR),Ribosome,0.19502592
RBP (3′UTR),Single Base,-1.7513884
RBP (3′UTR),Codon,2.3558474
RBP (3′UTR),9-mer,0.45991838
RBP (3′UTR),Ribosome,-2.0871537
RBP (3′UTR),Single Base,-0.3707307
RBP (3′UTR),Codon,0.7904282
RBP (3′UTR),9-mer,-0.8966578
RBP (3′UTR),Ribosome,-0.14505136
RBP (3′UTR),Single Base,-2.1926394
RBP (3′UTR),Codon,1.9327812
RBP (3′UTR),9-mer,1.4507684
RBP (3′UTR),Ribosome,2.3219664
RBP (3′UTR),Single Base,1.1771088
RBP (3′UTR),Codon,-1.0490656
RBP (3′UTR),9-mer,-1.0333788
RBP (3′UTR),Ribosome,-0.7600951
RBP (3′UTR),Single Base,-0.8249429
RBP (3′UTR),Codon,0.8271202
RBP (3′UTR),9-mer,0.40402794
RBP (3′UTR),Ribosome,0.6202838
RBP (3′UTR),Single Base,-1.412482
RBP (3′UTR),Codon,0.23925027
RBP (3′UTR),9-mer,1.636876
RBP (3′UTR),Ribosome,2.157492
RBP (3′UTR),Single Base,0.3552878
RBP (3′UTR),Codon,0.117034465
RBP (3′UTR),9-mer,-0.33160755
RBP (3′UTR),Ribosome,-0.7628326
RBP (3′UTR),Single Base,-0.6811723
RBP (3′UTR),Codon,0.25641924
RBP (3′UTR),9-mer,0.3445642
RBP (3′UTR),Ribosome,1.4676243
RBP (3′UTR),Single Base,1.3033193
RBP (3′UTR),Codon,-1.150537
RBP (3′UTR),9-mer,0.5919867
RBP (3′UTR),Ribosome,-1.2003775
RBP (3′UTR),Single Base,0.34552827
RBP (3′UTR),Codon,0.7162519
RBP (3′UTR),9-mer,-2.3610291
RBP (3′UTR),Ribosome,-2.9683726
RBP (3′UTR),Single Base,0.4783381
RBP (3′UTR),Codon,-0.050487638
RBP (3′UTR),9-mer,-1.0715904
RBP (3′UTR),Ribosome,-0.18217652
RBP (3′UTR),Single Base,0.98349965
RBP (3′UTR),Codon,-0.9675349
RBP (3′UTR),9-mer,0.9371115
RBP (3′UTR),Ribosome,0.88166493
RBP (3′UTR),Single Base,-2.9620028
RBP (3′UTR),Codon,2.6524181
RBP (3′UTR),9-mer,1.4339972
RBP (3′UTR),Ribosome,3.1222684
RBP (3′UTR),Single Base,1.1870757
RBP (3′UTR),Codon,-1.0931765
RBP (3′UTR),9-mer,-0.8073815
RBP (3′UTR),Ribosome,-1.2365828
RBP (3′UTR),Single Base,-0.423079
RBP (3′UTR),Codon,1.8335607
RBP (3′UTR),9-mer,-1.1840836
RBP (3′UTR),Ribosome,-0.7403077
RBP (3′UTR),Single Base,-1.3390695
RBP (3′UTR),Codon,1.5126785
RBP (3′UTR),9-mer,0.27452746
RBP (3′UTR),Ribosome,1.4033599
RBP (3′UTR),Single Base,-0.81234086
RBP (3′UTR),Codon,1.1121025
RBP (3′UTR),9-mer,-0.011208532
RBP (3′UTR),Ribosome,0.37491393
RBP (3′UTR),Single Base,-2.8722818
RBP (3′UTR),Codon,3.2338424
RBP (3′UTR),9-mer,1.6619444
RBP (3′UTR),Ribosome,1.1004741
RBP (3′UTR),Single Base,0.4168766
RBP (3′UTR),Codon,-0.38049522
RBP (3′UTR),9-mer,0.19442883
RBP (3′UTR),Ribosome,-1.3327947
RBP (3′UTR),Single Base,1.6679733
RBP (3′UTR),Codon,-1.5196525
RBP (3′UTR),9-mer,0.4132633
RBP (3′UTR),Ribosome,-0.66279185
RBP (3′UTR),Single Base,0.28186396
RBP (3′UTR),Codon,1.094294
RBP (3′UTR),9-mer,-2.2466712
RBP (3′UTR),Ribosome,-0.1356851
RBP (3′UTR),Single Base,-0.64975077
RBP (3′UTR),Codon,-0.077023335
RBP (3′UTR),9-mer,0.8887124
RBP (3′UTR),Ribosome,2.1764157
RBP (3′UTR),Single Base,-0.13503473
RBP (3′UTR),Codon,0.54065096
RBP (3′UTR),9-mer,-1.0457656
RBP (3′UTR),Ribosome,0.609324
RBP (3′UTR),Single Base,-0.5211618
RBP (3′UTR),Codon,0.20555499
RBP (3′UTR),9-mer,0.35004905
RBP (3′UTR),Ribosome,0.93876475
RBP (3′UTR),Single Base,-0.3296004
RBP (3′UTR),Codon,0.28955802
RBP (3′UTR),9-mer,0.51284033
RBP (3′UTR),Ribosome,0.28004718
RBP (3′UTR),Single Base,-1.5569848
RBP (3′UTR),Codon,1.7487303
RBP (3′UTR),9-mer,0.8664399
RBP (3′UTR),Ribosome,0.17151964
RBP (3′UTR),Single Base,-0.69844025
RBP (3′UTR),Codon,1.0884206
RBP (3′UTR),9-mer,-1.6093849
RBP (3′UTR),Ribosome,1.3367891
RBP (3′UTR),Single Base,-1.0472413
RBP (3′UTR),Codon,1.9646798
RBP (3′UTR),9-mer,0.601423
RBP (3′UTR),Ribosome,-0.39405087
RBP (3′UTR),Single Base,-1.0800238
RBP (3′UTR),Codon,0.55682814
RBP (3′UTR),9-mer,1.5345247
RBP (3′UTR),Ribosome,1.396669
RBP (3′UTR),Single Base,-1.1619341
RBP (3′UTR),Codon,1.4932812
RBP (3′UTR),9-mer,0.7058268
RBP (3′UTR),Ribosome,0.39504245
RBP (3′UTR),Single Base,-3.05766
RBP (3′UTR),Codon,3.6594102
RBP (3′UTR),9-mer,1.5497185
RBP (3′UTR),Ribosome,3.0120103
RBP (3′UTR),Single Base,-0.63413346
RBP (3′UTR),Codon,0.48629445
RBP (3′UTR),9-mer,-0.35975614
RBP (3′UTR),Ribosome,0.7579606
RBP (3′UTR),Single Base,0.0
RBP (3′UTR),Codon,0.97811985
RBP (3′UTR),9-mer,-0.97811985
RBP (3′UTR),Ribosome,0.88166493
RBP (3′UTR),Single Base,1.7643334
RBP (3′UTR),Codon,-1.6178558
RBP (3′UTR),9-mer,-0.9252677
RBP (3′UTR),Ribosome,0.50090677
RBP (3′UTR),Single Base,0.25451097
RBP (3′UTR),Codon,-0.19799174
RBP (3′UTR),9-mer,-0.28546423
RBP (3′UTR),Ribosome,-0.18359666
RBP (3′UTR),Single Base,-0.5323543
RBP (3′UTR),Codon,-0.95152164
RBP (3′UTR),9-mer,1.36843
RBP (3′UTR),Ribosome,1.1837194
RBP (3′UTR),Single Base,-0.99168116
RBP (3′UTR),Codon,-0.9675349
RBP (3′UTR),9-mer,0.0
RBP (3′UTR),Ribosome,0.0
RBP (3′UTR),Single Base,0.50085914
RBP (3′UTR),Codon,-0.7114286
RBP (3′UTR),9-mer,0.44629228
RBP (3′UTR),Ribosome,-1.2570618
RBP (3′UTR),Single Base,-0.5742598
RBP (3′UTR),Codon,0.72198904
RBP (3′UTR),9-mer,0.27189735
RBP (3′UTR),Ribosome,0.4340343
RBP (3′UTR),Single Base,-3.2410085
RBP (3′UTR),Codon,4.0661693
RBP (3′UTR),9-mer,1.3858241
RBP (3′UTR),Ribosome,3.845786
RBP (3′UTR),Single Base,0.97314376
RBP (3′UTR),Codon,-1.0522199
RBP (3′UTR),9-mer,-0.400382
RBP (3′UTR),Ribosome,-0.73444164
RBP (3′UTR),Single Base,-0.069011085
RBP (3′UTR),Codon,0.3761246
RBP (3′UTR),9-mer,0.103005975
RBP (3′UTR),Ribosome,-0.6599085
RBP (3′UTR),Single Base,-0.90104795
RBP (3′UTR),Codon,0.5094618
RBP (3′UTR),9-mer,1.1432532
RBP (3′UTR),Ribosome,0.8463315
RBP (3′UTR),Single Base,-1.416298
RBP (3′UTR),Codon,2.513844
RBP (3′UTR),9-mer,-0.37332588
RBP (3′UTR),Ribosome,1.5812452
RBP (3′UTR),Single Base,-0.19671391
RBP (3′UTR),Codon,0.8639512
RBP (3′UTR),9-mer,-0.35198078
RBP (3′UTR),Ribosome,-0.39387184
RBP (3′UTR),Single Base,1.2258524
RBP (3′UTR),Codon,0.21670993
RBP (3′UTR),9-mer,-1.6303574
RBP (3′UTR),Ribosome,-1.5407461
RBP (3′UTR),Single Base,-1.897995
RBP (3′UTR),Codon,1.67788
RBP (3′UTR),9-mer,0.8435158
RBP (3′UTR),Ribosome,2.3523943
RBP (3′UTR),Single Base,0.8608499
RBP (3′UTR),Codon,-0.8300245
RBP (3′UTR),9-mer,-0.7544203
RBP (3′UTR),Ribosome,-0.122876115
RBP (3′UTR),Single Base,0.5813566
RBP (3′UTR),Codon,-0.43177584
RBP (3′UTR),9-mer,-0.62728435
RBP (3′UTR),Ribosome,-0.7109402
RBP (3′UTR),Single Base,1.0040222
RBP (3′UTR),Codon,-1.0944144
RBP (3′UTR),9-mer,-0.6538631
RBP (3′UTR),Ribosome,-0.29418042
RBP (3′UTR),Single Base,-2.08445
RBP (3′UTR),Codon,4.3468456
RBP (3′UTR),9-mer,-6.261076
RBP (3′UTR),Ribosome,-0.97999716
RBP (3′UTR),Single Base,0.4390861
RBP (3′UTR),Codon,-0.060423408
RBP (3′UTR),9-mer,-1.0097917
RBP (3′UTR),Ribosome,0.27270976
RBP (3′UTR),Single Base,0.4849431
RBP (3′UTR),Codon,-0.22739218
RBP (3′UTR),9-mer,-0.51359326
RBP (3′UTR),Ribosome,-0.63311493
RBP (3′UTR),Single Base,-0.68086714
RBP (3′UTR),Codon,0.6795634
RBP (3′UTR),9-mer,0.4256184
RBP (3′UTR),Ribosome,0.61173284
RBP (3′UTR),Single Base,0.22709776
RBP (3′UTR),Codon,0.0059948284
RBP (3′UTR),9-mer,-0.51082194
RBP (3′UTR),Ribosome,0.4682801
RBP (3′UTR),Single Base,-1.0788413
RBP (3′UTR),Codon,0.8714131
RBP (3′UTR),9-mer,1.0997826
RBP (3′UTR),Ribosome,0.6539263
RBP (3′UTR),Single Base,0.6948841
RBP (3′UTR),Codon,-0.94219166
RBP (3′UTR),9-mer,-0.06605295
RBP (3′UTR),Ribosome,-0.42995915
RBP (3′UTR),Single Base,-0.9600184
RBP (3′UTR),Codon,1.1811346
RBP (3′UTR),9-mer,0.05942595
RBP (3′UTR),Ribosome,0.6776093
RBP (3′UTR),Single Base,0.1170272
RBP (3′UTR),Codon,1.7460214
RBP (3′UTR),9-mer,-0.9204662
RBP (3′UTR),Ribosome,-0.59945303
RBP (3′UTR),Single Base,0.99168116
RBP (3′UTR),Codon,-0.9371115
RBP (3′UTR),9-mer,-0.9371115
RBP (3′UTR),Ribosome,-0.88166493
RBP (3′UTR),Single Base,-1.2272025
RBP (3′UTR),Codon,1.0291812
RBP (3′UTR),9-mer,1.5674039
RBP (3′UTR),Ribosome,-0.42254892
RBP (3′UTR),Single Base,0.013295735
RBP (3′UTR),Codon,-0.66702837
RBP (3′UTR),9-mer,0.083122835
RBP (3′UTR),Ribosome,0.97905755
RBP (3′UTR),Single Base,-0.12095873
RBP (3′UTR),Codon,0.026105862
RBP (3′UTR),9-mer,0.2899588
RBP (3′UTR),Ribosome,0.0026516845
RBP (3′UTR),Single Base,2.8783326
RBP (3′UTR),Codon,0.17203085
RBP (3′UTR),9-mer,-5.0861626
RBP (3′UTR),Ribosome,-2.0449765
RBP (3′UTR),Single Base,-0.54262984
RBP (3′UTR),Codon,1.1553669
RBP (3′UTR),9-mer,-0.7019964
RBP (3′UTR),Ribosome,-0.48606798
RBP (3′UTR),Single Base,-0.0796194
RBP (3′UTR),Codon,0.18416451
RBP (3′UTR),9-mer,0.16111131
RBP (3′UTR),Ribosome,-0.2530645
RBP (3′UTR),Single Base,0.7484993
RBP (3′UTR),Codon,1.2332352
RBP (3′UTR),9-mer,-1.6276895
RBP (3′UTR),Ribosome,-0.13868895
RBP (3′UTR),Single Base,-0.59688365
RBP (3′UTR),Codon,0.5462039
RBP (3′UTR),9-mer,0.30089298
RBP (3′UTR),Ribosome,0.09542106
RBP (3′UTR),Single Base,-0.61635125
RBP (3′UTR),Codon,0.118438296
RBP (3′UTR),9-mer,0.71929455
RBP (3′UTR),Ribosome,0.83673304
RBP (3′UTR),Single Base,-0.5062347
RBP (3′UTR),Codon,0.2771862
RBP (3′UTR),9-mer,0.7119453
RBP (3′UTR),Ribosome,-0.24809952
RBP (3′UTR),Single Base,-0.27646944
RBP (3′UTR),Codon,0.20747294
RBP (3′UTR),9-mer,0.10593465
RBP (3′UTR),Ribosome,0.49433002
RBP (3′UTR),Single Base,-0.12425123
RBP (3′UTR),Codon,-1.3280008
RBP (3′UTR),9-mer,2.2844346
RBP (3′UTR),Ribosome,0.4669653
RBP (3′UTR),Single Base,-1.5655649
RBP (3′UTR),Codon,0.4167559
RBP (3′UTR),9-mer,2.1684852
RBP (3′UTR),Ribosome,0.1962219
RBP (3′UTR),Single Base,-0.7916105
RBP (3′UTR),Codon,1.5039461
RBP (3′UTR),9-mer,-1.3010024
RBP (3′UTR),Ribosome,0.78175575
RBP (3′UTR),Single Base,1.882947
RBP (3′UTR),Codon,-0.9788767
RBP (3′UTR),9-mer,-1.8052726
RBP (3′UTR),Ribosome,-1.2998223
RBP (3′UTR),Single Base,-2.3812802
RBP (3′UTR),Codon,2.1540697
RBP (3′UTR),9-mer,0.7349408
RBP (3′UTR),Ribosome,1.3009104
RBP (3′UTR),Single Base,-1.5215697
RBP (3′UTR),Codon,6.2037344
RBP (3′UTR),9-mer,-0.74174863
RBP (3′UTR),Ribosome,-0.78348917
RBP (3′UTR),Single Base,0.71213496
RBP (3′UTR),Codon,-0.70282674
RBP (3′UTR),9-mer,-0.80603325
RBP (3′UTR),Ribosome,-0.6528437
RBP (3′UTR),Single Base,-2.549646
RBP (3′UTR),Codon,3.8520908
RBP (3′UTR),9-mer,0.068544485
RBP (3′UTR),Ribosome,2.3698928
RBP (3′UTR),Single Base,-0.519261
RBP (3′UTR),Codon,0.8536175
RBP (3′UTR),9-mer,0.0980965
RBP (3′UTR),Ribosome,-0.4977245
RBP (3′UTR),Single Base,-0.98349965
RBP (3′UTR),Codon,-0.98349965
RBP (3′UTR),9-mer,-0.98349965
RBP (3′UTR),Ribosome,0.9675349
RBP (3′UTR),Single Base,0.15184818
RBP (3′UTR),Codon,-0.4922223
RBP (3′UTR),9-mer,0.15426044
RBP (3′UTR),Ribosome,-0.06607981
RBP (3′UTR),Single Base,-1.5617226
RBP (3′UTR),Codon,1.1631148
RBP (3′UTR),9-mer,1.3821753
RBP (3′UTR),Ribosome,0.30799067
RBP (3′UTR),Single Base,0.24520376
RBP (3′UTR),Codon,-0.26895693
RBP (3′UTR),9-mer,-0.77519333
RBP (3′UTR),Ribosome,0.36974138
RBP (3′UTR),Single Base,-1.1314062
RBP (3′UTR),Codon,1.1240004
RBP (3′UTR),9-mer,-0.2836323
RBP (3′UTR),Ribosome,1.1214929
RBP (3′UTR),Single Base,0.0
RBP (3′UTR),Codon,-0.9371115
RBP (3′UTR),9-mer,0.9675349
RBP (3′UTR),Ribosome,0.0
RBP (3′UTR),Single Base,-0.07423408
RBP (3′UTR),Codon,-0.041235734
RBP (3′UTR),9-mer,0.7681381
RBP (3′UTR),Ribosome,-0.36322117
RBP (3′UTR),Single Base,1.1254508
RBP (3′UTR),Codon,-0.9403595
RBP (3′UTR),9-mer,-1.2229904
RBP (3′UTR),Ribosome,-1.1785332
RBP (3′UTR),Single Base,0.145921
RBP (3′UTR),Codon,-0.30816215
RBP (3′UTR),9-mer,0.264548
RBP (3′UTR),Ribosome,-0.08341521
RBP (3′UTR),Single Base,0.3632032
RBP (3′UTR),Codon,0.2517505
RBP (3′UTR),9-mer,-0.86699814
RBP (3′UTR),Ribosome,-0.14756116
RBP (3′UTR),Single Base,0.98349965
RBP (3′UTR),Codon,0.97811985
RBP (3′UTR),9-mer,-0.97811985
RBP (3′UTR),Ribosome,-0.88166493
RBP (3′UTR),Single Base,0.14531259
RBP (3′UTR),Codon,-1.0495027
RBP (3′UTR),9-mer,1.1231045
RBP (3′UTR),Ribosome,-0.47379044
RBP (3′UTR),Single Base,-1.0330856
RBP (3′UTR),Codon,0.6553451
RBP (3′UTR),9-mer,0.7283247
RBP (3′UTR),Ribosome,1.1427181
RBP (3′UTR),Single Base,-5.7381873
RBP (3′UTR),Codon,7.089402
RBP (3′UTR),9-mer,-0.06230925
RBP (3′UTR),Ribosome,0.19268812
RBP (3′UTR),Single Base,1.5924549
RBP (3′UTR),Codon,-0.6862428
RBP (3′UTR),9-mer,-1.7062633
RBP (3′UTR),Ribosome,-1.1141208
RBP (3′UTR),Single Base,-1.0011725
RBP (3′UTR),Codon,0.9679958
RBP (3′UTR),9-mer,0.54602045
RBP (3′UTR),Ribosome,0.4726757
RBP (3′UTR),Single Base,-0.9705612
RBP (3′UTR),Codon,1.6903183
RBP (3′UTR),9-mer,-1.1104219
RBP (3′UTR),Ribosome,0.22568159
RBP (3′UTR),Single Base,-0.88458514
RBP (3′UTR),Codon,0.9002584
RBP (3′UTR),9-mer,0.4530424
RBP (3′UTR),Ribosome,0.57637197
RBP (3′UTR),Single Base,0.36424744
RBP (3′UTR),Codon,-1.1838114
RBP (3′UTR),9-mer,0.23194657
RBP (3′UTR),Ribosome,-0.5280907
RBP (3′UTR),Single Base,1.9539468
RBP (3′UTR),Codon,-1.6444829
RBP (3′UTR),9-mer,-1.4271178
RBP (3′UTR),Ribosome,-1.6587062
RBP (3′UTR),Single Base,-0.45915443
RBP (3′UTR),Codon,-0.83854204
RBP (3′UTR),9-mer,1.7857548
RBP (3′UTR),Ribosome,1.2707459
RBP (3′UTR),Single Base,-6.344128
RBP (3′UTR),Codon,5.03833
RBP (3′UTR),9-mer,2.3238952
RBP (3′UTR),Ribosome,8.377008
RBP (3′UTR),Single Base,0.12628122
RBP (3′UTR),Codon,0.89199376
RBP (3′UTR),9-mer,-0.8974324
RBP (3′UTR),Ribosome,-1.1718941
RBP (3′UTR),Single Base,0.33264327
RBP (3′UTR),Codon,-0.18829165
RBP (3′UTR),9-mer,-1.0788113
RBP (3′UTR),Ribosome,0.80988795
RBP (3′UTR),Single Base,-1.2739727
RBP (3′UTR),Codon,0.5096032
RBP (3′UTR),9-mer,1.2039611
RBP (3′UTR),Ribosome,-1.4995378
RBP (3′UTR),Single Base,0.0
RBP (3′UTR),Codon,-0.97811985
RBP (3′UTR),9-mer,0.9675349
RBP (3′UTR),Ribosome,0.88166493
RBP (3′UTR),Single Base,-0.64637196
RBP (3′UTR),Codon,-0.5920367
RBP (3′UTR),9-mer,1.8730114
RBP (3′UTR),Ribosome,0.17632194
RBP (3′UTR),Single Base,0.47688463
RBP (3′UTR),Codon,-0.06003936
RBP (3′UTR),9-mer,-0.9757427
RBP (3′UTR),Ribosome,-0.71466947
RBP (3′UTR),Single Base,-7.2231464
RBP (3′UTR),Codon,6.188703
RBP (3′UTR),9-mer,2.677862
RBP (3′UTR),Ribosome,-0.4104186
RBP (3′UTR),Single Base,0.16112915
RBP (3′UTR),Codon,-0.9685761
RBP (3′UTR),9-mer,-0.458141
RBP (3′UTR),Ribosome,1.9727921
RBP (3′UTR),Single Base,-0.09057967
RBP (3′UTR),Codon,1.1434959
RBP (3′UTR),9-mer,0.49944767
RBP (3′UTR),Ribosome,-1.651118
RBP (3′UTR),Single Base,1.3386528
RBP (3′UTR),Codon,-0.9982799
RBP (3′UTR),9-mer,-0.66843355
RBP (3′UTR),Ribosome,-1.3699063
RBP (3′UTR),Single Base,-0.4413594
RBP (3′UTR),Codon,0.22166762
RBP (3′UTR),9-mer,0.9458291
RBP (3′UTR),Ribosome,-0.54050004
RBP (3′UTR),Single Base,-0.8794935
RBP (3′UTR),Codon,1.4852486
RBP (3′UTR),9-mer,-0.48444712
RBP (3′UTR),Ribosome,0.041220393
RBP (3′UTR),Single Base,0.06257058
RBP (3′UTR),Codon,-0.091374256
RBP (3′UTR),9-mer,-0.14224929
RBP (3′UTR),Ribosome,0.32567558
RBP (3′UTR),Single Base,-0.96467316
RBP (3′UTR),Codon,1.209215
RBP (3′UTR),9-mer,-0.38940606
RBP (3′UTR),Ribosome,0.91183
RBP (3′UTR),Single Base,-1.4690533
RBP (3′UTR),Codon,3.13694
RBP (3′UTR),9-mer,-2.200688
RBP (3′UTR),Ribosome,-0.6484828
RBP (3′UTR),Single Base,1.4167503
RBP (3′UTR),Codon,-1.4838972
RBP (3′UTR),9-mer,-0.6691444
RBP (3′UTR),Ribosome,-0.28877848
RBP (3′UTR),Single Base,1.2903603
RBP (3′UTR),Codon,-0.9045455
RBP (3′UTR),9-mer,-1.1845361
RBP (3′UTR),Ribosome,-0.78795534
RBP (3′UTR),Single Base,0.24601546
RBP (3′UTR),Codon,0.15121137
RBP (3′UTR),9-mer,-0.6713834
RBP (3′UTR),Ribosome,-0.17207654
RBP (3′UTR),Single Base,-1.0229162
RBP (3′UTR),Codon,0.7921576
RBP (3′UTR),9-mer,1.1098844
RBP (3′UTR),Ribosome,0.6697758
RBP (3′UTR),Single Base,0.5505189
RBP (3′UTR),Codon,-1.0076411
RBP (3′UTR),9-mer,0.12162741
RBP (3′UTR),Ribosome,0.11891605
RBP (3′UTR),Single Base,0.9269502
RBP (3′UTR),Codon,0.21135058
RBP (3′UTR),9-mer,-1.5222604
RBP (3′UTR),Ribosome,-1.0971984
RBP (3′UTR),Single Base,0.9029247
RBP (3′UTR),Codon,-0.50679725
RBP (3′UTR),9-mer,-0.23478705
RBP (3′UTR),Ribosome,-1.5707155
RBP (3′UTR),Single Base,-1.3120344
RBP (3′UTR),Codon,4.6409707
RBP (3′UTR),9-mer,-1.3297735
RBP (3′UTR),Ribosome,-1.2583042
RBP (3′UTR),Single Base,-0.98349965
RBP (3′UTR),Codon,-0.9675349
RBP (3′UTR),9-mer,0.0
RBP (3′UTR),Ribosome,0.88166493
RBP (3′UTR),Single Base,0.6636304
RBP (3′UTR),Codon,-0.20127986
RBP (3′UTR),9-mer,-1.0859741
RBP (3′UTR),Ribosome,-0.1569847
RBP (3′UTR),Single Base,1.0440241
RBP (3′UTR),Codon,-1.1537409
RBP (3′UTR),9-mer,0.6611761
RBP (3′UTR),Ribosome,-1.3606575
RBP (3′UTR),Single Base,0.98349965
RBP (3′UTR),Codon,-0.9675349
RBP (3′UTR),9-mer,-0.9675349
RBP (3′UTR),Ribosome,-0.9371115
RBP (3′UTR),Single Base,-1.4016646
RBP (3′UTR),Codon,1.8153529
RBP (3′UTR),9-mer,1.543272
RBP (3′UTR),Ribosome,-0.21832347
RBP (3′UTR),Single Base,-0.8094119
RBP (3′UTR),Codon,0.83128846
RBP (3′UTR),9-mer,1.2571902
RBP (3′UTR),Ribosome,-0.21989127
RBP (3′UTR),Single Base,-0.40177417
RBP (3′UTR),Codon,-0.45455277
RBP (3′UTR),9-mer,2.32898
RBP (3′UTR),Ribosome,-0.29736602
RBP (3′UTR),Single Base,-0.68866765
RBP (3′UTR),Codon,0.42381433
RBP (3′UTR),9-mer,1.0938476
RBP (3′UTR),Ribosome,0.5679622
RBP (3′UTR),Single Base,-0.9162783
RBP (3′UTR),Codon,0.38654974
RBP (3′UTR),9-mer,0.92182386
RBP (3′UTR),Ribosome,1.3720809
RBP (3′UTR),Single Base,-0.5220927
RBP (3′UTR),Codon,0.8319035
RBP (3′UTR),9-mer,0.59618175
RBP (3′UTR),Ribosome,-0.25830936
RBP (3′UTR),Single Base,-0.19855618
RBP (3′UTR),Codon,1.1133022
RBP (3′UTR),9-mer,-0.43975303
RBP (3′UTR),Ribosome,-0.13439701
RBP (3′UTR),Single Base,0.850711
RBP (3′UTR),Codon,-0.5808321
RBP (3′UTR),9-mer,-1.722053
RBP (3′UTR),Ribosome,-0.46387815
RBP (3′UTR),Single Base,-1.1279166
RBP (3′UTR),Codon,0.9108559
RBP (3′UTR),9-mer,1.1221466
RBP (3′UTR),Ribosome,0.2047421
RBP (3′UTR),Single Base,-0.28919387
RBP (3′UTR),Codon,0.5168776
RBP (3′UTR),9-mer,0.29930574
RBP (3′UTR),Ribosome,-0.48772186
RBP (3′UTR),Single Base,-1.2302314
RBP (3′UTR),Codon,1.3302459
RBP (3′UTR),9-mer,1.217305
RBP (3′UTR),Ribosome,-0.3696313
RBP (3′UTR),Single Base,-0.37386593
RBP (3′UTR),Codon,0.1829074
RBP (3′UTR),9-mer,0.5615573
RBP (3′UTR),Ribosome,0.008662558
RBP (3′UTR),Single Base,-0.45943287
RBP (3′UTR),Codon,0.79788
RBP (3′UTR),9-mer,-0.5876572
RBP (3′UTR),Ribosome,0.46547297
RBP (3′UTR),Single Base,-1.7577763
RBP (3′UTR),Codon,1.1710988
RBP (3′UTR),9-mer,1.7049395
RBP (3′UTR),Ribosome,0.6503174
RBP (3′UTR),Single Base,1.5598772
RBP (3′UTR),Codon,-1.8613538
RBP (3′UTR),9-mer,0.99825114
RBP (3′UTR),Ribosome,-0.715849
RBP (3′UTR),Single Base,-0.070911705
RBP (3′UTR),Codon,-0.5963911
RBP (3′UTR),9-mer,0.4734192
RBP (3′UTR),Ribosome,0.060673248
RBP (3′UTR),Single Base,-1.4990811
RBP (3′UTR),Codon,0.9217194
RBP (3′UTR),9-mer,1.4701905
RBP (3′UTR),Ribosome,0.9767849
RBP (3′UTR),Single Base,-2.1202636
RBP (3′UTR),Codon,3.3524344
RBP (3′UTR),9-mer,-2.8386858
RBP (3′UTR),Ribosome,0.46938616
RBP (3′UTR),Single Base,1.2533088
RBP (3′UTR),Codon,-1.2970119
RBP (3′UTR),9-mer,0.011290313
RBP (3′UTR),Ribosome,-1.5857304
RBP (3′UTR),Single Base,0.525858
RBP (3′UTR),Codon,-1.0013146
RBP (3′UTR),9-mer,0.7012978
RBP (3′UTR),Ribosome,-0.2979036
RBP (3′UTR),Single Base,1.1263714
RBP (3′UTR),Codon,-0.6153178
RBP (3′UTR),9-mer,-0.74931943
RBP (3′UTR),Ribosome,-0.9020587
RBP (3′UTR),Single Base,0.62098897
RBP (3′UTR),Codon,-0.902049
RBP (3′UTR),9-mer,-0.13467023
RBP (3′UTR),Ribosome,-0.44029275
RBP (3′UTR),Single Base,-1.0968097
RBP (3′UTR),Codon,1.2580492
RBP (3′UTR),9-mer,-0.47515336
RBP (3′UTR),Ribosome,0.8322772
RBP (3′UTR),Single Base,0.4353887
RBP (3′UTR),Codon,-0.55585235
RBP (3′UTR),9-mer,0.27713442
RBP (3′UTR),Ribosome,-0.14467354
RBP (3′UTR),Single Base,-0.30284494
RBP (3′UTR),Codon,1.7161084
RBP (3′UTR),9-mer,-1.7268971
RBP (3′UTR),Ribosome,0.5784914
RBP (3′UTR),Single Base,0.5061298
RBP (3′UTR),Codon,0.11852836
RBP (3′UTR),9-mer,-1.5847468
RBP (3′UTR),Ribosome,-0.385101
RBP (3′UTR),Single Base,0.40286407
RBP (3′UTR),Codon,1.0976171
RBP (3′UTR),9-mer,-1.0521259
RBP (3′UTR),Ribosome,-0.5980654
RBP (3′UTR),Single Base,0.53458196
RBP (3′UTR),Codon,-0.51657957
RBP (3′UTR),9-mer,-0.24367741
RBP (3′UTR),Ribosome,-0.22710247
RBP (3′UTR),Single Base,-0.22340554
RBP (3′UTR),Codon,-0.64949906
RBP (3′UTR),9-mer,1.0326471
RBP (3′UTR),Ribosome,0.39380333
RBP (3′UTR),Single Base,-0.47223303
RBP (3′UTR),Codon,-0.8670667
RBP (3′UTR),9-mer,1.9628898
RBP (3′UTR),Ribosome,0.14399768
RBP (3′UTR),Single Base,-3.0794017
RBP (3′UTR),Codon,3.7066276
RBP (3′UTR),9-mer,-0.15639737
RBP (3′UTR),Ribosome,2.1271508
RBP (3′UTR),Single Base,-0.56224716
RBP (3′UTR),Codon,0.83119804
RBP (3′UTR),9-mer,-0.022838473
RBP (3′UTR),Ribosome,0.2601888
RBP (3′UTR),Single Base,0.15084818
RBP (3′UTR),Codon,0.59544295
RBP (3′UTR),9-mer,-0.8497414
RBP (3′UTR),Ribosome,-1.1296657
RBP (3′UTR),Single Base,0.22749135
RBP (3′UTR),Codon,0.15388371
RBP (3′UTR),9-mer,0.24246925
RBP (3′UTR),Ribosome,-1.290858
RBP (3′UTR),Single Base,0.3858046
RBP (3′UTR),Codon,-0.24471214
RBP (3′UTR),9-mer,-0.58615214
RBP (3′UTR),Ribosome,-0.12562506
RBP (3′UTR),Single Base,-0.62925583
RBP (3′UTR),Codon,1.1385261
RBP (3′UTR),9-mer,-0.8678703
RBP (3′UTR),Ribosome,0.4459298
RBP (3′UTR),Single Base,-0.046661396
RBP (3′UTR),Codon,0.24499553
RBP (3′UTR),9-mer,-0.09979054
RBP (3′UTR),Ribosome,-0.16937752
RBP (3′UTR),Single Base,0.35113603
RBP (3′UTR),Codon,-0.1295654
RBP (3′UTR),9-mer,-0.8977491
RBP (3′UTR),Ribosome,1.1549598
RBP (3′UTR),Single Base,-3.7808506
RBP (3′UTR),Codon,3.3319428
RBP (3′UTR),9-mer,2.759913
RBP (3′UTR),Ribosome,2.9750257
RBP (3′UTR),Single Base,0.0
RBP (3′UTR),Codon,0.98349965
RBP (3′UTR),9-mer,0.9675349
RBP (3′UTR),Ribosome,-0.9371115
RBP (3′UTR),Single Base,-0.098744884
RBP (3′UTR),Codon,0.69695693
RBP (3′UTR),9-mer,-0.9528296
RBP (3′UTR),Ribosome,-0.018047987
RBP (3′UTR),Single Base,0.8299494
RBP (3′UTR),Codon,-0.80015194
RBP (3′UTR),9-mer,0.22104256
RBP (3′UTR),Ribosome,-1.3025949
RBP (3′UTR),Single Base,0.23133558
RBP (3′UTR),Codon,-0.19670977
RBP (3′UTR),9-mer,-0.006854762
RBP (3′UTR),Ribosome,-0.38782078
RBP (3′UTR),Single Base,0.23694442
RBP (3′UTR),Codon,-0.3491922
RBP (3′UTR),9-mer,0.4694852
RBP (3′UTR),Ribosome,-0.30185214
RBP (3′UTR),Single Base,1.1910653
RBP (3′UTR),Codon,-1.2116438
RBP (3′UTR),9-mer,-1.0942032
RBP (3′UTR),Ribosome,-0.2722306
RBP (3′UTR),Single Base,-4.0062246
RBP (3′UTR),Codon,6.5265985
RBP (3′UTR),9-mer,1.1168873
RBP (3′UTR),Ribosome,1.9189444
RBP (3′UTR),Single Base,0.68592715
RBP (3′UTR),Codon,-0.13276625
RBP (3′UTR),9-mer,-1.2084563
RBP (3′UTR),Ribosome,-0.24218173
RBP (3′UTR),Single Base,-4.210793
RBP (3′UTR),Codon,5.444534
RBP (3′UTR),9-mer,0.40529174
RBP (3′UTR),Ribosome,-0.5975432
RBP (3′UTR),Single Base,-0.089629576
RBP (3′UTR),Codon,0.1833779
RBP (3′UTR),9-mer,-0.5135794
RBP (3′UTR),Ribosome,0.65343904
RBP (3′UTR),Single Base,-3.6290174
RBP (3′UTR),Codon,3.0600407
RBP (3′UTR),9-mer,4.264925
RBP (3′UTR),Ribosome,3.5741436
RBP (3′UTR),Single Base,1.0526838
RBP (3′UTR),Codon,-0.6789928
RBP (3′UTR),9-mer,-1.5862978
RBP (3′UTR),Ribosome,-0.582637
RBP (3′UTR),Single Base,-2.035266
RBP (3′UTR),Codon,0.16231297
RBP (3′UTR),9-mer,1.9029175
RBP (3′UTR),Ribosome,2.11583
RBP (3′UTR),Single Base,0.69365716
RBP (3′UTR),Codon,-0.4134521
RBP (3′UTR),9-mer,-0.46575394
RBP (3′UTR),Ribosome,-0.8532863
RBP (3′UTR),Single Base,-2.2224717
RBP (3′UTR),Codon,1.8146752
RBP (3′UTR),9-mer,1.895298
RBP (3′UTR),Ribosome,1.8975061
RBP (3′UTR),Single Base,0.0509986
RBP (3′UTR),Codon,-0.5494135
RBP (3′UTR),9-mer,1.1235696
RBP (3′UTR),Ribosome,1.0304805
miRNA,Single Base,0.86232734
miRNA,Codon,-0.22000207
miRNA,9-mer,-1.3042022
miRNA,Ribosome,-1.2502544
miRNA,Single Base,-1.3623875
miRNA,Codon,1.176271
miRNA,9-mer,1.4649937
miRNA,Ribosome,-0.6535966
miRNA,Single Base,-1.843547
miRNA,Codon,3.0056217
miRNA,9-mer,-0.8747899
miRNA,Ribosome,1.6109766
miRNA,Single Base,0.64726216
miRNA,Codon,-0.29447374
miRNA,9-mer,-0.14214012
miRNA,Ribosome,-0.7824665
miRNA,Single Base,-0.2727693
miRNA,Codon,0.47317407
miRNA,9-mer,0.797993
miRNA,Ribosome,-0.3608221
miRNA,Single Base,-2.2040844
miRNA,Codon,3.0077484
miRNA,9-mer,0.47087845
miRNA,Ribosome,0.13029091
miRNA,Single Base,2.3271968
miRNA,Codon,-0.6063874
miRNA,9-mer,-2.7769425
miRNA,Ribosome,-1.7758932
miRNA,Single Base,-0.2624573
miRNA,Codon,0.33014315
miRNA,9-mer,0.17874922
miRNA,Ribosome,0.23380943
miRNA,Single Base,-2.420842
miRNA,Codon,2.788321
miRNA,9-mer,-2.68072
miRNA,Ribosome,7.1165586
miRNA,Single Base,0.7045076
miRNA,Codon,-0.26952165
miRNA,9-mer,-1.1920203
miRNA,Ribosome,-0.38465086
miRNA,Single Base,-0.011341137
miRNA,Codon,-0.35494098
miRNA,9-mer,0.7226856
miRNA,Ribosome,-0.48152223
miRNA,Single Base,5.020804
miRNA,Codon,-2.4221392
miRNA,9-mer,-2.5686564
miRNA,Ribosome,-3.8119564
miRNA,Single Base,0.15552473
miRNA,Codon,-0.2307966
miRNA,9-mer,0.20616958
miRNA,Ribosome,-0.33815295
miRNA,Single Base,1.2892436
miRNA,Codon,-0.78081274
miRNA,9-mer,-0.9590652
miRNA,Ribosome,-1.6167076
miRNA,Single Base,-0.12697622
miRNA,Codon,0.38024735
miRNA,9-mer,-0.30971146
miRNA,Ribosome,-0.047462456
miRNA,Single Base,-1.9564991
miRNA,Codon,2.5644047
miRNA,9-mer,-0.69377685
miRNA,Ribosome,-1.0968535
miRNA,Single Base,-0.13687678
miRNA,Codon,0.9843327
miRNA,9-mer,-0.69791377
miRNA,Ribosome,-0.006563117
miRNA,Single Base,0.4923581
miRNA,Codon,-0.6099501
miRNA,9-mer,0.81046236
miRNA,Ribosome,-0.6803442
miRNA,Single Base,-0.21870157
miRNA,Codon,0.70388997
miRNA,9-mer,0.09848876
miRNA,Ribosome,-0.52951545
miRNA,Single Base,0.64142
miRNA,Codon,-0.45675263
miRNA,9-mer,-0.7914554
miRNA,Ribosome,-0.14477229
miRNA,Single Base,-0.04355805
miRNA,Codon,0.24383001
miRNA,9-mer,0.103197865
miRNA,Ribosome,-0.2236609
miRNA,Single Base,1.9569339
miRNA,Codon,0.10420287
miRNA,9-mer,-2.6755617
miRNA,Ribosome,-2.051964
miRNA,Single Base,-1.8942152
miRNA,Codon,1.4835662
miRNA,9-mer,0.9030659
miRNA,Ribosome,0.69647926
miRNA,Single Base,-1.3880415
miRNA,Codon,0.5327492
miRNA,9-mer,0.6479659
miRNA,Ribosome,0.5282599
miRNA,Single Base,0.9297168
miRNA,Codon,-0.19407634
miRNA,9-mer,-0.9229162
miRNA,Ribosome,-1.337033
miRNA,Single Base,-0.73682564
miRNA,Codon,-0.33163258
miRNA,9-mer,1.5650959
miRNA,Ribosome,0.49199778
miRNA,Single Base,0.6848235
miRNA,Codon,-1.4045858
miRNA,9-mer,1.71484
miRNA,Ribosome,0.54186755
miRNA,Single Base,-2.5941083
miRNA,Codon,4.3016553
miRNA,9-mer,-4.414541
miRNA,Ribosome,3.900874
miRNA,Single Base,0.462229
miRNA,Codon,-0.3004271
miRNA,9-mer,-0.40061793
miRNA,Ribosome,-0.48269984
miRNA,Single Base,-1.0449624
miRNA,Codon,0.05877863
miRNA,9-mer,1.3840232
miRNA,Ribosome,1.6169871
miRNA,Single Base,-0.07356314
miRNA,Codon,-0.11915922
miRNA,9-mer,0.25677457
miRNA,Ribosome,-0.1287475
miRNA,Single Base,-4.615842
miRNA,Codon,4.5917807
miRNA,9-mer,-0.6272266
miRNA,Ribosome,4.4075603
miRNA,Single Base,-0.014455448
miRNA,Codon,0.115504384
miRNA,9-mer,-0.4468292
miRNA,Ribosome,0.7804568
miRNA,Single Base,1.7319777
miRNA,Codon,-1.4611794
miRNA,9-mer,-1.4329487
miRNA,Ribosome,-1.0021507
miRNA,Single Base,-0.8232261
miRNA,Codon,2.4343524
miRNA,9-mer,-3.0543592
miRNA,Ribosome,0.2690819
miRNA,Single Base,0.13970959
miRNA,Codon,-0.21451443
miRNA,9-mer,0.81986725
miRNA,Ribosome,-0.6693651
miRNA,Single Base,1.0839475
miRNA,Codon,-1.033677
miRNA,9-mer,-0.16119722
miRNA,Ribosome,-0.9936126
miRNA,Single Base,-0.52826834
miRNA,Codon,1.0450913
miRNA,9-mer,0.31813022
miRNA,Ribosome,-1.286951
miRNA,Single Base,-1.2141093
miRNA,Codon,1.4992716
miRNA,9-mer,0.3931086
miRNA,Ribosome,0.09243614
miRNA,Single Base,-0.8554197
miRNA,Codon,0.9874764
miRNA,9-mer,0.9213817
miRNA,Ribosome,-0.66188914
miRNA,Single Base,-0.22438999
miRNA,Codon,0.04184533
miRNA,9-mer,0.27062872
miRNA,Ribosome,0.26498103
miRNA,Single Base,0.105826624
miRNA,Codon,-0.19656996
miRNA,9-mer,0.3515455
miRNA,Ribosome,-0.75273466
miRNA,Single Base,-3.1389136
miRNA,Codon,2.586046
miRNA,9-mer,2.5069137
miRNA,Ribosome,3.0136967
miRNA,Single Base,-0.46523535
miRNA,Codon,2.6281562
miRNA,9-mer,-2.1028202
miRNA,Ribosome,-1.4592527
miRNA,Single Base,1.6964445
miRNA,Codon,-1.496198
miRNA,9-mer,-0.9409465
miRNA,Ribosome,-0.17507349
miRNA,Single Base,-3.5259793
miRNA,Codon,3.6445768
miRNA,9-mer,1.4394648
miRNA,Ribosome,2.6474023
miRNA,Single Base,-0.80383456
miRNA,Codon,1.7700974
miRNA,9-mer,-3.8306274
miRNA,Ribosome,2.7367413
miRNA,Single Base,-0.26710978
miRNA,Codon,0.317581
miRNA,9-mer,0.39213982
miRNA,Ribosome,-0.82993704
miRNA,Single Base,0.6352167
miRNA,Codon,-0.6648196
miRNA,9-mer,0.37628928
miRNA,Ribosome,-1.3778106
miRNA,Single Base,1.1194161
miRNA,Codon,0.10336117
miRNA,9-mer,-1.5512171
miRNA,Ribosome,-1.17679
miRNA,Single Base,2.4281337
miRNA,Codon,1.0526209
miRNA,9-mer,-5.133647
miRNA,Ribosome,-1.2501826
miRNA,Single Base,0.018158428
miRNA,Codon,0.7229414
miRNA,9-mer,-0.4178686
miRNA,Ribosome,-0.95690554
miRNA,Single Base,-1.331504
miRNA,Codon,1.7214386
miRNA,9-mer,-1.8905443
miRNA,Ribosome,1.6246591
miRNA,Single Base,-0.102338314
miRNA,Codon,0.03136043
miRNA,9-mer,0.61556923
miRNA,Ribosome,-0.68577933
miRNA,Single Base,-2.472325
miRNA,Codon,2.7559721
miRNA,9-mer,-1.1159517
miRNA,Ribosome,1.4456258
miRNA,Single Base,0.27162838
miRNA,Codon,-0.68133324
miRNA,9-mer,1.5759908
miRNA,Ribosome,-0.47350872
miRNA,Single Base,0.03880055
miRNA,Codon,0.8211333
miRNA,9-mer,-0.9851911
miRNA,Ribosome,-1.6772805
miRNA,Single Base,-0.01878825
miRNA,Codon,-2.379832
miRNA,9-mer,2.0152056
miRNA,Ribosome,0.5682994
miRNA,Single Base,-1.3253108
miRNA,Codon,1.6933789
miRNA,9-mer,-0.6513999
miRNA,Ribosome,0.90847075
miRNA,Single Base,-0.43036538
miRNA,Codon,0.42200485
miRNA,9-mer,0.14113328
miRNA,Ribosome,0.48456138
miRNA,Single Base,-0.74983346
miRNA,Codon,0.83615375
miRNA,9-mer,0.029284235
miRNA,Ribosome,0.58102435
miRNA,Single Base,0.29853174
miRNA,Codon,0.014990205
miRNA,9-mer,-0.28584716
miRNA,Ribosome,-0.657391
miRNA,Single Base,-0.62765586
miRNA,Codon,1.6655091
miRNA,9-mer,-0.8133132
miRNA,Ribosome,-0.27051958
miRNA,Single Base,-1.0153235
miRNA,Codon,2.092521
miRNA,9-mer,-0.9774925
miRNA,Ribosome,0.18215936
miRNA,Single Base,0.21111947
miRNA,Codon,0.2996978
miRNA,9-mer,-0.45516446
miRNA,Ribosome,-0.4650967
miRNA,Single Base,-1.370501
miRNA,Codon,1.3080425
miRNA,9-mer,0.4111184
miRNA,Ribosome,0.80761856
miRNA,Single Base,0.2899463
miRNA,Codon,-0.44352996
miRNA,9-mer,0.11596696
miRNA,Ribosome,-0.31242198
miRNA,Single Base,1.6041565
miRNA,Codon,-0.33970782
miRNA,9-mer,-2.2233844
miRNA,Ribosome,-1.1801009
miRNA,Single Base,3.159577
miRNA,Codon,-2.2821252
miRNA,9-mer,-1.2874655
miRNA,Ribosome,-3.0675652
miRNA,Single Base,-0.037048146
miRNA,Codon,-0.4617083
miRNA,9-mer,1.7300597
miRNA,Ribosome,0.014546077
miRNA,Single Base,-0.4473997
miRNA,Codon,0.329917
miRNA,9-mer,0.68047005
miRNA,Ribosome,-0.755202
miRNA,Single Base,0.91873896
miRNA,Codon,-0.1820616
miRNA,9-mer,-1.2556671
miRNA,Ribosome,-0.5007674
miRNA,Single Base,-3.3580515
miRNA,Codon,2.8137705
miRNA,9-mer,1.78139
miRNA,Ribosome,4.1971917
miRNA,Single Base,-0.4817987
miRNA,Codon,0.67412263
miRNA,9-mer,0.8425968
miRNA,Ribosome,-0.44587687
miRNA,Single Base,0.12342822
miRNA,Codon,1.1204953
miRNA,9-mer,-3.3656962
miRNA,Ribosome,1.1400911
miRNA,Single Base,-2.537948
miRNA,Codon,2.2585878
miRNA,9-mer,1.5281515
miRNA,Ribosome,3.3047233
miRNA,Single Base,-1.4235848
miRNA,Codon,2.5372345
miRNA,9-mer,-0.79058623
miRNA,Ribosome,1.5638635
miRNA,Single Base,0.6690136
miRNA,Codon,-0.29780364
miRNA,9-mer,1.7071245
miRNA,Ribosome,-2.4469366
miRNA,Single Base,-0.24097583
miRNA,Codon,0.2185059
miRNA,9-mer,0.30570948
miRNA,Ribosome,-0.015408686
miRNA,Single Base,0.8522791
miRNA,Codon,0.9393349
miRNA,9-mer,-3.2034595
miRNA,Ribosome,2.9110603
miRNA,Single Base,0.66692644
miRNA,Codon,-0.26447105
miRNA,9-mer,-1.1506575
miRNA,Ribosome,-1.2796808
miRNA,Single Base,-2.9657962
miRNA,Codon,3.9092422
miRNA,9-mer,0.08895912
miRNA,Ribosome,3.8586128
miRNA,Single Base,-0.19380143
miRNA,Codon,0.8920283
miRNA,9-mer,-0.38651854
miRNA,Ribosome,-0.96234244
miRNA,Single Base,0.48953292
miRNA,Codon,-0.06045563
miRNA,9-mer,-0.43570504
miRNA,Ribosome,-1.1246096
miRNA,Single Base,-1.7242079
miRNA,Codon,0.90766984
miRNA,9-mer,1.2875501
miRNA,Ribosome,1.0190015
miRNA,Single Base,-1.2627327
miRNA,Codon,0.2590777
miRNA,9-mer,1.1854092
miRNA,Ribosome,2.2482905
miRNA,Single Base,0.22496451
miRNA,Codon,0.3984988
miRNA,9-mer,-0.8929423
miRNA,Ribosome,-0.6719667
miRNA,Single Base,-1.0618858
miRNA,Codon,1.4534086
miRNA,9-mer,-0.19674109
miRNA,Ribosome,0.24008703
miRNA,Single Base,0.8509379
miRNA,Codon,-0.7342024
miRNA,9-mer,-0.31958717
miRNA,Ribosome,-0.748737
miRNA,Single Base,-0.7717246
miRNA,Codon,0.68238574
miRNA,9-mer,1.0385689
miRNA,Ribosome,0.077551015
miRNA,Single Base,2.4197636
miRNA,Codon,-0.37363037
miRNA,9-mer,-2.5019736
miRNA,Ribosome,-1.2617335
miRNA,Single Base,0.19684605
miRNA,Codon,-0.68786526
miRNA,9-mer,0.39458886
miRNA,Ribosome,-0.0863296
miRNA,Single Base,-1.980847
miRNA,Codon,0.3206772
miRNA,9-mer,6.6755233
miRNA,Ribosome,-1.899643
miRNA,Single Base,-5.2772927
miRNA,Codon,6.2575455
miRNA,9-mer,-2.1899576
miRNA,Ribosome,7.0411477
miRNA,Single Base,-0.3667602
miRNA,Codon,0.66322196
miRNA,9-mer,-0.9888493
miRNA,Ribosome,0.21148308
miRNA,Single Base,0.49938634
miRNA,Codon,-0.2708508
miRNA,9-mer,-0.4659902
miRNA,Ribosome,-0.63220125
miRNA,Single Base,-1.606983
miRNA,Codon,1.8259293
miRNA,9-mer,0.37677187
miRNA,Ribosome,0.103683
miRNA,Single Base,1.0737044
miRNA,Codon,2.4062529
miRNA,9-mer,-2.1296837
miRNA,Ribosome,-3.2963457
miRNA,Single Base,1.0252575
miRNA,Codon,0.74113774
miRNA,9-mer,-1.6041639
miRNA,Ribosome,-1.0208225
miRNA,Single Base,0.5981713
miRNA,Codon,-0.94882977
miRNA,9-mer,0.26505917
miRNA,Ribosome,-0.07666793
miRNA,Single Base,-0.34495085
miRNA,Codon,1.3092902
miRNA,9-mer,-0.821047
miRNA,Ribosome,-0.5678271
miRNA,Single Base,-1.8556757
miRNA,Codon,2.5719216
miRNA,9-mer,0.33345854
miRNA,Ribosome,0.96508145
miRNA,Single Base,-4.6312327
miRNA,Codon,2.831701
miRNA,9-mer,1.3371637
miRNA,Ribosome,1.4274514
miRNA,Single Base,3.0948238
miRNA,Codon,0.10937614
miRNA,9-mer,-6.0742464
miRNA,Ribosome,-1.1570066
miRNA,Single Base,2.662694
miRNA,Codon,0.7427995
miRNA,9-mer,-3.35432
miRNA,Ribosome,-4.402333
miRNA,Single Base,-0.53134125
miRNA,Codon,0.41557556
miRNA,9-mer,1.2539703
miRNA,Ribosome,0.37243718
miRNA,Single Base,-1.1914374
miRNA,Codon,2.8462546
miRNA,9-mer,-1.7015699
miRNA,Ribosome,0.49887127
miRNA,Single Base,-0.4603758
miRNA,Codon,0.78817225
miRNA,9-mer,0.24636398
miRNA,Ribosome,0.12038732
miRNA,Single Base,0.6926751
miRNA,Codon,0.12998562
miRNA,9-mer,-1.1043781
miRNA,Ribosome,-1.2703345
miRNA,Single Base,-1.0131629
miRNA,Codon,0.964606
miRNA,9-mer,0.9214389
miRNA,Ribosome,0.5822895
miRNA,Single Base,0.19844295
miRNA,Codon,-0.022217302
miRNA,9-mer,0.07955407
miRNA,Ribosome,-0.91963106
miRNA,Single Base,-1.0372071
miRNA,Codon,1.2194413
miRNA,9-mer,-0.78537154
miRNA,Ribosome,1.2338428
miRNA,Single Base,2.5233004
miRNA,Codon,0.37617853
miRNA,9-mer,-2.819377
miRNA,Ribosome,-3.9738324
miRNA,Single Base,-2.9562962
miRNA,Codon,2.762078
miRNA,9-mer,0.35902542
miRNA,Ribosome,0.9369406
miRNA,Single Base,-0.08821725
miRNA,Codon,-0.22521438
miRNA,9-mer,0.9814033
miRNA,Ribosome,-0.17025326
miRNA,Single Base,0.31493768
miRNA,Codon,-1.109696
miRNA,9-mer,0.91906583
miRNA,Ribosome,-0.760038
miRNA,Single Base,-1.8948585
miRNA,Codon,4.333855
miRNA,9-mer,-2.5779538
miRNA,Ribosome,3.2663813
miRNA,Single Base,-0.56063265
miRNA,Codon,1.3340153
miRNA,9-mer,-1.9727079
miRNA,Ribosome,-0.03170352
miRNA,Single Base,0.3469294
miRNA,Codon,-0.54700786
miRNA,9-mer,0.6532898
miRNA,Ribosome,-0.6132539
miRNA,Single Base,-0.03144994
miRNA,Codon,-0.18809403
miRNA,9-mer,0.48282474
miRNA,Ribosome,0.04837227
miRNA,Single Base,-1.5559534
miRNA,Codon,1.3078916
miRNA,9-mer,1.1847997
miRNA,Ribosome,0.38277212
miRNA,Single Base,1.0303842
miRNA,Codon,-0.49138874
miRNA,9-mer,-1.8132858
miRNA,Ribosome,0.21833904
miRNA,Single Base,0.19536848
miRNA,Codon,-0.27551627
miRNA,9-mer,0.48953825
miRNA,Ribosome,-1.017092
miRNA,Single Base,1.3366158
miRNA,Codon,-1.5035195
miRNA,9-mer,-0.392903
miRNA,Ribosome,-0.3279661
miRNA,Single Base,0.017956382
miRNA,Codon,-0.29387933
miRNA,9-mer,0.6052126
miRNA,Ribosome,-0.62898403
miRNA,Single Base,0.6266257
miRNA,Codon,-0.025704479
miRNA,9-mer,-1.3749819
miRNA,Ribosome,-1.1616263
miRNA,Single Base,0.90193987
miRNA,Codon,-1.200842
miRNA,9-mer,0.09782419
miRNA,Ribosome,-1.2124579
miRNA,Single Base,1.3800483
miRNA,Codon,-1.0936081
miRNA,9-mer,-0.9192542
miRNA,Ribosome,-1.6028184
miRNA,Single Base,1.1722819
miRNA,Codon,0.38765624
miRNA,9-mer,-1.7146204
miRNA,Ribosome,-1.6829495
miRNA,Single Base,-2.0128274
miRNA,Codon,1.378228
miRNA,9-mer,1.2022318
miRNA,Ribosome,0.9500132
miRNA,Single Base,0.16373369
miRNA,Codon,-0.33899754
miRNA,9-mer,0.31606737
miRNA,Ribosome,-1.0594527
miRNA,Single Base,0.504634
miRNA,Codon,-0.35643956
miRNA,9-mer,0.032204647
miRNA,Ribosome,-1.1281185
miRNA,Single Base,1.0712372
miRNA,Codon,1.1427281
miRNA,9-mer,-1.6805118
miRNA,Ribosome,-1.9855448
miRNA,Single Base,-1.6130698
miRNA,Codon,2.8730218
miRNA,9-mer,-0.17837082
miRNA,Ribosome,0.8561704
miRNA,Single Base,-2.2925541
miRNA,Codon,1.4603896
miRNA,9-mer,1.4985907
miRNA,Ribosome,1.8866305
miRNA,Single Base,-0.50882506
miRNA,Codon,1.1557049
miRNA,9-mer,-0.22952463
miRNA,Ribosome,-0.6840669
miRNA,Single Base,0.3710812
miRNA,Codon,-0.1036216
miRNA,9-mer,-0.66430837
miRNA,Ribosome,0.091733344
miRNA,Single Base,-0.1947953
miRNA,Codon,0.11507423
miRNA,9-mer,0.29134694
miRNA,Ribosome,0.015441957
miRNA,Single Base,1.5082413
miRNA,Codon,-0.6127326
miRNA,9-mer,-1.5976026
miRNA,Ribosome,-1.4461223
miRNA,Single Base,1.3683552
miRNA,Codon,-1.1374735
miRNA,9-mer,-0.298239
miRNA,Ribosome,-1.1680529
miRNA,Single Base,1.0548942
miRNA,Codon,-0.4662669
miRNA,9-mer,-1.2610337
miRNA,Ribosome,-0.7050976
miRNA,Single Base,-2.3196964
miRNA,Codon,2.8354025
miRNA,9-mer,0.5041456
miRNA,Ribosome,1.4815735
miRNA,Single Base,-0.1474339
miRNA,Codon,0.64208716
miRNA,9-mer,-0.43958133
miRNA,Ribosome,-0.17199293
miRNA,Single Base,-0.739618
miRNA,Codon,0.35379964
miRNA,9-mer,0.2244381
miRNA,Ribosome,1.4602978
miRNA,Single Base,-0.36511442
miRNA,Codon,0.033180486
miRNA,9-mer,1.0158541
miRNA,Ribosome,-0.21394461
miRNA,Single Base,-1.4699622
miRNA,Codon,1.3779253
miRNA,9-mer,0.90692335
miRNA,Ribosome,1.0546501
miRNA,Single Base,-0.15920179
miRNA,Codon,0.09136142
miRNA,9-mer,0.51601505
miRNA,Ribosome,-0.2476972
miRNA,Single Base,-2.6177258
miRNA,Codon,3.1760318
miRNA,9-mer,-0.124257475
miRNA,Ribosome,2.0336719
miRNA,Single Base,0.9227324
miRNA,Codon,-0.7569259
miRNA,9-mer,-0.61319876
miRNA,Ribosome,-0.74351233
miRNA,Single Base,-0.88359237
miRNA,Codon,1.1000291
miRNA,9-mer,0.29548016
miRNA,Ribosome,-0.051232718
miRNA,Single Base,0.26372156
miRNA,Codon,0.08453362
miRNA,9-mer,-0.026507176
miRNA,Ribosome,-1.3529549
miRNA,Single Base,-1.541792
miRNA,Codon,0.66744256
miRNA,9-mer,1.5864117
miRNA,Ribosome,0.14446595
miRNA,Single Base,-1.874212
miRNA,Codon,0.72767836
miRNA,9-mer,1.3302801
miRNA,Ribosome,1.6219469
miRNA,Single Base,2.7467124
miRNA,Codon,-2.9868684
miRNA,9-mer,-0.8690386
miRNA,Ribosome,-1.8366406
miRNA,Single Base,-0.79806757
miRNA,Codon,4.5078535
miRNA,9-mer,-4.7920365
miRNA,Ribosome,3.452536
miRNA,Single Base,-0.76309115
miRNA,Codon,2.3828728
miRNA,9-mer,-1.0728538
miRNA,Ribosome,-0.15040664
miRNA,Single Base,-2.01018
miRNA,Codon,3.2571096
miRNA,9-mer,0.49450305
miRNA,Ribosome,0.85054064
miRNA,Single Base,0.19298175
miRNA,Codon,0.6891022
miRNA,9-mer,-1.9721477
miRNA,Ribosome,-0.6121331
miRNA,Single Base,1.3891436
miRNA,Codon,0.3880887
miRNA,9-mer,-2.110433
miRNA,Ribosome,-0.5190271
miRNA,Single Base,-0.29751822
miRNA,Codon,-0.044293504
miRNA,9-mer,0.6761572
miRNA,Ribosome,0.60484725
miRNA,Single Base,-1.3935881
miRNA,Codon,1.8501388
miRNA,9-mer,0.35644233
miRNA,Ribosome,0.59447205
miRNA,Single Base,-1.7950467
miRNA,Codon,2.6464639
miRNA,9-mer,-3.1490762
miRNA,Ribosome,11.819213
miRNA,Single Base,-1.5444404
miRNA,Codon,0.8849317
miRNA,9-mer,1.4285188
miRNA,Ribosome,1.5779674
miRNA,Single Base,0.39233455
miRNA,Codon,-0.15367846
miRNA,9-mer,-0.14227441
miRNA,Ribosome,-1.0792496
miRNA,Single Base,-1.8572286
miRNA,Codon,1.8799064
miRNA,9-mer,1.9243001
miRNA,Ribosome,1.4573015
miRNA,Single Base,-0.8063367
miRNA,Codon,1.5900518
miRNA,9-mer,-0.2684084
miRNA,Ribosome,0.36801034
miRNA,Single Base,0.9407605
miRNA,Codon,0.30934903
miRNA,9-mer,-1.2939615
miRNA,Ribosome,-1.1253349
miRNA,Single Base,-0.43779635
miRNA,Codon,0.16585937
miRNA,9-mer,0.52865887
miRNA,Ribosome,0.00263355
miRNA,Single Base,-1.5283492
miRNA,Codon,1.2459767
miRNA,9-mer,1.2905217
miRNA,Ribosome,-0.60115165
miRNA,Single Base,0.729165
miRNA,Codon,-0.77447087
miRNA,9-mer,-0.39174476
miRNA,Ribosome,-0.22415954
miRNA,Single Base,1.4201118
miRNA,Codon,-1.4351349
miRNA,9-mer,-0.63823014
miRNA,Ribosome,-0.69219035
miRNA,Single Base,-0.80281734
miRNA,Codon,-0.6096831
miRNA,9-mer,1.9301999
miRNA,Ribosome,1.276556
miRNA,Single Base,-1.4330537
miRNA,Codon,0.5719015
miRNA,9-mer,1.3817468
miRNA,Ribosome,1.3464695
miRNA,Single Base,-3.5594935
miRNA,Codon,8.148711
miRNA,9-mer,-0.7134687
miRNA,Ribosome,0.72160494
miRNA,Single Base,-0.43839523
miRNA,Codon,1.7193041
miRNA,9-mer,-1.2375486
miRNA,Ribosome,-0.054118406
miRNA,Single Base,1.6888227
miRNA,Codon,-1.2920091
miRNA,9-mer,-1.8691295
miRNA,Ribosome,-0.5468406
miRNA,Single Base,-1.3540862
miRNA,Codon,0.31443787
miRNA,9-mer,1.3143291
miRNA,Ribosome,1.9126282
miRNA,Single Base,-3.6484354
miRNA,Codon,9.541181
miRNA,9-mer,-0.52139205
miRNA,Ribosome,2.517457
miRNA,Single Base,4.604606
miRNA,Codon,-1.3511162
miRNA,9-mer,-3.9392955
miRNA,Ribosome,-3.5298448
miRNA,Single Base,-0.32846203
miRNA,Codon,0.4369422
miRNA,9-mer,-0.17904606
miRNA,Ribosome,-0.059923608
miRNA,Single Base,0.09426428
miRNA,Codon,-0.26075882
miRNA,9-mer,0.5384898
miRNA,Ribosome,-0.19399233
miRNA,Single Base,-1.9450438
miRNA,Codon,0.89833325
miRNA,9-mer,1.4444673
miRNA,Ribosome,1.1330925
miRNA,Single Base,0.3145756
miRNA,Codon,-0.25221032
miRNA,9-mer,0.04047372
miRNA,Ribosome,-0.45349872
miRNA,Single Base,-2.4023485
miRNA,Codon,1.5351615
miRNA,9-mer,2.25093
miRNA,Ribosome,0.9864053
miRNA,Single Base,1.2957081
miRNA,Codon,-0.5433655
miRNA,9-mer,-2.1229165
miRNA,Ribosome,0.5421589
miRNA,Single Base,0.49383605
miRNA,Codon,0.9365334
miRNA,9-mer,-1.5987228
miRNA,Ribosome,-1.0775443
miRNA,Single Base,-1.2323471
miRNA,Codon,1.2497219
miRNA,9-mer,0.3554577
miRNA,Ribosome,1.453458
miRNA,Single Base,0.80483305
miRNA,Codon,-0.5370427
miRNA,9-mer,0.10007249
miRNA,Ribosome,-1.6576953
miRNA,Single Base,0.73051697
miRNA,Codon,-0.44883388
miRNA,9-mer,-0.9553624
miRNA,Ribosome,0.26543853
miRNA,Single Base,-0.39487568
miRNA,Codon,1.2554406
miRNA,9-mer,-0.34426746
miRNA,Ribosome,0.07868987
miRNA,Single Base,-0.5697102
miRNA,Codon,0.021781875
miRNA,9-mer,1.1949338
miRNA,Ribosome,-0.09342527
miRNA,Single Base,0.5699466
miRNA,Codon,0.054980293
miRNA,9-mer,-0.90365833
miRNA,Ribosome,-1.0270187
miRNA,Single Base,0.9617355
miRNA,Codon,-0.9564198
miRNA,9-mer,-0.37371117
miRNA,Ribosome,-1.4527946
miRNA,Single Base,-0.6254287
miRNA,Codon,0.6806944
miRNA,9-mer,0.54922837
miRNA,Ribosome,0.46884474
miRNA,Single Base,-0.9945332
miRNA,Codon,1.0178115
miRNA,9-mer,0.1609449
miRNA,Ribosome,0.75780565
miRNA,Single Base,-1.5630386
miRNA,Codon,1.8405378
miRNA,9-mer,1.1095715
miRNA,Ribosome,0.9336714
miRNA,Single Base,-1.2946128
miRNA,Codon,0.7071095
miRNA,9-mer,0.6592168
miRNA,Ribosome,2.973883
miRNA,Single Base,0.3871368
miRNA,Codon,-0.44052896
miRNA,9-mer,-0.3399238
miRNA,Ribosome,-0.31697658
miRNA,Single Base,0.6946732
miRNA,Codon,-0.06821557
miRNA,9-mer,-1.669874
miRNA,Ribosome,-1.1569859
miRNA,Single Base,2.0022235
miRNA,Codon,-1.8309956
miRNA,9-mer,-1.1407639
miRNA,Ribosome,-1.8683518
miRNA,Single Base,-0.5152104
miRNA,Codon,1.360456
miRNA,9-mer,-1.038564
miRNA,Ribosome,-0.111336015
miRNA,Single Base,-2.1197398
miRNA,Codon,1.3515732
miRNA,9-mer,1.1248657
miRNA,Ribosome,1.2871807
miRNA,Single Base,1.3061507
miRNA,Codon,-0.18443102
miRNA,9-mer,-0.7514167
miRNA,Ribosome,-1.2154331
miRNA,Single Base,2.189039
miRNA,Codon,-1.4328077
miRNA,9-mer,-2.1927373
miRNA,Ribosome,-1.1392907
miRNA,Single Base,0.5951082
miRNA,Codon,-0.5641717
miRNA,9-mer,-0.6267095
miRNA,Ribosome,-0.024167089
miRNA,Single Base,-0.03263169
miRNA,Codon,0.8887122
miRNA,9-mer,-1.3171818
miRNA,Ribosome,-0.19385962
miRNA,Single Base,0.35587424
miRNA,Codon,-0.057294376
miRNA,9-mer,-0.64442325
miRNA,Ribosome,-0.020329041
miRNA,Single Base,0.8171942
miRNA,Codon,-0.75336146
miRNA,9-mer,-0.36041048
miRNA,Ribosome,-0.7009435
miRNA,Single Base,-0.6933759
miRNA,Codon,1.520762
miRNA,9-mer,-1.4326432
miRNA,Ribosome,1.4146363
miRNA,Single Base,-1.0314655
miRNA,Codon,1.5319257
miRNA,9-mer,0.5756894
miRNA,Ribosome,-0.18875368
miRNA,Single Base,5.3705926
miRNA,Codon,-1.2187309
miRNA,9-mer,-3.030732
miRNA,Ribosome,-3.1847868
miRNA,Single Base,-0.026365953
miRNA,Codon,1.560137
miRNA,9-mer,-1.9079485
miRNA,Ribosome,0.6425658
miRNA,Single Base,0.18225254
miRNA,Codon,-0.52558964
miRNA,9-mer,-0.95957386
miRNA,Ribosome,1.0835112
miRNA,Single Base,3.1574702
miRNA,Codon,0.021481875
miRNA,9-mer,-3.373889
miRNA,Ribosome,-3.577571
miRNA,Single Base,-1.407261
miRNA,Codon,1.6018945
miRNA,9-mer,0.46685725
miRNA,Ribosome,1.9726082
miRNA,Single Base,0.87319607
miRNA,Codon,-1.077708
miRNA,9-mer,-0.13402694
miRNA,Ribosome,-0.79589146
miRNA,Single Base,-1.5069504
miRNA,Codon,3.8962555
miRNA,9-mer,-1.9383018
miRNA,Ribosome,1.3830954
miRNA,Single Base,-0.51830506
miRNA,Codon,0.45370182
miRNA,9-mer,0.42924368
miRNA,Ribosome,0.29038972
miRNA,Single Base,-0.30802172
miRNA,Codon,0.95122755
miRNA,9-mer,-1.0092313
miRNA,Ribosome,0.42240697
miRNA,Single Base,0.94077307
miRNA,Codon,-0.68453753
miRNA,9-mer,-1.2136412
miRNA,Ribosome,-0.9979874
miRNA,Single Base,-3.0307665
miRNA,Codon,2.2644908
miRNA,9-mer,2.4129953
miRNA,Ribosome,2.632262
miRNA,Single Base,-0.415308
miRNA,Codon,0.72430474
miRNA,9-mer,0.4651682
miRNA,Ribosome,-0.99897623
miRNA,Single Base,-1.0386132
miRNA,Codon,0.2667324
miRNA,9-mer,1.0412781
miRNA,Ribosome,0.907733
miRNA,Single Base,0.21373452
miRNA,Codon,0.13600606
miRNA,9-mer,-1.1087279
miRNA,Ribosome,-0.23748575
miRNA,Single Base,1.1854289
miRNA,Codon,-0.9990656
miRNA,9-mer,-0.06281498
miRNA,Ribosome,-1.9570814
miRNA,Single Base,-2.9552708
miRNA,Codon,2.4523845
miRNA,9-mer,1.4926949
miRNA,Ribosome,3.2635171
miRNA,Single Base,-0.1747431
miRNA,Codon,-0.16931972
miRNA,9-mer,0.6979925
miRNA,Ribosome,0.07808935
miRNA,Single Base,-1.8577363
miRNA,Codon,1.3504008
miRNA,9-mer,2.3278072
miRNA,Ribosome,-0.13642517
miRNA,Single Base,-5.610353
miRNA,Codon,3.8627908
miRNA,9-mer,-3.3159015
miRNA,Ribosome,6.2045727
miRNA,Single Base,1.0708975
miRNA,Codon,0.7923022
miRNA,9-mer,-3.8142266
miRNA,Ribosome,4.5722814
miRNA,Single Base,-0.042779353
miRNA,Codon,-0.90124476
miRNA,9-mer,1.2740636
miRNA,Ribosome,-0.6169531
miRNA,Single Base,-1.4147019
miRNA,Codon,0.6965059
miRNA,9-mer,1.1275171
miRNA,Ribosome,-0.007386977
miRNA,Single Base,-1.9592739
miRNA,Codon,2.2564743
miRNA,9-mer,-0.60107374
miRNA,Ribosome,1.5418967
miRNA,Single Base,0.09262033
miRNA,Codon,-0.29381356
miRNA,9-mer,0.6000401
miRNA,Ribosome,-0.3059692
miRNA,Single Base,0.7895781
miRNA,Codon,1.3238685
miRNA,9-mer,-1.239489
miRNA,Ribosome,-1.8401561
miRNA,Single Base,1.9911212
miRNA,Codon,0.62848896
miRNA,9-mer,-2.469036
miRNA,Ribosome,-3.1673796
miRNA,Single Base,-0.7793529
miRNA,Codon,0.9410802
miRNA,9-mer,-0.046673596
miRNA,Ribosome,1.1660037
miRNA,Single Base,0.20791247
miRNA,Codon,0.119713955
miRNA,9-mer,-0.64013535
miRNA,Ribosome,-0.41773245
miRNA,Single Base,-0.6457358
miRNA,Codon,0.093910985
miRNA,9-mer,0.38569406
miRNA,Ribosome,1.8096924
miRNA,Single Base,-0.21694902
miRNA,Codon,-0.063538216
miRNA,9-mer,0.30347845
miRNA,Ribosome,1.2831901
miRNA,Single Base,-4.705755
miRNA,Codon,7.8625865
miRNA,9-mer,-4.7783337
miRNA,Ribosome,5.746163
miRNA,Single Base,-0.44348904
miRNA,Codon,0.011917136
miRNA,9-mer,2.5541546
miRNA,Ribosome,0.35018092
miRNA,Single Base,-0.20061772
miRNA,Codon,1.0600289
miRNA,9-mer,-0.5865757
miRNA,Ribosome,-0.23629825
miRNA,Single Base,0.5333469
miRNA,Codon,-1.1332088
miRNA,9-mer,0.65817624
miRNA,Ribosome,0.14533007
miRNA,Single Base,2.2938843
miRNA,Codon,-0.76585066
miRNA,9-mer,-1.7730705
miRNA,Ribosome,-1.6123791
miRNA,Single Base,0.61938566
miRNA,Codon,-0.0837998
miRNA,9-mer,-0.24091169
miRNA,Ribosome,-1.0982152
miRNA,Single Base,-1.7938818
miRNA,Codon,2.3817677
miRNA,9-mer,-0.67499965
miRNA,Ribosome,1.3858727
miRNA,Single Base,1.435269
miRNA,Codon,-0.6060951
miRNA,9-mer,-2.0583847
miRNA,Ribosome,-1.2172853
miRNA,Single Base,2.2639225
miRNA,Codon,-2.6370287
miRNA,9-mer,-0.84305775
miRNA,Ribosome,-0.7421831
miRNA,Single Base,0.16483387
miRNA,Codon,0.059152886
miRNA,9-mer,-0.6542899
miRNA,Ribosome,0.07750624
miRNA,Single Base,-2.1536047
miRNA,Codon,1.7512308
miRNA,9-mer,1.8164442
miRNA,Ribosome,1.230828
miRNA,Single Base,-0.44466516
miRNA,Codon,2.0471728
miRNA,9-mer,-1.5384543
miRNA,Ribosome,-0.5557922
miRNA,Single Base,-0.3602749
miRNA,Codon,0.8453044
miRNA,9-mer,-0.3131137
miRNA,Ribosome,-0.28012174
miRNA,Single Base,-2.5452976
miRNA,Codon,3.1758974
miRNA,9-mer,-1.7161423
miRNA,Ribosome,2.129853
miRNA,Single Base,-0.7985105
miRNA,Codon,0.25232768
miRNA,9-mer,1.2604266
miRNA,Ribosome,-0.1386158
miRNA,Single Base,0.17831925
miRNA,Codon,-0.1403607
miRNA,9-mer,0.36979663
miRNA,Ribosome,-1.6523287
miRNA,Single Base,1.1508429
miRNA,Codon,-1.0551493
miRNA,9-mer,-1.5483216
miRNA,Ribosome,-1.0766743
miRNA,Single Base,-0.59727716
miRNA,Codon,1.8191713
miRNA,9-mer,-0.90264744
miRNA,Ribosome,0.9369519
miRNA,Single Base,-2.299008
miRNA,Codon,1.3739289
miRNA,9-mer,2.4284983
miRNA,Ribosome,2.694275
miRNA,Single Base,-1.0320996
miRNA,Codon,1.7457821
miRNA,9-mer,-0.58601063
miRNA,Ribosome,1.0315146
miRNA,Single Base,1.0768615
miRNA,Codon,-0.9894547
miRNA,9-mer,-0.5540982
miRNA,Ribosome,-0.6523161
miRNA,Single Base,1.6718934
miRNA,Codon,2.8620887
miRNA,9-mer,-1.925673
miRNA,Ribosome,-2.5722191
miRNA,Single Base,1.8766748
miRNA,Codon,0.33461747
miRNA,9-mer,-2.269998
miRNA,Ribosome,-1.7774224
miRNA,Single Base,-2.603828
miRNA,Codon,4.794193
miRNA,9-mer,-0.5886125
miRNA,Ribosome,1.2234086
miRNA,Single Base,0.6333103
miRNA,Codon,-0.039715108
miRNA,9-mer,-1.2596694
miRNA,Ribosome,-0.2910881
miRNA,Single Base,-0.32873237
miRNA,Codon,1.5249634
miRNA,9-mer,-1.3012666
miRNA,Ribosome,0.1727981
miRNA,Single Base,-1.0071502
miRNA,Codon,1.8126221
miRNA,9-mer,-0.65129054
miRNA,Ribosome,0.24555819
miRNA,Single Base,-1.6639338
miRNA,Codon,4.43947
miRNA,9-mer,-1.7674222
miRNA,Ribosome,1.095398
miRNA,Single Base,-3.8110569
miRNA,Codon,1.6049191
miRNA,9-mer,2.7031937
miRNA,Ribosome,0.7685184
miRNA,Single Base,-1.3743914
miRNA,Codon,0.89997256
miRNA,9-mer,1.7870297
miRNA,Ribosome,0.19714348
miRNA,Single Base,-2.034646
miRNA,Codon,1.2231501
miRNA,9-mer,1.9829843
miRNA,Ribosome,-0.5367503
miRNA,Single Base,-0.17092246
miRNA,Codon,0.8999997
miRNA,9-mer,-2.187725
miRNA,Ribosome,0.29712722
miRNA,Single Base,0.24294938
miRNA,Codon,-0.0040182373
miRNA,9-mer,-0.4965504
miRNA,Ribosome,-0.060090292
miRNA,Single Base,-1.2280855
miRNA,Codon,0.9361557
miRNA,9-mer,1.0696039
miRNA,Ribosome,0.4964557
miRNA,Single Base,0.66472244
miRNA,Codon,-0.19347009
miRNA,9-mer,-0.385533
miRNA,Ribosome,-1.3192303
miRNA,Single Base,-3.6629303
miRNA,Codon,4.7654924
miRNA,9-mer,0.6747923
miRNA,Ribosome,4.138497
miRNA,Single Base,0.52397275
miRNA,Codon,1.7980987
miRNA,9-mer,-1.6769855
miRNA,Ribosome,-1.6244768
miRNA,Single Base,0.71003824
miRNA,Codon,-0.25940928
miRNA,9-mer,-0.8046766
miRNA,Ribosome,-0.959079
miRNA,Single Base,-0.42320263
miRNA,Codon,0.7196506
miRNA,9-mer,-0.402804
miRNA,Ribosome,1.0073047
miRNA,Single Base,-0.6217935
miRNA,Codon,1.1717254
miRNA,9-mer,0.58169836
miRNA,Ribosome,-0.7699616
miRNA,Single Base,-3.2717853
miRNA,Codon,3.225974
miRNA,9-mer,0.052817557
miRNA,Ribosome,2.7359943
miRNA,Single Base,-1.775968
miRNA,Codon,2.468817
miRNA,9-mer,0.9006044
miRNA,Ribosome,1.3741943
miRNA,Single Base,1.2136842
miRNA,Codon,-1.4994867
miRNA,9-mer,-0.7722942
miRNA,Ribosome,-0.8286292
miRNA,Single Base,-2.8311288
miRNA,Codon,3.0107508
miRNA,9-mer,-0.15661024
miRNA,Ribosome,3.1508262
miRNA,Single Base,-0.3280229
miRNA,Codon,0.9634704
miRNA,9-mer,-0.120711505
miRNA,Ribosome,-0.63148725
miRNA,Single Base,-1.4217521
miRNA,Codon,2.8204803
miRNA,9-mer,-2.321577
miRNA,Ribosome,-0.19532183
miRNA,Single Base,-2.0230842
miRNA,Codon,0.24306782
miRNA,9-mer,1.7080775
miRNA,Ribosome,0.85661066
miRNA,Single Base,-0.15756612
miRNA,Codon,0.6180937
miRNA,9-mer,-0.29155865
miRNA,Ribosome,-0.052992485
miRNA,Single Base,5.7439213
miRNA,Codon,-1.9317664
miRNA,9-mer,-3.0729828
miRNA,Ribosome,-3.5334182
miRNA,Single Base,0.24047658
miRNA,Codon,0.7082434
miRNA,9-mer,-1.0201975
miRNA,Ribosome,-0.3562331
miRNA,Single Base,2.3283808
miRNA,Codon,-1.4779279
miRNA,9-mer,-1.9626613
miRNA,Ribosome,-0.8934241
miRNA,Single Base,-0.46461397
miRNA,Codon,-0.53948045
miRNA,9-mer,2.6288128
miRNA,Ribosome,0.4602304
miRNA,Single Base,-3.894553
miRNA,Codon,3.0589273
miRNA,9-mer,1.628662
miRNA,Ribosome,4.8101873
miRNA,Single Base,0.19301425
miRNA,Codon,-1.2588937
miRNA,9-mer,1.159426
miRNA,Ribosome,0.62807107
miRNA,Single Base,1.0650765
miRNA,Codon,-0.79218566
miRNA,9-mer,-0.97004783
miRNA,Ribosome,-1.2261776
miRNA,Single Base,-0.44799984
miRNA,Codon,1.0679532
miRNA,9-mer,-0.24870825
miRNA,Ribosome,-0.4650614
miRNA,Single Base,1.6249039
miRNA,Codon,-0.34131467
miRNA,9-mer,-2.267764
miRNA,Ribosome,-2.1250644
miRNA,Single Base,1.2382824
miRNA,Codon,-1.4230733
miRNA,9-mer,-0.6854862
miRNA,Ribosome,-0.9117757
miRNA,Single Base,0.36869985
miRNA,Codon,0.12945437
miRNA,9-mer,-0.94450086
miRNA,Ribosome,-0.50994647
miRNA,Single Base,0.3444298
miRNA,Codon,-0.08732706
miRNA,9-mer,-0.37845984
miRNA,Ribosome,-0.49320906
miRNA,Single Base,-0.16752289
miRNA,Codon,1.1223472
miRNA,9-mer,-0.7439357
miRNA,Ribosome,-0.6069628
miRNA,Single Base,2.4414244
miRNA,Codon,-1.5538204
miRNA,9-mer,-1.9619005
miRNA,Ribosome,-2.2811406
miRNA,Single Base,0.26510286
miRNA,Codon,1.0337781
miRNA,9-mer,-1.9065821
miRNA,Ribosome,-1.4599795
miRNA,Single Base,-3.6628551
miRNA,Codon,3.3924482
miRNA,9-mer,1.2666024
miRNA,Ribosome,2.8844264
miRNA,Single Base,-2.8624513
miRNA,Codon,3.5264778
miRNA,9-mer,3.3107705
miRNA,Ribosome,-0.31599614
miRNA,Single Base,0.041458048
miRNA,Codon,-0.16650444
miRNA,9-mer,0.28067943
miRNA,Ribosome,-0.34157637
miRNA,Single Base,-0.28125644
miRNA,Codon,1.9694524
miRNA,9-mer,-2.582345
miRNA,Ribosome,1.6198153
miRNA,Single Base,-1.1366284
miRNA,Codon,1.0476218
miRNA,9-mer,0.71787935
miRNA,Ribosome,1.6545479
miRNA,Single Base,-0.19541366
miRNA,Codon,1.3834509
miRNA,9-mer,-3.7514062
miRNA,Ribosome,10.811711
miRNA,Single Base,-0.42675143
miRNA,Codon,2.8605762
miRNA,9-mer,-2.5454319
miRNA,Ribosome,-1.5076432
miRNA,Single Base,0.73784244
miRNA,Codon,0.050534416
miRNA,9-mer,-0.913909
miRNA,Ribosome,-1.299897
miRNA,Single Base,-0.1377318
miRNA,Codon,0.23624747
miRNA,9-mer,-0.46572334
miRNA,Ribosome,0.42592365
miRNA,Single Base,-0.7249906
miRNA,Codon,0.044435516
miRNA,9-mer,0.271122
miRNA,Ribosome,2.263429
miRNA,Single Base,2.582069
miRNA,Codon,-0.6846927
miRNA,9-mer,-3.3411913
miRNA,Ribosome,-2.0021045
miRNA,Single Base,-2.5473251
miRNA,Codon,2.663849
miRNA,9-mer,-0.67547095
miRNA,Ribosome,1.4397373
miRNA,Single Base,0.22552966
miRNA,Codon,0.32140875
miRNA,9-mer,-0.5986213
miRNA,Ribosome,-0.617871
miRNA,Single Base,-0.064258754
miRNA,Codon,-0.010471007
miRNA,9-mer,0.5437757
miRNA,Ribosome,-1.0820405
miRNA,Single Base,1.103013
miRNA,Codon,0.34735
miRNA,9-mer,-2.8484411
miRNA,Ribosome,-0.782941
miRNA,Single Base,-1.556186
miRNA,Codon,2.79449
miRNA,9-mer,-5.5810633
miRNA,Ribosome,5.8316
miRNA,Single Base,1.6336792
miRNA,Codon,0.6994851
miRNA,9-mer,-3.3446884
miRNA,Ribosome,-1.0063365
miRNA,Single Base,-2.1350253
miRNA,Codon,2.4806204
miRNA,9-mer,0.70148337
miRNA,Ribosome,0.656284
miRNA,Single Base,-0.23539336
miRNA,Codon,0.4106412
miRNA,9-mer,0.14201519
miRNA,Ribosome,-0.5036363
miRNA,Single Base,-3.1289365
miRNA,Codon,4.6606154
miRNA,9-mer,-1.0194597
miRNA,Ribosome,2.6457784
miRNA,Single Base,-3.2936945
miRNA,Codon,3.2069883
miRNA,9-mer,1.4700519
miRNA,Ribosome,0.63640666
miRNA,Single Base,0.24083847
miRNA,Codon,1.9727252
miRNA,9-mer,-1.6186458
miRNA,Ribosome,-0.9380281
miRNA,Single Base,-1.1203109
miRNA,Codon,0.9287219
miRNA,9-mer,0.7798083
miRNA,Ribosome,0.1304688
miRNA,Single Base,3.3469586
miRNA,Codon,-0.27279583
miRNA,9-mer,-6.2052584
miRNA,Ribosome,-0.99987876
miRNA,Single Base,0.25238806
miRNA,Codon,-0.26486114
miRNA,9-mer,0.0013411287
miRNA,Ribosome,-0.23654447
miRNA,Single Base,1.0551893
miRNA,Codon,-0.33914146
miRNA,9-mer,-0.95739543
miRNA,Ribosome,-1.1733142
miRNA,Single Base,0.93606967
miRNA,Codon,2.44652
miRNA,9-mer,-3.1781874
miRNA,Ribosome,-3.1621377
miRNA,Single Base,-1.0978742
miRNA,Codon,1.3377415
miRNA,9-mer,-0.41449517
miRNA,Ribosome,1.2845685
miRNA,Single Base,-1.0175787
miRNA,Codon,1.9043744
miRNA,9-mer,-0.340562
miRNA,Ribosome,-0.99201906
miRNA,Single Base,-0.8062908
miRNA,Codon,1.1342202
miRNA,9-mer,-0.555032
miRNA,Ribosome,0.22742249
miRNA,Single Base,0.09714386
miRNA,Codon,0.27604222
miRNA,9-mer,-0.5636231
miRNA,Ribosome,-0.51640606
miRNA,Single Base,-0.1122644
miRNA,Codon,2.8610222
miRNA,9-mer,-2.3541412
miRNA,Ribosome,-1.671464
miRNA,Single Base,2.6372354
miRNA,Codon,0.020623982
miRNA,9-mer,-4.980267
miRNA,Ribosome,-2.6785665
miRNA,Single Base,2.3743284
miRNA,Codon,-1.6460972
miRNA,9-mer,-1.2634043
miRNA,Ribosome,-1.803066
miRNA,Single Base,2.0532103
miRNA,Codon,-0.40120843
miRNA,9-mer,-2.1214964
miRNA,Ribosome,-1.9389191
miRNA,Single Base,0.25768796
miRNA,Codon,-0.057378683
miRNA,9-mer,-0.20266175
miRNA,Ribosome,-0.6429138
miRNA,Single Base,1.0699018
miRNA,Codon,-1.52291
miRNA,9-mer,0.3812569
miRNA,Ribosome,-1.1466049
miRNA,Single Base,0.6718192
miRNA,Codon,0.13774163
miRNA,9-mer,-0.62419564
miRNA,Ribosome,-0.9309781
miRNA,Single Base,-1.1618721
miRNA,Codon,2.136047
miRNA,9-mer,-4.1978917
miRNA,Ribosome,3.675028
miRNA,Single Base,0.26270172
miRNA,Codon,-0.49030557
miRNA,9-mer,1.7725403
miRNA,Ribosome,-1.0044996
miRNA,Single Base,-2.3140998
miRNA,Codon,1.7593303
miRNA,9-mer,-2.5633252
miRNA,Ribosome,6.624926
miRNA,Single Base,-0.8632829
miRNA,Codon,0.8490658
miRNA,9-mer,0.8866525
miRNA,Ribosome,0.28394407
miRNA,Single Base,-0.9854178
miRNA,Codon,0.54079676
miRNA,9-mer,1.2802739
miRNA,Ribosome,1.0956941
miRNA,Single Base,-1.958285
miRNA,Codon,1.7029287
miRNA,9-mer,0.9227058
miRNA,Ribosome,2.774079
miRNA,Single Base,1.3748415
miRNA,Codon,-2.0013855
miRNA,9-mer,0.9512594
miRNA,Ribosome,-0.7661091
miRNA,Single Base,-1.5175012
miRNA,Codon,1.1766918
miRNA,9-mer,1.369554
miRNA,Ribosome,1.7785109
miRNA,Single Base,-0.5623375
miRNA,Codon,-0.33703798
miRNA,9-mer,1.2328281
miRNA,Ribosome,0.35170946
miRNA,Single Base,1.0283821
miRNA,Codon,1.5900843
miRNA,9-mer,-2.25285
miRNA,Ribosome,-2.0151474
miRNA,Single Base,-5.7466984
miRNA,Codon,7.64183
miRNA,9-mer,-5.621674
miRNA,Ribosome,14.064653
miRNA,Single Base,-0.12564735
miRNA,Codon,0.3047516
miRNA,9-mer,0.2085359
miRNA,Ribosome,-1.2063586
miRNA,Single Base,0.59896123
miRNA,Codon,-0.6382192
miRNA,9-mer,-0.43588454
miRNA,Ribosome,-0.37964088
miRNA,Single Base,-0.3150637
miRNA,Codon,0.3994254
miRNA,9-mer,0.21021013
miRNA,Ribosome,-0.1693133
miRNA,Single Base,-0.6486
miRNA,Codon,1.4867134
miRNA,9-mer,-1.2761304
miRNA,Ribosome,-1.2377013
miRNA,Single Base,-0.088042356
miRNA,Codon,-0.029558739
miRNA,9-mer,0.47882876
miRNA,Ribosome,0.09686044
miRNA,Single Base,-1.7286981
miRNA,Codon,3.5084107
miRNA,9-mer,-1.537919
miRNA,Ribosome,-0.14569151
miRNA,Single Base,-1.5292627
miRNA,Codon,1.6502264
miRNA,9-mer,0.036344968
miRNA,Ribosome,2.4432662
miRNA,Single Base,0.9205857
miRNA,Codon,0.40419343
miRNA,9-mer,-1.7964275
miRNA,Ribosome,-0.85522586
miRNA,Single Base,-2.7136798
miRNA,Codon,2.2476952
miRNA,9-mer,1.4141403
miRNA,Ribosome,1.1212964
miRNA,Single Base,-1.1782099
miRNA,Codon,1.0345098
miRNA,9-mer,0.8328497
miRNA,Ribosome,0.60312146
miRNA,Single Base,1.1376371
miRNA,Codon,-0.88154763
miRNA,9-mer,-1.3120458
miRNA,Ribosome,-0.19517376
miRNA,Single Base,-0.03475234
miRNA,Codon,0.37339854
miRNA,9-mer,-0.5130768
miRNA,Ribosome,0.45115006
miRNA,Single Base,0.41302514
miRNA,Codon,-0.337112
miRNA,9-mer,0.33824044
miRNA,Ribosome,-1.0039952
miRNA,Single Base,0.3168622
miRNA,Codon,-0.29123178
miRNA,9-mer,0.007515968
miRNA,Ribosome,-0.7598419
miRNA,Single Base,-1.1395531
miRNA,Codon,0.17725886
miRNA,9-mer,1.1353065
miRNA,Ribosome,1.8746809
miRNA,Single Base,-2.1812642
miRNA,Codon,2.3382063
miRNA,9-mer,0.67861134
miRNA,Ribosome,2.1717768
miRNA,Single Base,-0.08827572
miRNA,Codon,-0.36682832
miRNA,9-mer,0.8249902
miRNA,Ribosome,-0.1831952
miRNA,Single Base,0.56764203
miRNA,Codon,-0.97563344
miRNA,9-mer,0.756981
miRNA,Ribosome,-0.97208637
miRNA,Single Base,0.56516105
miRNA,Codon,-0.4450596
miRNA,9-mer,-0.37156358
miRNA,Ribosome,-0.8780415
miRNA,Single Base,-1.7605126
miRNA,Codon,4.014441
miRNA,9-mer,-0.8410863
miRNA,Ribosome,0.22385122
miRNA,Single Base,2.3345003
miRNA,Codon,-0.15893082
miRNA,9-mer,-5.291683
miRNA,Ribosome,-1.4478047
miRNA,Single Base,-3.467499
miRNA,Codon,4.786646
miRNA,9-mer,1.2669251
miRNA,Ribosome,1.6800075
miRNA,Single Base,-1.4268483
miRNA,Codon,0.77461815
miRNA,9-mer,1.7548355
miRNA,Ribosome,-0.39175
miRNA,Single Base,6.789167
miRNA,Codon,-0.9081257
miRNA,9-mer,-6.813601
miRNA,Ribosome,-3.75821
miRNA,Single Base,-3.1213012
miRNA,Codon,1.7129031
miRNA,9-mer,3.8820343
miRNA,Ribosome,4.6238685
miRNA,Single Base,0.81852406
miRNA,Codon,-0.65747374
miRNA,9-mer,-1.0884309
miRNA,Ribosome,0.69404286
miRNA,Single Base,0.67159015
miRNA,Codon,-0.09103256
miRNA,9-mer,-0.5810828
miRNA,Ribosome,-1.3356582
miRNA,Single Base,-1.8770193
miRNA,Codon,0.5227947
miRNA,9-mer,1.8511059
miRNA,Ribosome,1.6511703
miRNA,Single Base,-0.31339237
miRNA,Codon,0.5329349
miRNA,9-mer,0.041653942
miRNA,Ribosome,-0.070917435
miRNA,Single Base,-0.415716
miRNA,Codon,0.6641499
miRNA,9-mer,-0.53953624
miRNA,Ribosome,0.4148423
miRNA,Single Base,2.3577483
miRNA,Codon,-1.8698555
miRNA,9-mer,-1.551887
miRNA,Ribosome,-2.91274
miRNA,Single Base,-3.586395
miRNA,Codon,0.0068190116
miRNA,9-mer,3.8898828
miRNA,Ribosome,2.8127468
miRNA,Single Base,-0.2712167
miRNA,Codon,1.4735934
miRNA,9-mer,-0.71181977
miRNA,Ribosome,-0.7647664
miRNA,Single Base,-0.14647393
miRNA,Codon,-0.16615604
miRNA,9-mer,0.5160283
miRNA,Ribosome,0.093489476
miRNA,Single Base,-0.28997505
miRNA,Codon,0.25966814
miRNA,9-mer,1.3113786
miRNA,Ribosome,-0.17604907
miRNA,Single Base,0.45470396
miRNA,Codon,-0.39397937
miRNA,9-mer,-0.69848835
miRNA,Ribosome,-0.3874675
miRNA,Single Base,-0.55576134
miRNA,Codon,2.0514765
miRNA,9-mer,-1.2027851
miRNA,Ribosome,-0.48379225
miRNA,Single Base,0.7808413
miRNA,Codon,-1.1471329
miRNA,9-mer,0.8350756
miRNA,Ribosome,-0.7357731
miRNA,Single Base,-1.0362626
miRNA,Codon,-0.27654707
miRNA,9-mer,2.959408
miRNA,Ribosome,1.0246329
miRNA,Single Base,1.4848381
miRNA,Codon,1.3502089
miRNA,9-mer,-2.0783272
miRNA,Ribosome,-1.5369372
miRNA,Single Base,-0.9571636
miRNA,Codon,0.9787877
miRNA,9-mer,0.15699482
miRNA,Ribosome,0.8427075
miRNA,Single Base,-4.912646
miRNA,Codon,7.5943623
miRNA,9-mer,-2.6785233
miRNA,Ribosome,7.860469
miRNA,Single Base,0.6285091
miRNA,Codon,-0.732406
miRNA,9-mer,0.31170842
miRNA,Ribosome,-0.94202477
miRNA,Single Base,-3.278968
miRNA,Codon,2.9078887
miRNA,9-mer,-1.3626292
miRNA,Ribosome,4.3170633
miRNA,Single Base,0.3944927
miRNA,Codon,-0.88295037
miRNA,9-mer,0.3239412
miRNA,Ribosome,-0.48439258
miRNA,Single Base,-0.2453367
miRNA,Codon,0.40889856
miRNA,9-mer,0.11426756
miRNA,Ribosome,-0.10099758
miRNA,Single Base,-0.9431113
miRNA,Codon,4.030616
miRNA,9-mer,-2.6992114
miRNA,Ribosome,0.80715567
miRNA,Single Base,0.09809346
miRNA,Codon,-0.45264953
miRNA,9-mer,1.6828412
miRNA,Ribosome,-0.27697933
miRNA,Single Base,0.6829376
miRNA,Codon,-0.07734543
miRNA,9-mer,-0.61930346
miRNA,Ribosome,-2.5144105
miRNA,Single Base,2.5638099
miRNA,Codon,-1.5466127
miRNA,9-mer,-1.4510688
miRNA,Ribosome,-2.1898375
miRNA,Single Base,-1.6360376
miRNA,Codon,1.1768751
miRNA,9-mer,1.1933533
miRNA,Ribosome,1.014501
miRNA,Single Base,-2.0170345
miRNA,Codon,1.9295356
miRNA,9-mer,1.2721939
miRNA,Ribosome,0.6450661
miRNA,Single Base,1.5954192
miRNA,Codon,-1.131388
miRNA,9-mer,-1.1111044
miRNA,Ribosome,-1.9998113
miRNA,Single Base,-0.6838604
miRNA,Codon,0.034245078
miRNA,9-mer,1.5818719
miRNA,Ribosome,-0.8421826
miRNA,Single Base,-1.4540427
miRNA,Codon,1.5837666
miRNA,9-mer,0.2853518
miRNA,Ribosome,0.8170132
miRNA,Single Base,4.5430646
miRNA,Codon,-1.0293597
miRNA,9-mer,-6.6732135
miRNA,Ribosome,-3.649139
miRNA,Single Base,0.41260862
miRNA,Codon,-0.3433882
miRNA,9-mer,-0.33986813
miRNA,Ribosome,-0.6396251
miRNA,Single Base,-2.7686417
miRNA,Codon,2.0051377
miRNA,9-mer,0.8842415
miRNA,Ribosome,0.90764683
miRNA,Single Base,-1.0867689
miRNA,Codon,1.8361139
miRNA,9-mer,0.44297072
miRNA,Ribosome,0.53041273
miRNA,Single Base,-1.8039663
miRNA,Codon,1.8088076
miRNA,9-mer,0.5643045
miRNA,Ribosome,0.5937051
miRNA,Single Base,-0.9095835
miRNA,Codon,1.202738
miRNA,9-mer,-0.39734092
miRNA,Ribosome,0.71626437
miRNA,Single Base,-4.0304966
miRNA,Codon,5.144816
miRNA,9-mer,2.7047167
miRNA,Ribosome,2.2074544
miRNA,Single Base,-0.047346767
miRNA,Codon,0.035326034
miRNA,9-mer,-0.32559702
miRNA,Ribosome,0.6119875
miRNA,Single Base,0.15258218
miRNA,Codon,0.5631658
miRNA,9-mer,-1.6403615
miRNA,Ribosome,-0.41843623
miRNA,Single Base,-2.0478623
miRNA,Codon,1.6266688
miRNA,9-mer,0.1782959
miRNA,Ribosome,2.4902322
miRNA,Single Base,0.39069605
miRNA,Codon,0.5061563
miRNA,9-mer,-0.86830527
miRNA,Ribosome,-0.62201524
miRNA,Single Base,1.6607935
miRNA,Codon,2.4745443
miRNA,9-mer,-3.21409
miRNA,Ribosome,-1.7482077
miRNA,Single Base,-1.7042682
miRNA,Codon,1.5535413
miRNA,9-mer,2.278447
miRNA,Ribosome,1.3004723
miRNA,Single Base,0.39854413
miRNA,Codon,0.15992112
miRNA,9-mer,-1.1197401
miRNA,Ribosome,-0.3928
miRNA,Single Base,-1.2016999
miRNA,Codon,2.3658469
miRNA,9-mer,0.09533364
miRNA,Ribosome,0.8345466
miRNA,Single Base,-0.01387896
miRNA,Codon,0.24299844
miRNA,9-mer,0.31482235
miRNA,Ribosome,-1.3895688
miRNA,Single Base,1.1920681
miRNA,Codon,2.594178
miRNA,9-mer,-5.0531163
miRNA,Ribosome,-1.1074209
miRNA,Single Base,-1.5490384
miRNA,Codon,2.9615724
miRNA,9-mer,-5.1499906
miRNA,Ribosome,2.5792315
miRNA,Single Base,1.579665
miRNA,Codon,-1.3125483
miRNA,9-mer,-2.0354748
miRNA,Ribosome,-0.9244751
miRNA,Single Base,1.7442087
miRNA,Codon,-0.02598066
miRNA,9-mer,-2.9674551
miRNA,Ribosome,-0.08693666
miRNA,Single Base,-22.45569
miRNA,Codon,8.146342
miRNA,9-mer,2.7161782
miRNA,Ribosome,15.9325
miRNA,Single Base,-1.638304
miRNA,Codon,2.5688586
miRNA,9-mer,-3.5206492
miRNA,Ribosome,0.12708555
miRNA,Single Base,0.4281699
miRNA,Codon,-0.45370057
miRNA,9-mer,-0.6377922
miRNA,Ribosome,-0.22171034
miRNA,Single Base,-3.5248575
miRNA,Codon,3.0189006
miRNA,9-mer,2.3537517
miRNA,Ribosome,3.8936796
miRNA,Single Base,0.6600896
miRNA,Codon,-0.110072814
miRNA,9-mer,-1.2457957
miRNA,Ribosome,-0.8711784
miRNA,Single Base,-1.9214828
miRNA,Codon,1.5617218
miRNA,9-mer,2.5775661
miRNA,Ribosome,2.0318322
miRNA,Single Base,0.28936592
miRNA,Codon,-0.09172552
miRNA,9-mer,-0.6914117
miRNA,Ribosome,-0.40586063
miRNA,Single Base,-0.9180639
miRNA,Codon,1.1754167
miRNA,9-mer,0.67601204
miRNA,Ribosome,0.13890743
miRNA,Single Base,-0.13077724
miRNA,Codon,0.7155942
miRNA,9-mer,-0.43717548
miRNA,Ribosome,-0.37533823
miRNA,Single Base,1.9916803
miRNA,Codon,0.054050725
miRNA,9-mer,-2.0406694
miRNA,Ribosome,-2.3374183
miRNA,Single Base,-1.709582
miRNA,Codon,0.6398427
miRNA,9-mer,0.98641706
miRNA,Ribosome,1.9343834
miRNA,Single Base,0.07213363
miRNA,Codon,-0.70374155
miRNA,9-mer,0.42890978
miRNA,Ribosome,0.26668128
miRNA,Single Base,0.54700106
miRNA,Codon,-0.9240446
miRNA,9-mer,1.0255281
miRNA,Ribosome,-0.88847446
miRNA,Single Base,-0.668658
miRNA,Codon,1.1191825
miRNA,9-mer,0.3023976
miRNA,Ribosome,0.39414153
miRNA,Single Base,-3.2909198
miRNA,Codon,4.2288346
miRNA,9-mer,-1.8888718
miRNA,Ribosome,2.129013
miRNA,Single Base,-1.8903629
miRNA,Codon,1.3779092
miRNA,9-mer,2.183895
miRNA,Ribosome,0.46010363
miRNA,Single Base,-0.951483
miRNA,Codon,1.6560006
miRNA,9-mer,0.4138791
miRNA,Ribosome,-0.6741705
miRNA,Single Base,0.3880795
miRNA,Codon,1.4383347
miRNA,9-mer,-2.7453997
miRNA,Ribosome,-0.24604195
miRNA,Single Base,-0.86961085
miRNA,Codon,1.1164564
miRNA,9-mer,0.23402917
miRNA,Ribosome,0.90995705
miRNA,Single Base,-0.99756247
miRNA,Codon,2.1691475
miRNA,9-mer,-0.0594081
miRNA,Ribosome,-1.746601
miRNA,Single Base,1.3819083
miRNA,Codon,-1.1034672
miRNA,9-mer,-0.29832855
miRNA,Ribosome,-2.0338192
miRNA,Single Base,-0.44496387
miRNA,Codon,0.7026253
miRNA,9-mer,-1.4698882
miRNA,Ribosome,0.8307417
miRNA,Single Base,-2.4078536
miRNA,Codon,0.2932267
miRNA,9-mer,3.5905354
miRNA,Ribosome,0.5652592
miRNA,Single Base,-0.42654714
miRNA,Codon,0.6531037
miRNA,9-mer,-0.38662267
miRNA,Ribosome,0.35891774
miRNA,Single Base,-0.073199324
miRNA,Codon,0.33863875
miRNA,9-mer,-1.0525942
miRNA,Ribosome,0.6389381
miRNA,Single Base,-0.25596407
miRNA,Codon,-0.28010225
miRNA,9-mer,1.1266859
miRNA,Ribosome,-0.07730496
miRNA,Single Base,0.3041432
miRNA,Codon,-0.640542
miRNA,9-mer,0.2974608
miRNA,Ribosome,-0.1386927
miRNA,Single Base,0.18690681
miRNA,Codon,0.8108612
miRNA,9-mer,-1.7005576
miRNA,Ribosome,-1.5521686
miRNA,Single Base,-0.77202576
miRNA,Codon,0.79184103
miRNA,9-mer,0.5036025
miRNA,Ribosome,-0.0283686
miRNA,Single Base,-0.8611593
miRNA,Codon,0.12045718
miRNA,9-mer,1.774208
miRNA,Ribosome,-0.23567504
miRNA,Single Base,0.57732505
miRNA,Codon,-0.51311153
miRNA,9-mer,-0.33127704
miRNA,Ribosome,-0.2169399
miRNA,Single Base,-0.16322261
miRNA,Codon,0.70261127
miRNA,9-mer,-0.09854224
miRNA,Ribosome,-0.6145551
miRNA,Single Base,-1.7601931
miRNA,Codon,2.1671224
miRNA,9-mer,0.047667302
miRNA,Ribosome,1.1951634
miRNA,Single Base,-1.1986607
miRNA,Codon,1.4117736
miRNA,9-mer,0.4931285
miRNA,Ribosome,0.28158152
miRNA,Single Base,0.2066731
miRNA,Codon,-0.73469657
miRNA,9-mer,1.299113
miRNA,Ribosome,-0.2813123
miRNA,Single Base,-0.27939105
miRNA,Codon,-0.3097381
miRNA,9-mer,1.6946673
miRNA,Ribosome,-0.25894362
miRNA,Single Base,-1.980377
miRNA,Codon,2.197573
miRNA,9-mer,-0.6638195
miRNA,Ribosome,1.4760803
miRNA,Single Base,4.2546935
miRNA,Codon,-2.0568562
miRNA,9-mer,-3.1187787
miRNA,Ribosome,-2.449187
miRNA,Single Base,-0.44323957
miRNA,Codon,0.94958115
miRNA,9-mer,-0.12218375
miRNA,Ribosome,-0.09373
miRNA,Single Base,-1.3214577
miRNA,Codon,2.119907
miRNA,9-mer,-0.72635096
miRNA,Ribosome,-0.052330874
miRNA,Single Base,-2.7456539
miRNA,Codon,2.6337173
miRNA,9-mer,1.8371227
miRNA,Ribosome,0.56456363
miRNA,Single Base,1.3906708
miRNA,Codon,-0.15751533
miRNA,9-mer,-2.243
miRNA,Ribosome,-0.8010728
miRNA,Single Base,-1.2201775
miRNA,Codon,0.92526716
miRNA,9-mer,1.4978045
miRNA,Ribosome,-0.35837892
miRNA,Single Base,0.9981833
miRNA,Codon,-0.7652139
miRNA,9-mer,-0.8655631
miRNA,Ribosome,-0.7343027
miRNA,Single Base,0.18938291
miRNA,Codon,0.80311775
miRNA,9-mer,-1.2669377
miRNA,Ribosome,-0.5547612
miRNA,Single Base,-1.447226
miRNA,Codon,1.2721118
miRNA,9-mer,0.7158711
miRNA,Ribosome,0.37681553
miRNA,Single Base,-0.07898331
miRNA,Codon,0.18979743
miRNA,9-mer,-0.98062146
miRNA,Ribosome,0.51035815
miRNA,Single Base,-0.17989095
miRNA,Codon,0.40014896
miRNA,9-mer,-0.63315207
miRNA,Ribosome,0.4379775
miRNA,Single Base,-0.022777647
miRNA,Codon,-0.48902017
miRNA,9-mer,0.81826955
miRNA,Ribosome,0.24005164
miRNA,Single Base,-1.2987674
miRNA,Codon,-0.30518264
miRNA,9-mer,1.8192496
miRNA,Ribosome,1.7625177
miRNA,Single Base,-1.6327735
miRNA,Codon,2.4880857
miRNA,9-mer,-2.6586556
miRNA,Ribosome,0.055237096
miRNA,Single Base,-0.27759326
miRNA,Codon,0.99764276
miRNA,9-mer,-0.6313463
miRNA,Ribosome,-0.4809203
miRNA,Single Base,1.704585
miRNA,Codon,-1.1816559
miRNA,9-mer,-2.3503296
miRNA,Ribosome,-0.17318329
miRNA,Single Base,1.3928194
miRNA,Codon,-1.7451748
miRNA,9-mer,-0.21978132
miRNA,Ribosome,-1.3664384
miRNA,Single Base,0.28986943
miRNA,Codon,-0.17250516
miRNA,9-mer,-0.13415092
miRNA,Ribosome,-0.72910887
miRNA,Single Base,-1.5165727
miRNA,Codon,2.099754
miRNA,9-mer,-0.2439917
miRNA,Ribosome,-0.7496597
miRNA,Single Base,-2.6504343
miRNA,Codon,2.0719962
miRNA,9-mer,-2.4011815
miRNA,Ribosome,4.106384
miRNA,Single Base,0.6137587
miRNA,Codon,-0.4541111
miRNA,9-mer,0.22858848
miRNA,Ribosome,-0.3594029
miRNA,Single Base,-0.5857773
miRNA,Codon,0.31308675
miRNA,9-mer,0.94531065
miRNA,Ribosome,-0.333147
miRNA,Single Base,0.78927225
miRNA,Codon,-0.7366046
miRNA,9-mer,-0.23203415
miRNA,Ribosome,-1.4819882
miRNA,Single Base,0.29747564
miRNA,Codon,-0.48860905
miRNA,9-mer,1.2626462
miRNA,Ribosome,-1.0545905
miRNA,Single Base,3.694113
miRNA,Codon,-1.0196943
miRNA,9-mer,-2.7407231
miRNA,Ribosome,-4.7862372
miRNA,Single Base,-1.2744694
miRNA,Codon,2.2718291
miRNA,9-mer,0.8718681
miRNA,Ribosome,-0.41591924
miRNA,Single Base,0.21063054
miRNA,Codon,1.0328171
miRNA,9-mer,-2.0856845
miRNA,Ribosome,-0.13209414
miRNA,Single Base,0.46234637
miRNA,Codon,1.4184306
miRNA,9-mer,-0.780685
miRNA,Ribosome,-1.9416479
miRNA,Single Base,0.5164634
miRNA,Codon,-0.4779634
miRNA,9-mer,-0.11637316
miRNA,Ribosome,-0.8596953
miRNA,Single Base,0.015558845
miRNA,Codon,0.20475827
miRNA,9-mer,0.2690662
miRNA,Ribosome,-1.0743002
miRNA,Single Base,-0.77395445
miRNA,Codon,1.7694702
miRNA,9-mer,-0.17957963
miRNA,Ribosome,-0.03182815
miRNA,Single Base,0.5654274
miRNA,Codon,0.06026086
miRNA,9-mer,-0.5869365
miRNA,Ribosome,-0.41833434
miRNA,Single Base,0.83477074
miRNA,Codon,-0.063563794
miRNA,9-mer,-4.4728627
miRNA,Ribosome,-0.91839224
miRNA,Single Base,0.88048464
miRNA,Codon,-0.20957069
miRNA,9-mer,-1.2114583
miRNA,Ribosome,-0.93837345
miRNA,Single Base,1.0558863
miRNA,Codon,-0.8147761
miRNA,9-mer,-0.65337795
miRNA,Ribosome,-1.1299145
miRNA,Single Base,0.114005834
miRNA,Codon,0.23836596
miRNA,9-mer,0.2713308
miRNA,Ribosome,-1.6865196
miRNA,Single Base,0.71608627
miRNA,Codon,-0.6401727
miRNA,9-mer,-0.09262567
miRNA,Ribosome,-1.1439496
miRNA,Single Base,-0.25686777
miRNA,Codon,0.31768024
miRNA,9-mer,0.36097142
miRNA,Ribosome,-0.442528
miRNA,Single Base,-5.129109
miRNA,Codon,9.194883
miRNA,9-mer,-1.3303077
miRNA,Ribosome,3.3368676
miRNA,Single Base,1.0717429
miRNA,Codon,-0.89022756
miRNA,9-mer,-1.1276575
miRNA,Ribosome,-1.1666225
miRNA,Single Base,1.7253975
miRNA,Codon,-0.8644026
miRNA,9-mer,-2.101899
miRNA,Ribosome,-1.3841932
miRNA,Single Base,1.6091776
miRNA,Codon,-1.157955
miRNA,9-mer,-0.9206889
miRNA,Ribosome,-2.0032752
miRNA,Single Base,0.656519
miRNA,Codon,-1.7077483
miRNA,9-mer,0.23493098
miRNA,Ribosome,-0.053364098
miRNA,Single Base,-2.6542816
miRNA,Codon,3.5870965
miRNA,9-mer,-0.016281325
miRNA,Ribosome,0.117623955
miRNA,Single Base,-0.23741609
miRNA,Codon,0.48237717
miRNA,9-mer,-1.4959998
miRNA,Ribosome,1.1950932
miRNA,Single Base,1.0497154
miRNA,Codon,0.052863535
miRNA,9-mer,-1.5314453
miRNA,Ribosome,-2.1627455
miRNA,Single Base,0.03373955
miRNA,Codon,-0.85010207
miRNA,9-mer,0.72689295
miRNA,Ribosome,0.31897706
miRNA,Single Base,0.37256518
miRNA,Codon,-0.35070089
miRNA,9-mer,-0.8253201
miRNA,Ribosome,-0.25780532
miRNA,Single Base,-0.29533973
miRNA,Codon,1.1215645
miRNA,9-mer,-0.58258396
miRNA,Ribosome,-0.37654853
miRNA,Single Base,0.10018284
miRNA,Codon,0.111570984
miRNA,9-mer,0.0470869
miRNA,Ribosome,-1.1986173
miRNA,Single Base,1.4214554
miRNA,Codon,0.6393012
miRNA,9-mer,-3.3447022
miRNA,Ribosome,-2.9327013
miRNA,Single Base,-0.41135475
miRNA,Codon,2.0536795
miRNA,9-mer,-0.8611196
miRNA,Ribosome,-0.4579303
miRNA,Single Base,0.674074
miRNA,Codon,-0.47281846
miRNA,9-mer,-0.36125553
miRNA,Ribosome,-0.87368935
miRNA,Single Base,0.26165423
miRNA,Codon,-0.5778336
miRNA,9-mer,0.37005073
miRNA,Ribosome,-0.3864523
miRNA,Single Base,1.0030981
miRNA,Codon,-0.21025667
miRNA,9-mer,-0.829688
miRNA,Ribosome,-1.1124208
miRNA,Single Base,0.37760782
miRNA,Codon,0.29402798
miRNA,9-mer,-1.259315
miRNA,Ribosome,-0.62199885
miRNA,Single Base,1.7024958
miRNA,Codon,-1.7107053
miRNA,9-mer,1.0266775
miRNA,Ribosome,-1.3387933
miRNA,Single Base,-0.21822725
miRNA,Codon,0.17059225
miRNA,9-mer,0.44302988
miRNA,Ribosome,-0.4995168
miRNA,Single Base,0.16504818
miRNA,Codon,-0.20900726
miRNA,9-mer,0.10466282
miRNA,Ribosome,-0.2497813
miRNA,Single Base,2.8584275
miRNA,Codon,-2.2196732
miRNA,9-mer,-2.1459787
miRNA,Ribosome,-1.5408021
miRNA,Single Base,1.3698096
miRNA,Codon,0.20412457
miRNA,9-mer,-2.0437965
miRNA,Ribosome,-1.6768166
miRNA,Single Base,-0.41657835
miRNA,Codon,1.8639054
miRNA,9-mer,-1.2136674
miRNA,Ribosome,-0.7019863
miRNA,Single Base,-1.8814405
miRNA,Codon,1.8857805
miRNA,9-mer,0.2839183
miRNA,Ribosome,1.7044537
miRNA,Single Base,0.24650584
miRNA,Codon,0.7465281
miRNA,9-mer,-0.93079543
miRNA,Ribosome,-0.5823928
miRNA,Single Base,1.0099579
miRNA,Codon,-0.27926686
miRNA,9-mer,-0.9021444
miRNA,Ribosome,-2.2505763
miRNA,Single Base,-0.58144236
miRNA,Codon,0.58317554
miRNA,9-mer,0.26815844
miRNA,Ribosome,0.46359897
miRNA,Single Base,0.49044946
miRNA,Codon,0.11062007
miRNA,9-mer,-0.45919278
miRNA,Ribosome,-1.3310386
miRNA,Single Base,1.152941
miRNA,Codon,-0.93477106
miRNA,9-mer,-0.9418505
miRNA,Ribosome,-1.0137383
miRNA,Single Base,2.9166548
miRNA,Codon,-2.2442014
miRNA,9-mer,-1.4401871
miRNA,Ribosome,-1.5390985
miRNA,Single Base,-2.5201313
miRNA,Codon,3.8423448
miRNA,9-mer,-0.27964494
miRNA,Ribosome,3.4539666
miRNA,Single Base,1.988482
miRNA,Codon,3.4673212
miRNA,9-mer,-2.589346
miRNA,Ribosome,-4.3379903
miRNA,Single Base,1.2739264
miRNA,Codon,-0.16680002
miRNA,9-mer,-1.7270483
miRNA,Ribosome,-2.4347217
miRNA,Single Base,0.63689655
miRNA,Codon,-0.37515375
miRNA,9-mer,-0.64761955
miRNA,Ribosome,-0.81880724
miRNA,Single Base,2.382272
miRNA,Codon,-0.3900302
miRNA,9-mer,0.5109004
miRNA,Ribosome,-4.006205
miRNA,Single Base,0.58761024
miRNA,Codon,-0.48534647
miRNA,9-mer,-1.2163973
miRNA,Ribosome,-0.4078642
miRNA,Single Base,2.0512958
miRNA,Codon,-1.7831581
miRNA,9-mer,-1.678827
miRNA,Ribosome,-1.7028743
miRNA,Single Base,0.03589445
miRNA,Codon,1.5896963
miRNA,9-mer,-1.700124
miRNA,Ribosome,-0.24564134
miRNA,Single Base,-5.2873363
miRNA,Codon,5.343385
miRNA,9-mer,3.9562922
miRNA,Ribosome,5.133377
miRNA,Single Base,1.6503785
miRNA,Codon,-1.1014426
miRNA,9-mer,-1.7840613
miRNA,Ribosome,-1.3675569
miRNA,Single Base,2.2466264
miRNA,Codon,-1.1418545
miRNA,9-mer,-2.21966
miRNA,Ribosome,-2.283817
miRNA,Single Base,-0.5475861
miRNA,Codon,0.2311066
miRNA,9-mer,1.0606576
miRNA,Ribosome,0.01842736
miRNA,Single Base,5.025168e-05
miRNA,Codon,1.171941
miRNA,9-mer,-1.8207225
miRNA,Ribosome,0.17758995
miRNA,Single Base,0.38096008
miRNA,Codon,-0.19999206
miRNA,9-mer,-0.32983652
miRNA,Ribosome,-0.65598124
miRNA,Single Base,-0.7949415
miRNA,Codon,1.7870784
miRNA,9-mer,-0.09201793
miRNA,Ribosome,0.16022672
miRNA,Single Base,0.8276959
miRNA,Codon,-0.7791002
miRNA,9-mer,-0.5432577
miRNA,Ribosome,-0.47493398
miRNA,Single Base,-0.5522888
miRNA,Codon,1.1299683
miRNA,9-mer,-0.3965618
miRNA,Ribosome,-0.9077798
miRNA,Single Base,-0.5714141
miRNA,Codon,0.7749533
miRNA,9-mer,-0.07717328
miRNA,Ribosome,-0.11796357
miRNA,Single Base,-0.60407186
miRNA,Codon,1.4981112
miRNA,9-mer,0.056405332
miRNA,Ribosome,-0.54580635
miRNA,Single Base,1.1305412
miRNA,Codon,0.9033199
miRNA,9-mer,-2.7731633
miRNA,Ribosome,-1.5571116
miRNA,Single Base,-0.9322358
miRNA,Codon,1.4736531
miRNA,9-mer,0.0016781071
miRNA,Ribosome,0.7362746
miRNA,Single Base,0.82580197
miRNA,Codon,-0.65971535
miRNA,9-mer,-0.5481787
miRNA,Ribosome,-0.8856782
miRNA,Single Base,2.8345287
miRNA,Codon,0.76336247
miRNA,9-mer,-3.2131171
miRNA,Ribosome,-3.4530606
miRNA,Single Base,-0.30837095
miRNA,Codon,0.6859299
miRNA,9-mer,-0.5495304
miRNA,Ribosome,-0.054412093
miRNA,Single Base,-0.23181981
miRNA,Codon,0.48395753
miRNA,9-mer,0.33361462
miRNA,Ribosome,-0.88410807
miRNA,Single Base,-1.1054635
miRNA,Codon,1.0290095
miRNA,9-mer,0.078785114
miRNA,Ribosome,0.6497444
miRNA,Single Base,0.5487078
miRNA,Codon,-0.39145935
miRNA,9-mer,0.29984546
miRNA,Ribosome,-1.8334278
miRNA,Single Base,0.1887182
miRNA,Codon,-0.5433703
miRNA,9-mer,0.86236805
miRNA,Ribosome,-0.8537217
miRNA,Single Base,-2.8724923
miRNA,Codon,4.500193
miRNA,9-mer,2.4386737
miRNA,Ribosome,-1.7909355
miRNA,Single Base,2.3311598
miRNA,Codon,0.5772249
miRNA,9-mer,-2.399148
miRNA,Ribosome,-2.5668137
miRNA,Single Base,-0.5403336
miRNA,Codon,0.44953594
miRNA,9-mer,0.042404823
miRNA,Ribosome,0.7951771
miRNA,Single Base,0.5820424
miRNA,Codon,-0.2242494
miRNA,9-mer,-0.95726615
miRNA,Ribosome,-0.425421
miRNA,Single Base,-0.39965427
miRNA,Codon,0.6692474
miRNA,9-mer,-0.9035254
miRNA,Ribosome,0.54552007
miRNA,Single Base,-0.06855469
miRNA,Codon,0.1454285
miRNA,9-mer,-0.35689327
miRNA,Ribosome,0.25204292
miRNA,Single Base,0.12255347
miRNA,Codon,-0.65420914
miRNA,9-mer,0.8606797
miRNA,Ribosome,-0.17364237
miRNA,Single Base,-0.6724767
miRNA,Codon,1.0525836
miRNA,9-mer,0.07017252
miRNA,Ribosome,-0.23778129
miRNA,Single Base,0.3582576
miRNA,Codon,1.4968452
miRNA,9-mer,-1.5205654
miRNA,Ribosome,-0.87205917
miRNA,Single Base,0.44148374
miRNA,Codon,-0.90480477
miRNA,9-mer,0.63140297
miRNA,Ribosome,-0.6509618
miRNA,Single Base,-2.392106
miRNA,Codon,2.3401535
miRNA,9-mer,0.84965396
miRNA,Ribosome,2.4444485
miRNA,Single Base,-2.615464
miRNA,Codon,2.649345
miRNA,9-mer,0.97863466
miRNA,Ribosome,0.9724412
miRNA,Single Base,-1.7101773
miRNA,Codon,0.7371465
miRNA,9-mer,0.4943871
miRNA,Ribosome,2.1615615
miRNA,Single Base,-0.6749398
miRNA,Codon,0.14999054
miRNA,9-mer,2.6922693
miRNA,Ribosome,-1.4953653
miRNA,Single Base,1.8153249
miRNA,Codon,-1.4326911
miRNA,9-mer,-1.2666171
miRNA,Ribosome,-1.3152041
miRNA,Single Base,0.7690899
miRNA,Codon,1.3203691
miRNA,9-mer,-1.6175233
miRNA,Ribosome,-1.8615799
miRNA,Single Base,-0.72598517
miRNA,Codon,1.8470033
miRNA,9-mer,-0.06349815
miRNA,Ribosome,-0.34176823
miRNA,Single Base,-1.7132425
miRNA,Codon,1.5054888
miRNA,9-mer,0.7668414
miRNA,Ribosome,1.847497
miRNA,Single Base,0.14963792
miRNA,Codon,0.95380604
miRNA,9-mer,-0.25339112
miRNA,Ribosome,-1.6753987
miRNA,Single Base,0.83181363
miRNA,Codon,-0.82404673
miRNA,9-mer,-0.16880932
miRNA,Ribosome,-0.9197251
miRNA,Single Base,-1.6616162
miRNA,Codon,1.9423963
miRNA,9-mer,0.131334
miRNA,Ribosome,0.115785025
miRNA,Single Base,-0.009946597
miRNA,Codon,0.39002
miRNA,9-mer,-0.22573923
miRNA,Ribosome,-0.7881302
miRNA,Single Base,0.17981748
miRNA,Codon,0.5643148
miRNA,9-mer,-1.7011931
miRNA,Ribosome,-0.5086407
miRNA,Single Base,0.54434615
miRNA,Codon,-1.2946528
miRNA,9-mer,0.8575542
miRNA,Ribosome,-0.14763542
miRNA,Single Base,-1.9134876
miRNA,Codon,2.4407792
miRNA,9-mer,-0.97151995
miRNA,Ribosome,0.9291154
miRNA,Single Base,-0.27638575
miRNA,Codon,0.32934898
miRNA,9-mer,0.5144865
miRNA,Ribosome,-0.43900582
miRNA,Single Base,-1.6939923
miRNA,Codon,1.5948282
miRNA,9-mer,-0.24316572
miRNA,Ribosome,-0.26971784
miRNA,Single Base,-0.637056
miRNA,Codon,-0.058257494
miRNA,9-mer,1.7819202
miRNA,Ribosome,-0.10527263
miRNA,Single Base,-2.6608994
miRNA,Codon,3.989556
miRNA,9-mer,-4.358348
miRNA,Ribosome,4.6870704
miRNA,Single Base,0.28352726
miRNA,Codon,0.1847456
miRNA,9-mer,-0.25713846
miRNA,Ribosome,-0.890914
miRNA,Single Base,-0.079930104
miRNA,Codon,0.42714658
miRNA,9-mer,-0.793596
miRNA,Ribosome,0.121003486
miRNA,Single Base,-1.5255679
miRNA,Codon,1.5607426
miRNA,9-mer,0.22885253
miRNA,Ribosome,2.1438885
miRNA,Single Base,0.1301795
miRNA,Codon,0.3265977
miRNA,9-mer,-1.1119252
miRNA,Ribosome,0.11377997
miRNA,Single Base,-0.1537963
miRNA,Codon,0.53630793
miRNA,9-mer,-0.5780453
miRNA,Ribosome,-1.0839031
miRNA,Single Base,0.5917016
miRNA,Codon,1.4661326
miRNA,9-mer,-0.5861911
miRNA,Ribosome,-2.5958157
miRNA,Single Base,1.1827121
miRNA,Codon,-0.14760697
miRNA,9-mer,-1.6911052
miRNA,Ribosome,-0.26316553
miRNA,Single Base,0.81511986
miRNA,Codon,0.31766975
miRNA,9-mer,-1.3644555
miRNA,Ribosome,-2.0164952
miRNA,Single Base,-0.12627847
miRNA,Codon,-0.08644772
miRNA,9-mer,0.16416827
miRNA,Ribosome,0.32551536
miRNA,Single Base,-11.585669
miRNA,Codon,6.3656116
miRNA,9-mer,14.522691
miRNA,Ribosome,13.797827
miRNA,Single Base,3.725901
miRNA,Codon,-1.243715
miRNA,9-mer,-2.1617258
miRNA,Ribosome,-2.2606611
miRNA,Single Base,0.8700332
miRNA,Codon,-0.40229562
miRNA,9-mer,-0.41605622
miRNA,Ribosome,-0.6014445
miRNA,Single Base,0.028787306
miRNA,Codon,0.92178774
miRNA,9-mer,-0.75675136
miRNA,Ribosome,-1.640494
miRNA,Single Base,0.2285639
miRNA,Codon,-0.0120542925
miRNA,9-mer,-0.27893034
miRNA,Ribosome,-0.48450243
miRNA,Single Base,0.36100912
miRNA,Codon,0.11916657
miRNA,9-mer,-0.5489641
miRNA,Ribosome,-1.0150553
miRNA,Single Base,-1.4377558
miRNA,Codon,1.0799923
miRNA,9-mer,1.9266291
miRNA,Ribosome,-0.28158748
miRNA,Single Base,3.7533886
miRNA,Codon,-0.7097413
miRNA,9-mer,-2.789914
miRNA,Ribosome,-2.2669418
miRNA,Single Base,1.9816265
miRNA,Codon,-1.358536
miRNA,9-mer,-2.3485103
miRNA,Ribosome,-0.7789256
miRNA,Single Base,1.5474304
miRNA,Codon,0.5792352
miRNA,9-mer,-2.7681713
miRNA,Ribosome,-2.2767627
miRNA,Single Base,0.5323396
miRNA,Codon,-1.3249556
miRNA,9-mer,0.21661192
miRNA,Ribosome,0.6141216
miRNA,Single Base,1.1629512
miRNA,Codon,-1.2589061
miRNA,9-mer,0.23418188
miRNA,Ribosome,-0.55239224
miRNA,Single Base,0.45587265
miRNA,Codon,1.1509387
miRNA,9-mer,-3.2148452
miRNA,Ribosome,2.7179594
miRNA,Single Base,0.24643466
miRNA,Codon,-1.5686624
miRNA,9-mer,0.736399
miRNA,Ribosome,-0.18259905
miRNA,Single Base,-0.9823823
miRNA,Codon,1.2328941
miRNA,9-mer,-0.19217627
miRNA,Ribosome,1.8914626
miRNA,Single Base,-1.048872
miRNA,Codon,1.2641487
miRNA,9-mer,0.45287707
miRNA,Ribosome,0.37601042
miRNA,Single Base,-0.8423728
miRNA,Codon,0.46158
miRNA,9-mer,0.70128816
miRNA,Ribosome,0.75597274
miRNA,Single Base,2.8345845
miRNA,Codon,-0.14027213
miRNA,9-mer,-4.085829
miRNA,Ribosome,-2.4816566
miRNA,Single Base,-0.89027405
miRNA,Codon,0.88895446
miRNA,9-mer,0.6043985
miRNA,Ribosome,0.7261734
miRNA,Single Base,0.29825506
miRNA,Codon,-0.10568798
miRNA,9-mer,-0.028792813
miRNA,Ribosome,-0.91098684
miRNA,Single Base,2.8267949
miRNA,Codon,0.036278907
miRNA,9-mer,-2.8601506
miRNA,Ribosome,-3.0093682
miRNA,Single Base,1.645601
miRNA,Codon,-1.2357383
miRNA,9-mer,-0.55992347
miRNA,Ribosome,-1.4275528
miRNA,Single Base,6.5563436
miRNA,Codon,-0.6039889
miRNA,9-mer,-4.862411
miRNA,Ribosome,-3.6800916
miRNA,Single Base,1.4996703
miRNA,Codon,-0.6018012
miRNA,9-mer,-1.7106456
miRNA,Ribosome,-1.5100248
miRNA,Single Base,-7.3641872
miRNA,Codon,10.5663395
miRNA,9-mer,-2.7347145
miRNA,Ribosome,8.109728
miRNA,Single Base,1.3674401
miRNA,Codon,-1.3012294
miRNA,9-mer,0.26077107
miRNA,Ribosome,-0.8168628
miRNA,Single Base,-3.4381123
miRNA,Codon,2.8317814
miRNA,9-mer,0.21449308
miRNA,Ribosome,3.654933
miRNA,Single Base,-0.102237485
miRNA,Codon,1.2554458
miRNA,9-mer,-0.9416593
miRNA,Ribosome,-0.1266026
miRNA,Single Base,-1.0153428
miRNA,Codon,1.6747915
miRNA,9-mer,-0.4643395
miRNA,Ribosome,0.9223656
miRNA,Single Base,2.2199614
miRNA,Codon,-1.3053776
miRNA,9-mer,-1.6445961
miRNA,Ribosome,-1.128727
miRNA,Single Base,-1.5291625
miRNA,Codon,2.1140873
miRNA,9-mer,0.101383865
miRNA,Ribosome,0.83350414
miRNA,Single Base,-0.16201918
miRNA,Codon,-0.26509148
miRNA,9-mer,0.4673865
miRNA,Ribosome,1.0088041
miRNA,Single Base,-0.923362
miRNA,Codon,1.895802
miRNA,9-mer,-1.2194737
miRNA,Ribosome,-0.429131
miRNA,Single Base,0.6335199
miRNA,Codon,-0.4522735
miRNA,9-mer,-0.46462852
miRNA,Ribosome,-0.64451265
miRNA,Single Base,-0.10781085
miRNA,Codon,-0.06704634
miRNA,9-mer,0.2949962
miRNA,Ribosome,0.30434337
miRNA,Single Base,1.3218652
miRNA,Codon,-1.8230761
miRNA,9-mer,-0.10206337
miRNA,Ribosome,-0.7695911
miRNA,Single Base,0.3936516
miRNA,Codon,-0.6152977
miRNA,9-mer,0.4007106
miRNA,Ribosome,-0.38804078
miRNA,Single Base,0.010799355
miRNA,Codon,2.5363495
miRNA,9-mer,-2.5765362
miRNA,Ribosome,0.9254491
miRNA,Single Base,-0.39751992
miRNA,Codon,-1.3811722
miRNA,9-mer,0.4937196
miRNA,Ribosome,1.0551587
miRNA,Single Base,2.6753802
miRNA,Codon,-1.2984774
miRNA,9-mer,-2.1502192
miRNA,Ribosome,-1.234976
miRNA,Single Base,2.1119258
miRNA,Codon,-1.056461
miRNA,9-mer,-0.7031177
miRNA,Ribosome,-3.0038579
miRNA,Single Base,-2.1492164
miRNA,Codon,1.6020908
miRNA,9-mer,2.03475
miRNA,Ribosome,1.5587677
miRNA,Single Base,0.81565195
miRNA,Codon,-0.3352819
miRNA,9-mer,-6.6210904
miRNA,Ribosome,5.11898
miRNA,Single Base,-2.8240921
miRNA,Codon,3.1571403
miRNA,9-mer,1.8498899
miRNA,Ribosome,3.337117
miRNA,Single Base,0.5974219
miRNA,Codon,-0.62314284
miRNA,9-mer,-0.2897051
miRNA,Ribosome,-0.27026168
miRNA,Single Base,-0.8312553
miRNA,Codon,0.5575723
miRNA,9-mer,1.1904057
miRNA,Ribosome,0.037623588
miRNA,Single Base,2.1006763
miRNA,Codon,-1.3183944
miRNA,9-mer,-1.4274325
miRNA,Ribosome,-2.6411796
miRNA,Single Base,0.4193059
miRNA,Codon,0.4341458
miRNA,9-mer,-0.8740368
miRNA,Ribosome,-1.1203984
miRNA,Single Base,-1.2658275
miRNA,Codon,0.44426402
miRNA,9-mer,1.5396421
miRNA,Ribosome,0.91915774
miRNA,Single Base,-0.6993462
miRNA,Codon,0.4279213
miRNA,9-mer,0.83498824
miRNA,Ribosome,0.1052384
miRNA,Single Base,-2.4334745
miRNA,Codon,2.454954
miRNA,9-mer,-0.4074875
miRNA,Ribosome,0.67105067
miRNA,Single Base,1.6699136
miRNA,Codon,-0.35686374
miRNA,9-mer,-1.9998808
miRNA,Ribosome,-1.21487
miRNA,Single Base,-1.5884734
miRNA,Codon,1.2231287
miRNA,9-mer,-0.09054755
miRNA,Ribosome,1.2576598
miRNA,Single Base,-0.43590403
miRNA,Codon,0.83058804
miRNA,9-mer,-0.29044154
miRNA,Ribosome,-0.82422125
miRNA,Single Base,1.7018688
miRNA,Codon,-1.4630216
miRNA,9-mer,-0.9261062
miRNA,Ribosome,-1.5707996
miRNA,Single Base,1.2297362
miRNA,Codon,-0.75129074
miRNA,9-mer,-1.0724244
miRNA,Ribosome,-1.5326891
miRNA,Single Base,1.3898354
miRNA,Codon,1.1789327
miRNA,9-mer,-2.049383
miRNA,Ribosome,-2.7000926
miRNA,Single Base,0.7477943
miRNA,Codon,-1.14382
miRNA,9-mer,0.014266347
miRNA,Ribosome,-0.11898737
miRNA,Single Base,1.8621466
miRNA,Codon,1.2203205
miRNA,9-mer,-1.4707766
miRNA,Ribosome,-2.8906813
miRNA,Single Base,-0.5922993
miRNA,Codon,1.0687447
miRNA,9-mer,-0.16644698
miRNA,Ribosome,-0.14040793
miRNA,Single Base,0.5171696
miRNA,Codon,-0.009590474
miRNA,9-mer,-1.491482
miRNA,Ribosome,-0.49605614
miRNA,Single Base,0.93656594
miRNA,Codon,0.05765936
miRNA,9-mer,-1.3475498
miRNA,Ribosome,-2.2137065
miRNA,Single Base,0.0873045
miRNA,Codon,0.37763232
miRNA,9-mer,-0.79597604
miRNA,Ribosome,0.022948172
miRNA,Single Base,0.29021028
miRNA,Codon,-0.45869315
miRNA,9-mer,-0.121533364
miRNA,Ribosome,-0.14891458
miRNA,Single Base,-1.9873685
miRNA,Codon,1.035309
miRNA,9-mer,2.3169527
miRNA,Ribosome,1.7861955
miRNA,Single Base,-1.2620803
miRNA,Codon,1.543725
miRNA,9-mer,1.0731374
miRNA,Ribosome,0.46093675
miRNA,Single Base,-0.4830601
miRNA,Codon,1.1671696
miRNA,9-mer,-0.27489576
miRNA,Ribosome,-0.27555066
miRNA,Single Base,1.6504805
miRNA,Codon,-1.4372655
miRNA,9-mer,-0.7491104
miRNA,Ribosome,-0.8940229
miRNA,Single Base,1.6238556
miRNA,Codon,-2.031172
miRNA,9-mer,-0.61739486
miRNA,Ribosome,-1.1628733
miRNA,Single Base,-3.882806
miRNA,Codon,4.264296
miRNA,9-mer,-2.3765187
miRNA,Ribosome,4.204247
miRNA,Single Base,-0.63527673
miRNA,Codon,3.9801528
miRNA,9-mer,-2.5863132
miRNA,Ribosome,-1.862502
miRNA,Single Base,1.6883366
miRNA,Codon,0.49054122
miRNA,9-mer,-1.760571
miRNA,Ribosome,-1.7677478
miRNA,Single Base,1.2336257
miRNA,Codon,0.79676855
miRNA,9-mer,-1.7171795
miRNA,Ribosome,-1.7714039
miRNA,Single Base,-0.59065366
miRNA,Codon,0.5393144
miRNA,9-mer,-0.008378621
miRNA,Ribosome,0.65272295
miRNA,Single Base,2.0047636
miRNA,Codon,2.8347018
miRNA,9-mer,0.01528549
miRNA,Ribosome,-4.7401867
miRNA,Single Base,3.1025186
miRNA,Codon,-1.0482534
miRNA,9-mer,-2.5975153
miRNA,Ribosome,-3.3935192
miRNA,Single Base,-0.39083534
miRNA,Codon,0.33509868
miRNA,9-mer,0.68625116
miRNA,Ribosome,-0.5480679
miRNA,Single Base,-0.5344391
miRNA,Codon,-0.029241864
miRNA,9-mer,0.6106157
miRNA,Ribosome,1.4215884
miRNA,Single Base,-0.12843327
miRNA,Codon,-0.7161388
miRNA,9-mer,2.8275914
miRNA,Ribosome,-0.8895809
miRNA,Single Base,-0.42975911
miRNA,Codon,1.1212289
miRNA,9-mer,-0.15791035
miRNA,Ribosome,-0.68113405
miRNA,Single Base,0.019815752
miRNA,Codon,-0.35338834
miRNA,9-mer,0.07923796
miRNA,Ribosome,0.643061
miRNA,Single Base,-0.53312945
miRNA,Codon,2.097888
miRNA,9-mer,-0.42951113
miRNA,Ribosome,-0.28186172
miRNA,Single Base,-1.561636
miRNA,Codon,1.3046018
miRNA,9-mer,1.7903483
miRNA,Ribosome,-0.1686291
miRNA,Single Base,0.046739046
miRNA,Codon,-0.2739819
miRNA,9-mer,-0.17614114
miRNA,Ribosome,0.8933048
miRNA,Single Base,-0.1873489
miRNA,Codon,-0.8361171
miRNA,9-mer,4.069522
miRNA,Ribosome,-0.95430136
miRNA,Single Base,0.81518435
miRNA,Codon,-0.109375626
miRNA,9-mer,-0.5748713
miRNA,Ribosome,-2.1486042
miRNA,Single Base,-1.2787944
miRNA,Codon,2.081648
miRNA,9-mer,-0.5082737
miRNA,Ribosome,-0.34586164
miRNA,Single Base,-1.0554203
miRNA,Codon,1.0737698
miRNA,9-mer,-0.20845333
miRNA,Ribosome,3.104256
miRNA,Single Base,-0.89827883
miRNA,Codon,1.0448068
miRNA,9-mer,0.15358722
miRNA,Ribosome,1.1244084
miRNA,Single Base,0.2902218
miRNA,Codon,-0.24815604
miRNA,9-mer,-0.12745106
miRNA,Ribosome,-0.6724361
miRNA,Single Base,-1.3196437
miRNA,Codon,0.8990232
miRNA,9-mer,1.2250993
miRNA,Ribosome,0.80688083
miRNA,Single Base,0.1256844
miRNA,Codon,-0.0800687
miRNA,9-mer,-0.390832
miRNA,Ribosome,0.025881233
miRNA,Single Base,0.95665413
miRNA,Codon,-0.7752851
miRNA,9-mer,0.046052612
miRNA,Ribosome,-1.1944637
miRNA,Single Base,0.5409356
miRNA,Codon,-0.7295761
miRNA,9-mer,-0.1880935
miRNA,Ribosome,0.23661312
miRNA,Single Base,1.3196737
miRNA,Codon,-0.6752845
miRNA,9-mer,-1.9122789
miRNA,Ribosome,-0.664994
miRNA,Single Base,-0.8841526
miRNA,Codon,1.0395412
miRNA,9-mer,0.11861113
miRNA,Ribosome,0.36022776
miRNA,Single Base,1.5464104
miRNA,Codon,-1.7081076
miRNA,9-mer,0.19517744
miRNA,Ribosome,-1.0685098
miRNA,Single Base,-0.27486235
miRNA,Codon,-0.026558116
miRNA,9-mer,0.8000895
miRNA,Ribosome,0.23595741
miRNA,Single Base,2.3655026
miRNA,Codon,-0.12982342
miRNA,9-mer,-2.455471
miRNA,Ribosome,-2.4972837
miRNA,Single Base,-0.9274239
miRNA,Codon,1.0575627
miRNA,9-mer,0.37982213
miRNA,Ribosome,0.3009991
miRNA,Single Base,0.7646107
miRNA,Codon,-0.7644794
miRNA,9-mer,-0.23035568
miRNA,Ribosome,0.38873866
miRNA,Single Base,-0.52229583
miRNA,Codon,0.62185144
miRNA,9-mer,0.5506127
miRNA,Ribosome,0.37416178
miRNA,Single Base,-2.0169482
miRNA,Codon,2.5940826
miRNA,9-mer,-0.60480666
miRNA,Ribosome,1.3876116
miRNA,Single Base,1.4777962
miRNA,Codon,-0.36744642
miRNA,9-mer,-2.456817
miRNA,Ribosome,-0.53951895
miRNA,Single Base,1.2310727
miRNA,Codon,-1.2126156
miRNA,9-mer,-0.033847407
miRNA,Ribosome,-1.1176382
miRNA,Single Base,0.7016009
miRNA,Codon,-0.81469256
miRNA,9-mer,0.20100407
miRNA,Ribosome,-0.43368372
miRNA,Single Base,-1.1511056
miRNA,Codon,1.2446619
miRNA,9-mer,2.4181588
miRNA,Ribosome,-1.2892045
miRNA,Single Base,0.013012448
miRNA,Codon,1.1660237
miRNA,9-mer,-1.1801417
miRNA,Ribosome,-0.03178994
miRNA,Single Base,-0.14599735
miRNA,Codon,0.44084588
miRNA,9-mer,-0.37377712
miRNA,Ribosome,0.16849427
miRNA,Single Base,1.0477517
miRNA,Codon,1.6895566
miRNA,9-mer,-2.0947454
miRNA,Ribosome,-2.617467
miRNA,Single Base,-1.7175651
miRNA,Codon,1.9658214
miRNA,9-mer,0.9322007
miRNA,Ribosome,1.4292092
miRNA,Single Base,0.9353416
miRNA,Codon,-0.9078657
miRNA,9-mer,-0.22041729
miRNA,Ribosome,-0.966186
miRNA,Single Base,-0.97354907
miRNA,Codon,0.55158526
miRNA,9-mer,0.97726166
miRNA,Ribosome,1.9325734
miRNA,Single Base,-1.4443575
miRNA,Codon,3.6247478
miRNA,9-mer,-3.2504504
miRNA,Ribosome,3.3692899
miRNA,Single Base,-0.33862594
miRNA,Codon,-1.6734469
miRNA,9-mer,3.3591
miRNA,Ribosome,0.37256736
miRNA,Single Base,-0.92247397
miRNA,Codon,0.9721675
miRNA,9-mer,0.61275584
miRNA,Ribosome,0.9659061
miRNA,Single Base,-2.060776
miRNA,Codon,1.6989595
miRNA,9-mer,1.6166569
miRNA,Ribosome,2.4322693
miRNA,Single Base,-1.5776622
miRNA,Codon,0.8979869
miRNA,9-mer,0.8726396
miRNA,Ribosome,0.7103606
miRNA,Single Base,-0.9096518
miRNA,Codon,0.5405995
miRNA,9-mer,1.7168677
miRNA,Ribosome,0.5423603
miRNA,Single Base,-1.2213607
miRNA,Codon,1.1825975
miRNA,9-mer,0.4179214
miRNA,Ribosome,0.6197452
miRNA,Single Base,-0.7564366
miRNA,Codon,0.84882385
miRNA,9-mer,0.16769424
miRNA,Ribosome,0.4158006
miRNA,Single Base,-0.9189659
miRNA,Codon,0.39492872
miRNA,9-mer,1.0948114
miRNA,Ribosome,0.1384523
miRNA,Single Base,-1.3334926
miRNA,Codon,-0.1533663
miRNA,9-mer,2.1758418
miRNA,Ribosome,1.3432076
miRNA,Single Base,-0.47099066
miRNA,Codon,0.96527106
miRNA,9-mer,1.2307113
miRNA,Ribosome,-2.1439862
miRNA,Single Base,1.7395904
miRNA,Codon,0.53833824
miRNA,9-mer,-1.702137
miRNA,Ribosome,-2.2014883
miRNA,Single Base,-0.3648433
miRNA,Codon,0.5704686
miRNA,9-mer,-0.5325364
miRNA,Ribosome,0.7919755
miRNA,Single Base,-0.4315762
miRNA,Codon,-0.39428076
miRNA,9-mer,1.2063726
miRNA,Ribosome,-0.20613693
miRNA,Single Base,-2.180306
miRNA,Codon,2.7192256
miRNA,9-mer,1.3952149
miRNA,Ribosome,0.12012154
miRNA,Single Base,-0.03341078
miRNA,Codon,0.46163696
miRNA,9-mer,-0.44536358
miRNA,Ribosome,-1.0052413
miRNA,Single Base,-0.65728664
miRNA,Codon,1.0423841
miRNA,9-mer,0.63491637
miRNA,Ribosome,-0.053497966
miRNA,Single Base,0.42997926
miRNA,Codon,-0.30348954
miRNA,9-mer,-1.877685
miRNA,Ribosome,-0.25935754
miRNA,Single Base,-1.2394607
miRNA,Codon,1.4989693
miRNA,9-mer,0.04246133
miRNA,Ribosome,-0.28915748
miRNA,Single Base,-0.37694398
miRNA,Codon,0.3430852
miRNA,9-mer,-0.106451556
miRNA,Ribosome,0.53591
miRNA,Single Base,-0.26340207
miRNA,Codon,0.3410941
miRNA,9-mer,-0.29537594
miRNA,Ribosome,0.452477
miRNA,Single Base,0.5413498
miRNA,Codon,-0.35201302
miRNA,9-mer,-1.2716377
miRNA,Ribosome,-0.6566975
miRNA,Single Base,0.555539
miRNA,Codon,-0.8221914
miRNA,9-mer,0.5480525
miRNA,Ribosome,-0.5021694
miRNA,Single Base,-0.049211804
miRNA,Codon,-0.043904558
miRNA,9-mer,-0.008663717
miRNA,Ribosome,0.28042713
miRNA,Single Base,-4.166592
miRNA,Codon,6.797657
miRNA,9-mer,-1.1685227
miRNA,Ribosome,2.5727413
miRNA,Single Base,-5.8475356
miRNA,Codon,6.030758
miRNA,9-mer,0.21763323
miRNA,Ribosome,4.769561
miRNA,Single Base,0.29196623
miRNA,Codon,-0.13041253
miRNA,9-mer,-0.41838643
miRNA,Ribosome,-0.43978497
miRNA,Single Base,1.4495996
miRNA,Codon,-2.3991868
miRNA,9-mer,1.6444104
miRNA,Ribosome,1.1323403
miRNA,Single Base,-0.76490396
miRNA,Codon,1.1174437
miRNA,9-mer,-0.08515069
miRNA,Ribosome,-0.0397405
miRNA,Single Base,-0.2362677
miRNA,Codon,1.501154
miRNA,9-mer,-3.0908856
miRNA,Ribosome,0.06917237
miRNA,Single Base,0.6641981
miRNA,Codon,3.127976
miRNA,9-mer,-1.3908236
miRNA,Ribosome,-2.755672
miRNA,Single Base,1.4368732
miRNA,Codon,-0.0280996
miRNA,9-mer,-3.6773028
miRNA,Ribosome,-0.058659427
miRNA,Single Base,4.2119946
miRNA,Codon,1.0977277
miRNA,9-mer,-4.7230387
miRNA,Ribosome,-6.340914
miRNA,Single Base,-1.9091673
miRNA,Codon,3.2714212
miRNA,9-mer,0.16804504
miRNA,Ribosome,0.7493747
miRNA,Single Base,-0.030279377
miRNA,Codon,0.66458994
miRNA,9-mer,-1.4799266
miRNA,Ribosome,-0.14137958
miRNA,Single Base,-4.8692865
miRNA,Codon,6.164124
miRNA,9-mer,-2.0995812
miRNA,Ribosome,8.240334
miRNA,Single Base,-0.14222924
miRNA,Codon,-2.1087573
miRNA,9-mer,1.675956
miRNA,Ribosome,-1.3382065
miRNA,Single Base,0.983098
miRNA,Codon,-0.57293713
miRNA,9-mer,-0.7493875
miRNA,Ribosome,-1.0875865
miRNA,Single Base,-0.6006335
miRNA,Codon,0.56669307
miRNA,9-mer,0.78184557
miRNA,Ribosome,-0.08160623
miRNA,Single Base,1.7661372
miRNA,Codon,-1.4765989
miRNA,9-mer,-1.335385
miRNA,Ribosome,-2.4579716
miRNA,Single Base,0.055052564
miRNA,Codon,0.2822593
miRNA,9-mer,-0.5424901
miRNA,Ribosome,-0.04970692
miRNA,Single Base,-2.4026818
miRNA,Codon,2.1916761
miRNA,9-mer,3.122812
miRNA,Ribosome,2.3986166
miRNA,Single Base,-0.49347153
miRNA,Codon,0.0042652343
miRNA,9-mer,0.812879
miRNA,Ribosome,0.47641727
miRNA,Single Base,-2.033046
miRNA,Codon,4.091071
miRNA,9-mer,-2.7309055
miRNA,Ribosome,-0.42033163
miRNA,Single Base,-0.696871
miRNA,Codon,1.3550675
miRNA,9-mer,-0.19236556
miRNA,Ribosome,-1.5160708
miRNA,Single Base,-0.18916616
miRNA,Codon,0.35874495
miRNA,9-mer,0.2435364
miRNA,Ribosome,-0.61503446
miRNA,Single Base,0.76930803
miRNA,Codon,0.031659562
miRNA,9-mer,-0.5854283
miRNA,Ribosome,-2.369018
miRNA,Single Base,0.28020832
miRNA,Codon,1.4155058
miRNA,9-mer,-1.6750554
miRNA,Ribosome,-0.97623503
miRNA,Single Base,-0.498356
miRNA,Codon,4.2397895
miRNA,9-mer,-3.302439
miRNA,Ribosome,-0.18631753
miRNA,Single Base,1.4073406
miRNA,Codon,-1.0912846
miRNA,9-mer,-0.2703502
miRNA,Ribosome,-2.1192627
miRNA,Single Base,-1.9053981
miRNA,Codon,0.9334752
miRNA,9-mer,1.3275433
miRNA,Ribosome,1.0871761
miRNA,Single Base,-1.1043862
miRNA,Codon,1.9836667
miRNA,9-mer,-0.11740409
miRNA,Ribosome,-0.3682268
miRNA,Single Base,0.5943457
miRNA,Codon,0.16224217
miRNA,9-mer,-0.75904274
miRNA,Ribosome,-1.232476
miRNA,Single Base,0.729719
miRNA,Codon,1.2210606
miRNA,9-mer,-4.313852
miRNA,Ribosome,-2.7846494
miRNA,Single Base,1.6748011
miRNA,Codon,2.8098521
miRNA,9-mer,-3.5919333
miRNA,Ribosome,-2.938473
miRNA,Single Base,-12.7195425
miRNA,Codon,7.8327193
miRNA,9-mer,11.698644
miRNA,Ribosome,21.80614
miRNA,Single Base,-1.3124849
miRNA,Codon,1.1125141
miRNA,9-mer,0.5653919
miRNA,Ribosome,1.1798038
miRNA,Single Base,1.2975425
miRNA,Codon,-0.05507568
miRNA,9-mer,0.3549214
miRNA,Ribosome,-3.5072262
miRNA,Single Base,-1.4915123
miRNA,Codon,2.1863887
miRNA,9-mer,0.5093527
miRNA,Ribosome,0.099584796
miRNA,Single Base,-1.0364769
miRNA,Codon,0.5220042
miRNA,9-mer,1.3188306
miRNA,Ribosome,0.9388473
miRNA,Single Base,0.34696734
miRNA,Codon,-0.58894813
miRNA,9-mer,0.76101553
miRNA,Ribosome,-0.73646253
miRNA,Single Base,-0.7992474
miRNA,Codon,1.4978195
miRNA,9-mer,-0.26720423
miRNA,Ribosome,0.51956344
miRNA,Single Base,0.23583534
miRNA,Codon,-0.29449314
miRNA,9-mer,0.5234634
miRNA,Ribosome,-0.36520824
miRNA,Single Base,0.002884628
miRNA,Codon,0.124743156
miRNA,9-mer,0.43930542
miRNA,Ribosome,-0.29603508
miRNA,Single Base,0.122772574
miRNA,Codon,-0.08688425
miRNA,9-mer,-0.14477389
miRNA,Ribosome,-0.015617413
miRNA,Single Base,0.92198175
miRNA,Codon,-0.88146025
miRNA,9-mer,0.07732102
miRNA,Ribosome,-0.9693295
miRNA,Single Base,-0.07739324
miRNA,Codon,-1.7813569
miRNA,9-mer,-1.3729488
miRNA,Ribosome,2.6801739
miRNA,Single Base,-0.13060366
miRNA,Codon,-0.6038657
miRNA,9-mer,0.83500844
miRNA,Ribosome,0.7614138
miRNA,Single Base,-0.050871566
miRNA,Codon,0.38739222
miRNA,9-mer,-0.50480634
miRNA,Ribosome,-0.3386974
miRNA,Single Base,0.6102156
miRNA,Codon,-0.5349819
miRNA,9-mer,-0.19570956
miRNA,Ribosome,-0.6628256
miRNA,Single Base,0.3220381
miRNA,Codon,-0.19042213
miRNA,9-mer,-0.062658586
miRNA,Ribosome,-0.65115
miRNA,Single Base,-0.2767436
miRNA,Codon,0.22051303
miRNA,9-mer,-0.16270679
miRNA,Ribosome,0.8651448
miRNA,Single Base,-0.86438763
miRNA,Codon,1.6395369
miRNA,9-mer,-0.67349833
miRNA,Ribosome,0.52215594
miRNA,Single Base,-1.6606007
miRNA,Codon,1.7852533
miRNA,9-mer,0.58172345
miRNA,Ribosome,1.3664877
miRNA,Single Base,3.435577
miRNA,Codon,-1.8054487
miRNA,9-mer,-1.7432534
miRNA,Ribosome,-3.1205606
miRNA,Single Base,-0.32520187
miRNA,Codon,0.7347378
miRNA,9-mer,-0.5095031
miRNA,Ribosome,-0.5579496
miRNA,Single Base,0.9690239
miRNA,Codon,-0.5222065
miRNA,9-mer,-1.154109
miRNA,Ribosome,-0.8530226
miRNA,Single Base,-0.5110626
miRNA,Codon,1.0245603
miRNA,9-mer,-0.78728396
miRNA,Ribosome,1.0652609
miRNA,Single Base,-1.0778208
miRNA,Codon,1.7965046
miRNA,9-mer,-0.13991137
miRNA,Ribosome,-0.976749
miRNA,Single Base,-1.7418562
miRNA,Codon,1.0364437
miRNA,9-mer,1.9957671
miRNA,Ribosome,0.5596953
miRNA,Single Base,-3.7017188
miRNA,Codon,3.6534173
miRNA,9-mer,-0.029469093
miRNA,Ribosome,3.313166
miRNA,Single Base,-0.3537936
miRNA,Codon,-0.08628217
miRNA,9-mer,0.6708715
miRNA,Ribosome,0.029631814
miRNA,Single Base,-0.22163841
miRNA,Codon,0.21636863
miRNA,9-mer,0.44274935
miRNA,Ribosome,0.060369074
miRNA,Single Base,0.017277643
miRNA,Codon,0.21179989
miRNA,9-mer,0.50097686
miRNA,Ribosome,-0.49900532
miRNA,Single Base,0.2601628
miRNA,Codon,3.1788285
miRNA,9-mer,-4.9017406
miRNA,Ribosome,-1.0818145
miRNA,Single Base,-1.2305874
miRNA,Codon,1.9946803
miRNA,9-mer,-0.19541113
miRNA,Ribosome,1.9640247
miRNA,Single Base,-5.1622763
miRNA,Codon,4.356982
miRNA,9-mer,1.4421297
miRNA,Ribosome,4.376002
miRNA,Single Base,0.095846295
miRNA,Codon,-0.09500652
miRNA,9-mer,-0.06703028
miRNA,Ribosome,-0.049804993
miRNA,Single Base,-0.50271684
miRNA,Codon,0.25903168
miRNA,9-mer,-2.2857518
miRNA,Ribosome,6.3660407
miRNA,Single Base,-0.5888766
miRNA,Codon,0.42296264
miRNA,9-mer,0.7877746
miRNA,Ribosome,0.11011974
miRNA,Single Base,-0.32730362
miRNA,Codon,1.2349902
miRNA,9-mer,-0.8808312
miRNA,Ribosome,0.4121125
miRNA,Single Base,0.90107954
miRNA,Codon,1.1765428
miRNA,9-mer,-2.51663
miRNA,Ribosome,-1.6328915
miRNA,Single Base,-0.48353356
miRNA,Codon,1.7598039
miRNA,9-mer,-0.6951153
miRNA,Ribosome,-0.18896231
miRNA,Single Base,2.5884714
miRNA,Codon,-0.4061358
miRNA,9-mer,-2.2450824
miRNA,Ribosome,-2.8445625
miRNA,Single Base,1.1141735
miRNA,Codon,0.11408662
miRNA,9-mer,-1.5868996
miRNA,Ribosome,-1.542965
miRNA,Single Base,-0.7924688
miRNA,Codon,2.0136833
miRNA,9-mer,-1.6258028
miRNA,Ribosome,0.4100632
miRNA,Single Base,-0.15043184
miRNA,Codon,-0.13520536
miRNA,9-mer,0.38279223
miRNA,Ribosome,0.2789909
miRNA,Single Base,0.4083312
miRNA,Codon,-0.19964635
miRNA,9-mer,-0.5880103
miRNA,Ribosome,-0.3833948
miRNA,Single Base,-0.96600765
miRNA,Codon,0.15973477
miRNA,9-mer,2.111253
miRNA,Ribosome,0.3829692
miRNA,Single Base,0.038901336
miRNA,Codon,-0.103535436
miRNA,9-mer,0.35563886
miRNA,Ribosome,-0.24410811
miRNA,Single Base,-1.7067726
miRNA,Codon,3.8807566
miRNA,9-mer,-0.17529227
miRNA,Ribosome,-0.36920178
miRNA,Single Base,0.48987022
miRNA,Codon,-0.45886803
miRNA,9-mer,-0.12083831
miRNA,Ribosome,-0.481769
miRNA,Single Base,0.7637214
miRNA,Codon,-0.4058754
miRNA,9-mer,-1.8012385
miRNA,Ribosome,-0.7690278
miRNA,Single Base,-1.0550524
miRNA,Codon,0.8849041
miRNA,9-mer,1.3610092
miRNA,Ribosome,-0.9960358
miRNA,Single Base,0.1823775
miRNA,Codon,0.04728428
miRNA,9-mer,-0.9226061
miRNA,Ribosome,0.29260007
miRNA,Single Base,0.7005517
miRNA,Codon,-0.032963634
miRNA,9-mer,-0.98050225
miRNA,Ribosome,-1.2955998
miRNA,Single Base,-2.699852
miRNA,Codon,3.3113956
miRNA,9-mer,-0.45385307
miRNA,Ribosome,-0.0899698
miRNA,Single Base,-4.3850374
miRNA,Codon,3.588686
miRNA,9-mer,1.3545336
miRNA,Ribosome,10.1396885
miRNA,Single Base,-0.9634649
miRNA,Codon,1.1045463
miRNA,9-mer,-0.0070612836
miRNA,Ribosome,0.6673647
miRNA,Single Base,-0.76860857
miRNA,Codon,0.3766909
miRNA,9-mer,0.7722368
miRNA,Ribosome,0.7089755
miRNA,Single Base,-0.6891341
miRNA,Codon,0.33628252
miRNA,9-mer,0.19347468
miRNA,Ribosome,0.81579864
miRNA,Single Base,-0.14505355
miRNA,Codon,-0.22014374
miRNA,9-mer,0.92678
miRNA,Ribosome,-0.09947661
miRNA,Single Base,-1.6615212
miRNA,Codon,1.2042193
miRNA,9-mer,1.9515973
miRNA,Ribosome,1.0013957
miRNA,Single Base,2.1705563
miRNA,Codon,-2.0358117
miRNA,9-mer,-1.8326303
miRNA,Ribosome,-0.74156106
miRNA,Single Base,0.89725727
miRNA,Codon,-0.61059
miRNA,9-mer,-0.36453858
miRNA,Ribosome,-1.2380401
miRNA,Single Base,0.42120954
miRNA,Codon,-0.27372903
miRNA,9-mer,-0.20957635
miRNA,Ribosome,-0.957339
miRNA,Single Base,1.5496933
miRNA,Codon,1.1458771
miRNA,9-mer,0.5993701
miRNA,Ribosome,-4.018007
miRNA,Single Base,-0.3497878
miRNA,Codon,0.509093
miRNA,9-mer,-0.14043756
miRNA,Ribosome,0.58952487
miRNA,Single Base,4.9354496
miRNA,Codon,-1.0791777
miRNA,9-mer,-3.0012398
miRNA,Ribosome,-3.0066705
miRNA,Single Base,-1.6121416
miRNA,Codon,2.0202484
miRNA,9-mer,0.7046828
miRNA,Ribosome,0.50538975
miRNA,Single Base,1.0050354
miRNA,Codon,-0.4305405
miRNA,9-mer,-0.59156585
miRNA,Ribosome,-2.7388763
miRNA,Single Base,0.48645887
miRNA,Codon,-0.540291
miRNA,9-mer,0.07275306
miRNA,Ribosome,-0.8726136
miRNA,Single Base,-2.3643975
miRNA,Codon,3.0090265
miRNA,9-mer,2.129367
miRNA,Ribosome,-0.46132442
miRNA,Single Base,-1.3215744
miRNA,Codon,0.6615775
miRNA,9-mer,2.0672793
miRNA,Ribosome,1.5934803
miRNA,Single Base,1.0573311
miRNA,Codon,1.0469766
miRNA,9-mer,-3.747434
miRNA,Ribosome,-0.66630507
miRNA,Single Base,-0.85275
miRNA,Codon,1.4617064
miRNA,9-mer,-0.27158213
miRNA,Ribosome,-0.21475206
miRNA,Single Base,-2.970153
miRNA,Codon,2.019422
miRNA,9-mer,2.7309787
miRNA,Ribosome,0.595236
miRNA,Single Base,-0.0665267
miRNA,Codon,0.3800691
miRNA,9-mer,-0.2718987
miRNA,Ribosome,-0.509371
miRNA,Single Base,-0.5407836
miRNA,Codon,-0.31709847
miRNA,9-mer,2.1679447
miRNA,Ribosome,0.12773967
miRNA,Single Base,1.0186334
miRNA,Codon,-2.4822195
miRNA,9-mer,1.3934602
miRNA,Ribosome,-1.4089117
miRNA,Single Base,0.28021854
miRNA,Codon,-0.857456
miRNA,9-mer,0.9939264
miRNA,Ribosome,-0.9799203
miRNA,Single Base,-2.1068451
miRNA,Codon,1.9807227
miRNA,9-mer,0.5713578
miRNA,Ribosome,0.06434421
miRNA,Single Base,-1.5878015
miRNA,Codon,0.9404068
miRNA,9-mer,1.8720783
miRNA,Ribosome,-0.087611265
miRNA,Single Base,1.045891
miRNA,Codon,-1.3531026
miRNA,9-mer,-0.6753773
miRNA,Ribosome,-0.7243038
miRNA,Single Base,0.43551207
miRNA,Codon,0.10552007
miRNA,9-mer,-0.3568735
miRNA,Ribosome,-1.660118
miRNA,Single Base,-1.2470059
miRNA,Codon,-0.5642646
miRNA,9-mer,1.8785444
miRNA,Ribosome,1.2330196
miRNA,Single Base,-2.7022548
miRNA,Codon,2.3511827
miRNA,9-mer,1.4594328
miRNA,Ribosome,1.5941736
miRNA,Single Base,-2.6291275
miRNA,Codon,2.0540338
miRNA,9-mer,2.1886954
miRNA,Ribosome,1.018919
miRNA,Single Base,-1.1221707
miRNA,Codon,0.39734432
miRNA,9-mer,2.325343
miRNA,Ribosome,0.077832766
miRNA,Single Base,0.07412328
miRNA,Codon,2.1094537
miRNA,9-mer,-1.1137986
miRNA,Ribosome,-1.7204211
miRNA,Single Base,0.21489973
miRNA,Codon,-0.7294592
miRNA,9-mer,0.06935305
miRNA,Ribosome,0.69363636
miRNA,Single Base,0.47268763
miRNA,Codon,1.5210683
miRNA,9-mer,-3.5756354
miRNA,Ribosome,1.1568596
miRNA,Single Base,-0.9096919
miRNA,Codon,-0.08262324
miRNA,9-mer,1.3639053
miRNA,Ribosome,1.30841
miRNA,Single Base,0.044804394
miRNA,Codon,-0.66789937
miRNA,9-mer,0.21540032
miRNA,Ribosome,0.79223126
miRNA,Single Base,1.9180605
miRNA,Codon,-0.68365914
miRNA,9-mer,-1.3659296
miRNA,Ribosome,-1.1418731
miRNA,Single Base,-0.15544982
miRNA,Codon,0.251292
miRNA,9-mer,0.13760836
miRNA,Ribosome,-0.2447613
miRNA,Single Base,-1.3623339
miRNA,Codon,2.1794703
miRNA,9-mer,-0.044934057
miRNA,Ribosome,-0.19217448
miRNA,Single Base,-0.38179368
miRNA,Codon,-0.48159423
miRNA,9-mer,1.4851884
miRNA,Ribosome,0.14924034
miRNA,Single Base,0.22723916
miRNA,Codon,0.22037472
miRNA,9-mer,-0.15466209
miRNA,Ribosome,-1.6556097
miRNA,Single Base,-0.737924
miRNA,Codon,1.286465
miRNA,9-mer,-0.29037485
miRNA,Ribosome,0.4709453
miRNA,Single Base,0.02132016
miRNA,Codon,0.60598916
miRNA,9-mer,-0.68396103
miRNA,Ribosome,-0.84440666
miRNA,Single Base,2.714986
miRNA,Codon,-1.3503717
miRNA,9-mer,-1.5005641
miRNA,Ribosome,-2.8057184
miRNA,Single Base,-0.7885006
miRNA,Codon,0.56404656
miRNA,9-mer,1.2326524
miRNA,Ribosome,0.5296016
miRNA,Single Base,-1.3812462
miRNA,Codon,1.0074873
miRNA,9-mer,0.97021675
miRNA,Ribosome,1.0289677
miRNA,Single Base,1.6087577
miRNA,Codon,-2.0834525
miRNA,9-mer,-0.6000617
miRNA,Ribosome,-0.92306477
miRNA,Single Base,-1.2536715
miRNA,Codon,0.571859
miRNA,9-mer,1.2932175
miRNA,Ribosome,0.17146802
miRNA,Single Base,1.1221185
miRNA,Codon,-1.3069596
miRNA,9-mer,-0.48904952
miRNA,Ribosome,-1.8276852
miRNA,Single Base,-1.7068367
miRNA,Codon,1.6547697
miRNA,9-mer,0.14662045
miRNA,Ribosome,1.9241035
miRNA,Single Base,-0.15007767
miRNA,Codon,-0.11188852
miRNA,9-mer,1.0205399
miRNA,Ribosome,-0.54630154
miRNA,Single Base,-0.7151264
miRNA,Codon,1.2763726
miRNA,9-mer,-0.05884237
miRNA,Ribosome,-0.7677469
miRNA,Single Base,1.9443871
miRNA,Codon,-0.6432564
miRNA,9-mer,-3.286705
miRNA,Ribosome,-1.3378853
miRNA,Single Base,0.25803816
miRNA,Codon,-0.063098736
miRNA,9-mer,-0.3571453
miRNA,Ribosome,-0.549046
miRNA,Single Base,-0.12852363
miRNA,Codon,0.2781763
miRNA,9-mer,0.2172425
miRNA,Ribosome,-0.7682212
miRNA,Single Base,-0.44793987
miRNA,Codon,0.4488508
miRNA,9-mer,1.3976594
miRNA,Ribosome,-0.8725591
miRNA,Single Base,1.3495569
miRNA,Codon,-1.7051075
miRNA,9-mer,-0.5772601
miRNA,Ribosome,-0.033598352
miRNA,Single Base,-0.83702266
miRNA,Codon,0.91676855
miRNA,9-mer,0.577265
miRNA,Ribosome,0.21430941
miRNA,Single Base,-1.5290235
miRNA,Codon,1.3051282
miRNA,9-mer,-0.023029776
miRNA,Ribosome,1.8465308
miRNA,Single Base,0.7534412
miRNA,Codon,-0.825896
miRNA,9-mer,-0.400004
miRNA,Ribosome,-0.71250707
miRNA,Single Base,-0.13556452
miRNA,Codon,0.15388185
miRNA,9-mer,0.4110532
miRNA,Ribosome,-0.7036102
miRNA,Single Base,-0.34231716
miRNA,Codon,3.0467975
miRNA,9-mer,-3.7279348
miRNA,Ribosome,1.0395654
miRNA,Single Base,-0.1019544
miRNA,Codon,0.88427544
miRNA,9-mer,-0.63550735
miRNA,Ribosome,0.043569803
miRNA,Single Base,0.7898616
miRNA,Codon,-0.22625932
miRNA,9-mer,-2.1494977
miRNA,Ribosome,0.2955294
miRNA,Single Base,0.22833024
miRNA,Codon,-0.49824047
miRNA,9-mer,0.5661434
miRNA,Ribosome,-0.72731274
miRNA,Single Base,-0.26508683
miRNA,Codon,0.00026534687
miRNA,9-mer,0.92872447
miRNA,Ribosome,-0.18141557
miRNA,Single Base,1.288473
miRNA,Codon,-1.5516376
miRNA,9-mer,-0.24005096
miRNA,Ribosome,-0.9647541
miRNA,Single Base,-0.25177962
miRNA,Codon,0.65756124
miRNA,9-mer,-0.3646126
miRNA,Ribosome,-0.25185737
miRNA,Single Base,-2.4427414
miRNA,Codon,3.2753065
miRNA,9-mer,-0.34411225
miRNA,Ribosome,1.8183681
miRNA,Single Base,-5.583653
miRNA,Codon,5.9340096
miRNA,9-mer,1.829712
miRNA,Ribosome,7.4239607
miRNA,Single Base,0.54164475
miRNA,Codon,1.3169394
miRNA,9-mer,-1.9354452
miRNA,Ribosome,-1.4528416
miRNA,Single Base,0.3530197
miRNA,Codon,0.9948555
miRNA,9-mer,-2.0599473
miRNA,Ribosome,-0.3780691
miRNA,Single Base,-1.1488649
miRNA,Codon,6.2791533
miRNA,9-mer,-4.294098
miRNA,Ribosome,3.0525637
miRNA,Single Base,-3.6148534
miRNA,Codon,5.072337
miRNA,9-mer,-1.6717345
miRNA,Ribosome,8.013475
miRNA,Single Base,-5.9374375
miRNA,Codon,8.86249
miRNA,9-mer,-2.3618624
miRNA,Ribosome,7.6708484
miRNA,Single Base,3.0719082
miRNA,Codon,0.013098191
miRNA,9-mer,-1.82034
miRNA,Ribosome,-2.1376474
miRNA,Single Base,2.005407
miRNA,Codon,1.8249892
miRNA,9-mer,-3.2520308
miRNA,Ribosome,-3.1455994
miRNA,Single Base,-0.19214663
miRNA,Codon,-0.32110125
miRNA,9-mer,2.353478
miRNA,Ribosome,-0.657135
miRNA,Single Base,-0.5667123
miRNA,Codon,1.1201619
miRNA,9-mer,-1.1491507
miRNA,Ribosome,0.0046476717
miRNA,Single Base,-2.8215091
miRNA,Codon,1.9102367
miRNA,9-mer,3.2569947
miRNA,Ribosome,0.19452903
miRNA,Single Base,-2.3036354
miRNA,Codon,0.73053414
miRNA,9-mer,2.9539092
miRNA,Ribosome,0.9095021
miRNA,Single Base,0.5270782
miRNA,Codon,-0.38766044
miRNA,9-mer,-0.22874266
miRNA,Ribosome,-1.2466981
miRNA,Single Base,0.8710928
miRNA,Codon,-0.5621008
miRNA,9-mer,-0.23663217
miRNA,Ribosome,-1.5458102
miRNA,Single Base,0.7559481
miRNA,Codon,-0.5781595
miRNA,9-mer,-0.57842284
miRNA,Ribosome,-0.7475037
miRNA,Single Base,-0.26697904
miRNA,Codon,0.5708012
miRNA,9-mer,0.1306776
miRNA,Ribosome,-0.065234154
miRNA,Single Base,-1.5747958
miRNA,Codon,1.5400652
miRNA,9-mer,0.8636792
miRNA,Ribosome,0.81434774
miRNA,Single Base,1.3547641
miRNA,Codon,-0.7773059
miRNA,9-mer,-1.3837095
miRNA,Ribosome,-0.7226159
miRNA,Single Base,-0.6228422
miRNA,Codon,0.08163182
miRNA,9-mer,0.81881493
miRNA,Ribosome,0.31372645
miRNA,Single Base,1.544936
miRNA,Codon,0.7167037
miRNA,9-mer,-4.2621846
miRNA,Ribosome,-1.8218359
miRNA,Single Base,0.19850832
miRNA,Codon,0.084723465
miRNA,9-mer,-0.5105234
miRNA,Ribosome,-0.42567384
miRNA,Single Base,0.27448454
miRNA,Codon,-0.22955023
miRNA,9-mer,-0.4122569
miRNA,Ribosome,-0.26118055
miRNA,Single Base,1.4095417
miRNA,Codon,2.210278
miRNA,9-mer,-1.0807779
miRNA,Ribosome,-3.4359872
miRNA,Single Base,-1.1490363
miRNA,Codon,1.8090688
miRNA,9-mer,-0.338382
miRNA,Ribosome,-0.79665434
miRNA,Single Base,0.21200432
miRNA,Codon,-0.07001536
miRNA,9-mer,-0.40225542
miRNA,Ribosome,-0.10257663
miRNA,Single Base,-2.4231818
miRNA,Codon,2.4572139
miRNA,9-mer,1.4274144
miRNA,Ribosome,2.1614683
miRNA,Single Base,-0.0024086863
miRNA,Codon,0.29225424
miRNA,9-mer,-0.95584077
miRNA,Ribosome,0.9164325
miRNA,Single Base,0.4521211
miRNA,Codon,-1.1770322
miRNA,9-mer,0.90744317
miRNA,Ribosome,-1.3844186
miRNA,Single Base,-1.4902744
miRNA,Codon,2.5016484
miRNA,9-mer,0.3966144
miRNA,Ribosome,0.024690468
miRNA,Single Base,3.224419
miRNA,Codon,-1.7968097
miRNA,9-mer,-2.9474401
miRNA,Ribosome,-0.89584714
miRNA,Single Base,-0.27898228
miRNA,Codon,1.3312852
miRNA,9-mer,-0.018941553
miRNA,Ribosome,-1.5964954
miRNA,Single Base,0.710699
miRNA,Codon,-0.32036164
miRNA,9-mer,-1.3098032
miRNA,Ribosome,-0.5814174
miRNA,Single Base,-1.9896772
miRNA,Codon,0.5445591
miRNA,9-mer,2.2272675
miRNA,Ribosome,0.6238792
miRNA,Single Base,-0.59617215
miRNA,Codon,-0.12971395
miRNA,9-mer,0.89521074
miRNA,Ribosome,1.8826966
miRNA,Single Base,1.5388414
miRNA,Codon,-1.194948
miRNA,9-mer,-0.52034193
miRNA,Ribosome,-1.5804586
miRNA,Single Base,2.171349
miRNA,Codon,-0.002787485
miRNA,9-mer,-1.9665487
miRNA,Ribosome,-3.5880551
miRNA,Single Base,-0.41364926
miRNA,Codon,0.72286654
miRNA,9-mer,0.23743765
miRNA,Ribosome,-1.1314666
miRNA,Single Base,-0.4442059
miRNA,Codon,0.10875111
miRNA,9-mer,1.3403741
miRNA,Ribosome,0.22089563
miRNA,Single Base,-3.9603128
miRNA,Codon,1.4216199
miRNA,9-mer,1.2642918
miRNA,Ribosome,8.313457
miRNA,Single Base,-1.2413248
miRNA,Codon,1.2659018
miRNA,9-mer,0.4252842
miRNA,Ribosome,0.7790292
miRNA,Single Base,1.1059996
miRNA,Codon,-1.0502105
miRNA,9-mer,-0.7486653
miRNA,Ribosome,-1.0431045
miRNA,Single Base,-0.31060368
miRNA,Codon,-0.40660483
miRNA,9-mer,1.2088118
miRNA,Ribosome,-0.07464914
miRNA,Single Base,-0.48590767
miRNA,Codon,0.49153015
miRNA,9-mer,-0.1620941
miRNA,Ribosome,0.54666454
miRNA,Single Base,1.2207166
miRNA,Codon,1.6284918
miRNA,9-mer,-3.5023112
miRNA,Ribosome,-0.75467217
miRNA,Single Base,-0.57680905
miRNA,Codon,0.14972961
miRNA,9-mer,1.4215761
miRNA,Ribosome,-0.19511756
miRNA,Single Base,-3.0620522
miRNA,Codon,2.591058
miRNA,9-mer,0.66053224
miRNA,Ribosome,1.9268014
miRNA,Single Base,-1.8804353
miRNA,Codon,6.1080666
miRNA,9-mer,-3.588103
miRNA,Ribosome,-1.0141407
miRNA,Single Base,0.012636762
miRNA,Codon,-0.42020935
miRNA,9-mer,0.6266594
miRNA,Ribosome,0.75656384
miRNA,Single Base,-1.6827675
miRNA,Codon,1.8267748
miRNA,9-mer,0.6400901
miRNA,Ribosome,1.3928638
miRNA,Single Base,-0.38843185
miRNA,Codon,0.88121855
miRNA,9-mer,-1.0299346
miRNA,Ribosome,0.0026898962
miRNA,Single Base,-2.0326169
miRNA,Codon,1.9068403
miRNA,9-mer,0.36601222
miRNA,Ribosome,1.2928861
miRNA,Single Base,-0.9458592
miRNA,Codon,2.3380535
miRNA,9-mer,-4.8427453
miRNA,Ribosome,3.3378966
miRNA,Single Base,-0.26283345
miRNA,Codon,1.6954613
miRNA,9-mer,-1.8825753
miRNA,Ribosome,0.29336908
miRNA,Single Base,0.18834892
miRNA,Codon,-0.051383626
miRNA,9-mer,-0.050808787
miRNA,Ribosome,-0.6499212
miRNA,Single Base,2.1894054
miRNA,Codon,-0.114352636
miRNA,9-mer,-1.6292505
miRNA,Ribosome,-2.697837
miRNA,Single Base,-1.4351617
miRNA,Codon,0.9524571
miRNA,9-mer,1.3057389
miRNA,Ribosome,0.3064371
miRNA,Single Base,1.5999417
miRNA,Codon,-2.0282602
miRNA,9-mer,-0.44606844
miRNA,Ribosome,-0.8658231
miRNA,Single Base,-3.0769212
miRNA,Codon,4.216419
miRNA,9-mer,1.7205782
miRNA,Ribosome,0.61862946
miRNA,Single Base,0.04773493
miRNA,Codon,0.15426996
miRNA,9-mer,0.008763691
miRNA,Ribosome,-0.52197355
miRNA,Single Base,-0.5569935
miRNA,Codon,1.8381227
miRNA,9-mer,-0.93945944
miRNA,Ribosome,-1.5449121
miRNA,Single Base,-2.2056127
miRNA,Codon,1.8310827
miRNA,9-mer,0.8234198
miRNA,Ribosome,1.5314143
miRNA,Single Base,0.36697578
miRNA,Codon,0.9694885
miRNA,9-mer,-1.3765019
miRNA,Ribosome,-0.7549391
miRNA,Single Base,0.2190417
miRNA,Codon,-0.41209763
miRNA,9-mer,0.9579697
miRNA,Ribosome,-0.12791176
miRNA,Single Base,-1.8096036
miRNA,Codon,1.4763919
miRNA,9-mer,1.6225119
miRNA,Ribosome,0.30828354
miRNA,Single Base,0.35617846
miRNA,Codon,0.010200018
miRNA,9-mer,-1.586718
miRNA,Ribosome,-0.2734113
miRNA,Single Base,1.1271821
miRNA,Codon,-0.56163156
miRNA,9-mer,-0.76186115
miRNA,Ribosome,-2.044671
miRNA,Single Base,-1.4881309
miRNA,Codon,1.0795242
miRNA,9-mer,0.3842789
miRNA,Ribosome,2.0280282
miRNA,Single Base,-1.497122
miRNA,Codon,3.4221518
miRNA,9-mer,-0.69837844
miRNA,Ribosome,-0.38088065
miRNA,Single Base,0.4060206
miRNA,Codon,0.03829803
miRNA,9-mer,-0.70263964
miRNA,Ribosome,-0.51167494
miRNA,Single Base,4.347062
miRNA,Codon,-0.642593
miRNA,9-mer,-3.0153878
miRNA,Ribosome,-4.046317
miRNA,Single Base,0.4811029
miRNA,Codon,0.4722839
miRNA,9-mer,-1.9587424
miRNA,Ribosome,-0.5837793
miRNA,Single Base,-4.1327004
miRNA,Codon,7.161138
miRNA,9-mer,-1.053867
miRNA,Ribosome,2.259949
miRNA,Single Base,-1.9431057
miRNA,Codon,2.5593278
miRNA,9-mer,-1.4671144
miRNA,Ribosome,2.4762685
miRNA,Single Base,-0.6277276
miRNA,Codon,0.47816452
miRNA,9-mer,0.23028606
miRNA,Ribosome,1.2886987
miRNA,Single Base,-3.1037045
miRNA,Codon,2.5031545
miRNA,9-mer,1.0488149
miRNA,Ribosome,4.249651
miRNA,Single Base,-0.08896093
miRNA,Codon,0.36298522
miRNA,9-mer,-0.82528627
miRNA,Ribosome,0.29755774
miRNA,Single Base,-0.054043587
miRNA,Codon,-0.07138061
miRNA,9-mer,0.31663942
miRNA,Ribosome,0.068946
miRNA,Single Base,-1.041899
miRNA,Codon,1.7495624
miRNA,9-mer,0.2640787
miRNA,Ribosome,-0.44940406
miRNA,Single Base,0.10850027
miRNA,Codon,-0.37154314
miRNA,9-mer,-0.29963517
miRNA,Ribosome,0.70741963
miRNA,Single Base,-5.705188
miRNA,Codon,6.126227
miRNA,9-mer,1.4333097
miRNA,Ribosome,5.0105257
miRNA,Single Base,-0.7308374
miRNA,Codon,0.33900443
miRNA,9-mer,0.65102863
miRNA,Ribosome,0.44573474
miRNA,Single Base,0.93841606
miRNA,Codon,-0.51176494
miRNA,9-mer,-1.4878141
miRNA,Ribosome,-0.98213166
miRNA,Single Base,-0.6748088
miRNA,Codon,1.2537894
miRNA,9-mer,-0.094476834
miRNA,Ribosome,-0.9887033
miRNA,Single Base,-5.1630526
miRNA,Codon,5.519096
miRNA,9-mer,0.70574975
miRNA,Ribosome,5.69219
miRNA,Single Base,-0.4595045
miRNA,Codon,0.4295742
miRNA,9-mer,0.505629
miRNA,Ribosome,-0.1731726
miRNA,Single Base,0.43952113
miRNA,Codon,-0.47653434
miRNA,9-mer,0.016961487
miRNA,Ribosome,-0.64402616
miRNA,Single Base,1.8066244
miRNA,Codon,-1.2344257
miRNA,9-mer,-0.9789439
miRNA,Ribosome,-2.4332054
miRNA,Single Base,-0.52774805
miRNA,Codon,1.2040381
miRNA,9-mer,-0.1531219
miRNA,Ribosome,-0.56878906
miRNA,Single Base,1.0481244
miRNA,Codon,-0.6324007
miRNA,9-mer,-0.40841305
miRNA,Ribosome,-1.7279809
miRNA,Single Base,0.42305583
miRNA,Codon,0.39023623
miRNA,9-mer,-1.5157007
miRNA,Ribosome,-1.1606063
miRNA,Single Base,0.7904975
miRNA,Codon,1.3150023
miRNA,9-mer,0.09686419
miRNA,Ribosome,-2.7721825
miRNA,Single Base,-1.6584299
miRNA,Codon,2.2782853
miRNA,9-mer,-0.5021387
miRNA,Ribosome,1.250181
miRNA,Single Base,-0.0145237455
miRNA,Codon,0.3635329
miRNA,9-mer,-0.28561088
miRNA,Ribosome,-0.784601
miRNA,Single Base,-0.01347569
miRNA,Codon,0.24755202
miRNA,9-mer,-0.7295435
miRNA,Ribosome,0.36704218
miRNA,Single Base,-7.02319
miRNA,Codon,8.141014
miRNA,9-mer,1.9944459
miRNA,Ribosome,6.1716733
miRNA,Single Base,-4.0741706
miRNA,Codon,2.0483902
miRNA,9-mer,-1.9407008
miRNA,Ribosome,10.404217
miRNA,Single Base,-0.19674817
miRNA,Codon,-0.40912247
miRNA,9-mer,1.2688897
miRNA,Ribosome,0.2941391
miRNA,Single Base,0.492667
miRNA,Codon,-0.31448904
miRNA,9-mer,-0.06187776
miRNA,Ribosome,-1.4016092
miRNA,Single Base,-0.8985727
miRNA,Codon,0.52101356
miRNA,9-mer,1.1470013
miRNA,Ribosome,0.8566814
miRNA,Single Base,-1.6215004
miRNA,Codon,4.764662
miRNA,9-mer,-1.3746933
miRNA,Ribosome,0.6849113
miRNA,Single Base,-1.4130397
miRNA,Codon,3.8205001
miRNA,9-mer,-2.5427125
miRNA,Ribosome,3.4995883
miRNA,Single Base,0.22610816
miRNA,Codon,-0.2804799
miRNA,9-mer,0.71905214
miRNA,Ribosome,-0.3912478
miRNA,Single Base,0.294008
miRNA,Codon,0.061821185
miRNA,9-mer,-1.0519474
miRNA,Ribosome,-0.2194221
miRNA,Single Base,-1.2234182
miRNA,Codon,1.7887965
miRNA,9-mer,-0.17447452
miRNA,Ribosome,-0.017205117
miRNA,Single Base,-0.34904042
miRNA,Codon,0.3217199
miRNA,9-mer,0.03895996
miRNA,Ribosome,0.78292346
miRNA,Single Base,0.8723111
miRNA,Codon,-0.49867216
miRNA,9-mer,-0.12532665
miRNA,Ribosome,-1.7244295
miRNA,Single Base,-1.1595707
miRNA,Codon,2.1906629
miRNA,9-mer,-1.5533997
miRNA,Ribosome,-0.36582038
miRNA,Single Base,-0.7161154
miRNA,Codon,0.44961706
miRNA,9-mer,0.97006744
miRNA,Ribosome,0.6193588
miRNA,Single Base,0.7237117
miRNA,Codon,-1.0480331
miRNA,9-mer,0.16105233
miRNA,Ribosome,-0.84738886
miRNA,Single Base,0.5318776
miRNA,Codon,0.1138707
miRNA,9-mer,-1.0835711
miRNA,Ribosome,-0.24921171
miRNA,Single Base,-1.1254623
miRNA,Codon,0.6964413
miRNA,9-mer,3.0030353
miRNA,Ribosome,0.24576233
