display_species,umap_dimension_1,umap_dimension_2
Lizard,3.137833931,6.09201905
Lizard,9.790850757,12.04600655
Lizard,9.299305233,11.18037891
Lizard,2.621500822,10.49879383
Lizard,6.421517455,11.66265418
Lizard,1.412887518,6.526192294
Lizard,2.24880263,5.621455537
Lizard,1.036426947,8.913308604
Lizard,2.77133262,6.929203791
Lizard,7.569711174,10.55358831
Lizard,4.350209613,3.513958548
Lizard,9.388496029,10.92439238
Lizard,1.359550083,6.802256206
Lizard,4.663152129,6.675726926
Lizard,6.019826693,10.54313137
Lizard,8.881900935,12.00710666
Lizard,2.065551975,9.482585826
Lizard,8.587770369,9.444522442
Lizard,3.646420865,2.932969523
Lizard,9.980298294,11.40771332
Lizard,5.920233918,9.646969311
Lizard,3.13562073,6.615076495
Lizard,4.548067176,3.874723874
Lizard,6.307760378,11.97510836
Lizard,10.90783871,11.00783893
Lizard,3.977954027,8.718390697
Lizard,4.315462825,7.720168701
Lizard,5.974899284,9.716403621
Lizard,7.10472366,8.494193338
Lizard,6.231184649,9.83373077
Lizard,3.327945377,7.062007224
Lizard,5.093614157,3.738574212
Lizard,7.747650216,11.11512744
Lizard,2.715560625,7.656381219
Lizard,1.743535411,6.316216409
Lizard,5.634513434,6.991527284
Lizard,2.77907868,6.451738693
Lizard,5.746278614,9.503081454
Lizard,2.25677005,7.020388538
Lizard,6.827191899,11.29854262
Lizard,9.024429222,12.66505896
Lizard,1.888940865,6.605456112
Lizard,6.174970048,8.431660719
Lizard,12.84591361,11.56289473
Lizard,1.682451916,6.081352931
Lizard,1.437453743,6.212692429
Lizard,6.256414783,9.414824684
Lizard,6.002342619,10.80790173
Lizard,10.7593349,10.14221124
Lizard,5.156468247,3.774755302
Lizard,4.874067479,7.910694641
Lizard,8.928598882,11.31443721
Lizard,4.442941541,9.729579359
Lizard,7.105830288,11.52545878
Lizard,1.618933861,6.744952057
Lizard,11.13181178,11.23266372
Lizard,6.53483187,10.26727658
Lizard,3.670765787,7.533407295
Lizard,5.277971384,8.095782933
Lizard,4.183336404,8.593534532
Lizard,6.3579994,10.27229593
Lizard,1.780938063,8.893440354
Lizard,1.058558669,9.108644709
Lizard,4.372120032,3.508730078
Lizard,3.160408258,6.310360508
Lizard,3.529565375,2.840739039
Lizard,3.825687782,5.877651253
Lizard,2.19900627,9.980755731
Lizard,1.433470005,6.540832074
Lizard,6.114771765,9.587782921
Lizard,10.57674815,11.59071025
Lizard,8.919082227,11.68105844
Lizard,7.671517093,11.19961968
Lizard,3.205114364,6.276061658
Lizard,9.499818603,11.32133879
Lizard,3.596845809,2.894906138
Lizard,4.417047384,10.97228527
Lizard,8.736274235,12.50276684
Lizard,2.45971798,10.40447198
Lizard,10.28925713,11.56414954
Lizard,4.283593145,3.485097347
Lizard,6.841577503,9.729997664
Lizard,8.819489508,12.01881846
Lizard,7.863177774,11.11512744
Lizard,4.950421904,9.869075303
Lizard,6.624686631,10.05625501
Lizard,3.209540652,6.568856717
Lizard,4.350652276,6.659832337
Lizard,6.546340365,9.969462181
Lizard,9.251722018,10.90222358
Lizard,7.881325814,10.1376102
Lizard,1.558071612,8.994872915
Lizard,4.356406495,10.93756811
Lizard,9.683290561,10.94405145
Lizard,4.977201273,3.868868026
Lizard,6.850430192,11.22450727
Lizard,5.430237629,7.305236275
Lizard,1.402706954,6.236534339
Lizard,4.05121004,6.461777381
Lizard,3.364905366,6.013382663
Lizard,3.382168137,7.827457216
Lizard,8.712371919,10.90787036
Lizard,1.749953653,7.271564857
Lizard,1.433027399,6.944261823
Lizard,3.422890505,7.373206543
Lizard,5.625660745,9.575443688
Lizard,5.46830419,5.479449974
Lizard,9.87694314,11.50287173
Lizard,3.580247003,7.732507934
Lizard,8.952722444,10.96789336
Lizard,3.73671829,5.990168184
Lizard,11.03775193,9.804032959
Lizard,3.459629135,7.391401678
Lizard,7.86384174,11.71452073
Lizard,10.5322634,9.862801097
Lizard,5.408105907,11.5568297
Lizard,6.446083624,7.466064458
Lizard,5.467861584,6.480390768
Lizard,4.329848429,8.371010288
Lizard,7.426740223,11.27135448
Lizard,5.331972785,11.88245962
Lizard,2.662001887,10.19846976
Lizard,2.600033066,8.917282211
Lizard,3.163506671,7.493252544
Lizard,7.221800509,8.257238494
Lizard,10.42049822,9.873885521
Lizard,2.105389074,6.576385732
Lizard,9.092152319,11.66349073
Lizard,9.414832792,11.59928495
Lizard,9.125349873,11.67206543
Lizard,7.550013955,11.36463065
Lizard,3.332371721,8.577221691
Lizard,7.434043677,10.90201445
Lizard,6.094853244,9.829129678
Lizard,6.213921878,7.832058254
Lizard,1.857292488,9.348109225
Lizard,10.12902346,11.84125919
Lizard,4.802803307,3.677087223
Lizard,2.758717496,9.064307171
Lizard,6.493666839,7.721214384
Lizard,7.095207062,11.17473214
Lizard,2.140135863,6.331692746
Lizard,3.903148836,7.022270779
Lizard,9.212327525,12.22293845
Lizard,2.824227392,10.28128893
Lizard,4.4668438,8.21080959
Lizard,3.068782959,10.68346387
Lizard,7.354812142,11.08584788
Lizard,7.965868962,11.2995883
Lizard,7.501988077,9.7228869
Lizard,7.513939235,8.227749862
Lizard,6.608530489,11.84439624
Lizard,12.63145724,11.5685415
Lizard,10.44772025,9.912367158
Lizard,2.300148224,6.580568519
Lizard,6.609637061,6.50674235
Lizard,6.793551682,7.992677258
Lizard,5.593569763,6.433961864
Lizard,1.975254551,7.878068906
Lizard,7.604900625,11.50935506
Lizard,5.372695153,6.539158959
Lizard,5.913815733,8.603154968
Lizard,9.008715686,12.51594263
Lizard,2.844809879,6.74390632
Lizard,2.40770842,6.331692746
Lizard,4.66248822,9.360448459
Lizard,8.951615872,9.813025964
Lizard,5.264471048,7.803824432
Lizard,9.848835839,11.41503321
Lizard,7.035894048,11.89605366
Lizard,3.22658212,7.043184711
Lizard,7.071083443,10.15726927
Lizard,8.333476845,10.67823535
Lizard,4.276289691,7.620409255
Lizard,8.41802005,11.4395025
Lizard,7.203873772,11.85861771
Lizard,7.474323439,9.748611051
Lizard,7.948606248,8.856213527
Lizard,4.512213816,7.289550812
Lizard,9.121808798,11.51792976
Lizard,9.222286785,12.5523329
Lizard,7.866276243,11.84502367
Lizard,6.02535961,11.0645157
Lizard,8.675411986,11.96778847
Lizard,4.568428417,3.747985468
Lizard,2.301033493,5.691517225
Lizard,11.46179571,11.11847367
Lizard,2.154742827,7.939765021
Lizard,7.191922671,11.78897433
Lizard,5.214453329,8.066712606
Lizard,6.079139707,10.25514653
Lizard,7.555768175,9.710756846
Lizard,6.467994042,10.07068561
Lizard,2.9089919,5.472130084
Lizard,3.477334512,8.030740589
Lizard,1.719411848,6.603364692
Lizard,7.514160538,10.25410079
Lizard,6.400492305,9.434274628
Lizard,6.805945446,7.368396379
Lizard,5.970251637,11.27972005
Lizard,2.239728638,7.015160015
Lizard,1.536603856,6.726338617
Lizard,5.574093848,10.17128162
Lizard,2.485833383,12.33064516
Lizard,4.344676697,5.913414091
Lizard,4.496500279,7.387846323
Lizard,6.471756477,9.404367691
Lizard,7.439797953,11.18958099
Lizard,3.70772572,8.573457157
Lizard,6.700598451,8.444418205
Lizard,3.941436701,7.342253976
Lizard,4.850386522,8.394224766
Lizard,10.32533179,12.5125964
Lizard,1.33321332,9.045693785
Lizard,3.64000268,2.92857761
Lizard,5.013939959,7.598449639
Lizard,4.247739728,3.422146423
Lizard,4.794835887,8.017983103
Lizard,10.50592664,11.02540663
Lizard,7.196791622,12.09452687
Lizard,6.644605209,10.35950701
Lizard,8.838744064,11.94373743
Lizard,6.748624273,10.20411648
Lizard,6.494552108,9.935790762
Lizard,6.687319418,10.07884206
Lizard,3.776555389,5.830176612
Lizard,4.179131419,8.073405065
Lizard,5.300988375,9.830175415
Lizard,7.568161939,9.69193428
Lizard,5.70489228,8.00250682
Lizard,3.881238418,6.332947555
Lizard,4.818074237,3.704902794
Lizard,6.94603923,6.433961864
Lizard,2.758496193,7.608697453
Lizard,4.661602951,7.996860044
Lizard,1.973926676,5.845652896
Lizard,8.65969845,12.40907242
Lizard,2.81316156,6.909126416
Lizard,7.31254054,9.897309126
Lizard,4.723793074,6.495448799
Lizard,2.095429813,12.82630539
Lizard,3.550147862,5.935582833
Lizard,6.576218204,8.294465321
Lizard,2.3036893,8.032413703
Lizard,3.361364291,8.5496153
Lizard,4.643454911,7.586946963
Lizard,6.894693635,11.81616247
Lizard,7.50243074,11.03126253
Lizard,2.210736069,7.950221961
Lizard,3.972421111,6.313706737
Lizard,5.580290673,11.52441309
Lizard,3.926829793,7.71619504
Lizard,6.379909819,11.26779913
Lizard,5.169083314,3.825785298
Lizard,9.482998495,11.77788996
Lizard,10.25008399,11.07267215
Lizard,8.107511981,6.797864294
Lizard,10.01349585,11.52985069
Lizard,1.424838619,6.524519179
Lizard,4.456441877,7.614553354
Lizard,10.66992274,11.27658295
Lizard,5.65288272,7.978455783
Lizard,5.348792893,7.005957938
Lizard,6.368401323,10.87210752
Lizard,5.442852696,9.630238165
Lizard,8.077855502,11.10111509
Lizard,2.746545092,5.536126691
Lizard,6.671163275,8.209136475
Lizard,4.336266615,9.386381736
Lizard,2.379601119,12.18362025
Lizard,5.635620006,7.536544398
Lizard,4.024873334,5.885389395
Lizard,7.606892466,8.147231234
Lizard,6.729369661,7.993513815
Lizard,6.643055975,9.634002699
Lizard,9.607600102,10.17504615
Lizard,7.062230754,9.224717049
Lizard,8.123004214,11.63860314
Lizard,0.979105774,8.463031592
Lizard,8.83653092,10.69329338
Lizard,4.47259802,6.085117466
Lizard,5.03186664,9.470455772
Lizard,9.118710385,12.56592694
Lizard,8.151554121,12.28191571
Lizard,9.128890949,12.35134997
Lizard,5.004865911,7.69256231
Lizard,1.974147979,6.27857133
Lizard,9.233131372,11.10090592
Lizard,2.233310453,6.551289013
Lizard,3.640666646,2.890514226
Lizard,5.152927171,10.38669515
Lizard,3.857336158,6.294256793
Lizard,7.019959208,8.241971336
Lizard,3.83254863,7.101743723
Lizard,3.800678951,6.722364956
Lizard,3.868402047,7.689634386
Lizard,8.136725854,8.253474012
Lizard,8.453209501,12.19616861
Lizard,3.504777847,6.155806532
Lizard,1.307983129,8.089927032
Lizard,2.963435907,8.39192422
Lizard,9.662486771,11.21572345
Lizard,3.086930942,5.579000293
Lizard,2.994641677,6.575340049
Lizard,2.797890686,10.06482971
Lizard,2.076396504,6.46303219
Lizard,5.404343529,6.901179095
Lizard,5.518321853,11.58799145
Lizard,10.75867093,11.14064241
Lizard,5.542666775,8.135937684
Lizard,9.266771588,12.57303765
Lizard,2.697191339,7.629402259
Lizard,0.9976964202,8.959946634
Lizard,3.860655931,7.049668044
Lizard,9.022216022,10.82295976
Lizard,6.123624454,7.901074259
Lizard,5.766197135,11.63002844
Lizard,3.1927206,8.924183795
Lizard,3.85069667,7.372997417
Lizard,2.17820248,12.70709595
Lizard,6.128936067,9.808215746
Lizard,8.764824142,11.36860425
Lizard,3.959363438,6.673217254
Lizard,4.789745633,9.454770309
Lizard,3.922182145,8.15664249
Lizard,8.488398953,11.22555301
Lizard,6.078475742,9.782700775
Lizard,4.809000189,3.681688315
Lizard,1.246456971,8.168563419
Lizard,3.88455819,7.975527806
Lizard,5.921561849,6.940915594
Lizard,7.298376238,9.786465256
Lizard,4.699005546,11.12851236
Lizard,3.763718962,6.372474875
Lizard,2.68014987,8.812503421
Lizard,4.221181662,9.561849645
Lizard,4.447146526,3.522114995
Lizard,3.412488582,10.22837669
Lizard,4.863001589,8.363899577
Lizard,3.886328728,7.463763912
Lizard,7.394427938,10.05269966
Lizard,7.412133316,9.681686466
Lizard,7.505750512,11.78437329
Lizard,5.152263205,3.785421421
Lizard,1.132257288,9.191463883
Lizard,3.011904392,9.026452967
Lizard,4.275625726,10.46177613
Lizard,3.681389014,2.968941487
Lizard,5.992825965,11.38512627
Lizard,2.825555324,7.888944151
Lizard,5.744950682,9.936209014
Lizard,9.798818177,12.26142008
Lizard,2.931566228,10.5753388
Lizard,9.341798139,12.37059079
Lizard,5.717286044,9.640276852
Lizard,10.10069486,11.65533429
Lizard,5.06285105,6.593116879
Lizard,5.765533226,11.36358491
Lizard,5.393941606,10.39903439
Lizard,8.157751003,9.932235407
Lizard,5.132344628,8.617794694
Lizard,4.162311311,3.356685773
Lizard,1.324803294,6.728430037
Lizard,1.655451187,6.545851417
Lizard,11.42682762,11.65261549
Lizard,4.828033498,7.972599882
Lizard,3.228795264,7.891872075
Lizard,3.816171184,6.441700006
Lizard,2.856318431,7.823901807
Lizard,2.055150052,7.118683995
Lizard,10.21666508,11.16762137
Lizard,2.321394677,6.356162034
Lizard,5.102245486,7.803824432
Lizard,6.140444562,7.299380374
Lizard,5.406556673,9.660981659
Lizard,3.845385057,6.278153078
Lizard,7.359238487,11.51228299
Lizard,7.970074004,10.13405484
Lizard,2.652485233,12.19470462
Lizard,6.405361256,10.41346499
Lizard,2.632788014,10.28442598
Lizard,-0.2899271162,10.96622024
Lizard,10.10467854,12.69517502
Lizard,3.395004508,8.803510417
Lizard,7.799881079,12.09076239
Lizard,4.851935757,3.689008151
Lizard,8.681166206,11.4905325
Lizard,7.870481285,11.67352942
Lizard,3.155981914,7.011604659
Lizard,5.037399556,10.43835253
Lizard,1.801299247,8.642054856
Lizard,7.644295061,11.36525802
Lizard,6.453165775,8.128408668
Lizard,6.020711962,7.071418534
Lizard,7.054705997,10.90264189
Lizard,3.06059418,7.264663272
Lizard,3.973749042,6.842620083
Lizard,8.959804595,10.02990343
Lizard,5.5931271,9.421098837
Lizard,3.558336585,6.23507035
Lizard,5.81466562,10.60942852
Lizard,6.638408327,9.71368477
Lizard,2.576130807,12.22565724
Lizard,6.267701976,7.899191965
Lizard,2.325599718,9.969462181
Lizard,12.0241628,11.35772906
Lizard,2.793242982,8.03345944
Lizard,7.187275024,11.75864914
Lizard,5.721269783,8.010035835
Lizard,4.832902448,10.00146048
Lizard,9.042355903,11.34371671
Lizard,6.175634014,9.227226721
Lizard,1.540144932,6.627834034
Lizard,2.029919917,7.13165066
Lizard,8.168816836,11.66474554
Lizard,6.553643819,8.370382856
Lizard,8.396552294,12.48122548
Lizard,5.279520619,3.897938353
Lizard,2.645845744,7.143153337
Lizard,4.493623169,8.534766394
Lizard,9.482334529,10.17985637
Lizard,5.445065897,6.526192294
Lizard,1.667180985,6.478926833
Lizard,8.572278135,11.27637382
Lizard,7.134822801,11.6706015
Lizard,4.933159189,3.83561486
Lizard,1.830513119,9.312973818
Lizard,11.2265355,11.83435755
Lizard,3.607469035,2.852869147
Lizard,4.859460514,9.942274095
Lizard,3.542401745,7.900237648
Lizard,11.02115312,11.62919188
Lizard,5.57497906,6.410329133
Lizard,1.824758843,5.960679553
Lizard,9.092373622,11.25650557
Lizard,2.720429632,8.106658178
Lizard,9.514425511,9.635466688
Lizard,3.568295902,2.867090621
Lizard,4.697235009,6.721946704
Lizard,1.958877105,6.353024931
Lizard,1.758585038,6.459267709
Lizard,10.53646844,11.9259606
Lizard,8.117692601,12.09619999
Lizard,10.68630019,12.41639231
Lizard,8.016329288,11.94394656
Lizard,5.333300717,9.060960942
Lizard,3.354060837,10.74704223
Lizard,1.659877531,6.919792481
Lizard,7.455068827,11.31380978
Lizard,3.878803914,7.772453559
Lizard,4.322323672,3.471503251
Lizard,5.990391518,7.196274699
Lizard,3.797359179,7.785001919
Lizard,4.355078564,6.001043429
Lizard,1.262391811,7.922406444
Lizard,4.51951727,6.329183021
Lizard,8.061256697,10.58286781
Lizard,7.615302492,11.96172344
Lizard,2.04098575,6.230469258
Lizard,2.078831008,6.718182223
Lizard,10.63694643,9.591756528
Lizard,2.322058643,6.322699742
Lizard,4.906601124,6.587679283
Lizard,10.84055827,11.73961745
Lizard,4.546739301,11.01955073
Lizard,6.533946601,9.729997664
Lizard,7.400182158,11.78102706
Lizard,6.488355226,11.19439121
Lizard,3.949182817,6.458012846
Lizard,6.381901659,7.311719608
Lizard,10.17129501,11.20024711
Lizard,3.874377626,8.033668566
Lizard,4.864550824,3.849208903
Lizard,3.931698743,6.548361036
Lizard,8.748225336,12.13572736
Lizard,2.029698614,7.455816591
Lizard,1.326131169,7.225345079
Lizard,8.892745465,12.38042035
Lizard,1.609417206,6.754990745
Lizard,3.515622376,2.820034286
Lizard,4.460425615,8.867088772
Lizard,1.825644112,6.321863184
Lizard,10.49552477,11.61706183
Lizard,4.554264115,9.869493555
Lizard,6.572677128,8.446718751
Lizard,7.833521295,10.65272038
Lizard,1.173643621,7.531525054
Lizard,10.16531949,12.45048204
Lizard,5.007521774,8.135310306
Lizard,3.05262676,6.696640859
Lizard,4.632389078,7.880996884
Lizard,2.666649534,12.32416188
Lizard,2.856539734,6.963920893
Lizard,5.024563186,7.985775673
Lizard,3.541295173,6.717345612
Lizard,5.144959751,6.24029882
Lizard,3.305592352,7.792530935
Lizard,10.42005562,11.30983612
Lizard,6.669835344,11.06618881
Lizard,10.2480921,12.07842316
Lizard,4.928511485,6.438562902
Lizard,9.48167062,11.09965111
Lizard,5.118180326,3.757396725
Lizard,9.533016214,11.00742068
Lizard,5.552847395,7.395166213
Lizard,5.426696554,6.442536563
Lizard,1.863268067,6.503186941
Lizard,10.29301951,12.54543126
Lizard,10.45369583,10.4954476
Lizard,5.150050005,3.756560167
Lizard,10.29744585,12.32290702
Lizard,7.812717449,10.25932926
Lizard,6.501855619,7.339535125
Lizard,1.799307406,7.011395533
Lizard,7.503758615,10.59416136
Lizard,3.701307535,6.052909983
Lizard,3.266197859,10.22900407
Lizard,7.006680175,11.74589165
Lizard,5.03695695,3.641324438
Lizard,1.319712984,6.554635242
Lizard,6.779166077,8.245317565
Lizard,7.658016757,11.27323672
Lizard,5.086753309,11.40060261
Lizard,5.271331896,6.563209941
Lizard,5.371145918,6.511761694
Lizard,10.5721005,11.18665307
Lizard,5.132344628,11.39474671
Lizard,6.45670685,7.088777058
Lizard,9.760308953,11.41984343
Lizard,3.523589796,2.855587945
Lizard,4.394473057,7.880160273
Lizard,5.660628837,6.598554474
Lizard,2.140578525,6.049982059
Lizard,10.57364974,12.0748678
Lizard,8.931475992,12.39715149
Lizard,9.077324051,11.56875063
Lizard,8.165054457,12.12422468
Lizard,6.775846304,8.688065508
Lizard,10.02677488,11.36525802
Lizard,1.690197976,6.910590404
Lizard,4.013807444,6.414930172
Lizard,5.01084149,6.49419399
Lizard,8.442364972,12.19616861
Lizard,9.17691677,10.91100746
Lizard,5.101360274,9.102370556
Lizard,6.233619096,11.50203517
Lizard,6.656113705,11.07288127
Lizard,7.513053966,12.14492944
Lizard,5.596889479,8.269368601
Lizard,4.944667628,3.665375421
Lizard,4.577945015,3.773291314
Lizard,1.756814501,6.478299401
Lizard,6.187585115,8.482063284
Lizard,3.734726449,5.773290715
Lizard,3.510753426,10.24364385
Lizard,6.277439933,11.42151654
Lizard,6.310637544,10.04726201
Lizard,6.633760623,11.20903099
Lizard,9.813203781,11.59510216
Lizard,2.594721453,6.633062504
Lizard,1.729813772,6.611939391
Lizard,8.704404556,12.114186
Lizard,1.641286885,6.856632431
Lizard,7.413461191,8.342567339
Lizard,3.097775472,7.361285615
Lizard,8.544613497,11.19188154
Lizard,4.698120277,7.279512124
Lizard,3.569845137,2.866881495
Lizard,2.149652517,12.7694195
Lizard,4.577502409,6.657950097
Lizard,6.086443161,11.26612601
Lizard,12.08369712,11.27574645
Lizard,5.11773772,6.697477416
Lizard,5.987071745,8.378330177
Lizard,12.59294802,11.49555184
Lizard,8.370215531,11.98535617
Lizard,2.680813836,5.499945601
Lizard,8.803333309,9.633793573
Lizard,8.569179723,12.02969371
Lizard,5.786779679,8.258702482
Lizard,6.393631458,11.23810131
Lizard,2.544703791,5.994141845
Lizard,5.396818715,10.9183273
Lizard,8.433954889,11.66035363
Lizard,6.974367833,8.566346446
Lizard,5.213789363,7.47693965
Lizard,3.348970527,10.55254263
Lizard,2.943959992,6.250964939
Lizard,9.917001542,11.31130011
Lizard,5.799616049,7.578163138
Lizard,8.458742417,11.51458353
Lizard,5.880396875,8.702914414
Lizard,5.73897516,8.883401667
Lizard,7.361451631,11.46083474
Lizard,7.511947338,11.12307471
Lizard,7.573916158,9.696744498
Lizard,7.516373739,9.603468331
Lizard,9.88712376,11.62312686
Lizard,9.040585365,9.716821873
Lizard,7.528988806,10.64832846
Lizard,10.44904813,9.789393233
Lizard,7.456618062,8.206208498
Lizard,5.688293475,10.50778684
Lizard,6.631104873,10.26874057
Lizard,7.69718989,6.750180527
Lizard,7.375394629,11.73627122
Lizard,5.701793868,11.71933095
Lizard,2.36587948,8.995918598
Lizard,10.52827972,10.06671195
Lizard,4.673996715,10.00940781
Lizard,7.141241043,11.58046243
Lizard,7.674615506,9.930143987
Lizard,3.371766214,6.733449381
Lizard,4.639913835,6.695804302
Lizard,4.047447661,8.598763055
Lizard,5.084318806,10.25075456
Lizard,4.96392224,7.701555314
Lizard,8.829670072,10.74265026
Lizard,9.380086003,11.2102858
Lizard,3.867295476,8.061693263
Lizard,6.40491865,9.917595627
Lizard,6.135132949,11.25504164
Lizard,7.537177529,8.434170391
Lizard,5.112426106,7.528597077
Lizard,6.444534446,9.504963748
Lizard,5.866896483,9.862382845
Lizard,6.088213699,9.444313316
Lizard,6.995392983,10.69433906
Lizard,3.960470009,7.763669681
Lizard,1.557407646,6.631180263
Lizard,4.296872178,8.270205159
Lizard,3.995438101,7.460417683
Lizard,3.290764085,7.220116609
Lizard,4.952413745,3.661820066
Lizard,8.157087037,12.4042622
Lizard,6.151067789,11.27156361
Lizard,3.640445286,2.957020559
Lizard,1.745969914,6.638500099
Lizard,6.161469712,9.565195874
Lizard,1.478176111,6.812085768
Lizard,9.978085093,12.27271358
Lizard,7.505307849,11.62584565
Lizard,3.101316547,8.017773977
Lizard,5.164656969,11.46543578
Lizard,2.824448752,7.930353711
Lizard,5.675899711,10.27773352
Lizard,7.129289885,11.41900687
Lizard,1.822988306,5.956496766
Lizard,8.357157801,10.97667718
Lizard,5.827059384,7.567287839
Lizard,3.568959811,2.903271712
Lizard,7.055591266,10.04830769
Lizard,7.330024614,11.27386415
Lizard,9.836663378,11.35835644
Lizard,7.682140319,10.35386029
Lizard,7.403944536,11.91320312
Lizard,3.975298277,8.072359328
Lizard,7.481626893,6.520545519
Lizard,4.165409723,7.775172357
Lizard,5.839674508,11.19020842
Lizard,1.712993663,7.385336651
Lizard,3.473572134,7.19501989
Lizard,3.527794837,2.825681008
Lizard,1.718083974,6.236534339
Lizard,6.164789484,10.28588997
Lizard,8.414257671,12.04726141
Lizard,5.866011214,11.81616247
Lizard,3.553688938,2.848058929
Lizard,4.897748435,7.50998369
Lizard,3.364684063,7.936837044
Lizard,4.570641561,5.976574141
Lizard,3.865746241,6.138029702
Lizard,6.081131548,8.31433357
Lizard,5.937275386,7.951895076
Lizard,4.944446325,3.856528793
Lizard,6.461354554,8.313915265
Lizard,4.293331103,6.869808222
Lizard,7.912310224,11.66892838
Lizard,6.913062979,9.939764369
Lizard,6.045942097,8.480390169
Lizard,2.8830978,8.040779276
Lizard,6.60277627,7.382617853
Lizard,10.0462508,12.41137297
Lizard,5.171517817,10.19721489
Lizard,6.237602834,11.83414842
Lizard,4.8961992,7.246049832
Lizard,4.840205902,10.3040851
Lizard,11.72892561,11.22743525
Lizard,6.523765981,11.31192754
Lizard,2.270934352,10.16396173
Lizard,1.948696485,6.504441804
Lizard,4.790852205,6.28902827
Lizard,1.574449114,6.181530682
Lizard,7.204537738,10.04977168
Lizard,1.763896651,7.695908539
Lizard,6.975253102,10.43688859
Lizard,2.565286278,12.2233567
Lizard,7.805635298,10.22565784
Lizard,4.290232634,3.477359206
Lizard,3.59087023,2.885704008
Lizard,7.266949222,8.810830307
Lizard,8.526022851,9.46062621
Lizard,5.680768718,9.269891144
Lizard,2.177538515,12.67948961
Lizard,1.617163323,7.198156939
Lizard,8.380396151,8.567392129
Lizard,10.67412772,11.09965111
Lizard,5.493313022,10.79388944
Lizard,7.270490297,11.57042375
Lizard,11.25154438,10.80539206
Lizard,9.498712031,10.74536911
Lizard,4.61269186,7.619991003
Lizard,1.227202359,7.353965779
Lizard,6.558512826,7.178497869
Lizard,9.989814948,10.733239
Lizard,11.41465516,11.19857399
Lizard,5.87951155,11.15800099
Lizard,2.628140367,5.796923446
Lizard,6.41775502,10.12610752
Lizard,1.277883988,8.652093544
Lizard,8.848924684,9.14336181
Lizard,1.526201933,8.673425782
Lizard,3.252254917,6.283590674
Lizard,6.452280562,8.552334098
Lizard,10.77239263,12.23674162
Lizard,3.551033131,2.889050237
Lizard,1.367960109,6.373102306
Lizard,8.73273316,8.674053213
Lizard,2.416339749,9.791484599
Lizard,9.395799483,11.66997407
Lizard,1.672271296,6.723201567
Lizard,3.20865544,6.707934356
Lizard,2.341977164,6.083026046
Lizard,8.348747775,11.66809177
Lizard,4.925634376,3.926172175
Lizard,1.367517503,7.290178244
Lizard,5.198961152,5.511448277
Lizard,5.097819198,8.278779858
Lizard,9.202589567,11.79211143
Lizard,7.012655698,8.083234573
Lizard,1.606318793,6.931713463
Lizard,3.838745512,5.866985134
Lizard,8.31621413,11.88455099
Lizard,3.763055053,7.085640008
Lizard,2.352157784,7.761578314
Lizard,2.223129833,5.847116884
Lizard,6.749066935,9.601795216
Lizard,5.474279769,10.64226338
Lizard,5.622562276,9.331168953
Lizard,9.902615937,12.00020508
Lizard,2.10804488,8.449437549
Lizard,11.62711969,11.41524234
Lizard,10.8819446,10.07967862
Lizard,2.105831737,9.364003814
Lizard,3.851581939,6.175674781
Lizard,7.773765619,10.28358948
Lizard,4.273855188,7.693608046
Lizard,10.26026456,12.22858517
Lizard,2.791029838,10.65000158
Lizard,7.953696558,12.08197851
Lizard,4.903502654,6.031159492
Lizard,5.023013951,3.853182563
Lizard,8.567851791,11.46146217
Lizard,3.501458074,6.759800909
Lizard,5.40345826,8.641009173
Lizard,4.047668964,10.36243499
Lizard,5.621013041,6.471397763
Lizard,9.224278683,11.34894518
Lizard,8.981715014,12.12192414
Lizard,7.814930649,11.70908313
Lizard,2.89394233,6.882774834
Lizard,5.156910853,3.751122572
Lizard,6.717197256,11.46522665
Lizard,4.189311983,3.37216211
Lizard,3.047536506,8.233396637
Lizard,1.6348687,6.5554718
Lizard,2.604902074,12.2467803
Lizard,4.330291036,8.994036357
Lizard,5.506592055,11.59970325
Lizard,3.52093399,2.825262756
Lizard,3.956928934,7.56394161
Lizard,10.98220129,10.93840467
Lizard,5.625218082,7.951058518
Lizard,6.975031799,11.95022076
Lizard,3.896730651,7.00637619
Lizard,3.261107606,10.3917145
Lizard,2.043862916,5.856528194
Lizard,9.092152319,11.70071756
Lizard,9.449136975,12.6466547
Lizard,1.490348515,8.339848541
Lizard,2.046961329,7.963188626
Lizard,4.902396082,3.809681583
Lizard,6.501191653,9.92198754
Lizard,7.761371855,8.30701368
Lizard,8.715470388,10.15183167
Lizard,5.889028204,7.960260649
Lizard,6.305547234,11.55996675
Lizard,10.58515823,10.67028808
Lizard,5.401909025,10.28547172
Lizard,6.959982228,9.651570403
Lizard,2.858531575,9.790438916
Lizard,2.526555751,6.040152497
Lizard,3.486629863,2.792009589
Lizard,9.043683834,11.65491603
Lizard,1.224989216,6.680327965
Lizard,2.340649289,7.119520552
Lizard,3.992339689,6.272297124
Lizard,2.162046281,7.059497606
Lizard,2.979149444,6.213738112
Lizard,3.252033557,6.789080415
Lizard,3.300280739,7.377389383
Lizard,3.912886794,10.44358105
Lizard,4.972774929,7.967789664
Lizard,6.398943071,10.47976214
Lizard,2.626369829,6.044962715
Lizard,8.191833826,10.06838507
Lizard,4.372341335,7.683360179
Lizard,3.839852084,5.861129233
Lizard,9.164301703,11.12056504
Lizard,1.392526334,6.459058583
Lizard,3.900271727,7.062007224
Lizard,4.177360882,7.570843248
Lizard,8.119020476,8.211018716
Lizard,8.392347253,11.42988212
Lizard,8.861318448,11.33325972
Lizard,5.681432684,8.563209343
Lizard,6.542577987,7.396211896
Lizard,4.9198801,6.353024931
Lizard,7.424969686,11.84962476
Lizard,10.67235719,9.920941857
Lizard,6.730033626,10.93924123
Lizard,3.413595154,6.513016503
Lizard,7.238399315,11.78207274
Lizard,5.477599485,10.49837553
Lizard,4.208345292,7.309209936
Lizard,4.044127889,6.820451341
Lizard,12.30722748,11.30962699
Lizard,4.415276847,8.47704394
Lizard,6.866143729,8.641218299
Lizard,6.906423434,8.617376442
Lizard,9.91589497,11.07873717
Lizard,2.190153582,12.75164267
Lizard,3.566746667,2.937988867
Lizard,1.168774614,8.827979758
Lizard,6.71963176,11.76283193
Lizard,6.096402479,10.92815686
Lizard,7.277793751,11.99016639
Lizard,6.52177414,9.859454868
Lizard,4.309708549,3.50601128
Lizard,2.163595516,12.70542284
Lizard,2.095651116,12.83153386
Lizard,5.966931865,8.614657591
Lizard,3.160850921,8.650211303
Lizard,7.108707398,6.547106227
Lizard,5.792533898,10.59750759
Lizard,7.591842895,11.3650489
Lizard,6.763673843,11.39098218
Lizard,12.66266296,11.42486277
Lizard,3.389028929,8.06566687
Lizard,8.344100071,10.58788716
Lizard,2.083921318,12.8380172
Lizard,8.534432934,11.95565836
Lizard,7.96786086,11.57000544
Lizard,4.96104513,3.667466841
Lizard,10.15226176,11.59321992
Lizard,4.247518425,7.266127208
Lizard,6.718303828,9.906302077
Lizard,7.522570564,9.544700193
Lizard,5.44218873,8.137192546
Lizard,8.179218759,11.45665195
Lizard,1.637081844,7.211751036
Lizard,4.710956648,10.9873433
Lizard,4.541870351,3.753423118
Lizard,1.520005051,6.526192294
Lizard,6.946481892,11.5942656
Lizard,2.737913706,10.56613667
Lizard,9.274075042,12.14513862
Lizard,7.539169369,8.06441206
Lizard,5.12282803,8.001670262
Lizard,5.23968352,8.690993485
Lizard,5.043596438,7.599286196
Lizard,1.335647824,6.758336974
Lizard,10.76243331,9.867820441
Lizard,2.906336094,6.751853642
Lizard,2.353264356,7.084803451
Lizard,6.379467156,9.740872909
Lizard,5.285938804,10.42245799
Lizard,1.168774614,6.670498403
Lizard,1.992959928,12.9269014
Lizard,2.298820349,5.787721315
Lizard,4.296429516,6.707516104
Lizard,4.482999943,12.20516156
Lizard,7.230431838,11.44389441
Lizard,2.949050302,8.347377557
Lizard,8.514735659,12.27313189
Lizard,5.037620916,11.51918457
Lizard,4.310372514,6.034505722
Lizard,7.265842593,12.02990283
Lizard,3.563648198,2.864580949
Lizard,8.995879316,8.995918598
Lizard,6.098615622,9.486768613
Lizard,5.006415146,6.292374499
Lizard,4.433867549,8.158943036
Lizard,1.523324823,6.287773461
Lizard,2.138144022,6.476626287
Lizard,7.511504732,11.46313528
Lizard,3.606583766,2.903690017
Lizard,5.836133432,7.654917231
Lizard,3.315551613,6.003553101
Lizard,6.110788083,8.470769733
Lizard,3.484859326,6.799746534
Lizard,1.818783321,7.085012577
Lizard,6.293596076,7.465227847
Lizard,6.371721039,10.12736239
Lizard,10.53270607,11.67875789
Lizard,7.412797225,11.61329729
Lizard,7.703608075,7.593848547
Lizard,4.574846602,7.027917554
Lizard,6.620260287,10.81020228
Lizard,5.030760068,8.492520223
Lizard,6.622030825,8.273760514
Lizard,4.166294992,3.35041162
Lizard,5.812009813,10.21499178
Lizard,4.23091962,3.420682434
Lizard,6.222553264,9.092122689
Lizard,1.117207717,9.144198421
Lizard,9.333388056,8.579731363
Lizard,5.751590227,8.742650913
Lizard,4.867206631,3.863012072
Lizard,5.454139888,11.37215966
Lizard,1.331221479,6.55003415
Lizard,3.885000853,6.554426116
Lizard,7.07019823,8.406145695
Lizard,6.963302001,11.74421854
Lizard,5.265134957,10.19073156
Lizard,7.29682706,11.99539486
Lizard,3.320199317,6.248455267
Lizard,5.179042574,7.959214965
Lizard,8.530227892,12.44650837
Lizard,2.059355093,6.099757192
Lizard,5.702015171,7.986612231
Lizard,10.28704393,10.82233238
Lizard,4.978750508,8.23967079
Lizard,2.240613907,12.6669412
Lizard,5.607734065,8.936732208
Lizard,3.455866756,7.905884423
Lizard,11.30820159,11.31882912
Lizard,7.118002749,10.88507413
Lizard,2.109372812,5.933909719
Lizard,9.454005925,11.5568297
Lizard,5.23459321,7.897100598
Lizard,3.640223983,8.017564851
Lizard,2.866056332,7.279093873
Lizard,4.063382501,8.293837889
Lizard,3.637346874,7.167622624
Lizard,4.335824008,3.48426079
Lizard,4.742383721,3.65826471
Lizard,3.592198162,2.803930518
Lizard,6.201085508,8.63975431
Lizard,7.665320211,10.46784121
Lizard,2.73238079,7.535498661
Lizard,4.351094882,3.494299478
Lizard,6.604546807,11.70908313
Lizard,6.863709225,7.422563478
Lizard,11.97325981,11.01913248
Lizard,4.899961579,3.902121139
Lizard,2.790144569,6.357835149
Lizard,4.321438347,5.956705892
Lizard,6.040187877,7.856527542
Lizard,3.803334758,7.021643347
Lizard,1.032664569,8.500467545
Lizard,7.028811897,12.02132814
Lizard,2.933558126,7.313392722
Lizard,5.959185748,11.48300348
Lizard,6.201749417,8.258493356
Lizard,3.133628889,7.211960162
Lizard,8.047313698,12.32332532
Lizard,5.191436338,8.245735871
Lizard,6.135132949,8.110840964
Lizard,2.212285303,12.71023305
Lizard,4.854148901,3.776846722
Lizard,1.11256007,9.072463619
Lizard,5.240126126,8.987343899
Lizard,13.34100021,10.99236264
Lizard,5.692941179,10.61737579
Lizard,7.047402543,11.86489192
Lizard,1.626679921,6.882147456
Lizard,6.945375264,10.53643891
Lizard,5.58006937,10.50485886
Lizard,1.858177757,8.619258683
Lizard,1.985656474,9.688169799
Lizard,4.981627617,3.665375421
Lizard,2.758717496,7.486978337
Lizard,3.558557945,2.990901103
Lizard,2.584762193,6.458640278
Lizard,9.223614717,11.50203517
Lizard,7.388452359,11.86259137
Lizard,6.381680356,11.62396341
Lizard,8.030714893,10.14597577
Lizard,3.177670973,6.19156937
Nematode,13.00725385,7.21990743
Nematode,7.452191718,5.602633024
Nematode,11.04682597,6.923975321
Nematode,13.38061601,8.442326785
Nematode,5.856937222,5.221790322
Nematode,8.591975353,5.977619825
Nematode,11.43612291,7.252533165
Nematode,12.14101829,7.703228429
Nematode,10.77549104,7.47693965
Nematode,11.90420884,7.056778754
Nematode,11.08887622,8.004179934
Nematode,11.26393815,6.613194254
Nematode,11.6698339,7.449124132
Nematode,11.87986392,6.705006432
Nematode,5.959185748,5.351665831
Nematode,12.55709466,7.635885538
Nematode,7.091665986,9.112618369
Nematode,12.17642905,7.358985122
Nematode,12.36410605,7.9029565
Nematode,11.80483743,7.025407882
Nematode,10.54000952,6.708980039
Nematode,11.11698352,7.383663536
Nematode,9.890664836,7.995605182
Nematode,8.530670499,6.589770649
Nematode,12.3340069,7.551811556
Nematode,11.58440548,6.536858413
Nematode,12.15296939,8.229841228
Nematode,12.28465315,9.008257832
Nematode,11.85042874,6.048308944
Nematode,11.33785807,6.9846257
Nematode,6.174306139,4.819406256
Nematode,10.7221536,6.532048195
Nematode,7.963213156,5.786884758
Nematode,12.40084467,9.079574329
Nematode,13.07519825,5.478822542
Nematode,11.83781368,7.24374934
Nematode,9.070020541,6.883611391
Nematode,10.01526639,6.410329133
Nematode,11.85441248,6.671335014
Nematode,9.20081903,6.774440689
Nematode,8.681608868,6.538322348
Nematode,12.92935019,8.206835929
Nematode,10.18368877,6.301994935
Nematode,9.106759227,6.084908286
Nematode,11.99649811,7.337234632
Nematode,8.709937472,6.665897365
Nematode,9.841311082,6.462195686
Nematode,12.0735165,7.429465062
Nematode,11.54501099,10.97876855
Nematode,12.42186982,7.709502582
Nematode,12.55975041,6.791799266
Nematode,12.09409898,7.747565966
Nematode,6.278325202,5.086058858
Nematode,11.02491556,6.824634127
Nematode,12.23684863,8.046635231
Nematode,9.621321741,7.820555578
Nematode,9.787309681,8.095155555
Nematode,7.731936679,6.016519766
Nematode,11.90974176,7.000520288
Nematode,11.6207015,7.481331616
Nematode,12.42164846,8.038478784
Nematode,5.962948183,4.859979259
Nematode,12.65137576,8.177974675
Nematode,11.83604314,7.175360766
Nematode,13.15553641,7.247095569
Nematode,12.55156169,8.29781155
Nematode,12.89349683,9.637558055
Nematode,8.904696623,6.720064464
Nematode,13.40783798,8.214155819
Nematode,6.736451812,7.284113216
Nematode,8.40717552,6.711489765
Nematode,10.34702091,6.898460297
Nematode,7.223349688,5.679596296
Nematode,12.40947606,8.187804237
Nematode,12.83529038,9.116382851
Nematode,10.62145426,7.513329919
Nematode,9.325420637,7.285368079
Nematode,8.993002206,7.381153864
Nematode,12.11490283,7.779982575
Nematode,9.803465824,7.807588966
Nematode,11.56736407,6.613821685
Nematode,12.73636157,6.693503756
Nematode,8.287442864,6.318516955
Nematode,12.63367039,9.859454868
Nematode,11.76500033,7.020597664
Nematode,12.1180013,7.072255091
Nematode,7.695640656,5.64843455
Nematode,12.31652283,7.833313063
Nematode,8.542621657,6.082398668
Nematode,10.2529611,8.183412324
Nematode,9.976093253,7.8717947
Nematode,10.45325317,6.920419913
Nematode,9.835335503,7.48300473
Nematode,4.465515869,5.446405933
Nematode,11.90752861,7.499735876
Nematode,12.73104996,8.139702218
Nematode,10.95165954,7.038792799
Nematode,8.923729875,5.993723593
Nematode,12.9202762,8.207672486
Nematode,11.94094753,8.082398016
Nematode,10.62012638,6.358253401
Nematode,10.77438447,8.46052192
Nematode,12.25654585,7.388264575
Nematode,9.027527635,6.835509373
Nematode,10.54797694,7.141480222
Nematode,10.38287432,10.59206994
Nematode,12.46037899,7.692771435
Nematode,13.25291599,7.726861159
Nematode,6.06940175,4.650630806
Nematode,5.804927662,5.241240266
Nematode,6.172978207,4.669453318
Nematode,11.79731261,7.23831169
Nematode,11.4283768,7.194601584
Nematode,7.996410767,7.770362139
Nematode,12.5077409,8.065039492
Nematode,12.67328618,9.151936563
Nematode,12.12508345,7.243958466
Nematode,8.106405409,6.263304173
Nematode,6.002342619,5.525878877
Nematode,11.49255882,7.12976842
Nematode,10.20449262,7.255252016
Nematode,12.7724363,8.601690979
Nematode,11.82519861,7.282440102
Nematode,12.77597737,7.242494477
Nematode,11.45095118,7.426327959
Nematode,12.15053489,6.342358812
Nematode,11.51092816,8.482899841
Nematode,10.61260157,7.336188896
Nematode,10.86578846,10.63473437
Nematode,10.75114617,7.513957351
Nematode,11.18736236,6.805184183
Nematode,11.28031559,7.80863465
Nematode,6.937407901,5.614553952
Nematode,8.840514601,6.584333054
Nematode,6.117648931,4.936105974
Nematode,8.996543281,6.819405604
Nematode,11.8626012,6.352606625
Nematode,12.84790545,9.93641814
Nematode,8.009025834,5.8402153
Nematode,11.95688237,7.306072832
Nematode,10.17749195,7.772453559
Nematode,10.04669346,7.205267703
Nematode,6.874996417,5.515421938
Nematode,12.47410069,6.86207008
Nematode,11.87942131,7.283276659
Nematode,10.22972275,8.058556159
Nematode,8.325730785,7.2165612
Nematode,11.11809009,6.628252286
Nematode,10.58670747,6.903688766
Nematode,11.77495959,7.322803979
Nematode,7.486717203,5.718287059
Nematode,13.22104631,7.273028845
Nematode,11.25242965,7.31611152
Nematode,12.78726456,11.6020038
Nematode,13.08139513,8.195751558
Nematode,11.20086276,7.026662691
Nematode,12.86295502,7.078320118
Nematode,11.79952581,7.823692681
Nematode,10.3020935,8.250755215
Nematode,12.52301178,7.089404489
Nematode,11.42793419,10.70354125
Nematode,7.050722315,5.73878274
Nematode,6.830069008,5.565824502
Nematode,7.073960609,5.591548653
Nematode,10.52717309,6.76774823
Nematode,10.52606652,6.878382921
Nematode,12.25411135,7.463973038
Nematode,12.59184145,7.36693239
Nematode,7.535185688,6.973750455
Nematode,8.460070349,5.787721315
Nematode,10.88880545,6.138029702
Nematode,7.023057621,5.797132572
Nematode,11.57621676,7.576490023
Nematode,12.42209113,6.763147138
Nematode,11.99317833,7.515839591
Nematode,10.45922875,6.91205434
Nematode,12.54248769,7.586946963
Nematode,11.14509076,6.910381225
Nematode,7.509512891,5.141689946
Nematode,8.402527816,7.371951734
Nematode,11.18736236,7.369442062
Nematode,8.458963721,6.93255002
Nematode,9.777129061,7.70176444
Nematode,12.30457167,8.105403369
Nematode,13.26110471,8.623650595
Nematode,10.30297877,8.087626486
Nematode,10.99348848,7.30690939
Nematode,11.72317139,6.967057996
Nematode,12.542709,7.323013105
Nematode,8.550589076,6.232978984
Nematode,6.911956407,5.065772357
Nematode,13.24937491,8.082398016
Nematode,11.55165053,7.2165612
Nematode,12.55842253,7.602632425
Nematode,7.825111213,6.283590674
Nematode,8.660141113,9.426745612
Nematode,10.80116384,7.108645307
Nematode,11.78868128,7.404368343
Nematode,12.54248769,7.722260121
Nematode,8.196260227,6.092437356
Nematode,10.54974748,7.82913033
Nematode,9.529917745,6.729266594
Nematode,6.807715984,5.935582833
Nematode,12.75406695,8.565091583
Nematode,9.941346464,7.916550543
Nematode,13.27748215,7.562477675
Nematode,8.610344696,8.345077011
Nematode,12.62194059,7.92470699
Nematode,8.834981685,5.993514414
Nematode,10.91071587,7.183308087
Nematode,12.45838715,7.649897887
Nematode,6.060549061,6.144513035
Nematode,12.43846863,9.772662087
Nematode,11.98078457,8.974586413
Nematode,11.92899637,8.044543811
Nematode,10.90540426,7.843979183
Nematode,7.578563862,5.674158701
Nematode,9.090381781,5.001984876
Nematode,9.537442502,7.365259275
Nematode,12.01154768,8.549824426
Nematode,12.91607115,6.788034732
Nematode,7.248801182,5.851299671
Nematode,10.92355224,6.847639427
Nematode,10.95940566,7.137088256
Nematode,12.048065,7.555785216
Nematode,13.30293365,7.971554199
Nematode,11.12650017,6.905571061
Nematode,7.246366678,5.623965262
Nematode,11.93143087,11.18811705
Nematode,12.66819587,6.882147456
Nematode,11.8738884,7.371115177
Nematode,11.2969144,8.286936305
Nematode,11.33276776,7.280348735
Nematode,8.319533903,7.263199284
Nematode,13.00658988,7.161139292
Nematode,11.2595118,7.298752996
Nematode,6.010310039,4.884866852
Nematode,11.96197262,7.363377035
Nematode,6.43302595,5.952313979
Nematode,8.428643276,5.82034705
Nematode,12.83750353,7.989331028
Nematode,11.14199235,8.957855267
Nematode,12.0053508,7.200457485
Nematode,11.73357325,7.047576624
Nematode,11.64991537,7.88308825
Nematode,11.97879273,10.65209295
Nematode,8.890974927,6.760428341
Nematode,11.64239056,7.286622888
Nematode,8.893188127,5.84753519
Nematode,6.762345968,5.915505458
Nematode,10.44130207,7.553275544
Nematode,10.83546802,6.241135377
Nematode,8.473791988,5.772035852
Nematode,12.97981051,7.746729409
Nematode,10.93151966,7.384081842
Nematode,12.80917492,11.18832618
Nematode,11.31373451,6.929831169
Nematode,11.66784205,7.642996302
Nematode,11.12008193,11.12244728
Nematode,12.69475394,7.741500939
Nematode,11.91748787,8.180902652
Nematode,11.19422321,7.239357374
Nematode,7.721977418,6.040779928
Nematode,10.10202273,6.711489765
Nematode,12.94196525,8.192614455
Nematode,12.12065705,10.48875514
Nematode,11.04660461,6.138657134
Nematode,11.4987557,8.606710323
Nematode,8.386371674,7.371951734
Nematode,8.647525989,6.014428346
Nematode,11.82099357,10.56509099
Nematode,12.19059335,7.095469516
Nematode,10.1684179,6.48896552
Nematode,11.1886903,7.447032766
Nematode,9.761636884,6.871481337
Nematode,10.86379662,6.83634593
Nematode,6.04350765,10.88110052
Nematode,10.22418984,8.011918076
Nematode,7.73614172,5.793158965
Nematode,11.58064304,7.032936898
Nematode,12.21693005,6.856005
Nematode,11.7240566,7.092123287
Nematode,11.33409569,6.711280585
Nematode,11.52819088,7.137924813
Nematode,8.078519411,9.464599817
Nematode,9.513318939,6.696640859
Nematode,11.46954183,7.747775092
Nematode,8.874154818,7.28390409
Nematode,9.804572396,7.004284823
Nematode,9.72312766,7.387637197
Nematode,6.380131122,5.182472129
Nematode,12.34418747,7.926380104
Nematode,12.37782768,8.153714567
Nematode,11.03974382,7.511656805
Nematode,9.168949351,6.696849985
Nematode,12.17642905,7.00825843
Nematode,9.359060854,9.169713392
Nematode,9.933379044,8.180693526
Nematode,10.15934391,7.308373378
Nematode,9.243090632,6.720691842
Nematode,11.54788815,7.225345079
Nematode,12.45705922,7.429046757
Nematode,12.80607651,6.62595174
Nematode,13.00968835,7.016624003
Nematode,10.10158013,6.426223669
Nematode,11.52885484,6.720482716
Nematode,8.751102446,6.48290044
Nematode,9.004068039,6.927530677
Nematode,10.06971045,7.884970491
Nematode,6.323031308,5.987658512
Nematode,9.176695467,8.632016168
Nematode,10.69537418,7.005330506
Nematode,8.738708682,6.407610282
Nematode,9.222729448,6.752481019
Nematode,12.83905276,7.481958993
Nematode,6.563160474,5.328869658
Nematode,12.56351284,8.227540736
Nematode,12.76933783,7.025617008
Nematode,12.895046,9.043393239
Nematode,6.477289394,5.480286531
Nematode,13.11282215,8.001042831
Nematode,10.7314489,7.155283391
Nematode,6.897349442,5.462091396
Nematode,12.67306482,7.776427166
Nematode,8.874376178,7.18038011
Nematode,8.98724793,7.512702488
Nematode,7.794348162,5.725606948
Nematode,12.23596336,7.371324303
Nematode,5.982424098,6.733449381
Nematode,11.77628752,11.17347728
Nematode,10.92709332,7.317993761
Nematode,11.23892926,7.186026885
Nematode,10.71219434,6.290283133
Nematode,7.922490788,6.380422196
Nematode,9.084184843,7.013277774
Nematode,5.9545381,4.946562967
Nematode,10.70334165,6.975214443
Nematode,10.64115147,8.633061852
Nematode,11.94139013,6.858305546
Nematode,9.336486526,7.10780875
Nematode,10.85405866,7.113455525
Nematode,8.563425447,6.811876642
Nematode,11.92766844,9.056987282
Nematode,11.96706293,7.562059369
Nematode,12.62083402,8.087626486
Nematode,10.15779467,7.321967421
Nematode,8.712593279,9.399975779
Nematode,10.68851339,7.513957351
Nematode,11.00234117,7.698836516
Nematode,5.657309121,5.353966377
Nematode,12.30036669,7.168459182
Nematode,7.609769576,5.58841155
Nematode,12.58984955,7.225763331
Nematode,12.50419983,6.688275286
Nematode,12.84901202,9.442221949
Nematode,10.94922504,9.146917219
Nematode,9.516196049,7.391401678
Nematode,12.2260041,9.198992898
Nematode,9.649429041,7.225345079
Nematode,10.59246169,7.418798943
Nematode,10.74340006,6.923975321
Nematode,6.6255719,5.398931292
Nematode,11.45714806,7.320503486
Nematode,11.7545984,7.074346458
Nematode,12.65823661,11.50747277
Nematode,9.695684325,6.902852209
Nematode,12.05868823,7.185190328
Nematode,11.46157441,6.841156094
Nematode,13.09600204,7.701973619
Nematode,11.6607599,7.695908539
Nematode,10.75867093,6.453830113
Nematode,10.53381264,7.77621804
Nematode,12.71843489,8.545014208
Nematode,12.79589589,5.198994149
Nematode,11.71852368,7.070791102
Nematode,11.49477202,9.135414543
Nematode,11.1492958,6.647074798
Nematode,9.62729732,7.27470196
Nematode,12.60113674,7.756349791
Nematode,10.88836279,7.447869323
Nematode,9.580599373,6.412838752
Nematode,8.212637673,7.283067533
Nematode,6.024695644,5.032310065
Nematode,9.984503335,6.996337502
Nematode,10.66925877,7.500363254
Nematode,10.06616937,7.952104201
Nematode,11.89911853,7.337234632
Nematode,9.399783221,7.326359334
Nematode,9.503802285,7.167413445
Nematode,11.12871332,6.501932132
Nematode,12.09232845,7.1732694
Nematode,9.716266812,7.518558389
Nematode,12.05049951,8.284635759
Nematode,13.36866485,8.293210458
Nematode,5.739639069,5.489279482
Nematode,9.883582685,7.993932067
Nematode,13.17456966,7.550347567
Nematode,12.36587658,10.00773469
Nematode,8.955599554,6.472652626
Nematode,10.29235554,8.165008064
Nematode,10.31205282,6.539577211
Nematode,12.67704856,7.443895663
Nematode,9.35153604,6.851613087
Nematode,12.88951309,7.557249151
Nematode,13.15376587,8.070267962
Nematode,12.69342606,7.693608046
Nematode,12.15296939,6.477881096
Nematode,12.38889357,7.689843512
Nematode,9.354634509,7.171387106
Nematode,12.3433022,7.453516045
Nematode,13.09024782,7.705528975
Nematode,12.11689467,7.483841288
Nematode,12.66642533,9.319666277
Nematode,12.23153702,7.294988461
Nematode,11.29957021,7.50998369
Nematode,11.76832004,7.003866518
Nematode,12.922932,8.13091834
Nematode,10.72038307,8.106030746
Nematode,8.998313819,7.110736727
Nematode,11.98410434,6.519918087
Nematode,12.31630153,7.483213856
Nematode,12.46347746,7.750284764
Nematode,12.68545859,9.046530342
Nematode,12.58852167,7.684615042
Nematode,6.687319418,5.550766471
Nematode,6.655007076,5.920315676
Nematode,12.16005154,7.291223927
Nematode,12.79368275,7.915086554
Nematode,12.05868823,7.863429127
Nematode,12.31630153,8.699568184
Nematode,9.397348718,6.722992388
Nematode,10.10733435,6.458849457
Nematode,12.11733733,7.665792476
Nematode,9.035052449,6.465332736
Nematode,12.95303114,8.09139102
Nematode,12.24592262,6.51406224
Nematode,11.5270843,6.792008392
Nematode,11.92501269,7.458117137
Nematode,12.90589059,8.213110082
Nematode,7.797889238,6.67154414
Nematode,12.98490082,11.92115038
Nematode,11.88384766,6.969567668
Nematode,11.33830073,6.785734186
Nematode,10.45790082,6.882774834
Nematode,10.40500599,6.219594067
Nematode,9.557582382,7.563105106
Nematode,12.64739208,7.834986178
Nematode,11.72162215,6.4724435
Nematode,11.54368311,10.82003184
Nematode,12.13902639,6.689948401
Nematode,12.4397965,7.563523358
Nematode,8.518276734,7.279721304
Nematode,12.86450426,9.144198421
Nematode,11.97547296,6.021748236
Nematode,6.091533471,4.795564346
Nematode,11.35534214,6.727802605
Nematode,12.93753891,10.70584174
Nematode,8.131635543,6.230260132
Nematode,10.37800532,7.711175696
Nematode,10.881502,7.520858935
Nematode,10.59556016,7.56791527
Nematode,12.89438204,9.584645818
Nematode,8.170808733,6.15538828
Nematode,11.40867958,7.395584465
Nematode,12.8691519,8.679072557
Nematode,8.546826698,6.174419972
Nematode,6.026244878,4.813550355
Nematode,12.06001616,8.840528064
Nematode,8.634910922,6.831954017
Nematode,11.89004454,7.286622888
Nematode,10.25827272,7.865311421
Nematode,12.43027985,7.591129749
Nematode,12.79744513,11.67666652
Nematode,7.469897095,4.726548395
Nematode,13.07519825,7.981383761
Nematode,4.787532433,5.793368091
Nematode,9.423464178,8.27083259
Nematode,12.99906512,10.49649329
Nematode,9.42457075,6.66631567
Nematode,7.048509115,5.632121656
Nematode,7.883981621,7.776845472
Nematode,8.933246529,6.540622894
Nematode,7.781954398,6.044544409
Nematode,11.44873804,7.081248096
Nematode,9.667134419,7.733762797
Nematode,12.63964597,7.47359342
Nematode,10.62189692,6.678445724
Nematode,6.070729625,4.86583516
Nematode,11.23804405,7.463763912
Nematode,9.302403646,7.391610804
Nematode,11.7379996,7.229736991
Nematode,10.28217498,8.125271618
Nematode,11.27212687,8.623441469
Nematode,11.34980923,7.280766987
Nematode,11.51646108,7.233083221
Nematode,11.13336096,6.556099231
Nematode,12.28598103,7.49869014
Nematode,10.96737308,7.122030224
Nematode,8.908901607,6.49022033
Nematode,13.01986891,7.202339726
Nematode,10.20382865,8.386904877
Nematode,11.02624343,6.803929321
Nematode,11.1632388,6.139284565
Nematode,12.63344908,8.064830312
Nematode,12.05182744,7.181007541
Nematode,10.72923575,7.110318422
Nematode,11.57488882,7.408760256
Nematode,9.418816474,6.610475456
Nematode,10.76995812,7.12223935
Nematode,13.32218826,7.668093022
Nematode,11.7428686,7.207568196
Nematode,11.25132302,7.352083484
Nematode,12.34529404,7.864893115
Nematode,10.15956521,7.737318152
Nematode,6.39186092,5.45979085
Nematode,10.00597109,7.561222812
Nematode,7.294392556,5.766180005
Nematode,11.97680089,7.749657333
Nematode,13.06568159,8.06441206
Nematode,12.42364036,7.583182481
Nematode,10.55240328,6.583287317
Nematode,13.27460505,8.323535647
Nematode,10.21777165,8.132173203
Nematode,10.62034768,7.521068061
Nematode,12.11977184,7.394329655
Nematode,8.314443592,7.151937162
Nematode,8.602155974,6.784270197
Nematode,10.91447825,7.499108445
Nematode,7.516373739,4.986508592
Nematode,7.06798503,5.534244451
Nematode,6.899562642,4.936733405
Nematode,7.174217294,5.624174388
Nematode,12.17886349,7.490324567
Nematode,9.491851183,5.692772087
Nematode,9.612690412,7.534452978
Nematode,12.80342071,6.949908544
Nematode,7.350828404,6.387532906
Nematode,11.96219398,6.820451341
Nematode,4.502475858,5.414825935
Nematode,5.91580763,5.265918734
Nematode,12.55997177,7.047158372
Nematode,11.34427631,6.506324044
Nematode,10.18656594,7.174942514
Nematode,13.33259018,8.058974411
Nematode,12.50729824,11.39014562
Nematode,12.48206811,7.291433106
Nematode,12.31253909,6.895323193
Nematode,11.89889723,6.325627665
Nematode,11.61317669,6.726547796
Nematode,11.00234117,6.377912524
Nematode,13.29430226,8.663805346
Nematode,12.95413772,8.179229538
Nematode,11.13468889,6.713790257
Nematode,12.048065,8.446300446
Nematode,8.212195067,6.384395803
Nematode,6.276112002,6.55735404
Nematode,8.132078206,7.293942778
Nematode,9.282927731,7.687752092
Nematode,10.83568932,7.690470943
Nematode,11.9115123,7.034610012
Nematode,11.06475265,7.162184975
Nematode,11.62202938,7.314438406
Nematode,11.64283322,7.528387951
Nematode,13.07564085,9.424026815
Nematode,12.57369341,7.416080145
Nematode,12.58210349,7.491579429
Nematode,7.277129785,5.822856722
Nematode,13.35140213,7.703437555
Nematode,9.224942649,6.950745155
Nematode,10.18103302,7.839378144
Nematode,10.27088778,7.023734767
Nematode,9.611583783,7.447032766
Nematode,13.11481404,8.77360348
Nematode,6.541692661,5.102790005
Nematode,6.733574702,5.314020752
Nematode,10.29545401,8.168981724
Nematode,9.615567521,7.967580538
Nematode,12.54293036,10.00292447
Nematode,13.13428996,7.338280316
Nematode,11.95798894,7.166367762
Nematode,12.12486209,7.852972187
Nematode,12.09055791,7.989540154
Nematode,12.43050115,7.583391607
Nematode,12.24769316,7.350828675
Nematode,9.477686881,6.534557867
Nematode,11.58263494,7.389519437
Nematode,11.49742777,7.504336915
Nematode,11.96728423,7.335143212
Nematode,7.713346033,6.156224837
Nematode,13.07719009,7.221371418
Nematode,12.0876808,6.896368877
Nematode,11.31019343,7.261107864
Nematode,11.37105568,6.702705886
Nematode,10.97644707,7.904002183
Nematode,12.20785606,7.965279992
Nematode,9.721357123,7.508519701
Nematode,6.605653379,5.219071524
Nematode,10.16111445,8.088463096
Nematode,11.70148227,6.998847174
Nematode,13.12123223,7.538635765
Nematode,7.823119372,5.964444034
Nematode,12.45949372,7.607024338
Nematode,13.12521591,7.111154979
Nematode,8.153545962,7.172641968
Nematode,12.46037899,8.598763055
Nematode,13.22480869,8.35386089
Nematode,9.787088322,7.988076219
Nematode,13.16416774,7.612461934
Nematode,11.88539689,6.48499186
Nematode,13.22060364,8.245108439
Nematode,11.57511013,7.366514085
Nematode,8.843170408,6.694131187
Nematode,10.38685801,6.702915012
Nematode,6.888496753,5.607652368
Nematode,10.27332229,8.467632684
Nematode,7.634778407,6.310360508
Nematode,12.82444586,11.59196511
Nematode,11.83051022,10.92104615
Nematode,12.87070114,6.919165103
Nematode,8.271729384,9.364840372
Nematode,11.42904076,7.882460819
Nematode,11.53770753,7.73480848
Nematode,9.124464604,6.587051852
Nematode,12.32338368,9.053641052
Nematode,12.88464414,7.788348148
Nematode,9.039921399,6.663178567
Nematode,11.15836985,6.779041727
Nematode,10.09626852,7.997278296
Nematode,13.18231578,7.756977222
Nematode,7.046074611,5.915296332
Nematode,9.300190446,6.421413504
Nematode,13.23543191,8.391505969
Nematode,11.78823862,7.729579957
Nematode,12.64097384,9.326358735
Nematode,11.02779266,7.746729409
Nematode,12.81603577,7.657008651
Nematode,13.17324179,7.988494471
Nematode,11.37725256,7.139807107
Nematode,6.976581034,5.645715752
Nematode,11.36884248,7.59175718
Nematode,13.0377956,6.84031959
Nematode,11.95334129,8.339011984
Nematode,12.48782233,8.182575767
Nematode,10.26269906,8.014218622
Nematode,6.151067789,4.902852861
Nematode,11.35224368,11.28913136
Nematode,11.33630884,7.375088837
Nematode,10.99990667,7.677504278
Nematode,10.12437582,7.193137596
Nematode,13.20865254,7.126003885
Nematode,11.70679388,7.049249738
Nematode,11.44851668,7.458326263
Nematode,9.783989909,4.522846663
Nematode,11.23760139,8.427477933
Nematode,10.80049987,7.13165066
Nematode,7.214496999,5.72623438
Nematode,6.415984482,5.305655179
Nematode,13.05616494,7.910903767
Nematode,9.797932908,7.698209085
Nematode,9.746365954,7.104044269
Nematode,11.75127863,7.131023229
Nematode,12.21538088,8.696640207
Nematode,12.48140414,8.893858606
Nematode,8.853351028,6.011500422
Nematode,6.899341283,5.692353782
Nematode,11.08290064,9.097142032
Nematode,11.71498261,9.276165297
Nematode,9.817187463,6.386487223
Nematode,12.86118448,6.887375926
Nematode,11.74131937,6.500259017
Nematode,12.54580747,7.667256464
Nematode,7.237071383,5.676250067
Nematode,6.608530489,5.160512513
Nematode,10.04027522,7.130186671
Nematode,6.078918404,4.569484747
Nematode,9.505351519,8.095364681
Nematode,12.36233551,7.446405335
Nematode,11.86901939,7.08814968
Nematode,11.51756765,7.785420171
Nematode,10.41319477,7.008676736
Nematode,13.02982823,7.214260654
Nematode,8.955599554,6.408865145
Nematode,11.888274,7.440549433
Nematode,7.796340003,6.247200404
Nematode,11.49455066,9.256087921
Nematode,11.416647,11.23768306
Nematode,11.31506238,6.690157527
Nematode,11.12406567,7.062216403
Nematode,11.56492956,7.163439838
Nematode,11.02580082,8.150368337
Nematode,12.5590865,7.960678954
Nematode,12.28664499,7.15862962
Nematode,6.24911133,6.06838632
Nematode,11.60211086,7.003239086
Nematode,12.45993639,7.637558653
Nematode,13.0847149,7.75655897
Nematode,10.83236955,7.381781296
Nematode,10.4382036,7.176615629
Nematode,8.338788458,7.555157785
Nematode,11.00942332,6.854122759
Nematode,7.446880104,5.332006708
Nematode,12.11910787,8.986298216
Nematode,10.38730061,6.660041463
Nematode,8.545277463,6.53162989
Nematode,11.73335195,8.375820506
Nematode,11.70967099,7.225763331
Nematode,12.22202036,7.676667721
Nematode,6.141551134,4.744952656
Nematode,11.82807572,10.69831272
Nematode,8.28213125,5.863638905
Nematode,8.701084784,6.971659034
Nematode,10.91182244,6.194079042
Nematode,5.69183455,4.950745754
Nematode,10.01902876,8.204953688
Nematode,7.862956471,6.347587281
Nematode,12.7235252,7.69256231
Nematode,9.8610083,7.304399718
Nematode,10.6654964,7.074973889
Nematode,12.68036833,8.774858342
Nematode,8.793816655,6.768793914
Nematode,7.68413216,6.322908868
Nematode,9.90283724,6.80915779
Nematode,11.35047314,6.996964933
Nematode,11.47684528,6.63327163
Nematode,10.37313631,8.342776519
Nematode,12.29704691,6.980233787
Nematode,8.287442864,6.405937167
Nematode,11.86348647,8.712743975
Nematode,8.657042643,6.754363313
Nematode,12.22865985,6.929831169
Nematode,12.41279578,7.418380638
Nematode,7.328254076,5.737527877
Nematode,13.20599668,8.562581912
Nematode,13.29518753,7.785001919
Nematode,12.00424422,8.342776519
Nematode,13.02894291,8.026348676
Nematode,10.97711104,7.791066946
Nematode,12.53983189,7.739200393
Nematode,12.30656351,7.169713991
Nematode,11.38499868,7.1191023
Nematode,13.26641632,8.308686795
Nematode,8.919746193,6.727802605
Nematode,12.29549768,8.62009524
Nematode,13.2186118,7.14608126
Nematode,9.130218823,6.28902827
Nematode,13.24162879,8.684301027
Nematode,9.862557535,7.304399718
Nematode,11.56537217,6.535185298
Nematode,12.62017005,7.602841551
Nematode,12.78040372,7.808843776
Nematode,13.12654384,7.076228752
Nematode,10.30563457,7.012859522
Nematode,10.49972981,7.029799794
Nematode,11.99649811,8.347377557
Nematode,12.15385466,7.35438403
Nematode,6.859282881,5.816373443
Nematode,11.83714971,7.928262345
Nematode,12.7724363,8.054373373
Nematode,12.06134409,7.094423833
Nematode,12.85653684,6.941124719
Nematode,11.11919666,7.348528129
Nematode,7.125306203,5.813863718
Nematode,11.31196397,6.960783843
Nematode,12.30678487,9.059287828
Nematode,9.620215169,7.203385463
Nematode,7.410141475,5.80403421
Nematode,8.751766412,6.854959317
Nematode,10.38884985,6.927948928
Nematode,13.06878006,11.32259366
Nematode,11.37835914,7.218443494
Nematode,8.570728901,5.617691056
Nematode,11.32989065,7.768689025
Nematode,12.80696178,9.219070274
Nematode,11.95909551,7.583182481
Nematode,7.240169853,5.788348747
Nematode,11.66142387,7.090450172
Nematode,12.89438204,8.555052896
Nematode,8.323074978,5.333470696
Nematode,10.5039348,6.594162562
Nematode,11.32325116,8.479344486
Nematode,7.434707643,5.672276407
Nematode,12.45174761,8.221057403
Nematode,8.187186179,6.331901872
Nematode,10.84454201,7.093587276
Nematode,10.22131273,7.978246658
Nematode,6.007211626,4.758546699
Nematode,10.56457575,7.203803715
Nematode,12.79346139,7.774963231
Nematode,12.57524264,9.331168953
Nematode,9.912132591,7.218234315
Nematode,10.90916664,7.520022378
Nematode,12.56417681,11.42841813
Nematode,6.701041057,5.974273595
Nematode,12.89349683,8.208299918
Nematode,10.68187384,7.50998369
Nematode,12.62083402,7.353965779
Nematode,12.03567124,10.56258131
Nematode,12.04452393,6.558399724
Nematode,10.56811682,8.035759932
Nematode,12.437362,7.332006109
Nematode,13.18984054,8.289236851
Nematode,13.11282215,8.109795281
Nematode,12.44289492,7.576908275
Nematode,12.84126591,9.412105886
Nematode,7.023500284,5.597822806
Nematode,11.44541827,7.447451018
Nematode,12.77398547,8.491056288
Nematode,8.510530618,5.769526234
Nematode,11.49986227,6.713999383
Nematode,11.15062373,7.72560635
Nematode,9.310592369,6.037642825
Nematode,12.4747646,7.879532895
Nematode,11.69838386,6.968312805
Nematode,12.15075619,9.461462768
Nematode,9.841532385,7.641741493
Nematode,12.44776392,7.657008651
Nematode,12.0994106,9.773916896
Nematode,13.05815684,6.933177398
Nematode,11.9024383,6.436262356
Nematode,6.821658982,5.501618715
Nematode,11.02646473,7.023525588
Nematode,12.83927407,7.068908862
Nematode,11.28120086,7.631493626
Nematode,12.50862617,6.835927624
Nematode,4.458212415,5.323850314
Nematode,12.34640067,9.015159416
Nematode,12.48848629,7.161766723
Nematode,12.16182208,6.451529567
Nematode,10.93439677,6.129455003
Nematode,10.13765479,6.719018727
Nematode,13.10751053,8.127572111
Nematode,9.295985461,6.759591783
Nematode,10.96803699,10.69099283
Nematode,6.494109502,5.288505727
Nematode,12.39841017,9.563522759
Nematode,11.43855742,7.802569622
Nematode,11.30930816,6.719646158
Nematode,10.59976514,8.83362648
Nematode,10.93882317,8.311614719
Nematode,10.72613728,7.019551981
Nematode,9.903722509,7.371951734
Nematode,10.69603814,6.598345348
Nematode,11.19732168,6.601273326
Nematode,12.16248605,7.25817994
Nematode,12.42673878,7.464182164
Nematode,12.72263988,7.269891742
Nematode,8.961796436,6.831535712
Nematode,11.34294838,7.324686219
Nematode,12.92669438,7.277420758
Nematode,6.783592421,5.57063472
Nematode,11.76986928,6.598345348
Nematode,12.01287561,7.300007805
Nematode,10.05377561,7.589038329
Nematode,11.88915927,7.453097793
Nematode,12.26451327,6.633689881
Nematode,6.164789484,4.577222888
Nematode,10.6258806,9.672693462
Nematode,11.53903546,7.507264892
Nematode,8.432184351,6.611312014
Nematode,12.46746114,8.911217184
Nematode,9.700774636,6.981070344
Nematode,11.83294473,7.605560349
Nematode,6.007654232,4.944471547
Nematode,10.14075326,6.932968272
Nematode,9.330510947,7.067653999
Nematode,12.57657057,9.755721761
Nematode,12.53518424,7.486141833
Nematode,13.23720245,8.259329914
Nematode,13.13141279,7.985357368
Nematode,11.86304387,7.641741493
Nematode,13.2821298,8.61800382
Nematode,12.67771253,8.684928405
Nematode,12.67107298,5.756977821
Nematode,10.16753263,7.226599888
Nematode,12.58852167,8.230259534
Nematode,11.32878408,6.592489447
Nematode,13.38703419,8.040779276
Nematode,12.9720644,8.955554721
Nematode,8.486407055,6.637663542
Nematode,11.93430798,7.485514402
Nematode,11.03155504,7.281603545
Nematode,10.90142052,11.27700126
Nematode,13.41359226,7.819091643
Nematode,8.781201587,5.808216996
Nematode,11.44563957,6.938405922
Nematode,8.477554367,6.116488338
Nematode,12.089894,9.507891672
Nematode,11.7939929,9.25232344
Nematode,6.603661482,4.958693021
Nematode,11.89956119,7.470038065
Nematode,13.30514679,8.79409916
Nematode,12.6954179,8.545850765
Nematode,11.7944355,7.467737573
Nematode,12.40593499,10.84533768
Nematode,9.895976449,7.745056294
Nematode,11.78779596,10.64749185
Nematode,11.05412943,7.000520288
Nematode,11.1751899,7.363167855
Nematode,9.855254081,4.94363499
Nematode,11.97724349,7.121611972
Nematode,9.673773907,7.873676994
Nematode,11.63088207,7.584855596
Nematode,13.17788944,7.233710652
Nematode,8.743135026,7.104044269
Nematode,8.683379406,5.805079893
Nematode,10.92244567,6.987135371
Nematode,10.21887822,6.782597083
Nematode,10.29501135,7.540099753
Nematode,10.69316103,6.718809601
Nematode,12.40327918,7.815745414
Nematode,9.897968289,10.9363133
Nematode,10.21246004,8.414511268
Nematode,11.21878944,7.201503169
Nematode,13.38415708,8.051236269
Nematode,12.39841017,7.908603221
Nematode,10.86578846,7.544700845
Nematode,10.39305489,7.07560132
Nematode,8.976846007,6.888630735
Nematode,5.871101524,4.844502975
Nematode,13.29009728,7.806124978
Nematode,8.345428003,7.130814103
Nematode,7.785495474,6.37289318
Nematode,12.41589425,7.729789137
Nematode,12.09498431,6.839692159
Nematode,12.76402621,7.586946963
Nematode,9.844630855,6.782806262
Nematode,6.636859093,8.251173466
Nematode,12.5969317,8.202862268
Nematode,11.81169827,7.403322606
Nematode,13.20289827,8.494611644
Nematode,10.95298747,6.524310053
Nematode,12.82068342,8.011499824
Nematode,11.6583254,7.315902394
Nematode,11.60122559,7.384290968
Nematode,12.82356053,6.985253131
Nematode,11.4073517,10.89678593
Nematode,9.303731521,6.568647591
Nematode,6.123845757,4.579314308
Nematode,12.73658288,6.745788561
Nematode,12.46015769,7.074555637
Nematode,12.28797292,7.080411485
Nematode,10.21312401,7.418798943
Nematode,13.28080193,7.654917231
Nematode,11.16014039,7.726652033
Nematode,11.88517553,6.898669423
Nematode,8.601492008,6.679073156
Nematode,12.24393078,6.875036692
Nematode,10.44705629,7.720168701
Nematode,10.68696415,6.496703662
Nematode,6.574668969,4.901807124
Nematode,6.89137392,5.519395545
Nematode,12.52301178,7.47903107
Nematode,10.06639068,6.429151646
Nematode,9.427669162,6.486246669
Nematode,13.0825017,11.61308817
Nematode,11.6324313,7.948757972
Nematode,10.35698017,7.754676676
Nematode,12.91584985,7.970299336
Nematode,12.30789144,8.724246652
Nematode,11.92368476,7.297916385
Nematode,12.20918394,7.47171118
Nematode,7.186832361,5.497435929
Nematode,13.19581612,7.181634973
Nematode,11.334317,7.188745683
Nematode,11.48946041,7.602632425
Nematode,7.977156155,5.88371628
Nematode,9.695463022,7.248141252
Nematode,5.785009141,5.031264381
Nematode,10.05510348,6.983998268
Nematode,12.0219496,5.902329667
Nematode,7.524341102,5.736482194
Nematode,6.700819754,5.525669751
Nematode,11.39141687,10.42935957
Nematode,12.68435201,7.268218628
Nematode,12.71600039,7.860919508
Nematode,11.9816699,8.687856382
Nematode,11.44785271,9.106971594
Nematode,6.144649603,9.696535372
Nematode,12.35259749,7.325941082
Nematode,13.34321341,10.2147826
Nematode,12.30390776,6.695804302
Nematode,11.17563257,6.451738693
Nematode,13.30713869,7.783747056
Nematode,11.03133374,7.840214701
Nematode,13.2584489,8.320398597
Nematode,12.37871295,7.175569892
Nematode,12.25167684,6.592907753
Nematode,12.14699381,6.030113809
Nematode,11.86747016,7.154655959
Nematode,12.21936456,7.725188045
Nematode,8.31333702,7.14608126
Nematode,12.09985326,7.343508785
Nematode,9.71029129,7.677086026
Nematode,11.71122023,7.611834556
Nematode,12.35547466,7.561431991
Nematode,11.40713035,7.131441534
Nematode,12.36012231,10.2518003
Nematode,11.25331492,6.990063295
Nematode,6.612071564,5.130605575
Nematode,9.30173968,6.734076759
Zebrafish,8.184309069,11.69130625
Zebrafish,5.379113338,9.873885521
Zebrafish,7.217152862,11.50140774
Zebrafish,4.083522382,7.242703603
Zebrafish,3.260664943,6.460313392
Zebrafish,5.334407289,6.679700587
Zebrafish,7.156954579,10.73951316
Zebrafish,8.390355412,11.35835644
Zebrafish,7.137478664,9.719958976
Zebrafish,4.770491021,11.55327429
Zebrafish,1.903990435,6.339012582
Zebrafish,4.839763296,6.71692736
Zebrafish,7.196570318,8.266858929
Zebrafish,0.99260611,8.48624607
Zebrafish,6.433911219,7.453725224
Zebrafish,3.314223738,8.030531463
Zebrafish,8.144693273,11.10529788
Zebrafish,9.494064384,12.15685042
Zebrafish,4.359283605,8.052700258
Zebrafish,5.386416849,7.806961535
Zebrafish,2.866498995,6.46721503
Zebrafish,5.971136906,11.71242936
Zebrafish,6.53195476,7.856318416
Zebrafish,6.458034782,9.456861676
Zebrafish,3.625617019,6.213110734
Zebrafish,5.422712815,7.681687064
Zebrafish,5.777263024,10.21457347
Zebrafish,5.594012369,6.804765878
Zebrafish,10.21577981,11.24437552
Zebrafish,10.65443051,12.20871697
Zebrafish,6.255972177,11.07727318
Zebrafish,2.106938308,7.085430829
Zebrafish,7.117560086,9.857990932
Zebrafish,3.718791609,6.270624009
Zebrafish,6.605432019,6.519918087
Zebrafish,2.125971561,7.181844099
Zebrafish,11.51402657,11.20066541
Zebrafish,10.29456874,11.9828465
Zebrafish,4.742605024,8.180902652
Zebrafish,5.65089088,6.281917559
Zebrafish,5.010620187,7.429465062
Zebrafish,7.800323685,11.95984115
Zebrafish,3.998315268,7.801942191
Zebrafish,2.020403263,12.86980637
Zebrafish,1.713878932,7.039629356
Zebrafish,5.404122226,10.70249551
Zebrafish,6.148411982,8.821705552
Zebrafish,8.794259317,12.18989441
Zebrafish,3.85069667,5.819928799
Zebrafish,8.07741284,8.65104786
Zebrafish,3.425988918,7.411060802
Zebrafish,4.434088852,10.41555635
Zebrafish,6.836708553,7.930772017
Zebrafish,6.863487922,8.010454087
Zebrafish,5.26845473,10.15183167
Zebrafish,5.962726823,9.868447872
Zebrafish,1.984771205,12.85767627
Zebrafish,10.25163317,11.81971782
Zebrafish,4.880264361,6.394852796
Zebrafish,1.751945493,6.972704771
Zebrafish,4.721137268,6.236116033
Zebrafish,9.473924503,12.2202196
Zebrafish,4.903060048,6.342777117
Zebrafish,6.146420141,7.544909971
Zebrafish,7.997296036,11.19731919
Zebrafish,5.401687722,10.73470299
Zebrafish,7.667090749,12.13509993
Zebrafish,4.593879854,6.299066958
Zebrafish,2.555105657,6.191778496
Zebrafish,8.187186179,11.3393248
Zebrafish,5.386195489,6.695804302
Zebrafish,8.574491336,11.65742571
Zebrafish,1.427715786,8.549824426
Zebrafish,7.896596688,11.02226953
Zebrafish,6.86238135,9.691516028
Zebrafish,13.36047612,8.720691243
Zebrafish,10.01747959,11.68775089
Zebrafish,7.293728591,9.883087652
Zebrafish,8.19139122,11.54909151
Zebrafish,5.28151246,11.96674278
Zebrafish,6.354679628,11.43699283
Zebrafish,6.03841734,11.40708589
Zebrafish,6.86238135,6.463659622
Zebrafish,8.317984668,11.57690708
Zebrafish,8.00946844,11.62061718
Zebrafish,8.714806423,11.10968979
Zebrafish,2.194801229,9.952312782
Zebrafish,5.003759339,7.184562897
Zebrafish,7.839718178,11.60367691
Zebrafish,7.78283961,12.19533206
Zebrafish,9.207237271,11.34288016
Zebrafish,5.059088671,10.481017
Zebrafish,3.386373122,6.544178303
Zebrafish,5.443516662,8.139493039
Zebrafish,5.975341947,9.806333505
Zebrafish,9.095472035,12.14409293
Zebrafish,1.085559341,8.600645296
Zebrafish,2.111585956,12.71922606
Zebrafish,2.995748249,5.959842995
Zebrafish,2.003804457,12.74432278
Zebrafish,2.594721453,10.44086225
Zebrafish,9.812318513,10.94216921
Zebrafish,3.429087331,7.565614724
Zebrafish,7.77310171,12.10101021
Zebrafish,8.810858123,12.27417757
Zebrafish,7.452191718,11.94499229
Zebrafish,8.361362842,11.62124456
Zebrafish,5.601758486,10.55066038
Zebrafish,11.57643806,11.65407948
Zebrafish,4.619552651,10.43521548
Zebrafish,5.634070771,7.617063026
Zebrafish,2.831973509,6.55003415
Zebrafish,1.700157293,9.092331868
Zebrafish,1.981008827,8.543341093
Zebrafish,6.62358006,7.606815212
Zebrafish,2.807407284,6.286936903
Zebrafish,3.028503197,7.537171776
Zebrafish,4.253494004,10.33461942
Zebrafish,5.250749352,7.124539896
Zebrafish,7.324049035,9.366095234
Zebrafish,9.591222599,11.07748231
Zebrafish,6.543463199,11.66976489
Zebrafish,5.786558376,11.61225161
Zebrafish,10.29833112,11.1082258
Zebrafish,1.776069056,10.93464019
Zebrafish,6.56581628,11.69256111
Zebrafish,2.496013946,6.574085186
Zebrafish,6.635531161,8.290073355
Zebrafish,5.438426352,10.87461719
Zebrafish,8.798685662,12.16626168
Zebrafish,2.092552704,6.160407624
Zebrafish,3.725652457,7.373415723
Zebrafish,7.701394875,11.71284761
Zebrafish,6.981892647,9.713475644
Zebrafish,6.53483187,10.38502204
Zebrafish,4.27186329,10.03073999
Zebrafish,3.940551432,7.555366911
Zebrafish,4.74039188,6.432916127
Zebrafish,9.596755572,11.8966811
Zebrafish,6.32701499,7.507264892
Zebrafish,5.601537126,6.140539374
Zebrafish,8.097774023,5.953568842
Zebrafish,2.019960657,12.8041366
Zebrafish,7.042312233,6.400081266
Zebrafish,8.230785656,12.06671136
Zebrafish,1.801963156,10.91268057
Zebrafish,6.14951861,10.58809634
Zebrafish,4.647659952,6.182576366
Zebrafish,4.636815423,10.7562443
Zebrafish,4.403104442,6.855377622
Zebrafish,4.682849404,6.609220593
Zebrafish,5.304308147,6.529329397
Zebrafish,6.176297979,9.733134767
Zebrafish,5.09162226,11.11638225
Zebrafish,5.664612575,7.36505015
Zebrafish,9.375659659,11.15737356
Zebrafish,3.627166253,6.086999706
Zebrafish,9.552934735,11.98033683
Zebrafish,8.064797772,11.52901413
Zebrafish,2.311214113,7.555366911
Zebrafish,6.273234892,9.554948007
Zebrafish,3.97551958,7.58778352
Zebrafish,2.160939709,12.58705
Zebrafish,5.947455949,10.72257289
Zebrafish,5.54111754,5.501200464
Zebrafish,4.376767679,6.267905211
Zebrafish,1.922138419,6.301785809
Zebrafish,9.51243367,12.87942676
Zebrafish,9.483441157,11.14587088
Zebrafish,5.581618605,6.52828366
Zebrafish,9.056520205,11.68294068
Zebrafish,8.129865006,11.83331187
Zebrafish,6.242693144,9.509146534
Zebrafish,3.173908594,6.08992763
Zebrafish,4.063603804,7.647179089
Zebrafish,5.979325629,7.511865931
Zebrafish,7.487381169,11.45372397
Zebrafish,2.612869437,6.802465332
Zebrafish,7.116453515,6.358671706
Zebrafish,10.14031066,11.12600263
Zebrafish,9.265222354,12.20662555
Zebrafish,6.112337318,11.18058804
Zebrafish,5.818870661,8.344449633
Zebrafish,5.569888807,5.571680404
Zebrafish,8.071879923,12.01714535
Zebrafish,4.841091227,6.675099495
Zebrafish,4.523722311,9.804242085
Zebrafish,6.657441579,6.753945008
Zebrafish,3.937895625,7.882251693
Zebrafish,8.946525562,10.08448884
Zebrafish,6.473305655,7.585901279
Zebrafish,5.89765959,9.521694894
Zebrafish,7.825553876,10.53037383
Zebrafish,5.568782235,6.282963243
Zebrafish,1.084231466,9.140224761
Zebrafish,6.215471113,8.343613022
Zebrafish,6.487469957,7.288714308
Zebrafish,5.805370325,8.000206274
Zebrafish,6.139559293,7.712012307
Zebrafish,6.276554664,9.712639086
Zebrafish,7.802536885,11.4963884
Zebrafish,8.984149517,11.74296368
Zebrafish,3.021642349,6.033250913
Zebrafish,3.492384083,7.798595962
Zebrafish,4.430990383,8.963502042
Zebrafish,2.104946468,12.70437715
Zebrafish,6.530848132,9.189163337
Zebrafish,6.258406624,6.58454218
Zebrafish,6.971269421,11.3650489
Zebrafish,4.144384574,6.927112371
Zebrafish,1.821439071,6.642892065
Zebrafish,6.22299587,9.678967668
Zebrafish,7.052492853,7.389728563
Zebrafish,6.471977781,11.92951596
Zebrafish,2.452414469,9.063052309
Zebrafish,9.135973099,11.87639459
Zebrafish,5.562585296,11.68670521
Zebrafish,6.120304681,8.566555572
Zebrafish,2.112471225,7.094423833
Zebrafish,7.126191472,10.24531697
Zebrafish,7.066435795,7.174315083
Zebrafish,1.894252478,10.7928437
Zebrafish,5.121721401,8.362017283
Zebrafish,10.34525037,11.45623365
Zebrafish,5.994153896,8.150577463
Zebrafish,8.230564353,10.64770103
Zebrafish,7.123978272,9.798595363
Zebrafish,6.535495836,11.57188773
Zebrafish,5.452590654,5.49283489
Zebrafish,6.531512098,8.537903498
Zebrafish,6.460911891,7.276165895
Zebrafish,8.614992344,12.04203294
Zebrafish,6.803953605,8.650838735
Zebrafish,7.245260106,11.50454484
Zebrafish,4.302847757,5.399140472
Zebrafish,5.515002137,5.470666095
Zebrafish,9.608042708,11.87806771
Zebrafish,6.827413202,10.9651745
Zebrafish,2.9067787,7.192091912
Zebrafish,4.543640889,6.605246933
Zebrafish,3.60082949,8.23046866
Zebrafish,10.34370113,12.29049041
Zebrafish,8.0355839,9.453724626
Zebrafish,5.939267227,8.200352596
Zebrafish,2.002697885,12.75436146
Zebrafish,1.544792579,7.133114649
Zebrafish,3.486408504,7.412943042
Zebrafish,6.76854285,10.21143637
Zebrafish,6.592816952,10.14430266
Zebrafish,2.213613235,8.949280515
Zebrafish,9.027085029,10.55421574
Zebrafish,8.412044471,11.8966811
Zebrafish,5.464984418,6.528074534
Zebrafish,7.334450958,9.698835864
Zebrafish,9.682405292,11.09337695
Zebrafish,1.857292488,7.28181267
Zebrafish,11.35998979,9.760322853
Zebrafish,8.0096898,12.27877861
Zebrafish,1.94936045,12.8704338
Zebrafish,3.365126669,7.320085181
Zebrafish,7.593392073,8.385440888
Zebrafish,9.676651073,11.95042989
Zebrafish,2.939312345,7.088567932
Zebrafish,6.570021265,8.103311949
Zebrafish,5.584274412,7.516467023
Zebrafish,2.366986052,7.168250056
Zebrafish,6.600120406,7.92136076
Zebrafish,12.33135104,7.934327372
Zebrafish,8.54284296,12.23527763
Zebrafish,2.285983922,6.831117406
Zebrafish,2.704716096,10.57241087
Zebrafish,1.586400216,6.396525911
Zebrafish,6.415763179,7.265290704
Zebrafish,3.353618174,6.456130606
Zebrafish,1.755265266,7.150891478
Zebrafish,1.872342059,10.99403576
Zebrafish,8.280803376,12.09055327
Zebrafish,1.93431088,6.360763072
Zebrafish,1.465782347,7.055942197
Zebrafish,4.785540592,6.242808492
Zebrafish,9.349544199,11.92993426
Zebrafish,5.641374282,6.256193409
Zebrafish,9.649207738,11.91780415
Zebrafish,13.31488481,7.916341417
Zebrafish,6.739107675,9.87325809
Zebrafish,5.022349985,6.637454416
Zebrafish,3.331265149,7.578999641
Zebrafish,4.644561539,6.626160919
Zebrafish,3.523589796,7.257134257
Zebrafish,5.522305591,8.069222225
Zebrafish,12.93975211,11.55787539
Zebrafish,1.847997137,7.044230394
Zebrafish,2.067322513,12.73930343
Zebrafish,6.543684559,9.511237901
Zebrafish,2.501104257,7.787720717
Zebrafish,1.814135617,10.96099172
Zebrafish,2.0221738,12.78050387
Zebrafish,7.365878031,11.4395025
Zebrafish,6.219897457,7.900028522
Zebrafish,2.045633454,7.847325412
Zebrafish,5.101581577,7.783747056
Zebrafish,7.116674818,10.2716685
Zebrafish,5.669702885,8.447346129
Zebrafish,2.945287924,8.550033552
Zebrafish,6.778502111,10.97855942
Zebrafish,6.658548151,8.514898145
Zebrafish,11.00012803,12.23025828
Zebrafish,4.206132091,7.321549169
Zebrafish,7.664434942,10.66004027
Zebrafish,5.293906224,9.045066353
Zebrafish,9.965470026,11.20944924
Zebrafish,10.20559919,11.0848022
Zebrafish,8.611229965,11.79315712
Zebrafish,7.006458872,11.58004413
Zebrafish,3.818605631,10.43291493
Zebrafish,6.810593093,11.47756588
Zebrafish,6.010974005,7.833313063
Zebrafish,5.499952566,7.42695539
Zebrafish,6.390311742,11.80173181
Zebrafish,2.330468725,6.882565708
Zebrafish,2.147881979,6.918537672
Zebrafish,6.648588891,11.34810863
Zebrafish,6.168773166,8.511761095
Zebrafish,8.185637001,9.556621121
Zebrafish,8.388142211,11.17159503
Zebrafish,10.75026085,12.40300739
Zebrafish,9.381635181,11.28306628
Zebrafish,6.727599123,11.08773018
Zebrafish,7.085690407,11.43301922
Zebrafish,2.509071676,7.116592629
Zebrafish,5.889470867,11.57878932
Zebrafish,8.462947459,12.36808111
Zebrafish,3.754423667,7.741082633
Zebrafish,4.526599421,6.80016484
Zebrafish,5.45812357,6.657113486
Zebrafish,6.289391091,11.77161575
Zebrafish,4.705423731,11.22701694
Zebrafish,1.62977839,6.854331885
Zebrafish,3.817056453,6.414093614
Zebrafish,5.733220884,8.143257573
Zebrafish,8.931697295,12.21373632
Zebrafish,7.596933149,10.25514653
Zebrafish,9.548287088,11.85778115
Zebrafish,1.881194748,8.956600404
Zebrafish,3.597952381,6.773604132
Zebrafish,3.132964923,10.52347225
Zebrafish,1.905097007,6.76565681
Zebrafish,6.924792777,7.660982258
Zebrafish,2.583434261,6.343613674
Zebrafish,3.315551613,7.325104525
Zebrafish,5.312939476,11.25399596
Zebrafish,8.918639621,12.05939147
Zebrafish,4.101227759,8.124853313
Zebrafish,8.598172292,12.26853079
Zebrafish,7.458831206,7.350828675
Zebrafish,2.137922719,9.748611051
Zebrafish,6.816126009,9.891034919
Zebrafish,7.363443528,11.69444335
Zebrafish,4.935372333,10.95178959
Zebrafish,3.555680835,7.525041722
Zebrafish,6.404697347,7.782283121
Zebrafish,3.092242556,7.146499566
Zebrafish,1.89735089,9.41106015
Zebrafish,5.194313448,11.15988323
Zebrafish,1.551653427,6.874409261
Zebrafish,6.656556311,11.36985912
Zebrafish,7.228218695,6.321026627
Zebrafish,7.048287812,10.36138925
Zebrafish,3.37220882,7.94833972
Zebrafish,2.436922292,9.85548126
Zebrafish,3.532885148,7.312765291
Zebrafish,5.908282816,11.36023868
Zebrafish,3.984372269,7.909858084
Zebrafish,5.895889052,7.695908539
Zebrafish,4.367472328,6.283172422
Zebrafish,2.648058888,9.953149286
Zebrafish,2.652706592,10.48582717
Zebrafish,1.487914069,7.439712876
Zebrafish,6.663195855,8.650838735
Zebrafish,5.159788019,5.951477422
Zebrafish,6.322145983,7.408132824
Zebrafish,5.665055181,7.69653597
Zebrafish,6.676696191,9.453097194
Zebrafish,10.583609,12.18152883
Zebrafish,3.092463859,7.584646417
Zebrafish,3.987249379,8.048308346
Zebrafish,7.552227099,7.625219473
Zebrafish,2.669084038,5.676668319
Zebrafish,6.487248654,7.313392722
Zebrafish,4.650979724,6.658159223
Zebrafish,6.561168576,7.44661446
Zebrafish,3.357823215,6.269787505
Zebrafish,6.463125092,11.28432115
Zebrafish,6.499199756,8.057301297
Zebrafish,6.779166077,11.54700014
Zebrafish,3.733177214,5.957124197
Zebrafish,3.334363619,6.395271102
Zebrafish,2.041649715,9.61413445
Zebrafish,3.890091106,8.890303251
Zebrafish,8.808866282,10.96099172
Zebrafish,10.37645608,12.01986415
Zebrafish,3.989462579,6.796400305
Zebrafish,7.621499374,10.54856896
Zebrafish,4.046562392,7.677504278
Zebrafish,2.026378842,12.77736676
Zebrafish,10.93240493,11.10529788
Zebrafish,2.679043299,6.237998327
Zebrafish,1.517570547,6.188223141
Zebrafish,5.046694907,3.723934432
Zebrafish,9.463301277,11.07099903
Zebrafish,8.186079607,10.69099283
Zebrafish,6.237602834,7.361285615
Zebrafish,4.311921749,8.08218889
Zebrafish,5.186346085,8.878591449
Zebrafish,3.549262593,7.819928147
Zebrafish,2.056477983,6.84031959
Zebrafish,6.32192468,10.23506915
Zebrafish,1.32015559,6.523682622
Zebrafish,2.037666034,7.147126944
Zebrafish,8.350739616,9.711175098
Zebrafish,10.39150565,12.0951543
Zebrafish,5.349899465,6.888212483
Zebrafish,1.971049566,12.7503878
Zebrafish,2.374068203,7.192719344
Zebrafish,7.008672016,10.58809634
Zebrafish,2.144783567,12.75331578
Zebrafish,4.530361799,7.569588385
Zebrafish,6.790895875,10.15831501
Zebrafish,3.825909142,10.61758497
Zebrafish,7.921605519,10.53183782
Zebrafish,2.622607451,7.720587006
Zebrafish,8.999641694,11.61266986
Zebrafish,5.897880893,8.237997675
Zebrafish,4.256371114,7.868030219
Zebrafish,8.979501813,10.23255943
Zebrafish,3.163506671,7.212378414
Zebrafish,5.654431955,10.77820397
Zebrafish,1.349812126,6.35846258
Zebrafish,4.556034653,7.674158049
Zebrafish,7.745215712,11.147544
Zebrafish,1.577104864,6.527447157
Zebrafish,5.025669758,7.490951998
Zebrafish,9.509335258,11.03084428
Zebrafish,5.803378427,6.721319273
Zebrafish,4.46175349,8.131336645
Zebrafish,2.752078008,9.901701038
Zebrafish,8.986805267,12.09682742
Zebrafish,6.427714337,7.512493362
Zebrafish,2.956575116,7.992258952
Zebrafish,3.330822543,7.03210034
Zebrafish,1.724059496,6.300112694
Zebrafish,9.752562893,11.23580082
Zebrafish,5.947898612,8.108331292
Zebrafish,9.770489573,11.53570659
Zebrafish,5.697810129,9.535288937
Zebrafish,6.640621471,7.697581653
Zebrafish,6.743755322,11.28494852
Zebrafish,8.319533903,6.061902987
Zebrafish,1.812807742,7.356266271
Zebrafish,1.668066254,7.127258694
Zebrafish,1.816791424,10.91414451
Zebrafish,11.10724556,12.45863848
Zebrafish,11.87233916,11.55201948
Zebrafish,8.329935769,12.3944327
Zebrafish,1.791782592,10.93338533
Zebrafish,3.793818103,6.920419913
Zebrafish,2.448430787,10.07465928
Zebrafish,3.910894953,5.90546677
Zebrafish,1.535275925,6.63724529
Zebrafish,8.216400051,12.00940715
Zebrafish,4.78708977,7.076019572
Zebrafish,6.088213699,7.320712612
Zebrafish,8.117028635,11.51060987
Zebrafish,6.754157189,7.210496173
Zebrafish,5.25251989,10.35218718
Zebrafish,6.290718966,11.68189499
Zebrafish,2.455070276,8.850985057
Zebrafish,8.369551565,11.55431998
Zebrafish,2.000484742,12.8875832
Zebrafish,3.615436455,7.537380955
Zebrafish,6.803953605,10.6876466
Zebrafish,4.777351869,6.212483303
Zebrafish,6.219012188,11.50998249
Zebrafish,5.599102679,6.249082698
Zebrafish,5.564355834,7.433020418
Zebrafish,5.578520136,8.785942713
Zebrafish,5.746278614,7.319666875
Zebrafish,9.056298902,10.06022862
Zebrafish,3.969322698,6.301994935
Zebrafish,5.925988194,7.062634655
Zebrafish,6.421074792,8.107913041
Zebrafish,7.172446756,11.51165561
Zebrafish,6.230963346,9.475893368
Zebrafish,6.658326848,11.95335787
Zebrafish,6.25619348,8.931921991
Zebrafish,8.722109933,9.940391801
Zebrafish,4.845960178,8.013800316
Zebrafish,3.14358815,6.169609754
Zebrafish,4.776466544,6.244690786
Zebrafish,9.884246594,11.17013105
Zebrafish,1.756150535,10.9417509
Zebrafish,7.569047208,11.85192525
Zebrafish,2.642304669,10.50234919
Zebrafish,7.178422335,11.83916777
Zebrafish,7.690550345,11.90797459
Zebrafish,7.051386225,12.1886396
Zebrafish,9.519737124,12.33210915
Zebrafish,8.912885345,11.74840127
Zebrafish,2.363223617,7.26340841
Zebrafish,1.787798854,10.88193708
Zebrafish,5.869773649,7.990795017
Zebrafish,3.959806044,7.518767515
Zebrafish,4.801918038,8.051445395
Zebrafish,7.166249874,9.951267046
Zebrafish,3.66080647,9.458953096
Zebrafish,2.952591378,10.53434749
Zebrafish,5.50526418,5.613926574
Zebrafish,4.301298523,7.603050677
Zebrafish,6.908193971,11.78604641
Zebrafish,8.726314918,10.86604249
Zebrafish,6.408238422,8.67802682
Zebrafish,6.717197256,8.939660132
Zebrafish,7.055812569,10.00836207
Zebrafish,8.204891556,11.56080331
Zebrafish,4.144384574,10.40677253
Zebrafish,2.53762164,6.90138822
Zebrafish,7.630794725,9.706992311
Zebrafish,2.322279946,10.05374534
Zebrafish,2.93001705,8.220848277
Zebrafish,10.45745821,11.49408785
Zebrafish,4.357513067,6.092646482
Zebrafish,2.604459411,10.17734665
Zebrafish,3.932362709,8.758545448
Zebrafish,11.12251643,11.65909882
Zebrafish,7.597818474,10.58412268
Zebrafish,7.800323685,6.68597474
Zebrafish,5.692719876,8.439189735
Zebrafish,9.263673119,12.06399256
Zebrafish,6.668728772,7.470665496
Zebrafish,2.007566893,6.95032685
Zebrafish,6.315949157,11.84167744
Zebrafish,3.90248487,5.757396126
Zebrafish,5.792755201,9.410851024
Zebrafish,2.367207355,7.014323511
Zebrafish,3.091357287,8.340475973
Zebrafish,11.2734548,10.94990735
Zebrafish,9.441390858,10.81877698
Zebrafish,5.117516417,6.180484999
Zebrafish,8.179661422,11.6059774
Zebrafish,1.617605929,6.094528722
Zebrafish,6.938293113,11.36463065
Zebrafish,9.738619894,11.03732756
Zebrafish,6.690196528,6.592698627
Zebrafish,5.336399129,6.786152491
Zebrafish,3.211975155,7.721005258
Zebrafish,9.855475384,11.96569705
Zebrafish,7.868710747,11.39788381
Zebrafish,1.143101817,7.964443435
Zebrafish,5.603086361,5.491161776
Zebrafish,4.624642962,7.996650918
Zebrafish,7.712018101,11.23350028
Zebrafish,6.994507714,9.424654246
Zebrafish,10.10844098,11.79587591
Zebrafish,6.933424162,6.4268511
Zebrafish,5.202723531,9.283903438
Zebrafish,1.99118939,12.87566227
Zebrafish,1.789569392,10.90954347
Zebrafish,7.966975534,12.22189271
Zebrafish,3.008142013,6.302204061
Zebrafish,6.462682429,9.083338864
Zebrafish,4.236452536,7.277002506
Zebrafish,2.19900627,9.810307166
Zebrafish,5.490214609,11.62981931
Zebrafish,4.86012448,6.219384887
Zebrafish,8.94541899,10.97793204
Zebrafish,5.028546867,9.511865332
Zebrafish,3.804220026,7.519813252
Zebrafish,8.013230875,11.40081174
Zebrafish,4.240657577,6.753945008
Zebrafish,2.59959046,6.545851417
Zebrafish,8.819268149,11.72665078
Zebrafish,2.741233479,8.76314654
Zebrafish,6.405582616,9.665791877
Zebrafish,4.431211686,6.747879981
Zebrafish,7.048287812,10.63243382
Zebrafish,5.001988801,6.941961277
Zebrafish,3.852467208,5.854436774
Zebrafish,4.352644117,6.168145765
Zebrafish,7.006458872,8.066921732
Zebrafish,6.880971996,10.19805145
Zebrafish,1.377034101,7.128513557
Zebrafish,2.421872721,6.527237977
Zebrafish,5.090073082,6.616958735
Zebrafish,5.855166684,8.551288415
Zebrafish,5.181034472,8.437098315
Zebrafish,10.10888358,11.13666875
Zebrafish,4.72445704,8.192405329
Zebrafish,7.704050738,10.44274449
Zebrafish,9.509556561,12.8235866
Zebrafish,11.17386203,12.53204635
Zebrafish,9.396020843,11.93014339
Zebrafish,4.525714152,7.280976113
Zebrafish,10.30696251,11.20568476
Zebrafish,7.166249874,7.408969382
Zebrafish,1.731363007,11.0220604
Zebrafish,1.945819375,12.95597178
Zebrafish,1.947589913,12.91372566
Zebrafish,1.674484439,6.043917032
Zebrafish,11.20484644,12.44650837
Zebrafish,8.184530372,11.78270018
Zebrafish,6.834052746,10.37080056
Zebrafish,5.901421968,7.156538253
Zebrafish,4.904387923,6.247200404
Zebrafish,8.640443838,10.12819894
Zebrafish,3.214852265,8.5040229
Zebrafish,5.570774076,7.465018721
Zebrafish,7.058468375,10.3785387
Zebrafish,3.447235371,6.287982587
Zebrafish,6.405803919,7.239357374
Zebrafish,6.024917004,10.36745433
Zebrafish,2.080601546,6.269578326
Zebrafish,6.583300355,10.49251963
Zebrafish,7.49424196,8.664223651
Zebrafish,1.929884535,6.102685169
Zebrafish,6.163018947,8.522218035
Zebrafish,2.496235306,6.30764171
Zebrafish,3.844942394,5.865939451
Zebrafish,4.354635958,7.749657333
Zebrafish,6.64438385,8.722782663
Zebrafish,5.489108037,9.607232865
Zebrafish,7.198119553,9.834149022
Zebrafish,6.639957562,10.34737696
Zebrafish,8.012124303,11.22346159
Zebrafish,10.37534951,12.08218769
Zebrafish,9.530803013,11.66328161
Zebrafish,9.507122057,11.81971782
Zebrafish,1.91328573,8.155805933
Zebrafish,9.430546329,11.20652132
Zebrafish,5.942586999,11.791484
Zebrafish,4.434752762,6.82191533
Zebrafish,6.806166749,11.82452804
Zebrafish,6.32900683,7.56791527
Zebrafish,2.34264113,6.471397763
Zebrafish,5.001103532,5.774336398
Zebrafish,2.280672309,7.220116609
Zebrafish,8.186964876,11.85987257
Zebrafish,5.313603442,8.806438394
Zebrafish,11.41598303,11.32719469
Zebrafish,2.150316483,6.836764182
Zebrafish,6.103927236,7.198575245
Zebrafish,7.797446575,12.10226507
Zebrafish,10.23016542,11.56665921
Zebrafish,6.512257486,11.60576828
Zebrafish,3.127210704,10.26476691
Zebrafish,1.072722971,8.605873766
Zebrafish,4.685947816,10.62155863
Zebrafish,2.600475673,6.344659358
Zebrafish,3.109062664,10.52221744
Zebrafish,5.987514351,10.56530011
Zebrafish,7.512832663,11.21844224
Zebrafish,1.567145604,6.119207189
Zebrafish,8.87260564,10.8018367
Zebrafish,0.02168752444,10.77234807
Zebrafish,1.188250529,8.182157515
Zebrafish,9.308379225,11.53968025
Zebrafish,6.021154568,11.72058576
Zebrafish,8.122782855,12.3800021
Zebrafish,7.853882479,11.14147897
Zebrafish,5.701572565,7.159466177
Zebrafish,7.991320457,11.28996787
Zebrafish,2.283770778,7.052805147
Zebrafish,11.07980222,12.06169201
Zebrafish,2.629910905,8.758963753
Zebrafish,13.0145573,11.5081002
Zebrafish,5.236142444,11.76910608
Zebrafish,10.86246869,12.10791179
Zebrafish,5.363621161,9.644459692
Zebrafish,3.033150845,10.34570384
Zebrafish,2.278016503,12.41346439
Zebrafish,6.802183067,10.52305399
Zebrafish,3.360479022,7.33786201
Zebrafish,2.652042626,10.35971614
Zebrafish,6.481051772,7.361076489
Zebrafish,3.744464406,10.49356531
Zebrafish,5.624996779,6.465960168
Zebrafish,7.301917313,8.476625688
Zebrafish,7.470339758,8.35386089
Zebrafish,9.607157439,11.66851008
Zebrafish,6.457592176,11.21195891
Zebrafish,3.578919129,7.23852087
Zebrafish,5.920897884,8.322908269
Zebrafish,7.912310224,10.45550198
Zebrafish,2.759160159,6.563000815
Zebrafish,6.538594248,7.331796983
Zebrafish,3.790277028,6.442327437
Zebrafish,9.654297992,12.18424768
Zebrafish,5.465427081,7.341417365
Zebrafish,9.95196969,11.66662784
Zebrafish,2.157398634,7.895218304
Zebrafish,3.28921485,6.112096426
Zebrafish,5.682317953,10.71462562
Zebrafish,4.904830586,6.544387429
Zebrafish,4.317233362,7.266754639
Zebrafish,4.05342324,9.55285664
Zebrafish,2.027264111,12.69705726
Zebrafish,1.017836301,8.973331551
Zebrafish,8.940992646,11.9052558
Zebrafish,4.126900556,6.840737842
Zebrafish,7.132609657,11.5739791
Zebrafish,10.25650218,11.52002118
Zebrafish,5.106450527,11.15465476
Zebrafish,2.638763594,5.512284835
Zebrafish,12.8642829,11.50287173
Zebrafish,2.104946468,12.71943518
Zebrafish,1.303778145,7.326777639
Zebrafish,1.720961083,10.98316051
Zebrafish,5.891462708,9.023943295
Zebrafish,8.145357239,11.50935506
Zebrafish,4.339143724,8.172118827
Zebrafish,4.656291338,8.000833705
Zebrafish,4.685283907,8.151623147
Zebrafish,1.967287131,10.99048035
Zebrafish,5.237912982,7.965070867
Zebrafish,7.891285075,11.46982774
Zebrafish,2.027485414,12.79367966
Zebrafish,12.96763805,11.61120587
Zebrafish,4.817852877,8.093900692
Zebrafish,6.889382022,11.29143186
Zebrafish,8.386371674,11.25504164
Zebrafish,4.652528902,10.27417817
Zebrafish,9.917222901,11.62981931
Zebrafish,7.992869691,11.88476017
Zebrafish,5.774828521,11.55933932
Zebrafish,7.045410702,8.922092429
Zebrafish,7.492692782,10.9639197
Zebrafish,7.092993861,11.34413497
Zebrafish,7.06510792,9.446404736
Zebrafish,5.772615377,6.366409848
Zebrafish,2.425856403,10.1173237
Zebrafish,10.62101159,11.83603066
Zebrafish,4.413063703,9.65449838
Zebrafish,3.482646125,5.966117148
Zebrafish,3.332593081,7.103416838
Zebrafish,7.044082771,10.90598812
Zebrafish,6.609637061,11.07518182
Zebrafish,7.554882906,6.506951476
Zebrafish,2.505087995,7.207568196
Zebrafish,1.694181714,10.93924123
Zebrafish,9.75212023,10.88402845
Zebrafish,6.992515873,9.050713129
Zebrafish,1.913728393,10.824842
Zebrafish,10.38951381,11.52943244
Zebrafish,7.112248473,7.154446833
Zebrafish,6.282972849,11.23036317
Zebrafish,5.576970958,9.034400234
Zebrafish,1.752166797,7.209868742
Zebrafish,4.030184947,7.603050677
Zebrafish,8.577589748,12.4408616
Zebrafish,3.925723221,10.53434749
Zebrafish,5.661735409,9.499107847
Zebrafish,8.078962074,10.09055386
Zebrafish,3.865746241,7.358985122
Zebrafish,5.414081486,8.465541264
Zebrafish,3.002166434,8.90808008
Zebrafish,3.935018515,10.57680279
Zebrafish,2.072412823,12.70835081
Zebrafish,3.849811401,6.411583942
Zebrafish,3.272616101,6.095992711
Zebrafish,3.271288169,10.40530854
Zebrafish,5.393720303,8.899505381
Zebrafish,9.560459492,11.91153
Zebrafish,2.673289079,10.24573522
Zebrafish,6.651244697,11.39474671
Zebrafish,8.166382389,12.08427906
Zebrafish,6.816789975,11.89312574
Zebrafish,1.81435692,7.165322078
Zebrafish,3.304928386,7.082712031
Zebrafish,5.220650211,11.39997518
Zebrafish,5.411204377,11.21216809
Zebrafish,4.824492422,7.750284764
Zebrafish,9.257033631,11.39077305
Zebrafish,3.439489254,6.36557329
Zebrafish,1.760798182,10.9160268
Zebrafish,5.596225513,7.999788022
Zebrafish,9.231582137,11.87869509
Zebrafish,9.773145379,11.62793702
Zebrafish,10.03075862,12.51155072
Zebrafish,7.673951597,11.59468391
Zebrafish,10.23414916,11.21948793
Zebrafish,7.264293415,9.842305469
Zebrafish,3.920190248,7.700718757
Zebrafish,6.409123691,7.07873837
Zebrafish,6.066967246,8.051445395
Zebrafish,11.0388585,11.07601838
Zebrafish,3.708168383,6.040779928
Zebrafish,6.804396211,10.29279155
Zebrafish,5.99636704,11.22178847
Zebrafish,7.4163383,11.4305095
Zebrafish,6.985655025,10.56906465
Zebrafish,5.586930218,11.59572959
Zebrafish,3.327945377,6.937569364
Zebrafish,3.384602584,6.808948665
Zebrafish,8.341001658,12.01547223
Zebrafish,7.590957626,10.7476696
Zebrafish,8.698428977,12.33148177
Zebrafish,8.306918779,10.23067719
Zebrafish,5.185018153,11.1362505
Zebrafish,3.216622803,8.19094134
Zebrafish,11.57179035,11.01515882
Zebrafish,1.475962911,8.663177915
Zebrafish,2.836621157,7.019551981
Zebrafish,6.489240495,11.71033794
Zebrafish,9.784653875,10.74327769
Zebrafish,4.689931555,6.394434491
Zebrafish,2.742561354,8.968521386
Zebrafish,7.521685352,11.35898387
Zebrafish,4.240878937,5.529643412
Zebrafish,3.275935874,6.916446252
Zebrafish,10.53691111,11.19815574
Zebrafish,8.508096171,12.41388264
Zebrafish,5.199182455,9.618526362
Zebrafish,2.189710919,12.48938192
Zebrafish,6.005662392,7.471292928
Zebrafish,2.12397972,6.661923704
Zebrafish,7.493356748,10.87252582
Zebrafish,9.784875178,12.52598132
Zebrafish,6.903325021,10.24489866
Zebrafish,7.577235931,11.73271586
Zebrafish,2.798997258,6.229005323
Zebrafish,6.865037157,11.90400093
Zebrafish,7.480520321,8.609219995
Zebrafish,11.01916128,11.49157823
Zebrafish,4.739949217,6.4124205
Zebrafish,3.576927288,7.079993233
Zebrafish,6.654121864,9.087312524
Zebrafish,9.883140022,11.45978905
Zebrafish,5.057982043,6.515107923
Zebrafish,7.068427693,9.919059616
Zebrafish,7.571703014,10.74557824
Zebrafish,8.132299509,11.04360177
Zebrafish,2.070863588,12.67133316
Zebrafish,5.03385848,7.555366911
Zebrafish,1.199537721,7.998324033
Zebrafish,7.706706488,11.23935618
Zebrafish,10.77571234,12.4833169
Zebrafish,6.671605881,11.82097263
Zebrafish,3.460514404,8.122761893
Zebrafish,6.770755994,8.045171242
Zebrafish,7.740125402,10.58579579
Zebrafish,2.306345106,7.008676736
Zebrafish,7.890178503,10.9494891
Zebrafish,5.756459234,6.669243594
Zebrafish,4.969897819,11.83749465
Zebrafish,4.539878454,11.57063287
Zebrafish,5.676342374,6.541250325
Zebrafish,9.552492129,12.31014953
Zebrafish,6.18338013,10.68304557
Zebrafish,9.467948924,12.25828298
Zebrafish,-0.2682380573,10.93296708
Zebrafish,3.807097193,7.562895926
Zebrafish,1.159700623,7.261107864
Zebrafish,6.348925408,11.42214392
Zebrafish,6.31617046,7.613925922
Zebrafish,5.785230444,8.317261494
Zebrafish,2.618623713,7.994350372
Zebrafish,5.496411491,5.67729575
Zebrafish,6.810593093,7.91006721
Zebrafish,9.548065728,12.21227233
Zebrafish,2.35569886,5.603469581
Zebrafish,7.673287631,11.79545766
Zebrafish,2.996854821,6.191987622
Zebrafish,9.651863545,11.24834918
Zebrafish,10.06550541,11.73020619
Zebrafish,10.78456503,11.34037049
Zebrafish,4.639692532,9.053850232
Zebrafish,8.053953243,12.063156
Zebrafish,6.709893746,11.38596283
Zebrafish,4.149696187,5.620828159
Zebrafish,6.3838935,9.552438388
Zebrafish,6.361540475,9.564986695
Zebrafish,5.057539437,7.796713721
Zebrafish,7.698960428,10.6439365
Zebrafish,3.678511848,7.171805411
Zebrafish,1.948917788,10.73804922
Zebrafish,7.279564289,10.18111118
Zebrafish,5.417179899,8.063575503
Zebrafish,8.028944355,10.86478763
Zebrafish,4.500262658,8.813130853
Zebrafish,10.70289899,11.61141505
Zebrafish,8.925057806,12.37163652
Zebrafish,9.659830965,11.86677416
Zebrafish,4.336266615,5.407924297
Zebrafish,9.432095563,11.32635814
Zebrafish,7.495569892,10.92564719
Zebrafish,10.6402662,11.9142488
Zebrafish,3.529344072,8.395688755
Zebrafish,3.591312893,6.475998855
Zebrafish,7.098084171,9.920314425
Zebrafish,6.823650823,6.458640278
Zebrafish,7.718436343,8.386904877
Zebrafish,7.74123203,10.52284487
Zebrafish,1.115658482,9.120147385
Zebrafish,3.787399918,7.355220588
Zebrafish,5.437098477,8.032622883
Zebrafish,7.766240862,11.23580082
Zebrafish,6.748845576,10.28944532
Zebrafish,1.780938063,10.96935729
Zebrafish,7.833521295,10.89553112
Zebrafish,10.56701025,11.94499229
Zebrafish,2.930459656,7.668093022
Zebrafish,8.251810806,10.94216921
Zebrafish,3.568295902,6.588724966
Zebrafish,5.593569763,5.516467621
Zebrafish,5.47405841,5.54281915
Zebrafish,8.006148724,11.61852576
Zebrafish,10.55505909,12.30345707
Zebrafish,9.162531165,10.76063627
Zebrafish,3.733177214,8.645401085
Zebrafish,5.646907198,6.236325213
Zebrafish,6.906866096,11.74693734
Zebrafish,3.825687782,6.125272217
Zebrafish,2.059355093,12.74599589
Zebrafish,6.62844901,7.901910763
Zebrafish,0.9813189745,8.544805082
Zebrafish,3.645314293,7.646342532
Zebrafish,3.949182817,7.041720723
Zebrafish,0.9178009192,10.5839135
Zebrafish,3.250484379,6.763147138
Zebrafish,8.320197868,10.42015744
Zebrafish,3.5519184,7.31611152
Zebrafish,4.498934783,11.26089754
Zebrafish,7.269826331,9.726860561
Zebrafish,4.494287135,11.07371783
Zebrafish,5.597996051,6.642892065
Zebrafish,4.635930154,11.51186473
Zebrafish,6.743312659,11.77998132
Zebrafish,6.31108015,7.427164516
Zebrafish,7.190816099,10.60169038
Zebrafish,5.859814332,8.165426369
Zebrafish,5.2996605,10.45926651
Zebrafish,3.93147744,7.406878015
Zebrafish,2.035452833,12.77402053
Zebrafish,5.796517636,8.259120788
Zebrafish,4.5347882,6.905571061
Zebrafish,9.168064082,12.04621568
Zebrafish,10.40788316,11.45372397
Zebrafish,8.169480802,11.90128213
Zebrafish,6.172535601,8.864369974
Zebrafish,9.343126014,11.90128213
Zebrafish,2.014870346,12.90515091
Zebrafish,10.56369048,12.39652406
Zebrafish,5.504600214,5.742965526
Zebrafish,5.550855498,7.286204583
Zebrafish,4.189311983,7.289759992
Zebrafish,9.235123212,12.57491989
Zebrafish,8.619418745,12.28275227
Zebrafish,3.512523964,7.200875737
Zebrafish,1.727157965,10.9931992
Zebrafish,12.60932546,12.0487254
Zebrafish,4.986053962,8.236115435
Zebrafish,6.802625673,7.344554469
Zebrafish,3.557230013,7.745892851
Zebrafish,9.344675249,11.02854373
Zebrafish,3.734283786,5.984103157
Zebrafish,11.91881575,9.295196989
Zebrafish,9.560459492,11.23851962
Zebrafish,6.33697425,11.88559667
Zebrafish,9.004289342,11.3533371
Zebrafish,8.737823413,12.3009474
Zebrafish,5.901864631,8.369337173
Zebrafish,7.08613307,8.089090474
Zebrafish,6.758804893,10.95680893
Zebrafish,8.536203471,11.84627853
Zebrafish,4.390489318,6.254729474
Zebrafish,4.454450036,10.52514536
Zebrafish,12.36875369,11.31130011
Zebrafish,6.898677374,8.063784629
Zebrafish,5.644693998,8.419321486
Zebrafish,1.773855912,10.92230096
Zebrafish,4.871854278,6.489174646
Zebrafish,3.519827418,7.019761107
Zebrafish,4.396686257,6.766075116
Zebrafish,5.716843438,5.841888415
Zebrafish,8.373756606,10.83885435
Zebrafish,3.521597955,6.082398668
Zebrafish,6.952236112,10.11397747
Zebrafish,1.835160767,10.96747505
Zebrafish,3.623403875,10.42705903
Zebrafish,3.03956903,6.843247514
Zebrafish,2.760709394,7.307327695
Zebrafish,6.673376419,7.500154128
Zebrafish,9.134645224,12.26915822
Zebrafish,7.248801182,10.46595897
Zebrafish,1.913949696,6.278989582
Zebrafish,9.650535613,11.21865137
Zebrafish,6.189355653,11.94436486
Zebrafish,4.431211686,6.310569634
Zebrafish,5.936168757,10.54752328
Zebrafish,3.254246758,9.52378626
Zebrafish,6.320375445,9.253787375
Fruit Fly,8.016107985,4.383769024
Fruit Fly,7.779298535,5.347483045
Fruit Fly,10.70732534,3.563315429
Fruit Fly,9.880041609,4.371220664
Fruit Fly,9.004289342,5.193347374
Fruit Fly,11.19245267,11.49450616
Fruit Fly,12.65181837,4.482064481
Fruit Fly,12.25389004,5.659309795
Fruit Fly,5.178157305,8.02613955
Fruit Fly,7.512832663,4.391088914
Fruit Fly,11.85618302,10.60838284
Fruit Fly,7.409920115,4.125063689
Fruit Fly,12.97117913,5.36756042
Fruit Fly,12.61707158,4.963712365
Fruit Fly,6.458256085,4.120044345
Fruit Fly,9.71803735,4.301786407
Fruit Fly,12.84414307,5.350410968
Fruit Fly,11.56227376,4.269369798
Fruit Fly,11.40602377,3.805498797
Fruit Fly,6.481715738,4.106241123
Fruit Fly,11.86813412,5.47631287
Fruit Fly,7.945065172,4.632644797
Fruit Fly,11.0950731,3.84084333
Fruit Fly,11.77318905,4.609848623
Fruit Fly,11.09086806,3.896474364
Fruit Fly,10.19165625,4.223568326
Fruit Fly,11.58174967,4.396317383
Fruit Fly,10.75557246,3.850254586
Fruit Fly,7.396641082,4.58705245
Fruit Fly,8.396330991,4.663179165
Fruit Fly,7.75207656,5.830176612
Fruit Fly,12.15916627,3.936210863
Fruit Fly,10.84409935,4.395062521
Fruit Fly,12.99242558,5.039002523
Fruit Fly,9.081750396,11.79524848
Fruit Fly,8.410273933,5.017042907
Fruit Fly,8.462283493,4.435844703
Fruit Fly,12.72927942,4.772768173
Fruit Fly,7.035230082,4.152042649
Fruit Fly,6.540807449,4.177348494
Fruit Fly,12.32316232,4.122972269
Fruit Fly,12.33688401,4.33713094
Fruit Fly,12.68634391,4.808321832
Fruit Fly,12.75805063,4.967686026
Fruit Fly,11.67005525,4.370384107
Fruit Fly,11.2174615,4.654813592
Fruit Fly,12.95435902,5.655963566
Fruit Fly,10.94878243,3.639023892
Fruit Fly,10.56811682,4.981070943
Fruit Fly,11.47264024,4.806230465
Fruit Fly,7.182848679,5.021016568
Fruit Fly,10.14163853,4.247410182
Fruit Fly,11.9960555,4.420577545
Fruit Fly,10.75335932,4.240090292
Fruit Fly,12.7330418,4.766703146
Fruit Fly,7.028590537,4.179858166
Fruit Fly,7.332237815,4.202236088
Fruit Fly,8.250261571,4.559864364
Fruit Fly,12.9439571,4.963921491
Fruit Fly,11.4985344,3.910068461
Fruit Fly,11.2710203,4.046218176
Fruit Fly,12.15518259,4.319563237
Fruit Fly,12.7607065,5.290178842
Fruit Fly,4.554485418,5.394121128
Fruit Fly,11.71808108,4.438145249
Fruit Fly,8.979501813,5.338071788
Fruit Fly,10.36804606,4.731985991
Fruit Fly,11.10237655,4.156434561
Fruit Fly,6.411115532,4.152879206
Fruit Fly,10.5577149,4.76105637
Fruit Fly,9.895312483,4.075915934
Fruit Fly,8.864195558,5.535917565
Fruit Fly,11.38367075,4.929413516
Fruit Fly,8.27217199,4.407610934
Fruit Fly,11.73910623,3.964653812
Fruit Fly,8.377518985,5.031473507
Fruit Fly,10.99238191,4.965176354
Fruit Fly,12.79169085,6.418903832
Fruit Fly,8.639115963,4.854750789
Fruit Fly,10.93970838,3.972601133
Fruit Fly,9.226713186,4.3952717
Fruit Fly,11.50273938,4.225032261
Fruit Fly,8.144250667,4.806021339
Fruit Fly,10.67147197,4.764611726
Fruit Fly,11.17364072,4.50005049
Fruit Fly,13.39832138,7.482168173
Fruit Fly,2.419880824,8.02613955
Fruit Fly,12.90257082,5.272820318
Fruit Fly,1.322590094,7.113873777
Fruit Fly,12.79545329,5.040675638
Fruit Fly,8.677182524,4.517827319
Fruit Fly,8.327501322,4.332739028
Fruit Fly,6.450731328,4.131337842
Fruit Fly,10.26070722,4.772559047
Fruit Fly,7.731936679,4.300113293
Fruit Fly,7.685238732,6.154760848
Fruit Fly,7.426297617,4.316217008
Fruit Fly,11.9938423,5.751121973
Fruit Fly,7.809619036,4.736587083
Fruit Fly,11.58020044,5.697582305
Fruit Fly,12.07196732,4.780506315
Fruit Fly,11.55342107,4.345705693
Fruit Fly,6.949137699,4.130710411
Fruit Fly,7.974943011,4.234025265
Fruit Fly,8.577147142,4.390043177
Fruit Fly,7.642524524,4.658996379
Fruit Fly,12.32338368,5.007422471
Fruit Fly,9.087283312,4.584124473
Fruit Fly,10.41363738,4.448811368
Fruit Fly,11.22122388,3.982639821
Fruit Fly,9.90283724,4.18696893
Fruit Fly,12.16160078,4.478718252
Fruit Fly,8.361362842,4.614658841
Fruit Fly,12.12796056,4.016102113
Fruit Fly,9.273411077,4.484992458
Fruit Fly,12.02881045,5.158211967
Fruit Fly,10.1845741,5.283068132
Fruit Fly,12.1835112,4.25033816
Fruit Fly,6.764780415,5.74986711
Fruit Fly,12.41633685,4.350097605
Fruit Fly,13.0942315,5.814700329
Fruit Fly,12.74831273,5.719960173
Fruit Fly,12.51836413,4.948026956
Fruit Fly,7.978484086,4.591235237
Fruit Fly,12.90500527,6.35427974
Fruit Fly,11.25220835,4.564256277
Fruit Fly,8.551031683,5.37488031
Fruit Fly,7.563292932,3.993933317
Fruit Fly,10.4240393,4.460732296
Fruit Fly,12.56948842,4.897206086
Fruit Fly,10.45435974,4.363900774
Fruit Fly,9.606493473,8.848684511
Fruit Fly,8.659255787,7.519394946
Fruit Fly,7.956131005,4.3952717
Fruit Fly,12.34507274,4.609848623
Fruit Fly,11.30820159,5.530270843
Fruit Fly,11.37039172,11.02540663
Fruit Fly,9.360610088,4.571785293
Fruit Fly,11.72295003,4.276480562
Fruit Fly,11.32457904,3.891245894
Fruit Fly,11.75659024,4.873364176
Fruit Fly,6.812363631,4.698523698
Fruit Fly,6.946260589,4.669244192
Fruit Fly,7.116232211,4.278990234
Fruit Fly,11.08068749,5.017670339
Fruit Fly,12.93311257,8.833417354
Fruit Fly,10.95807773,3.932864634
Fruit Fly,11.05014569,4.851195434
Fruit Fly,6.558070164,4.093692763
Fruit Fly,10.64314337,4.28651925
Fruit Fly,10.43222802,4.423714649
Fruit Fly,8.401642604,5.044021867
Fruit Fly,11.74773756,4.638919003
Fruit Fly,8.52403101,5.16657754
Fruit Fly,10.97157806,5.056361101
Fruit Fly,7.681033748,4.538741252
Fruit Fly,8.508538777,4.538532126
Fruit Fly,8.723880471,4.108750795
Fruit Fly,10.83037771,4.185714067
Fruit Fly,11.74198334,4.019448342
Fruit Fly,12.19479833,5.531943958
Fruit Fly,7.262965483,4.071733147
Fruit Fly,12.55620933,4.887376524
Fruit Fly,10.81068049,4.410120552
Fruit Fly,11.67758001,3.973228511
Fruit Fly,7.855653017,4.688903316
Fruit Fly,10.61835584,4.7932638
Fruit Fly,12.1277392,4.311197664
Fruit Fly,11.65500563,5.097770661
Fruit Fly,11.35622741,5.138134591
Fruit Fly,12.65159707,4.442328035
Fruit Fly,12.36631919,5.257971412
Fruit Fly,11.68222766,4.131128716
Fruit Fly,12.86538953,4.944471547
Fruit Fly,12.75362435,4.735123094
Fruit Fly,11.22498632,5.114710986
Fruit Fly,11.00034933,3.693818369
Fruit Fly,12.55067642,5.31883097
Fruit Fly,12.04031894,9.973226662
Fruit Fly,7.45263438,4.073824514
Fruit Fly,12.02460541,4.720483368
Fruit Fly,11.55474894,4.50402415
Fruit Fly,4.544083495,5.170760326
Fruit Fly,11.42350785,4.481855355
Fruit Fly,10.95763512,4.20139953
Fruit Fly,7.068648996,4.607548077
Fruit Fly,10.95763512,4.458222624
Fruit Fly,11.35844061,4.619469059
Fruit Fly,11.71144153,4.594999771
Fruit Fly,8.622738461,4.468261312
Fruit Fly,12.08458239,5.098607272
Fruit Fly,11.07006427,4.876919531
Fruit Fly,13.15465109,7.59510341
Fruit Fly,12.86295502,5.172433441
Fruit Fly,6.291604235,4.629298567
Fruit Fly,11.19909222,4.185295815
Fruit Fly,8.03049359,4.230888162
Fruit Fly,11.89137247,4.390879788
Fruit Fly,10.75911354,4.840111009
Fruit Fly,13.2816872,8.406773126
Fruit Fly,9.739505163,4.497331692
Fruit Fly,8.837194886,4.11648899
Fruit Fly,11.43634427,3.998952661
Fruit Fly,10.47295039,3.859456717
Fruit Fly,12.22843855,5.773918147
Fruit Fly,6.858397612,4.699360255
Fruit Fly,12.97604813,5.17389743
Fruit Fly,12.57657057,4.473280656
Fruit Fly,6.707901905,4.631808293
Fruit Fly,10.97688968,4.450066177
Fruit Fly,8.806653082,4.297394495
Fruit Fly,7.084362532,4.029068724
Fruit Fly,10.84697651,3.646762034
Fruit Fly,12.51637229,4.719646757
Fruit Fly,11.35180107,4.735123094
Fruit Fly,7.806741926,4.341522853
Fruit Fly,10.86335396,4.483110218
Fruit Fly,12.10029592,5.611207723
Fruit Fly,10.98131608,4.147650736
Fruit Fly,10.48445888,4.608384688
Fruit Fly,10.972906,3.855692235
Fruit Fly,11.05147362,5.092960496
Fruit Fly,10.25583821,4.389415799
Fruit Fly,13.3803947,7.80654323
Fruit Fly,9.8610083,4.58705245
Fruit Fly,7.623933877,4.884866852
Fruit Fly,13.00459804,5.261945073
Fruit Fly,12.33002317,4.606711574
Fruit Fly,9.824490974,4.809994946
Fruit Fly,12.65381027,4.459268308
Fruit Fly,12.58431663,4.515317647
Fruit Fly,8.261770123,4.444628581
Fruit Fly,11.05833441,4.620305616
Fruit Fly,11.06475265,3.735646235
Fruit Fly,8.709937472,4.319981542
Fruit Fly,7.714452605,4.156225436
Fruit Fly,11.28717644,11.24040186
Fruit Fly,10.55306725,4.327510558
Fruit Fly,11.16058299,4.305969194
Fruit Fly,12.88464414,4.950745754
Fruit Fly,6.198429701,4.525356335
Fruit Fly,11.60211086,4.578059446
Fruit Fly,11.93607852,4.41493077
Fruit Fly,8.069666723,4.182158712
Fruit Fly,8.683158103,4.341522853
Fruit Fly,11.75725421,4.560700868
Fruit Fly,12.63057192,4.683674846
Fruit Fly,8.166382389,4.252429526
Fruit Fly,7.432494499,4.300322419
Fruit Fly,11.06652319,4.754363912
Fruit Fly,7.621499374,4.495449398
Fruit Fly,11.1351315,10.56550924
Fruit Fly,9.078430623,4.718182822
Fruit Fly,8.292311871,4.480809672
Fruit Fly,9.002518804,5.009723017
Fruit Fly,11.71785977,3.862384694
Fruit Fly,12.91075954,6.139702817
Fruit Fly,7.830201523,4.435217272
Fruit Fly,7.722641328,4.164800135
Fruit Fly,8.298508753,7.902747374
Fruit Fly,11.3648588,3.916133488
Fruit Fly,12.01641668,4.688066759
Fruit Fly,12.47742046,4.52891169
Fruit Fly,10.32865156,4.611103486
Fruit Fly,12.12950974,4.097248118
Fruit Fly,8.38902748,4.300531598
Fruit Fly,11.540806,3.809472404
Fruit Fly,12.89039836,5.256925729
Fruit Fly,7.940638828,4.299694987
Fruit Fly,12.63787543,5.435739814
Fruit Fly,9.065594253,5.444105387
Fruit Fly,6.545012434,4.009200475
Fruit Fly,11.21214989,4.497540818
Fruit Fly,7.945950441,4.60880294
Fruit Fly,10.89610891,3.609326081
Fruit Fly,9.477022916,4.826726092
Fruit Fly,7.656246219,4.285473567
Fruit Fly,7.347066026,4.35888143
Fruit Fly,12.30036669,6.20599997
Fruit Fly,11.5102642,4.366619572
Fruit Fly,11.75858214,4.069223475
Fruit Fly,9.116497184,9.226181038
Fruit Fly,11.96175132,3.890618516
Fruit Fly,10.55594436,3.914251247
Fruit Fly,11.83471526,4.212693027
Fruit Fly,11.25906914,4.365155637
Fruit Fly,11.99804734,3.911950701
Fruit Fly,10.45568767,3.961725834
Fruit Fly,11.14066447,3.824739615
Fruit Fly,12.21626609,4.8388562
Fruit Fly,13.00570461,5.603051276
Fruit Fly,12.28288261,4.661087745
Fruit Fly,9.699668064,4.749553694
Fruit Fly,10.32843026,4.432498474
Fruit Fly,11.47773055,5.313184195
Fruit Fly,7.564178257,4.232770403
Fruit Fly,11.84135475,4.45654951
Fruit Fly,12.18262587,4.18696893
Fruit Fly,9.498269368,4.765866588
Fruit Fly,6.590382505,4.177139368
Fruit Fly,12.85786471,4.7788332
Fruit Fly,9.600075288,11.90462836
Fruit Fly,12.39287726,4.631808293
Fruit Fly,11.47374687,3.856528793
Fruit Fly,6.27212832,6.861651775
Fruit Fly,12.42164846,5.225345677
Fruit Fly,12.87313559,7.23433803
Fruit Fly,4.933601796,11.96109601
Fruit Fly,4.752785644,5.357103427
Fruit Fly,10.38265296,3.961098456
Fruit Fly,12.71976277,5.814491149
Fruit Fly,11.8320594,4.674263536
Fruit Fly,12.31408833,4.040780527
Fruit Fly,12.51393779,4.966222037
Fruit Fly,11.10658159,4.614240536
Fruit Fly,11.8223215,4.216248436
Fruit Fly,7.550013955,4.025095064
Fruit Fly,8.250040268,4.674681842
Fruit Fly,11.10790947,3.864894366
Fruit Fly,10.80802468,3.604934168
Fruit Fly,8.846047574,4.807694454
Fruit Fly,11.30466052,4.199726416
Fruit Fly,12.59294802,4.631389987
Fruit Fly,11.73622906,4.291329414
Fruit Fly,9.907484887,4.376240008
Fruit Fly,13.46383128,7.926170978
Fruit Fly,10.65221736,3.812818633
Fruit Fly,7.806299264,5.448079048
Fruit Fly,13.25424386,7.328869059
Fruit Fly,6.995835646,4.694340912
Fruit Fly,7.476757943,4.327301432
Fruit Fly,11.34538288,4.077798174
Fruit Fly,7.696968587,4.598555126
Fruit Fly,9.506458148,4.829235818
Fruit Fly,8.703076624,5.261945073
Fruit Fly,10.16753263,4.411166289
Fruit Fly,10.89234653,8.803510417
Fruit Fly,9.794170473,5.368606103
Fruit Fly,11.52110873,4.702497359
Fruit Fly,9.441612161,4.935478543
Fruit Fly,12.12353422,5.584228763
Fruit Fly,11.96994004,5.724979517
Fruit Fly,8.240966277,5.015788044
Fruit Fly,11.14995977,4.330438482
Fruit Fly,11.18359999,3.794832678
Fruit Fly,8.70374059,4.309942855
Fruit Fly,7.441347188,4.146186748
Fruit Fly,12.71268062,4.55609983
Fruit Fly,12.67328618,5.625220071
Fruit Fly,8.545720069,4.431243664
Fruit Fly,8.570507598,4.289865479
Fruit Fly,12.3198426,5.433439321
Fruit Fly,12.42076325,4.662133482
Fruit Fly,9.268320766,5.05970733
Fruit Fly,7.836619708,4.508625189
Fruit Fly,9.570861415,4.782179429
Fruit Fly,8.182759835,4.629925999
Fruit Fly,10.95365138,9.645714502
Fruit Fly,12.48383865,4.792008991
Fruit Fly,12.14898565,4.165636692
Fruit Fly,8.524916279,4.866671717
Fruit Fly,12.53717608,6.340894823
Fruit Fly,11.26327418,3.697373724
Fruit Fly,11.91947972,5.799433118
Fruit Fly,6.996056949,4.084908938
Fruit Fly,7.391550772,4.159571665
Fruit Fly,13.45077355,7.878487158
Fruit Fly,9.932272416,4.420577545
Fruit Fly,11.04394881,3.745684922
Fruit Fly,12.12884583,5.240822014
Fruit Fly,10.9872916,3.610162638
Fruit Fly,7.204095132,4.075915934
Fruit Fly,9.238442985,5.253161194
Fruit Fly,10.96693042,4.480600546
Fruit Fly,11.1747473,4.177139368
Fruit Fly,11.71188419,4.250965537
Fruit Fly,7.488930347,4.211438218
Fruit Fly,8.830334038,4.430197928
Fruit Fly,12.93864548,5.741501537
Fruit Fly,8.592418016,4.467006449
Fruit Fly,11.34294838,4.841784124
Fruit Fly,11.51579711,3.970091407
Fruit Fly,12.78350213,4.877337836
Fruit Fly,9.260796009,10.94384232
Fruit Fly,11.49056698,4.309942855
Fruit Fly,12.95834276,5.067236346
Fruit Fly,11.89270035,4.663388291
Fruit Fly,6.515577258,4.15580713
Fruit Fly,12.83728223,5.666002254
Fruit Fly,12.07639361,4.07298801
Fruit Fly,12.04695843,3.910486712
Fruit Fly,12.03810574,4.120462597
Fruit Fly,8.921074068,4.021748835
Fruit Fly,10.56701025,4.61612283
Fruit Fly,10.89455973,4.44609257
Fruit Fly,7.325155664,4.061903585
Fruit Fly,12.83661826,5.10843678
Fruit Fly,8.219719824,4.658996379
Fruit Fly,8.64885392,4.440027489
Fruit Fly,7.695419352,4.381050226
Fruit Fly,11.0014559,3.84272557
Fruit Fly,12.99043374,5.845234644
Fruit Fly,12.1580597,5.268637531
Fruit Fly,7.685902698,4.778205769
Fruit Fly,12.73946004,4.898670021
Fruit Fly,1.350476035,7.098815746
Fruit Fly,12.10273037,4.294675644
Fruit Fly,11.52398584,4.299276735
Fruit Fly,9.531688282,5.787303063
Fruit Fly,11.82763311,4.75394566
Fruit Fly,8.628271433,4.853077675
Fruit Fly,5.849191105,5.380736211
Fruit Fly,7.974500348,5.167623223
Fruit Fly,12.78637924,5.582346523
Fruit Fly,11.19953482,4.728848941
Fruit Fly,11.80129635,4.466169946
Fruit Fly,8.876146716,4.674263536
Fruit Fly,1.934532183,8.992781495
Fruit Fly,10.78301585,3.980339275
Fruit Fly,12.35901574,5.102162627
Fruit Fly,11.44010665,3.760115576
Fruit Fly,10.91182244,3.595104607
Fruit Fly,12.37959822,4.428106561
Fruit Fly,9.398012684,5.18832803
Fruit Fly,12.85919264,4.812504672
Fruit Fly,7.550456562,3.995815558
Fruit Fly,8.227908547,7.624801167
Fruit Fly,11.81413272,4.102058336
Fruit Fly,13.42510075,7.865729673
Fruit Fly,9.3517574,4.743279541
Fruit Fly,8.236982595,4.822125054
Fruit Fly,8.50898144,4.59625458
Fruit Fly,12.27712834,5.421936645
Fruit Fly,12.60423521,4.949909196
Fruit Fly,6.592816952,5.583392206
Fruit Fly,12.95347375,5.574399201
Fruit Fly,6.140665922,4.436890386
Fruit Fly,11.84533849,4.059812219
Fruit Fly,8.167488961,4.380422795
Fruit Fly,7.058025769,4.040153095
Fruit Fly,13.12831438,8.677190263
Fruit Fly,10.23813284,4.847012647
Fruit Fly,11.68200636,5.251906385
Fruit Fly,7.701394875,4.250547286
Fruit Fly,12.95126061,5.402277522
Fruit Fly,9.532352248,4.698314572
Fruit Fly,11.43833612,4.399872739
Fruit Fly,13.21905441,5.805707324
Fruit Fly,9.6215431,4.612358295
Fruit Fly,7.459495172,4.111260467
Fruit Fly,7.953917861,4.202863519
Fruit Fly,10.76088407,4.707307577
Fruit Fly,6.696836072,4.117534673
Fruit Fly,8.873712212,5.233292945
Fruit Fly,8.323074978,4.721110746
Fruit Fly,10.588478,3.97657474
Fruit Fly,9.611805086,4.712954298
Fruit Fly,10.69714472,4.506115517
Fruit Fly,8.415585546,5.034401485
Fruit Fly,12.91784169,5.534453576
Fruit Fly,7.541161267,4.788871888
Fruit Fly,6.591931683,4.421832355
Fruit Fly,10.34879144,4.749135442
Fruit Fly,7.73614172,4.496286009
Fruit Fly,10.70134976,4.662970039
Fruit Fly,10.08144025,4.231933899
Fruit Fly,9.845958729,4.741815552
Fruit Fly,12.31121122,4.677191514
Fruit Fly,9.188425266,7.12976842
Fruit Fly,11.91129099,4.254102641
Fruit Fly,7.668861286,4.656695833
Fruit Fly,5.021464716,11.28557595
Fruit Fly,9.294214923,4.39840875
Fruit Fly,11.54987999,4.44211891
Fruit Fly,13.096666,7.384500094
Fruit Fly,11.46732863,4.6669437
Fruit Fly,10.2879292,4.746416591
Fruit Fly,12.84702018,5.390147467
Fruit Fly,7.835513136,5.232665567
Fruit Fly,8.774119437,5.30628261
Fruit Fly,9.847507964,4.680955995
Fruit Fly,7.970959273,4.262886466
Fruit Fly,12.83949537,5.964653213
Fruit Fly,10.66438982,4.467215629
Fruit Fly,12.41323844,4.944889853
Fruit Fly,13.04664828,5.276375673
Fruit Fly,10.72171094,3.739410769
Fruit Fly,12.13105897,4.813341176
Fruit Fly,6.759026196,4.849731445
Fruit Fly,8.416913478,5.05761591
Fruit Fly,12.20232315,6.749553096
Fruit Fly,12.73060736,5.248769282
Fruit Fly,11.58861052,4.36954755
Fruit Fly,10.79673749,4.605247585
Fruit Fly,11.97702219,4.022794571
Fruit Fly,9.712061828,4.497749944
Fruit Fly,10.06816121,4.252638652
Fruit Fly,11.94559518,4.377494871
Fruit Fly,12.00114581,4.339640612
Fruit Fly,6.701262417,4.098921233
Fruit Fly,11.41199935,4.988181707
Fruit Fly,12.73768951,4.522219232
Fruit Fly,11.89579876,4.933596302
Fruit Fly,12.32780997,4.486456447
Fruit Fly,12.83750353,5.311929332
Fruit Fly,12.35591727,5.406460362
Fruit Fly,11.57267568,3.80654448
Fruit Fly,7.887080033,4.151833523
Fruit Fly,8.356936498,4.277107994
Fruit Fly,11.26814319,4.639337255
Fruit Fly,6.661867924,4.160408222
Fruit Fly,9.801916589,4.665270585
Fruit Fly,11.31284924,4.670289929
Fruit Fly,10.46454036,4.684302224
Fruit Fly,9.349986862,4.492312348
Fruit Fly,11.29868494,7.81051689
Fruit Fly,9.367470879,4.826307841
Fruit Fly,7.727510335,5.586529309
Fruit Fly,12.94351449,5.601169035
Fruit Fly,12.42209113,4.608384688
Fruit Fly,8.329935769,4.444837707
Fruit Fly,11.32302986,4.901179747
Fruit Fly,7.472995508,3.974692499
Fruit Fly,7.421649913,4.55087136
Fruit Fly,12.63189985,5.206941416
Fruit Fly,7.953475198,4.160617348
Fruit Fly,10.89832211,4.006063425
Fruit Fly,10.90916664,7.510192816
Fruit Fly,10.79231115,3.595104607
Fruit Fly,7.813160112,5.170760326
Fruit Fly,12.85963525,5.536335871
Fruit Fly,10.52606652,3.927636164
Fruit Fly,12.55997177,4.821915928
Fruit Fly,7.326926201,4.001253207
Fruit Fly,11.74685229,4.293420834
Fruit Fly,11.76765613,4.392971154
Fruit Fly,7.970074004,4.309106297
Fruit Fly,7.826660448,4.815641722
Fruit Fly,11.14796793,7.94833972
Fruit Fly,7.739240133,5.745475198
Fruit Fly,10.43156406,4.450693609
Fruit Fly,12.61286654,5.12286738
Fruit Fly,8.913770614,4.324791707
Fruit Fly,12.94749817,5.023107934
Fruit Fly,11.13800861,4.619050754
Fruit Fly,7.018852636,4.747671453
Fruit Fly,12.97826128,6.11376954
Fruit Fly,10.3981452,6.954091385
Fruit Fly,12.48715836,4.68660277
Fruit Fly,7.145003421,4.087627736
Fruit Fly,11.35025183,4.291956846
Fruit Fly,6.724058047,4.13823948
Fruit Fly,11.28916828,4.008363918
Fruit Fly,7.688779808,4.338804055
Fruit Fly,12.49025683,4.466169946
Fruit Fly,12.59715306,5.832477158
Fruit Fly,12.17532242,4.062112711
Fruit Fly,7.075509844,4.449020494
Fruit Fly,11.99273573,5.054897112
Fruit Fly,10.28770789,3.915087804
Fruit Fly,11.07891696,3.994351623
Fruit Fly,11.4044746,3.79211388
Fruit Fly,7.159831689,4.266860126
Fruit Fly,7.87689947,4.913518927
Fruit Fly,8.047092395,4.474535519
Fruit Fly,11.4190815,4.665479711
Fruit Fly,12.86295502,5.675831815
Fruit Fly,9.384954954,6.015683209
Fruit Fly,11.30598839,4.331275039
Fruit Fly,12.74565687,4.602528733
Fruit Fly,6.51159352,4.063158448
Fruit Fly,12.07927077,4.294466518
Fruit Fly,11.30156205,3.814700927
Fruit Fly,8.334804776,4.957647338
Fruit Fly,6.721402298,4.668198509
Fruit Fly,11.21967471,4.421832355
Fruit Fly,11.38654786,5.12098514
Fruit Fly,8.885663314,4.848267457
Fruit Fly,12.09697615,4.267696684
Fruit Fly,10.6402662,8.087835665
Fruit Fly,10.27265832,4.031160145
Fruit Fly,12.9370963,6.403218369
Fruit Fly,11.86857678,5.086058858
Fruit Fly,8.159742844,4.428315687
Fruit Fly,12.12906713,4.110005658
Fruit Fly,12.25543928,4.384187329
Fruit Fly,11.48304216,4.608593814
Fruit Fly,7.842373984,5.961306984
Fruit Fly,13.11171557,5.790440113
Fruit Fly,11.83936291,3.940602776
Fruit Fly,8.779652353,4.171492593
Fruit Fly,11.61096354,4.075915934
Fruit Fly,12.20652819,5.607443242
Fruit Fly,8.974854166,4.526192892
Fruit Fly,11.49941967,4.156852867
Fruit Fly,12.11733733,4.385233012
Fruit Fly,11.84445316,5.008677334
Fruit Fly,12.83595429,4.540205241
Fruit Fly,11.99052258,4.025513369
Fruit Fly,12.18683091,3.96214414
Fruit Fly,6.600120406,4.098084729
Fruit Fly,12.49069944,4.567184201
Fruit Fly,8.624508998,4.881729749
Fruit Fly,10.87375588,4.295930506
Fruit Fly,11.60697981,4.65962381
Fruit Fly,7.818693028,5.654917829
Fruit Fly,8.681387565,4.350515857
Fruit Fly,8.028501749,4.287983185
Fruit Fly,11.69904777,4.205582317
Fruit Fly,12.8948247,5.974482721
Fruit Fly,10.11286726,4.491894043
Fruit Fly,10.77504838,9.112200064
Fruit Fly,8.754643522,6.180694125
Fruit Fly,9.945772808,4.607338951
Fruit Fly,11.11477032,4.658578127
Fruit Fly,11.37194095,4.870645378
Fruit Fly,12.44245231,4.545852016
Fruit Fly,11.51756765,4.236534937
Fruit Fly,13.11547795,5.124540495
Fruit Fly,9.425234715,4.569693872
Fruit Fly,10.65000416,7.360658237
Fruit Fly,12.33577744,5.344973373
Fruit Fly,7.92868767,4.687648453
Fruit Fly,8.648411258,4.483737596
Fruit Fly,11.54722419,3.8460718
Fruit Fly,7.19789825,4.263932203
Fruit Fly,7.810061642,4.583497095
Fruit Fly,9.29178042,5.201085515
Fruit Fly,12.74986191,6.355952855
Fruit Fly,7.057804466,4.077798174
Fruit Fly,7.052492853,4.624279224
Fruit Fly,10.23591969,4.038061729
Fruit Fly,11.83382994,6.245109038
Fruit Fly,7.368976444,4.26455958
Fruit Fly,12.08856607,6.597299665
Fruit Fly,8.582458756,4.577013762
Fruit Fly,12.36521262,6.413884488
Fruit Fly,9.877164443,5.172015135
Fruit Fly,12.90854634,5.554740131
Fruit Fly,7.146331353,4.080935278
Fruit Fly,11.71763841,4.386278696
Fruit Fly,11.08179407,4.719228505
Fruit Fly,12.59007091,5.836032513
Fruit Fly,12.05116347,3.935792611
Fruit Fly,12.84989729,4.88779483
Fruit Fly,10.70223503,4.597091138
Fruit Fly,12.72927942,4.793054674
Fruit Fly,12.17421585,5.603051276
Fruit Fly,8.323517584,4.815641722
Fruit Fly,8.018542488,4.227960238
Fruit Fly,12.34396616,4.165845818
Fruit Fly,11.16810775,4.309733675
Fruit Fly,12.10361564,4.159362539
Fruit Fly,11.64349719,4.09264708
Fruit Fly,11.21015805,4.787407952
Fruit Fly,12.34684327,5.750285362
Fruit Fly,12.56528338,4.74265211
Fruit Fly,11.48879644,4.735750525
Fruit Fly,7.751412594,5.404159816
Fruit Fly,12.922932,6.26204931
Fruit Fly,12.60268598,6.516153606
Fruit Fly,7.438027416,4.025095064
Fruit Fly,8.169480802,4.526820324
Fruit Fly,8.162177348,4.598555126
Fruit Fly,7.975828223,4.417440442
Fruit Fly,11.23870796,4.380422795
Fruit Fly,7.477643212,4.173793139
Fruit Fly,8.36822369,4.891141059
Fruit Fly,6.428599606,4.110214784
Fruit Fly,12.6527037,4.294675644
Fruit Fly,6.907308759,4.274180016
Fruit Fly,12.69608181,4.690367305
Fruit Fly,12.61242393,4.359717988
Fruit Fly,10.58670747,4.260167668
Fruit Fly,12.78018241,4.875246416
Fruit Fly,12.98313029,5.423191508
Fruit Fly,8.207990026,4.328137936
Fruit Fly,11.21303516,6.154969974
Fruit Fly,10.23702626,4.540832672
Fruit Fly,11.71963031,5.837287323
Fruit Fly,12.64185911,7.954823053
Fruit Fly,10.72613728,3.80445306
Fruit Fly,11.58174967,4.836555654
Fruit Fly,7.8479069,4.409074869
Fruit Fly,10.73078493,4.692249545
Fruit Fly,11.87875735,4.394226017
Fruit Fly,8.159300238,4.914773789
Fruit Fly,12.03323679,5.033774053
Fruit Fly,10.9098306,4.504233276
Fruit Fly,7.789036549,4.187596308
Fruit Fly,13.05926341,5.427792546
Fruit Fly,12.19723284,10.02990343
Fruit Fly,6.502298225,4.229842479
Fruit Fly,10.10932619,5.098816398
Fruit Fly,10.04315238,4.486874699
Fruit Fly,8.198473371,4.482901092
Fruit Fly,12.61021079,6.565301361
Fruit Fly,7.584539385,4.546270268
Fruit Fly,6.695729444,4.284636956
Fruit Fly,7.714673964,4.50925262
Fruit Fly,10.59733069,4.56007349
Fruit Fly,12.14810044,4.927740401
Fruit Fly,12.14566594,4.049355226
Fruit Fly,7.590957626,4.561119173
Fruit Fly,10.40434208,4.150787786
Fruit Fly,11.84710903,4.55798207
Fruit Fly,8.998977728,4.48959355
Fruit Fly,11.93209484,4.907035594
Fruit Fly,11.46644342,3.8916642
Fruit Fly,11.09662233,3.855901361
Fruit Fly,11.04483408,5.140225958
Fruit Fly,12.721312,4.702079107
Fruit Fly,12.1155668,4.542714913
Fruit Fly,12.43625543,4.785107406
Fruit Fly,12.05404058,4.429988802
Fruit Fly,7.022172352,4.553171906
Fruit Fly,11.27190557,4.012337578
Fruit Fly,11.4843701,3.746103228
Fruit Fly,12.8009862,4.798492323
Fruit Fly,9.289788579,4.602319608
Fruit Fly,12.48605179,5.010559575
Fruit Fly,7.732379342,4.287146681
Fruit Fly,7.668418624,5.592803462
Fruit Fly,7.010221251,4.568020758
Fruit Fly,8.964673602,4.387115253
Fruit Fly,8.002828952,4.357835747
Fruit Fly,8.066347007,4.502141856
Fruit Fly,13.41934653,8.390251106
Fruit Fly,12.99264694,5.16113989
Fruit Fly,11.30156205,3.85527393
Fruit Fly,10.98330792,4.474953771
Fruit Fly,9.409963785,4.840738441
Fruit Fly,9.176695467,4.750808557
Fruit Fly,13.23521061,7.319457749
Fruit Fly,12.0994106,6.143676477
Fruit Fly,8.306476173,8.164798938
Fruit Fly,8.34719854,5.19564792
Fruit Fly,11.20816621,3.768899401
Fruit Fly,12.01376088,3.912578132
Fruit Fly,12.57745579,4.361391102
Fruit Fly,12.48007621,4.574922396
Fruit Fly,11.33852204,4.90013401
Fruit Fly,11.39429397,4.808740137
Fruit Fly,11.31528374,4.364946458
Fruit Fly,10.52695179,4.809158443
Fruit Fly,13.32794248,8.668406438
Fruit Fly,6.933424162,4.411166289
Fruit Fly,12.01420348,5.642369523
Fruit Fly,10.40721919,4.77172249
Fruit Fly,7.285761171,4.005017688
Fruit Fly,7.912088865,5.102371753
Fruit Fly,9.781776708,4.327092253
Fruit Fly,8.579360286,5.4110614
Fruit Fly,13.44678981,7.968626222
Fruit Fly,11.339186,3.909859281
Fruit Fly,9.901288062,4.185295815
Fruit Fly,7.748092822,4.333993891
Fruit Fly,6.050811104,4.485201584
Fruit Fly,9.160760628,5.804870767
Fruit Fly,7.385353947,3.974692499
Fruit Fly,12.19479833,5.394748559
Fruit Fly,11.46091044,4.980861817
Fruit Fly,12.38933618,4.178185052
Fruit Fly,11.13623807,4.398617929
Fruit Fly,11.82873968,4.10519544
Fruit Fly,7.281113523,4.228169364
Fruit Fly,8.969763856,5.545747127
Fruit Fly,6.46976458,4.131756148
Fruit Fly,12.23706993,4.791799865
Fruit Fly,12.80939623,5.656800123
Fruit Fly,10.38884985,4.229215047
Fruit Fly,7.793241534,5.368396977
Fruit Fly,8.016550591,4.554426715
Fruit Fly,12.01398218,3.940184524
Fruit Fly,7.110477936,4.329811051
Fruit Fly,12.11025518,4.172747456
Fruit Fly,8.400093369,4.675936651
Fruit Fly,12.61928478,5.166995792
Fruit Fly,10.28151101,7.54428254
Fruit Fly,10.93151966,3.929518405
Fruit Fly,12.4488705,4.88047494
Fruit Fly,8.848924684,4.055002001
Fruit Fly,9.880926821,4.171074341
Fruit Fly,12.50818351,4.524938083
Fruit Fly,11.89823326,4.194707072
Fruit Fly,8.835424348,4.761474622
Fruit Fly,6.971712027,4.500259616
Fruit Fly,11.30134074,11.31276409
Fruit Fly,7.559751856,4.155388878
Fruit Fly,6.569578659,4.083863201
Fruit Fly,9.359282157,5.886853383
Fruit Fly,12.10228776,4.548570814
Fruit Fly,11.28850432,4.966222037
Fruit Fly,12.23817651,4.462405411
Fruit Fly,9.399561918,4.546270268
Fruit Fly,7.55930925,4.167518932
Fruit Fly,11.37017041,4.191151717
Fruit Fly,13.01699181,5.073928804
Fruit Fly,12.40261521,4.348006185
Fruit Fly,7.482733522,4.474117213
Fruit Fly,8.110167788,4.367037878
Fruit Fly,9.084627505,4.091392271
Fruit Fly,7.232202376,4.961620999
Fruit Fly,8.716355657,4.655650149
Fruit Fly,7.673951597,4.401545853
Fruit Fly,12.24282415,5.21718923
Fruit Fly,11.48414879,4.068596044
Fruit Fly,12.53651211,4.326883127
Fruit Fly,12.72263988,5.973855344
Fruit Fly,7.598925046,4.226287124
Fruit Fly,11.63862818,3.799642896
Fruit Fly,12.2470292,4.014219819
Fruit Fly,8.308910676,9.104461922
Fruit Fly,9.368356205,5.236639174
Fruit Fly,7.846136363,4.645402336
Fruit Fly,12.69431128,4.525147209
Fruit Fly,6.658105545,4.725711837
Fruit Fly,9.469498159,4.309733675
Fruit Fly,12.22799594,6.265813845
Fruit Fly,11.66540755,4.540205241
Fruit Fly,10.52252545,3.541355813
Fruit Fly,6.892701795,3.957124796
Fruit Fly,10.7221536,3.678551212
Fruit Fly,11.47596001,11.42026168
Fruit Fly,10.70489083,10.78510556
Fruit Fly,13.06014868,5.305446053
Fruit Fly,10.4663109,5.083340061
Fruit Fly,13.00614728,6.81459544
Fruit Fly,11.28739775,4.825052978
Fruit Fly,11.21436309,4.765657462
Fruit Fly,11.56006056,4.390043177
Fruit Fly,12.05094217,4.79138156
Fruit Fly,11.38986763,4.331902471
Fruit Fly,11.86769151,4.981489248
Fruit Fly,6.833831387,4.480600546
Fruit Fly,12.23375016,4.758755824
Fruit Fly,12.40549232,4.915192041
Fruit Fly,10.37402164,4.431661916
Fruit Fly,12.04363872,4.984417172
Fruit Fly,11.29757837,4.015683808
Fruit Fly,13.01699181,5.076856782
Fruit Fly,12.20497895,5.309419714
Fruit Fly,9.328961712,4.265605317
Fruit Fly,13.09069042,5.318203539
Fruit Fly,7.88685873,4.572830976
Fruit Fly,11.70236754,4.291956846
Fruit Fly,8.037354438,9.473592822
Fruit Fly,8.825686334,5.295616491
Fruit Fly,9.112956109,5.580464282
Fruit Fly,12.52854469,5.265500428
Fruit Fly,9.517966587,5.039211649
Fruit Fly,11.67647344,4.256403187
Fruit Fly,12.34440877,4.396108257
Fruit Fly,11.54058464,5.901702289
Fruit Fly,8.857777373,4.06880517
Fruit Fly,10.41186684,4.609430371
Fruit Fly,8.52978523,4.502560162
Fruit Fly,7.797446575,5.213424749
Fruit Fly,11.92235682,4.0347155
Fruit Fly,13.28611354,6.70249676
Fruit Fly,11.85286325,3.878906714
Fruit Fly,12.04452393,5.310047092
Fruit Fly,9.798596874,4.149323851
Fruit Fly,10.84277147,4.424551206
Fruit Fly,8.661026325,4.942171001
Fruit Fly,11.14641869,4.878801825
Fruit Fly,12.40283652,4.884657726
Fruit Fly,10.39703863,4.040780527
Fruit Fly,13.27128527,8.246781554
Fruit Fly,9.26588632,4.230888162
Fruit Fly,7.790585727,5.237894037
Fruit Fly,10.32953683,4.373939462
Fruit Fly,12.37893426,4.48352847
Fruit Fly,11.12118856,3.662865749
Fruit Fly,12.93665364,5.505174124
Fruit Fly,11.18625579,9.035445971
Fruit Fly,12.68501598,5.368396977
Fruit Fly,8.05860089,4.212483901
Fruit Fly,6.673819082,4.154134015
Fruit Fly,12.96077726,4.735750525
Fruit Fly,7.872030463,5.701346787
Fruit Fly,13.15730695,5.47840429
Fruit Fly,10.35543093,4.307014877
Fruit Fly,11.54766679,4.113351887
Fruit Fly,7.927802401,4.449020494
Fruit Fly,7.715116571,4.476626885
Fruit Fly,12.27491519,5.166159234
Fruit Fly,8.244949958,9.143780116
Fruit Fly,10.07745651,4.162708768
Fruit Fly,6.346269602,4.303250396
Fruit Fly,11.70502335,5.83498683
Fruit Fly,7.816479827,4.359299736
Fruit Fly,12.4747646,9.394538183
Fruit Fly,12.84192987,5.447033364
Fruit Fly,6.033327029,4.511762292
Fruit Fly,10.55107541,4.533303656
Fruit Fly,12.49069944,9.745892253
Fruit Fly,11.9537839,4.219385486
Fruit Fly,9.27097663,4.293211708
Fruit Fly,11.23273244,3.842934696
Fruit Fly,10.66527504,4.484365027
Fruit Fly,8.477333064,4.400081865
Fruit Fly,11.35910452,4.611730917
Fruit Fly,11.10879479,4.555263272
Fruit Fly,9.116275881,4.679910311
Fruit Fly,7.765576896,5.578163736
Fruit Fly,13.37973074,7.557249151
Fruit Fly,11.27544664,3.792532132
Fruit Fly,11.70391677,5.546583684
Fruit Fly,13.38260785,8.073195885
Fruit Fly,12.74831273,5.951686548
Fruit Fly,12.98268762,6.243854175
Fruit Fly,8.218170589,5.050296074
Fruit Fly,13.23675979,5.642578649
Fruit Fly,9.484105067,4.771095058
Fruit Fly,10.94214289,4.197216744
Fruit Fly,8.330821095,4.506952074
Fruit Fly,11.06298212,4.563419719
Fruit Fly,8.293861105,4.546688573
Fruit Fly,12.29660425,5.427165115
Fruit Fly,11.10370448,4.495031146
Fruit Fly,6.824757395,4.111051341
Fruit Fly,11.07869565,3.625011544
Fruit Fly,10.88681361,4.922511931
Fruit Fly,8.900934244,4.402173285
Fruit Fly,12.42186982,4.236953243
Fruit Fly,10.83480405,5.232038136
Fruit Fly,8.12145498,4.78615309
Fruit Fly,12.103837,5.982430043
Fruit Fly,11.37526067,4.457804372
Fruit Fly,7.478749783,6.346750778
Fruit Fly,11.46555809,4.97667903
Fruit Fly,9.233573978,4.443792024
Fruit Fly,7.186389755,4.02739561
Fruit Fly,11.2546428,4.513226281
Fruit Fly,8.95117321,4.168773795
Fruit Fly,12.67926176,5.654290451
Fruit Fly,12.18727358,4.745789213
Fruit Fly,9.076881389,8.777368014
Fruit Fly,12.27801361,6.39987214
Fruit Fly,8.903811354,4.050610089
Fruit Fly,13.33745913,7.604514666
Fruit Fly,10.38110379,4.810622378
Fruit Fly,12.06909015,4.908499583
Fruit Fly,8.329935769,4.644774904
Fruit Fly,12.72263988,4.74453435
Fruit Fly,7.17997157,4.672799547
Fruit Fly,10.61370814,4.46177798
Fruit Fly,12.65712998,5.110946452
Fruit Fly,11.20528904,4.33315728
Fruit Fly,9.823827008,5.085013175
Fruit Fly,8.460291652,4.906617342
Fruit Fly,13.24339933,5.790858419
Fruit Fly,11.00012803,3.777892406
Fruit Fly,11.15770588,4.693713534
Fruit Fly,8.748889302,5.462091396
Fruit Fly,7.180635479,4.174211391
Fruit Fly,12.79346139,5.781028857
Fruit Fly,11.93674249,4.948445208
Fruit Fly,8.618976082,9.162811808
Fruit Fly,8.878802466,4.434589894
Fruit Fly,11.50428862,4.740560743
Fruit Fly,10.60706865,4.823589043
Fruit Fly,10.91691275,4.281081601
Fruit Fly,10.72171094,5.068072903
Fruit Fly,9.760308953,10.88821123
Fruit Fly,10.28394551,4.044126756
Fruit Fly,10.85273073,4.375612577
Fruit Fly,4.234018089,10.87984566
Fruit Fly,12.07196732,4.142213087
Fruit Fly,10.02788145,5.167623223
Fruit Fly,9.737070659,4.492521474
Fruit Fly,7.280228255,4.043081073
Fruit Fly,9.206130643,5.218025787
Fruit Fly,7.106272894,4.245109636
Fruit Fly,13.30514679,5.978247256
Fruit Fly,11.3790231,4.248665045
Fruit Fly,11.61870966,5.17389743
Fruit Fly,8.46693114,4.983998867
Fruit Fly,11.96352186,4.26999723
Fruit Fly,11.02447289,8.634734966
Fruit Fly,13.09356759,5.136461477
Fruit Fly,7.382034174,3.874933054
Fruit Fly,11.61140615,4.82233418
Fruit Fly,11.69373615,4.24490051
Fruit Fly,8.993223509,4.648957691
Fruit Fly,12.19081465,4.245737068
Fruit Fly,8.193825724,4.556727261
Fruit Fly,7.702058841,4.323118592
Fruit Fly,8.517170163,5.870540489
Fruit Fly,11.87742947,4.159780791
Fruit Fly,10.07303022,4.686184464
Fruit Fly,8.906688463,4.036179488
Fruit Fly,8.193161758,4.279617612
Fruit Fly,12.51083932,4.426433447
Fruit Fly,11.58661862,4.803093362
Fruit Fly,12.25521792,4.620514742
Fruit Fly,7.76491293,5.737946182
Fruit Fly,12.71445116,5.440340906
Fruit Fly,11.74618838,4.042871947
Human,4.76916309,9.169295141
Human,5.664612575,10.40238062
Human,7.721756115,10.8555855
Human,8.728749421,11.42381704
Human,4.538550579,7.910903767
Human,4.458655078,6.711071459
Human,4.293109743,11.47840244
Human,2.327148953,7.890198961
Human,5.316480552,7.656799525
Human,3.423775717,6.170028006
Human,8.125660021,10.41346499
Human,7.592285501,11.80507804
Human,2.793906948,6.852867897
Human,4.138187748,6.853913633
Human,6.595915422,8.335456629
Human,2.581221117,10.49858465
Human,5.779697528,10.08176999
Human,9.040142759,8.769629872
Human,2.358354666,8.97354073
Human,4.345340663,7.122657656
Human,1.537489125,8.904943031
Human,8.36822369,11.09400433
Human,8.184309069,12.03659529
Human,5.15159924,7.496598773
Human,5.008185683,10.81522162
Human,4.549837714,6.801210523
Human,9.976093253,12.68513633
Human,6.887390181,7.992468132
Human,7.129953851,12.13008059
Human,6.505396694,11.9372541
Human,9.675544445,11.43845682
Human,3.20046666,9.651779529
Human,6.332326603,7.318412066
Human,6.167002628,10.13844676
Human,-0.2525245208,10.92648374
Human,1.615392785,6.818987352
Human,3.792711531,7.007631052
Human,4.69347263,7.273028845
Human,3.585116011,11.09776887
Human,9.056077599,11.99581311
Human,2.249466596,6.658159223
Human,11.58418412,12.48561744
Human,13.13561783,11.70385461
Human,3.725209794,5.961306984
Human,8.448340494,11.81971782
Human,3.483974,5.870331363
Human,5.765533226,9.557875984
Human,7.204095132,12.0175636
Human,2.318517567,9.009094389
Human,3.730300104,6.615913052
Human,4.75035114,7.16783175
Human,2.597598563,5.574608327
Human,3.014117592,7.103835089
Human,3.574714087,6.408656019
Human,4.553600149,11.27804694
Human,11.39274474,12.61402896
Human,5.48423903,9.482167574
Human,7.033016938,8.02823097
Human,7.133716229,9.315065238
Human,8.671870911,10.5406217
Human,4.056964316,12.0487254
Human,7.947499619,11.58192642
Human,6.781157918,7.000101983
Human,2.665100356,5.404996373
Human,6.120526041,9.333051194
Human,7.268941062,11.95774978
Human,6.954006649,11.88476017
Human,7.34064784,11.75028357
Human,8.005706061,10.41890258
Human,3.949846783,6.83425451
Human,7.567055367,10.70500518
Human,3.157752452,10.31391467
Human,11.00344774,12.09138977
Human,6.106361739,11.77872652
Human,3.13340753,6.275852532
Human,1.652131415,6.998010617
Human,3.899607761,11.73062444
Human,3.757079474,5.807798691
Human,7.132388354,11.11575482
Human,4.859239211,12.89072031
Human,4.936921568,7.274283655
Human,10.03252916,11.40143917
Human,6.631768782,7.924497864
Human,3.232779002,7.110945853
Human,3.393897936,6.447555907
Human,5.899651431,7.176406449
Human,9.398455346,11.56456784
Human,6.25110317,9.751748154
Human,9.885795828,12.53727487
Human,9.983839369,12.58516776
Human,8.768143914,11.83958607
Human,9.675544445,11.20840356
Human,4.87008374,12.66966005
Human,1.984771205,6.848685164
Human,10.25539561,11.54804582
Human,3.209540652,6.187177458
Human,7.367869872,11.58610915
Human,4.527263386,9.715357884
Human,1.854636682,7.307955073
Human,6.317055729,7.269891742
Human,6.123845757,7.493879975
Human,7.032352972,9.182470878
Human,3.854901711,9.074973291
Human,6.259734556,9.908811802
Human,0.9627282717,8.735749275
Human,3.877033376,11.64550478
Human,8.031600218,11.63902144
Human,5.261151276,11.28829475
Human,9.981626169,11.63734833
Human,7.35658268,11.83895864
Human,4.344012731,7.075392141
Human,3.765489499,11.42988212
Human,5.996145737,9.719540671
Human,4.861009749,7.669766136
Human,4.212328973,8.675098896
Human,1.666074414,8.836972709
Human,8.039567581,11.18288853
Human,5.112868712,8.047471735
Human,4.208787898,6.753108451
Human,7.953917861,11.33597857
Human,9.649871704,12.05876409
Human,7.639868717,9.859664047
Human,9.928510037,12.24698943
Human,5.042711169,10.8014184
Human,4.105654103,12.02467436
Human,6.985212419,12.08825272
Human,4.92497041,9.179333828
Human,11.3487026,12.5406211
Human,1.772306677,6.450902136
Human,1.45803623,7.385336651
Human,4.172934537,8.032204577
Human,4.48764759,10.7129525
Human,4.9479874,8.202444017
Human,4.80036886,12.37017253
Human,10.5063693,12.01881846
Human,6.433468557,9.042347555
Human,8.411601865,10.79472594
Human,4.845074909,12.44901805
Human,3.641330555,6.764192822
Human,5.2835043,10.67488912
Human,10.71639933,12.49586526
Human,4.830468001,12.74745988
Human,7.796340003,11.19794656
Human,9.480342688,12.38669455
Human,6.76345254,11.5942656
Human,6.349368014,9.810725418
Human,3.803113455,7.929517208
Human,2.842596736,8.673007476
Human,8.924393841,11.77914477
Human,6.584185567,7.579208821
Human,5.873093365,9.176196725
Human,11.16832911,11.96339655
Human,3.547492055,8.861651177
Human,5.358530851,9.212586941
Human,3.220385238,10.73031108
Human,6.42284533,11.35291884
Human,1.25818677,8.143885005
Human,7.70803442,7.431974734
Human,5.962948183,9.33723398
Human,2.773103158,7.263826715
Human,9.636371311,12.49900236
Human,8.509645406,12.37435532
Human,5.721712389,7.266336387
Human,5.99636704,6.780923968
Human,7.235300846,9.283485187
Human,1.259736004,7.496389647
Human,8.065019075,10.13112687
Human,6.113886496,7.058451869
Human,6.440772011,7.587365214
Human,7.104502356,10.44420848
Human,8.225031437,11.98138251
Human,10.57497761,12.57638388
Human,3.020093115,7.994977804
Human,6.558070164,7.37948075
Human,5.165320935,10.93380363
Human,2.073740754,5.64634313
Human,4.329848429,11.34099792
Human,6.419525558,7.307327695
Human,4.750129837,8.79932763
Human,8.802669343,12.3068033
Human,2.845695205,7.273028845
Human,2.934000732,9.912367158
Human,4.889338352,10.21394604
Human,9.363044592,12.05353556
Human,4.036603132,11.93390787
Human,1.719633208,7.078320118
Human,8.104856174,10.71797185
Human,1.935196149,9.283903438
Human,4.744375561,9.975945513
Human,7.688337202,12.1551773
Human,4.021553561,11.38178005
Human,4.092153767,6.945725811
Human,6.496322646,10.66819666
Human,6.34007272,7.363795287
Human,3.042003533,6.493775685
Human,9.843745529,11.83770378
Human,2.565064918,12.27982434
Human,9.542975474,11.36253923
Human,5.979989594,6.855377622
Human,7.409034846,8.659831685
Human,5.003538036,10.74411425
Human,7.831972061,12.13740048
Human,10.22662434,12.35239565
Human,3.004822241,6.365991542
Human,6.36087651,7.081038916
Human,9.647658504,12.00208732
Human,4.619995314,8.390460232
Human,8.25911426,11.87074782
Human,6.500085081,7.936209666
Human,2.710470372,8.441908533
Human,3.206442239,9.702182093
Human,8.327501322,11.8569446
Human,4.016905857,7.133951153
Human,5.862691498,9.949803057
Human,2.946615856,8.135728558
Human,11.42704892,12.65209235
Human,4.590338779,11.07141728
Human,5.668374954,9.081038318
Human,6.131813233,7.576699149
Human,2.924041471,5.443687135
Human,4.454007374,12.04914365
Human,6.180502964,10.61863065
Human,11.29160279,11.78039963
Human,1.23716162,7.804870115
Human,2.147660676,6.426223669
Human,9.433866101,11.60639571
Human,8.084273687,9.151936563
Human,1.820332499,6.374566295
Human,11.08378591,12.65502027
Human,1.098395768,9.188326779
Human,4.863886858,12.66338584
Human,3.847155595,6.957019308
Human,7.641196592,10.97625893
Human,6.752386651,11.82766509
Human,4.9479874,7.139597928
Human,9.591665262,11.96214169
Human,1.623138845,6.815222871
Human,8.12145498,7.9918407
Human,2.853219962,6.238834831
Human,10.37889059,12.64309934
Human,2.459275317,8.273551388
Human,7.855210354,11.0017739
Human,8.395003059,10.93443106
Human,5.80382109,7.477148829
Human,1.776069056,7.02478045
Human,9.830909159,11.8542258
Human,6.480830469,9.75718575
Human,9.079315892,11.98389218
Human,10.4521466,12.74244054
Human,3.321748495,10.17483703
Human,6.686876755,11.60033068
Human,7.609769576,10.50945995
Human,4.630839844,9.315901796
Human,1.060771813,9.151727384
Human,1.15925796,8.846802271
Human,1.177184697,9.045693785
Human,4.714940386,10.60566399
Human,6.303776696,7.020597664
Human,2.197899699,7.921779012
Human,1.120527489,8.347377557
Human,5.654431955,8.262676143
Human,7.761150552,11.69444335
Human,4.887567815,12.81710326
Human,3.425546255,5.98849507
Human,2.798111989,12.14953053
Human,6.379909819,8.498376178
Human,3.913108097,7.612461934
Human,8.290098727,11.82578285
Human,6.448739487,8.793680855
Human,7.965204997,10.42329449
Human,2.212506607,6.652721574
Human,2.926254615,7.972599882
Human,2.226449605,12.5609076
Human,2.29284477,6.893650079
Human,2.577016076,9.059287828
Human,8.496145013,11.43301922
Human,1.948032575,6.648120535
Human,4.776466544,12.09348119
Human,9.199933761,12.10519299
Human,2.063560134,9.127885527
Human,5.762213454,9.563941011
Human,8.558999102,10.69454824
Human,4.880706967,12.72194486
Human,6.393631458,7.132068912
Human,7.802315525,10.17609184
Human,0.2018397102,10.81731304
Human,7.274031373,8.028021791
Human,3.561435054,10.97688631
Human,3.576705928,6.099548066
Human,2.7352579,7.983056875
Human,6.047933994,11.46815463
Human,4.269428844,11.45100518
Human,3.690684309,8.537903498
Human,3.667446015,8.945725159
Human,5.680326112,7.841260385
Human,10.15978657,12.65732082
Human,1.453609886,6.239462263
Human,9.77004691,12.80058124
Human,4.897305772,11.99832278
Human,7.525005068,12.31349576
Human,9.440062926,11.37174136
Human,4.269428844,6.21331986
Human,6.842241469,11.50454484
Human,8.192497792,9.739618046
Human,8.279696804,11.78374586
Human,6.156379402,11.4995255
Human,5.464320509,8.400708099
Human,2.074625967,8.826097464
Human,-0.3399448354,11.02143302
Human,1.909080745,9.415661241
Human,4.892436822,6.555890105
Human,4.791737474,11.52148512
Human,4.737072107,6.699150531
Human,7.449978517,10.96475625
Human,5.763320025,11.15988323
Human,6.668950075,9.253159997
Human,4.368357653,6.857468988
Human,1.019606839,8.787197576
Human,2.818251813,8.897204835
Human,8.267081736,9.88246022
Human,6.360433903,11.56101244
Human,11.52841224,11.49659758
Human,3.722996594,11.51102818
Human,9.393365036,12.2689491
Human,7.449314608,9.841678038
Human,7.765134233,12.23255883
Human,10.34613564,11.23538252
Human,6.524429947,8.323326521
Human,7.096977599,8.976468654
Human,1.54899762,7.313811028
Human,10.48689339,11.53821626
Human,3.68692193,9.051549686
Human,1.299573103,7.904211309
Human,11.37570333,12.11376769
Human,10.80315568,12.61172842
Human,6.269029851,10.77151151
Human,6.022261197,7.991631574
Human,7.050943618,11.84816077
Human,3.977732724,7.740246076
Human,3.126989344,6.807902981
Human,5.893454549,8.211646147
Human,7.18771763,10.06775769
Human,6.538815552,7.313392722
Human,7.180856782,7.889989835
Human,3.792932891,7.111154979
Human,6.321039411,7.408760256
Human,4.277174904,6.110005006
Human,4.79218008,11.08501138
Human,6.745083197,11.62249942
Human,2.620172947,8.218129426
Human,7.159610329,11.49262392
Human,3.830556789,7.164903827
Human,6.350695946,8.377702746
Human,2.794792217,7.172223663
Human,4.940019981,12.88737408
Human,6.543684559,10.08051518
Human,2.905672128,5.455817189
Human,6.091976078,7.924079558
Human,7.842373984,11.78207274
Human,8.527572086,11.47631102
Human,5.66903892,10.59792585
Human,2.628804276,12.1376096
Human,5.296119424,7.915086554
Human,8.688691019,11.60388604
Human,9.784653875,11.53591572
Human,8.017878522,10.67384344
Human,6.9070874,10.71985409
Human,5.395712143,10.99675456
Human,8.405404982,11.56331298
Human,8.924393841,9.833103339
Human,2.633009318,9.776217442
Human,7.329360648,6.545851417
Human,10.36760339,12.40823586
Human,9.281378496,11.5649861
Human,7.798331844,11.8000587
Human,3.672314965,11.43887507
Human,10.87021481,11.73062444
Human,7.797446575,11.38387147
Human,4.99291481,6.92648494
Human,4.151909387,11.96025945
Human,9.930280575,12.11753223
Human,7.095428365,9.193973554
Human,8.35516596,11.4164972
Human,4.119818405,12.04370606
Human,8.8285635,12.45487395
Human,8.730077296,11.60451342
Human,4.717153586,7.014114331
Human,0.9698104226,8.976259528
Human,7.686124001,10.76816529
Human,3.312010537,8.234860572
Human,9.334273325,11.38073436
Human,7.428068155,12.12150583
Human,8.81063682,10.73470299
Human,5.823960971,8.594998521
Human,5.987957014,11.4047854
Human,7.253227526,12.19261326
Human,1.661869372,9.129558642
Human,9.518630552,11.36442152
Human,-0.2939108544,10.98797073
Human,11.36043246,12.65334716
Human,8.748446639,11.96339655
Human,9.135530437,11.07999204
Human,9.922534515,12.15015796
Human,6.007211626,7.353338347
Human,7.946614407,9.436156869
Human,4.095473483,11.99267601
Human,11.03000581,12.53016411
Human,3.596403203,9.439503098
Human,2.154300164,7.307955073
Human,7.684574823,10.07716895
Human,3.420456002,6.259539638
Human,5.864683339,11.50517228
Human,6.407131794,8.108540472
Human,2.887302785,7.032936898
Human,5.645357963,10.2689497
Human,3.036470617,8.56216366
Human,3.949846783,7.763042249
Human,3.77257165,7.737318152
Human,1.647262464,6.035133153
Human,7.214496999,12.24197009
Human,7.39553451,11.27574645
Human,6.848438351,10.15475965
Human,3.451219109,10.84868391
Human,2.26982778,10.04809857
Human,4.090825836,7.485096097
Human,9.422136246,11.15904667
Human,2.258761891,9.381362392
Human,3.883672921,5.830594864
Human,2.936213932,5.67729575
Human,10.29147027,12.10937578
Human,5.381547841,12.33921991
Human,3.371102248,9.537589483
Human,8.154431231,11.38554458
Human,2.185727237,9.505172874
Human,4.352644117,11.38826338
Human,3.35118367,8.081143207
Human,5.28660277,8.644982833
Human,2.900139212,10.59688016
Human,8.534211574,10.41973914
Human,2.928689119,6.007735888
Human,10.76221201,12.6700783
Human,1.38809999,8.122552767
Human,2.757610925,12.17567293
Human,7.655582254,10.80058189
Human,1.576662258,8.648956494
Human,10.30253616,12.64309934
Human,4.891551496,12.68848256
Human,3.511638695,6.788243858
Human,3.580247003,6.888630735
Human,3.176343098,6.112096426
Human,6.691081796,9.030008322
Human,2.600475673,7.474848283
Human,2.430282747,7.492206861
Human,4.605831012,8.129454351
Human,3.612780648,10.99361745
Human,3.110169236,9.016832531
Human,8.764824142,9.800268478
Human,4.727555453,11.58506347
Human,9.29687073,12.3068033
Human,5.386638152,8.904943031
Human,3.852245848,5.875141581
Human,3.789613118,11.56414954
Human,7.480741624,11.72936963
Human,3.812851412,7.226390762
Human,3.550147862,7.599286196
Human,6.985212419,9.613507018
Human,3.423333111,9.916340765
Human,1.063206316,7.712430559
Human,4.762080939,10.06399316
Human,4.932052561,12.57512907
Human,10.395932,12.17190845
Human,10.27044512,12.35030428
Human,3.127874613,6.308896519
Human,4.686390479,7.510611121
Human,7.816479827,10.87754517
Human,10.18413144,12.39066816
Human,4.316348093,7.181007541
Human,4.251944769,11.41085043
Human,4.668021136,11.71012882
Human,4.472155414,12.31307751
Human,2.661559281,12.2120632
Human,7.353262908,11.71242936
Human,1.502963639,8.551915846
Human,9.133317293,12.22774866
Human,7.708477026,11.44514927
Human,3.629600757,9.762832525
Human,11.22122388,12.64414503
Human,5.744508076,10.83634468
Human,6.388098541,7.348737255
Human,3.003273063,8.995082041
Human,1.753494728,8.299066359
Human,7.001368562,10.1154414
Human,4.047226358,6.816268554
Human,5.562585296,10.09557321
Human,10.53978822,12.56655432
Human,10.00774163,12.21917391
Human,3.020757081,11.94561967
Human,7.139470505,9.220325083
Human,5.655538584,9.730415916
Human,6.582857692,11.02164215
Human,3.506990991,7.676458595
Human,9.456883091,11.85568979
Human,4.198386031,7.180170984
Human,1.554309233,8.889048388
Human,9.2158686,10.93254877
Human,5.997031006,7.012441217
Human,6.897349442,10.73658523
Human,4.097022718,7.57523516
Human,4.455556608,8.845129156
Human,7.459052565,8.161452708
Human,2.066658603,6.269578326
Human,11.31639031,12.40007947
Human,9.666470453,12.51217815
Human,9.832015731,12.13196283
Human,2.251901099,9.162602682
Human,6.624465328,9.871584975
Human,4.461532187,9.726651435
Human,5.762434757,9.106762468
Human,3.675413435,10.16040637
Human,5.894561177,9.506427683
Human,3.821482798,11.28453027
Human,7.288416977,10.77715829
Human,5.150271365,6.737632167
Human,2.111807259,8.409910229
Human,3.658372023,11.33388715
Human,7.046074611,9.187699401
Human,-0.3877493541,11.03356308
Human,10.41363738,12.13593649
Human,4.053865846,12.02781141
Human,10.2365836,12.36661718
Human,10.79319642,12.24155183
Human,9.875172602,11.71033794
Human,10.66416846,12.46135728
Human,10.01371715,11.94018208
Human,9.458432269,11.71012882
Human,2.84990019,8.881310247
Human,6.284300781,7.401440366
Human,4.483442606,12.28798079
Human,3.01079782,11.9286794
Human,1.156823513,7.521486366
Human,3.619420193,6.57513087
Human,5.441746124,8.030740589
Human,7.415895694,9.540935712
Human,1.413330181,8.404054328
Human,2.760045428,8.809993749
Human,6.834938015,10.31600603
Human,1.736010654,6.697686542
Human,1.468438153,8.541877158
Human,7.836398405,11.23747394
Human,2.061789596,6.369337772
Human,2.143898298,7.186654317
Human,2.983354485,8.242389641
Human,10.84764042,12.39903373
Human,6.772747892,11.80528717
Human,4.383185864,7.209032185
Human,7.690329042,11.5361249
Human,1.828521222,9.170759076
Human,1.569358804,8.929203139
Human,6.336088981,11.48112124
Human,9.893099282,11.54030768
Human,3.673421537,11.50579965
Human,2.755619084,7.296661576
Human,6.687098115,11.29289584
Human,7.916072603,10.52828246
Human,8.68050224,11.36337578
Human,5.493534325,10.93233964
Human,7.407264308,6.686393045
Human,9.616895396,12.66464071
Human,3.788949153,11.5536926
Human,2.11114335,9.898982241
Human,6.098836925,8.410955913
Human,4.013807444,6.840737842
Human,4.939798678,9.52190402
Human,7.477421909,12.44901805
Human,3.305592352,11.52064856
Human,9.290895151,11.75572116
Human,7.894383487,8.213946693
Human,7.842152681,11.96904328
Human,5.284168266,10.68450955
Human,1.802184516,7.186236011
Human,6.102820664,11.4656449
Human,6.618047143,7.535289535
Human,7.581219669,11.26968137
Human,3.6457569,5.945621521
Human,1.357558186,6.876500681
Human,4.035053897,6.729266594
Human,4.200599175,6.021748236
Human,7.092108592,7.888735025
Human,9.44471063,11.80528717
Human,3.633805798,6.877546364
Human,9.976757218,11.45602452
Human,3.820376169,10.63724404
Human,4.476139095,10.9331762
Human,2.366100783,7.074137332
Human,6.758140927,7.508101449
Human,3.764382927,11.33995218
Human,2.379601119,9.193973554
Human,6.520667568,7.573771172
Human,9.767612407,12.41388264
Human,3.619862799,6.640800645
Human,8.011238978,11.66119019
Human,1.131593322,7.607651769
Human,5.109991603,7.666629033
Human,5.110212963,8.209973032
Human,2.335558979,12.63515202
Human,6.237160171,10.986925
Human,4.554485418,8.544386777
Human,5.974235375,8.731775614
Human,7.388231056,10.43437892
Human,3.657486698,11.41775201
Human,4.796606424,8.786361019
Human,8.449668426,11.06054204
Human,6.231184649,10.97207609
Human,9.492072486,11.55097375
Human,2.590295109,5.511866583
Human,5.386416849,8.643518845
Human,3.638232142,9.825574323
Human,6.546561668,10.50255831
Human,9.537442502,12.23214058
Human,2.871589305,6.226704777
Human,8.235875966,9.986820758
Human,8.992780846,11.26277978
Human,4.164303152,8.952835923
Human,3.264648681,8.778832003
Human,6.286956588,9.747147062
Human,4.187541445,7.981592887
Human,11.37592463,12.63473377
Human,6.240479944,9.781655091
Human,0.9487853295,8.980442315
Human,5.594454975,9.268636281
Human,1.797536868,6.645819989
Human,7.338656,10.91079828
Human,6.487027351,9.729161107
Human,8.028059143,10.72027239
Human,8.715249085,12.42517619
Human,1.982558005,6.515735354
Human,7.291072784,9.857363501
Human,5.862691498,7.32133999
Human,5.599102679,7.777891155
Human,3.481539553,8.680327366
Human,5.261372579,11.25148623
Human,8.706396397,12.19742342
Human,2.67019061,7.656381219
Human,7.816479827,10.06022862
Human,6.927669886,11.29415071
Human,1.496102791,9.29582442
Human,4.512656422,7.272819666
Human,7.770888509,10.90410582
Human,9.033724574,12.00104158
Human,6.909964509,9.373833376
Human,7.235964811,8.523472897
Human,2.764471772,10.12568927
Human,7.682804285,11.07329958
Human,4.522173076,11.40645851
Human,7.778413323,10.98713412
Human,4.581264787,11.78437329
Human,8.045985823,12.094736
Human,4.418154013,6.389624326
Human,2.007345533,5.805498145
Human,2.991764511,6.703124192
Human,2.274475427,7.577535706
Human,5.989948855,8.149322601
Human,3.143145544,6.879219479
Human,5.542888078,6.735331621
Human,10.7876635,12.56195328
Human,10.34834878,12.18550249
Human,10.55749359,12.65313803
Human,6.5478896,7.636094718
Human,6.176076676,8.570947485
Human,6.639957562,10.9737492
Human,2.525006516,8.265394941
Human,5.366719574,9.06577116
Human,2.720208329,7.086685691
Human,6.155715436,7.135206015
Human,5.39327764,8.658995182
Human,1.98123013,6.123389922
Human,1.280318491,8.243644451
Human,4.780228979,6.515107923
Human,3.118800622,11.95419437
Human,6.026023575,9.084593673
Human,3.639117411,7.417334955
Human,3.973085077,11.91069339
Human,8.784963966,10.71441644
Human,9.79328526,11.47401048
Human,6.133583771,7.383872662
Human,7.757388173,11.42298053
Human,9.394028945,11.45644283
Human,3.49415462,6.878592047
Human,4.797049087,8.844501725
Human,4.783991357,10.97416751
Human,8.068117545,12.01505393
Human,11.60366003,12.55693394
Human,4.785540592,11.04673887
Human,7.299925473,10.99110778
Human,4.799483534,10.56174476
Human,1.129380178,9.203803116
Human,8.71170801,11.86217307
Human,2.909655866,6.788034732
Human,2.637656965,12.17149015
Human,9.525712703,12.19888741
Human,9.999774209,12.12464294
Human,6.739328978,8.948444011
Human,3.875926805,11.71744871
Human,4.011372941,11.36400322
Human,7.704714647,10.62720535
Human,1.616278054,8.937777892
Human,8.797800393,12.25995609
Human,4.099678524,12.01066202
Human,9.180457846,10.20788101
Human,6.469321974,7.429883314
Human,3.407398272,5.940183925
Human,6.47264169,10.93735899
Human,7.197676947,12.12547949
Human,9.162088503,11.96862502
Human,4.755662754,7.336398022
Human,9.595648944,11.53633402
Human,4.7742534,8.034295997
Human,4.643676214,11.01013947
Human,8.176784312,9.43364725
Human,5.106450527,12.81271135
Human,10.74428532,11.21112235
Human,9.377872803,11.75509373
Human,8.502341895,11.82473717
Human,8.002828952,11.33221404
Human,8.984149517,11.30690819
Human,8.197809405,10.85077533
Human,4.229370385,6.43814465
Human,6.558291467,6.510506831
Human,6.658105545,7.594475978
Human,8.564310715,11.57544309
Human,6.237824137,9.272191636
Human,5.742073573,9.705737502
Human,5.501059138,11.48990512
Human,4.395579628,10.75875403
Human,5.285274838,7.323849715
Human,9.965470026,12.3546962
Human,4.859681817,12.96893844
Human,7.89261295,11.94018208
Human,2.009558733,6.250964939
Human,7.492028816,8.213528387
Human,6.241807876,10.92313751
Human,10.46144189,12.25012653
Human,6.345826939,11.7166121
Human,6.77141996,9.444731621
Human,4.945552954,12.08637043
Human,3.68692193,10.69956759
Human,7.076616416,9.186026287
Human,8.236318629,10.56864634
Human,3.071660069,10.50214006
Human,6.77429707,6.478926833
Human,6.389426416,7.029799794
Human,7.504201278,6.249082698
Human,2.498227147,6.076542713
Human,6.635531161,7.506428335
Human,7.022393712,10.96789336
Human,1.706132816,6.703542444
Human,7.391993435,10.86917959
Human,3.843171857,7.312556165
Human,8.239417042,10.46637722
Human,4.013364782,7.564778221
Human,6.404033381,9.216978854
Human,7.039213764,9.225344427
Human,9.356183744,11.50391741
Human,5.169083314,8.087208234
Human,8.108175947,9.808215746
Human,11.540806,12.56195328
Human,6.981007378,9.190836451
Human,9.816744857,11.45246916
Human,7.614417223,11.46940944
Human,5.986629139,9.160511262
Human,3.168375678,7.156956505
Human,6.857069737,8.359298485
Human,2.684576271,10.53643891
Human,7.09100202,6.41974039
Human,3.535098291,10.75373469
Human,4.261240064,6.282963243
Human,2.565286278,8.653766658
Human,9.834007628,12.27731467
Human,4.833566414,7.385754956
Human,4.351980151,11.65303374
Human,6.541914021,9.436366048
Human,5.698474095,10.5379029
Human,2.967640949,8.818777574
Human,1.727600571,9.345390427
Human,8.236097269,11.66641866
Human,10.06506275,12.49649269
Human,9.909476785,11.94101863
Human,8.204670253,11.45184173
Human,3.730078745,11.24814
Human,9.528147207,11.9376724
Human,2.822678214,10.61110164
Human,6.429042212,9.67018379
Human,2.484726811,7.326359334
Human,1.233841904,8.324581384
Human,5.949890453,9.958586935
Human,-0.2527458238,10.89992303
Human,3.273722673,8.909753195
Human,4.14504854,7.219489178
Human,6.190683584,11.06012379
Human,1.908638083,6.164381284
Human,2.358575969,7.751330447
Human,3.897173257,7.587156088
Human,3.48707247,11.31548289
Human,8.218391892,11.96632448
Human,5.701129902,8.749343371
Human,8.606803621,12.24824429
Human,6.194888626,11.11387258
Human,7.235743452,9.659517724
Human,7.217374165,6.480390768
Human,7.750527325,11.53549746
Human,8.297623484,11.29435983
Human,6.762788574,10.76335507
Human,2.638099628,7.331796983
Human,4.467950372,11.57356085
Human,7.086354373,10.1407473
Human,7.457282028,10.58307699
Human,2.925590706,8.26664975
Human,4.519959932,7.047158372
Human,6.808822555,8.585168959
Human,5.577192261,10.21185467
Human,3.326617502,6.397153342
Human,6.326572384,10.66254988
Human,6.850651552,9.475684242
Human,4.724678343,6.653349005
Human,3.613444614,10.33942964
Human,9.657396461,12.518034
Human,7.613089348,11.58882801
Human,6.675368317,7.373206543
Human,6.793551682,11.96151426
Human,7.990435188,11.21718743
Human,10.9308557,12.06252857
Human,4.495393707,6.397362468
Human,8.175898987,10.68095415
Human,1.162577732,6.980024608
Human,2.256106141,6.337130342
Human,3.855344318,10.63870803
Human,9.422800212,12.20202451
Human,3.334806225,8.448600992
Human,2.81316156,6.493984864
Human,1.211710183,8.341939908
Human,5.040940631,7.584646417
Human,6.481051772,11.50015293
Human,6.20418392,8.485409513
Human,4.147925649,7.391819983
Human,2.254335603,7.19292847
Human,5.447721703,10.77213895
Human,4.052537971,11.89939989
Human,6.794215648,11.77851734
Human,5.866232574,7.949385404
Human,7.493578051,12.1781826
Human,10.35410306,12.43667881
Human,8.640886501,11.71075625
Human,8.57670448,11.51855719
Human,10.54023082,12.13928272
Human,5.619906469,10.8497296
Human,2.464365627,8.300948653
Human,1.240038786,8.128826973
Human,5.478042148,10.90891604
Human,5.91846338,8.988807888
Human,5.181477078,9.148381154
Human,6.308645647,7.35438403
Human,4.654963406,12.26560287
Human,6.841134897,11.14775312
Human,6.958211691,9.176824103
Human,4.756105416,10.56760066
Human,9.665363881,11.25148623
Human,4.02221747,11.97385349
Human,5.396376109,7.167413445
Human,7.719542915,10.86374194
Human,6.935416003,11.76994264
Human,9.462416008,11.41879769
Human,4.969455156,8.046635231
Human,2.619287678,8.719436434
Human,6.325687058,7.287459446
Human,2.176210583,6.975214443
Human,4.814090499,6.546687921
Human,1.340516774,8.33399264
Human,5.344587852,9.187908527
Human,6.461354554,10.27062281
Human,1.954672064,7.176615629
Human,5.844986121,8.262467017
Human,10.32156941,12.42413045
Human,9.687052996,11.98431043
Human,8.426430132,11.36044786
Human,5.967374527,11.20087454
Human,3.620526765,11.37048655
Human,8.796915124,11.67248374
Human,2.650714695,11.9575406
Human,3.486187201,10.56446355
Human,4.060947997,12.07340381
Human,2.709806406,6.733867633
Human,5.356317707,7.353338347
Human,9.655847226,12.20829867
Human,2.500440347,10.39589728
Human,6.103484629,10.74850616
Human,11.36928514,12.1972143
Human,5.760221613,8.499421861
Human,11.53925677,12.6552294
Human,5.612381712,9.367140918
Human,11.69108035,12.53999367
Human,9.799924748,11.83519411
Human,6.620260287,10.19031331
Human,6.690196528,7.945411743
Human,5.528059867,6.715254246
Human,2.610877596,9.066607717
Human,9.052536523,12.26664855
Human,3.709053652,11.45602452
Human,1.750396259,6.848266858
Human,10.0630709,11.90943858
Human,4.57351867,12.24197009
Human,2.306123803,9.202966559
Human,5.19276427,5.751749351
Human,6.439444136,9.972390158
Human,2.80298094,8.655858078
Human,5.183247616,12.31014953
Human,1.456486995,6.245318164
Human,1.26327708,7.45728058
Human,9.635707402,12.61340153
Human,7.129732547,10.98546101
Human,10.66173396,11.88977951
Human,5.992825965,10.81814954
Human,4.211443704,12.1516219
Human,8.202678412,11.48865025
Human,4.056521653,12.05479043
Human,10.86357526,11.87283919
Human,8.149119618,11.68189499
Human,2.89106522,6.321026627
Human,6.683114377,10.26246636
Human,6.869906107,11.06472482
Human,8.346313272,10.51196957
Human,2.437364898,8.284844885
Human,4.667799833,7.181634973
Human,4.525492849,6.551916445
Human,3.764161624,11.43531971
Human,8.959361989,11.84711504
Human,4.275183063,10.52514536
Human,1.09153492,6.811249211
Human,1.823209609,7.380526433
Human,2.271377014,9.836449568
Human,3.297624932,9.200666013
Human,10.37490685,12.6525106
Human,7.059575004,10.70960627
Human,4.071571224,11.84230487
Human,8.352510154,10.82860654
Human,9.287575378,11.75007439
Human,4.53965715,9.539680849
Human,8.204891556,11.80047701
Human,6.53461051,11.60514085
Human,3.62185464,7.033773455
Human,10.02876678,12.24782604
Human,3.927715061,6.300740072
Human,7.07285398,7.14398984
Human,2.506194567,7.207568196
Human,1.840029774,6.644146875
Human,4.397350166,7.974900428
Human,5.39549084,6.67865485
Human,1.686214294,5.991004742
Human,6.232291221,6.706888673
Human,8.928820185,11.81595329
Human,8.289656064,9.644668818
Human,9.781776708,11.52545878
Human,4.195508865,7.995605182
Human,4.11340022,11.33325972
Human,4.726670184,8.276688438
Human,4.935814939,12.93652183
Human,6.382565625,7.542609425
Human,8.867072667,11.50517228
Human,6.656777614,8.003970755
Human,3.668109924,6.991109032
Human,2.905450825,6.441072574
Human,4.31103648,6.663178567
Human,6.597685959,11.75823083
Human,9.636150008,11.96088683
Human,3.860434628,11.45581539
Human,9.246410405,12.36703543
Human,4.921208031,10.87440806
Human,1.314401371,8.195333253
Human,1.627786549,6.031786924
Human,3.928157668,6.682419385
Human,3.120571159,7.146708692
Human,4.561124906,12.36180696
Human,7.93377798,10.22022025
Human,4.596093055,10.44086225
Human,5.009070952,11.21425946
Human,8.501899289,11.57586134
Human,1.018500267,7.700927883
Human,9.085070168,12.18780304
Human,11.04483408,12.62720475
Human,5.008185683,7.484468719
Human,4.540985025,11.05719581
Human,2.946615856,5.972391355
Human,9.077545354,11.71347505
Human,5.208920413,10.13949244
Human,1.520226354,6.684719931
Human,1.829185188,7.043812143
Human,6.84423331,10.83299845
Human,7.673287631,9.925542949
Human,5.979768291,8.519917489
Human,4.535673412,11.42549015
Human,6.5058393,11.04213778
Mouse,10.54310793,12.81793982
Mouse,9.175588895,10.75791742
Mouse,4.925855679,11.1989923
Mouse,2.468128006,8.208927349
Mouse,2.074625967,6.35114269
Mouse,3.417578892,11.52420391
Mouse,7.075067181,10.6065006
Mouse,5.776156452,11.60409516
Mouse,8.71458512,8.508205686
Mouse,2.007566893,6.748925664
Mouse,4.029299621,7.690052638
Mouse,3.267083185,9.59970385
Mouse,7.116674818,9.891244045
Mouse,3.755530239,11.24709432
Mouse,-0.4242666806,11.07183559
Mouse,1.321483522,7.409387687
Mouse,4.749908478,12.23653249
Mouse,9.305280756,12.03471305
Mouse,3.940772735,7.042139028
Mouse,5.638939778,8.044543811
Mouse,6.600120406,10.0031336
Mouse,4.385620368,6.570111526
Mouse,9.66315068,12.48206209
Mouse,2.076839167,6.49419399
Mouse,6.999598024,6.38021307
Mouse,9.908591516,11.70761914
Mouse,2.216490345,7.617899583
Mouse,1.884957126,7.805497546
Mouse,5.707548087,11.42026168
Mouse,0.1690847622,10.81689474
Mouse,5.26845473,9.893962897
Mouse,6.587062733,9.106344163
Mouse,4.246854459,11.51207386
Mouse,9.421472337,12.02969371
Mouse,8.37619111,11.89793591
Mouse,6.187363812,8.192614455
Mouse,5.377121497,9.284112618
Mouse,5.097376536,7.333679224
Mouse,2.147218014,5.870122237
Mouse,9.71029129,11.91132082
Mouse,7.523898496,11.15026285
Mouse,9.182228384,11.7626228
Mouse,8.065461738,11.44975037
Mouse,4.315684128,7.127467874
Mouse,1.711444429,6.503605247
Mouse,2.587196696,12.1516219
Mouse,0.6161455392,10.65230207
Mouse,2.868490836,6.502977815
Mouse,11.20019879,11.68377723
Mouse,3.601493456,5.753004214
Mouse,9.39557818,12.59269678
Mouse,6.587726642,10.69392081
Mouse,8.257786385,12.15350419
Mouse,2.071084891,6.95032685
Mouse,4.684841244,12.11209458
Mouse,4.589010904,6.386487223
Mouse,7.087903608,10.43793427
Mouse,9.771153482,10.09285441
Mouse,6.228750146,10.9729127
Mouse,6.136903487,11.14336121
Mouse,2.40483131,7.585901279
Mouse,9.523056897,12.00271469
Mouse,3.325732233,6.134683473
Mouse,7.45529013,12.08260594
Mouse,4.791294811,12.62218541
Mouse,2.506637173,6.382304437
Mouse,5.757123143,7.796922847
Mouse,-0.2835089311,11.0044927
Mouse,6.029122045,11.90044558
Mouse,8.270180149,12.15810523
Mouse,5.576085689,9.770988972
Mouse,3.775891423,7.916759668
Mouse,4.906601124,12.53162809
Mouse,9.894648517,11.61978063
Mouse,2.90390159,7.242912782
Mouse,3.781867002,7.144617272
Mouse,5.758229772,9.452888015
Mouse,7.492028816,11.97301694
Mouse,3.506990991,7.571052374
Mouse,8.633140384,11.33221404
Mouse,3.428644724,6.55003415
Mouse,3.102644479,8.847011397
Mouse,2.545146397,6.083026046
Mouse,8.774562099,10.44734553
Mouse,8.710601381,10.80434638
Mouse,5.635398703,9.175987599
Mouse,2.382256926,6.344031926
Mouse,5.171075155,8.127990416
Mouse,6.811478362,10.52807334
Mouse,3.110611899,6.610684582
Mouse,1.912400461,5.89814688
Mouse,3.687807199,10.43124182
Mouse,3.687143233,6.547524532
Mouse,2.393765421,6.69120321
Mouse,8.016993254,10.13363654
Mouse,1.857513791,9.169295141
Mouse,9.964142095,12.60629082
Mouse,0.1887819803,10.82588774
Mouse,8.54284296,10.56320874
Mouse,3.899607761,6.415139298
Mouse,7.934884552,12.15852353
Mouse,4.016020645,7.527969699
Mouse,6.29315347,8.451738095
Mouse,2.36875659,6.615703926
Mouse,7.617515692,10.0207013
Mouse,5.152484508,11.19334552
Mouse,2.409921563,7.075183015
Mouse,9.963920792,12.67635251
Mouse,9.101668917,11.00679324
Mouse,9.665585184,12.32039735
Mouse,4.911912737,12.65418371
Mouse,10.7876635,12.39359614
Mouse,4.777351869,7.510192816
Mouse,7.193250546,8.839273255
Mouse,4.843083068,6.428315089
Mouse,-0.388855926,10.99424488
Mouse,-0.2777547118,11.00010079
Mouse,-0.3591994474,10.97730461
Mouse,9.895976449,11.90483754
Mouse,9.047446213,12.23527763
Mouse,4.838878027,10.17400042
Mouse,6.182494862,8.559863114
Mouse,3.652396444,7.659936574
Mouse,7.450199877,8.577430817
Mouse,8.252474772,11.19731919
Mouse,8.834317719,11.03544532
Mouse,2.415675839,6.664433376
Mouse,2.01509165,7.751121321
Mouse,6.314178619,7.76387886
Mouse,9.467948924,12.00396956
Mouse,6.992073211,11.46794545
Mouse,1.533284084,7.269473437
Mouse,10.05687402,12.36243434
Mouse,4.495172404,7.247932126
Mouse,9.136415762,11.07978286
Mouse,7.482512162,10.78719698
Mouse,7.568383242,11.42423534
Mouse,5.486452174,8.166681178
Mouse,2.751635346,6.016938018
Mouse,6.597021994,11.30105229
Mouse,3.647084831,7.004493949
Mouse,7.305015783,11.51772063
Mouse,4.027086477,11.52901413
Mouse,10.16443422,12.63661601
Mouse,8.204891556,11.14231553
Mouse,7.404829862,10.97165784
Mouse,6.211266071,7.484050413
Mouse,12.26783304,11.24918574
Mouse,10.02478304,12.0600189
Mouse,0.09450087445,10.86039572
Mouse,6.363311013,10.74244113
Mouse,1.910629923,6.898669423
Mouse,5.175501499,9.871584975
Mouse,4.166294992,11.4878137
Mouse,0.9180222223,8.597926445
Mouse,8.75862726,12.00166901
Mouse,2.884204372,6.972495645
Mouse,8.080289949,11.24751262
Mouse,6.43103411,10.69266595
Mouse,6.307096469,10.43145094
Mouse,2.483620182,5.498899918
Mouse,8.921516731,11.29143186
Mouse,4.954405642,8.554634644
Mouse,6.844012007,7.785420171
Mouse,8.281909947,9.859245742
Mouse,6.499642418,7.357102828
Mouse,3.380840206,7.494507407
Mouse,5.762877419,10.75875403
Mouse,2.338214785,12.60064405
Mouse,2.725741245,5.480704783
Mouse,4.721579874,11.72100406
Mouse,1.333655983,9.196064974
Mouse,5.052227824,6.972913897
Mouse,2.411028135,6.982743459
Mouse,3.839852084,6.972286466
Mouse,7.56439956,11.93286219
Mouse,6.064754102,11.26152492
Mouse,2.392880152,7.243540214
Mouse,5.017038372,6.79263577
Mouse,8.331706307,11.55892107
Mouse,5.271331896,11.45832507
Mouse,2.802095671,6.392761376
Mouse,5.454582495,10.48603635
Mouse,9.259468078,12.15120364
Mouse,4.965028869,8.137610798
Mouse,8.773898134,9.476102494
Mouse,5.025669758,6.703960695
Mouse,2.624820595,12.31475062
Mouse,-0.381331169,11.04004641
Mouse,5.990170215,11.34957262
Mouse,8.756856722,11.91717672
Mouse,6.69063919,12.06085545
Mouse,6.569136053,11.5216943
Mouse,6.681565142,7.375716269
Mouse,8.433954889,10.9986368
Mouse,6.347818836,7.532779863
Mouse,7.249022541,10.56048989
Mouse,3.993446261,6.751017084
Mouse,9.910362054,11.99748623
Mouse,3.302493939,8.729056816
Mouse,3.408726203,6.889467292
Mouse,6.317277032,8.238834233
Mouse,6.585513498,10.78845179
Mouse,7.097641509,10.77004753
Mouse,2.249909202,6.277525647
Mouse,7.671959699,9.864265085
Mouse,0.327326586,10.85704949
Mouse,7.068427693,10.76879272
Mouse,8.265532502,12.22168358
Mouse,3.358044518,8.920210188
Mouse,-0.3757982528,11.08187428
Mouse,3.969544001,8.034505123
Mouse,4.531025765,7.877232349
Mouse,8.508538777,12.08490649
Mouse,7.087239642,10.08532534
Mouse,4.18621357,8.594580215
Mouse,6.864373191,11.30167967
Mouse,6.49875715,10.92857511
Mouse,1.618933861,6.559027155
Mouse,2.677272761,6.37289318
Mouse,6.819224479,8.241134779
Mouse,4.784876626,7.462299923
Mouse,8.581573487,11.71577559
Mouse,5.387744724,11.53194211
Mouse,0.6044157409,10.63912628
Mouse,3.516507645,8.496493884
Mouse,1.821881734,6.866252813
Mouse,5.617693325,9.496598175
Mouse,3.338568603,7.312556165
Mouse,9.211442256,12.13635474
Mouse,5.526953238,11.67645734
Mouse,7.451085146,11.01536794
Mouse,6.486805992,10.67028808
Mouse,2.876015649,6.587260977
Mouse,4.48764759,8.710234303
Mouse,5.336177826,10.7897066
Mouse,8.552138311,11.83791296
Mouse,5.047801479,11.44556753
Mouse,9.214319422,11.82097263
Mouse,3.379512274,6.474325741
Mouse,6.574447666,6.696431733
Mouse,6.505175335,11.20275678
Mouse,7.064443955,8.439817167
Mouse,3.580468363,10.57429312
Mouse,2.153193593,9.825992575
Mouse,9.110300302,12.52263509
Mouse,4.66735717,8.742860039
Mouse,10.64225805,12.35616019
Mouse,6.904431593,11.91780415
Mouse,6.36087651,8.201189154
Mouse,10.44395782,12.012126
Mouse,9.720914516,12.16898047
Mouse,9.020445484,12.09431775
Mouse,2.21272791,12.6778165
Mouse,5.359194817,12.6778165
Mouse,6.77141996,9.711175098
Mouse,7.68700927,8.061902388
Mouse,8.197809405,9.813862521
Mouse,5.900758003,7.520022378
Mouse,5.509247861,7.932445131
Mouse,5.70489228,10.12966293
Mouse,6.5478896,11.2910136
Mouse,4.500041355,8.005643869
Mouse,2.260532428,6.801001343
Mouse,4.355299923,7.6913075
Mouse,4.226050669,8.402172034
Mouse,7.648942709,8.455084324
Mouse,5.642480854,6.705006432
Mouse,2.420323487,7.545955654
Mouse,2.630574814,6.142421615
Mouse,10.47339305,11.579835
Mouse,7.208964083,11.94771109
Mouse,9.992028092,12.49168247
Mouse,4.292003171,9.183098309
Mouse,8.529563927,10.72591911
Mouse,9.845958729,11.75802171
Mouse,5.779697528,8.061902388
Mouse,9.128669645,12.36808111
Mouse,8.673420089,9.883715083
Mouse,3.394119239,6.048099765
Mouse,4.564887341,10.68534611
Mouse,5.477820845,9.536543746
Mouse,4.99800512,12.82065862
Mouse,4.902174723,12.78719633
Mouse,3.294526463,8.01170895
Mouse,2.582327689,6.912472645
Mouse,3.307805553,6.935268818
Mouse,3.61676433,8.523682023
Mouse,2.235302294,8.824215224
Mouse,6.886947519,11.55390173
Mouse,5.447057737,7.900446828
Mouse,3.050856222,6.176093087
Mouse,5.949005184,11.3140189
Mouse,8.940107377,11.97469005
Mouse,5.994596502,8.298020676
Mouse,8.741807151,11.92177782
Mouse,10.30651984,12.6349429
Mouse,10.63583986,12.65962136
Mouse,5.158460087,12.58077585
Mouse,3.694446687,7.58966576
Mouse,2.153414952,7.018087992
Mouse,11.23937192,12.5811941
Mouse,6.837593822,12.01902759
Mouse,6.782043186,7.568333576
Mouse,4.99800512,7.64383286
Mouse,7.794126803,11.01264915
Mouse,7.54138257,12.36285264
Mouse,7.604457962,10.50339487
Mouse,2.252343705,9.517302981
Mouse,2.755397781,7.026662691
Mouse,3.933469281,8.388368865
Mouse,4.18909068,11.52545878
Mouse,9.714053669,11.1389693
Mouse,6.132255839,9.779354545
Mouse,6.161248409,8.501513228
Mouse,3.786735952,7.815117982
Mouse,1.040410629,7.797759405
Mouse,4.434531459,7.026662691
Mouse,9.869639686,12.37163652
Mouse,2.737028438,6.828189483
Mouse,6.284743387,9.155910224
Mouse,7.284875902,11.58464522
Mouse,-0.3720358176,11.04736625
Mouse,2.752520614,12.20223364
Mouse,10.42890831,12.41618319
Mouse,2.110922047,6.602109883
Mouse,2.667977466,12.23883304
Mouse,10.25451028,12.21980134
Mouse,6.867914266,8.963711168
Mouse,4.480786743,8.180484401
Mouse,7.107158163,10.70688748
Mouse,9.774915917,12.24594375
Mouse,2.4234219,10.2720868
Mouse,3.984593572,11.46459922
Mouse,4.018897755,8.079260913
Mouse,9.515753443,12.48227121
Mouse,1.145978983,7.921151635
Mouse,9.774915917,12.7359572
Mouse,5.729015843,11.02038729
Mouse,2.829760365,6.835718498
Mouse,0.2717759506,10.78866091
Mouse,0.5032737872,10.69580305
Mouse,7.058025769,11.06577051
Mouse,8.083388419,11.91864071
Mouse,6.377696618,10.91958216
Mouse,2.836621157,9.205476231
Mouse,4.896863109,12.78594152
Mouse,9.430988935,12.75645288
Mouse,4.136417211,9.137087657
Mouse,8.691789432,12.39547838
Mouse,7.388673662,10.42831384
Mouse,7.976713549,11.34873606
Mouse,6.694622872,7.455816591
Mouse,3.49216278,6.638081847
Mouse,2.797669327,5.397258178
Mouse,5.672579995,7.691098321
Mouse,1.826086775,6.593535131
Mouse,3.375749896,5.882252291
Mouse,3.51805688,7.727070339
Mouse,2.714675413,6.977514989
Mouse,2.804530174,8.294256195
Mouse,4.748580603,9.264453494
Mouse,4.317012059,7.123912465
Mouse,10.776155,11.70364548
Mouse,4.218304552,8.767538452
Mouse,1.928999267,6.889676418
Mouse,0.1358871514,10.84910222
Mouse,2.741233479,5.458536041
Mouse,7.913638099,11.53026899
Mouse,2.798775898,9.210495575
Mouse,3.505441813,7.584018985
Mouse,6.440329404,9.224926175
Mouse,10.0369555,12.47139597
Mouse,8.04864163,10.32374423
Mouse,2.853441265,6.122553419
Mouse,7.728838266,9.712220781
Mouse,5.486894836,7.813235688
Mouse,7.404387199,10.74829704
Mouse,-0.3297642718,10.99215346
Mouse,5.723261623,10.12046075
Mouse,2.946837159,7.634212424
Mouse,5.750926261,7.413570473
Mouse,7.975385617,10.37958439
Mouse,0.4258127332,10.71274332
Mouse,3.115038243,10.14200211
Mouse,-0.3640683978,11.01474057
Mouse,2.151865718,9.800268478
Mouse,7.444666904,8.091181894
Mouse,3.369995676,8.818777574
Mouse,7.57524409,10.18947675
Mouse,3.828564949,6.576176607
Mouse,6.576882113,7.425909707
Mouse,1.854857985,7.363795287
Mouse,6.240479944,7.428837631
Mouse,3.874820233,7.177661312
Mouse,1.363091159,6.82170615
Mouse,4.885575974,11.51813889
Mouse,2.20697369,9.155282792
Mouse,5.651333542,6.616540483
Mouse,-0.3968233458,11.0415104
Mouse,-0.3912904296,11.05405871
Mouse,5.013939959,7.372370039
Mouse,7.621056768,9.750075039
Mouse,6.281866278,8.161452708
Mouse,6.690417831,9.167831152
Mouse,4.441392306,9.877022625
Mouse,5.32533324,10.53434749
Mouse,9.616895396,12.88967462
Mouse,4.054751115,8.331692094
Mouse,5.904741741,9.374460807
Mouse,8.536424775,11.84188657
Mouse,2.19192412,7.164903827
Mouse,6.884734375,10.22335735
Mouse,6.451616597,10.52598192
Mouse,6.693073694,9.971971852
Mouse,3.786072043,6.455084923
Mouse,9.133317293,11.26319803
Mouse,9.973437446,12.08135108
Mouse,5.719941851,11.89479886
Mouse,6.302670068,10.45612941
Mouse,9.915009701,12.68743688
Mouse,7.642303221,12.13802785
Mouse,1.457814927,6.840528716
Mouse,7.146773959,12.07110327
Mouse,4.793508012,12.60357202
Mouse,5.355211079,7.820346452
Mouse,-0.3698226738,11.05949636
Mouse,7.121986431,10.99675456
Mouse,9.668462294,12.59667038
Mouse,0.6154815734,10.64268169
Mouse,8.669215104,12.09180808
Mouse,10.77305653,11.57251511
Mouse,5.477156879,11.5771162
Mouse,5.250306746,10.43751602
Mouse,10.44395782,11.40123004
Mouse,5.005972539,9.706992311
Mouse,6.689753921,9.168876835
Mouse,4.215206083,11.63923057
Mouse,2.267393276,7.193346775
Mouse,7.351935033,8.286308873
Mouse,5.702457777,11.09776887
Mouse,8.250704234,12.04307863
Mouse,7.540497301,8.126735553
Mouse,8.782972125,11.10362477
Mouse,1.003008033,9.008885263
Mouse,1.579096762,6.576803984
Mouse,8.000837111,10.0004148
Mouse,6.044171559,6.679073156
Mouse,4.636594063,12.45801105
Mouse,4.927626217,12.87022468
Mouse,6.122517882,11.29979743
Mouse,8.529563927,10.70793316
Mouse,6.99804879,10.53246525
Mouse,7.281334827,10.56697323
Mouse,6.116542303,10.44148963
Mouse,4.238665736,8.010663213
Mouse,2.532088667,6.22795964
Mouse,2.862736616,12.12506124
Mouse,3.427759456,6.75331763
Mouse,5.935726151,10.62406825
Mouse,0.1223868154,10.83822692
Mouse,2.644075207,6.739305282
Mouse,6.518454368,9.982219666
Mouse,6.018056156,11.58443604
Mouse,6.913948247,8.815222219
Mouse,4.670898246,7.202339726
Mouse,8.942763184,12.46344865
Mouse,7.039656426,11.05573182
Mouse,5.955423369,7.823901807
Mouse,7.526332999,10.14325697
Mouse,2.972952562,12.00376043
Mouse,8.045985823,10.75833572
Mouse,3.616543027,6.585378737
Mouse,4.21011583,11.5911285
Mouse,7.02106578,8.841782927
Mouse,8.655272106,10.78385075
Mouse,6.348040139,10.35971614
Mouse,5.39040053,12.54877749
Mouse,2.847244383,6.53162989
Mouse,4.09812929,11.60660484
Mouse,9.518409249,11.59384735
Mouse,4.094588214,11.60221292
Mouse,6.00145735,11.37947955
Mouse,6.415320573,11.79775821
Mouse,3.77257165,7.49555309
Mouse,6.532618669,10.36055275
Mouse,1.639073685,8.743696596
Mouse,10.5716579,11.72581428
Mouse,5.663505947,8.141166153
Mouse,2.701838986,12.19470462
Mouse,1.901998594,6.803929321
Mouse,7.100297372,9.355010863
Mouse,4.990259003,12.40070685
Mouse,3.774120885,8.507578255
Mouse,3.63269917,8.950535377
Mouse,0.3122770153,10.74285939
Mouse,-0.3215754923,10.99487232
Mouse,1.014516529,8.961201496
Mouse,8.303820366,11.69820783
Mouse,8.558999102,10.69329338
Mouse,4.765400711,7.963397752
Mouse,7.593613433,10.02153786
Mouse,6.648588891,11.50287173
Mouse,1.371501184,6.659414032
Mouse,2.427405638,8.521799783
Mouse,8.234769395,10.88862954
Mouse,4.049439502,11.5361249
Mouse,3.23941849,6.722364956
Mouse,3.241852994,6.996337502
Mouse,7.299261507,9.612879641
Mouse,3.818605631,5.937883379
Mouse,4.521066504,6.157897952
Mouse,5.741630967,10.85349413
Mouse,4.105432744,10.97981428
Mouse,11.30134074,11.56184905
Mouse,9.362159266,11.95231213
Mouse,4.455335305,6.318726081
Mouse,6.141108528,8.326881876
Mouse,8.606361015,11.6948616
Mouse,6.617604481,7.902119942
Mouse,8.15243939,11.74547335
Mouse,7.890621109,9.97678207
Mouse,7.009114622,9.974481524
Mouse,9.977642487,12.53769312
Mouse,10.81311499,11.78165444
Mouse,3.562762986,8.273133082
Mouse,8.780980284,8.57450284
Mouse,1.635090003,6.648329661
Mouse,9.786867019,12.13970097
Mouse,2.374953472,9.951685351
Mouse,3.100431278,9.888943553
Mouse,4.875395354,12.78677807
Mouse,9.574845154,12.45508307
Mouse,4.229813048,6.651048459
Mouse,0.2272912043,10.78845179
Mouse,3.018986543,6.758964352
Mouse,6.871898005,8.363690398
Mouse,10.87840353,11.14315209
Mouse,1.901555932,6.058556758
Mouse,6.699270519,9.434692934
Mouse,2.467685343,5.862384042
Mouse,2.075068629,6.960365538
Mouse,10.22109143,12.46658575
Mouse,4.428777239,7.867611967
Mouse,9.801916589,12.47704274
Mouse,7.652041178,11.89354399
Mouse,3.995880764,5.977410699
Mouse,6.441878639,7.836450167
Mouse,6.114771765,10.46177613
Mouse,3.706176542,7.387218891
Mouse,3.365569332,7.821601261
Mouse,11.29824233,12.69475677
Mouse,4.811655995,11.19648263
Mouse,5.701793868,10.77318463
Mouse,8.193161758,10.81417594
Mouse,10.21268134,11.94917503
Mouse,4.750572443,7.474430031
Mouse,5.980432201,7.748402523
Mouse,3.647306134,5.802779347
Mouse,5.004644608,11.15549132
Mouse,2.364551548,7.184353771
Mouse,3.504335241,6.006271899
Mouse,4.034832594,8.217711174
Mouse,7.883317655,11.48990512
Mouse,4.67045564,7.865102241
Mouse,5.164435666,7.468364951
Mouse,11.07249871,11.91926814
Mouse,6.847995689,8.861860302
Mouse,0.1538138884,10.83550812
Mouse,3.050856222,6.79995566
Mouse,7.355254805,12.06252857
Mouse,6.184265399,9.795249134
Mouse,7.171118881,10.96245571
Mouse,4.458876381,8.274178819
Mouse,6.401598877,9.086685093
Mouse,6.515577258,7.450797247
Mouse,4.924527804,11.43866594
Mouse,1.422846779,7.170341422
Mouse,2.619508982,12.19344976
Mouse,2.39664253,6.147859264
Mouse,7.540275941,11.55264686
Mouse,6.561168576,11.5649861
Mouse,2.037002068,7.930562891
Mouse,3.273943976,9.082711432
Mouse,4.256813776,7.927216662
Mouse,7.663107011,12.01881846
Mouse,5.785230444,10.39380586
Mouse,0.7611083301,10.58098557
Mouse,5.752254193,11.81009739
Mouse,10.03075862,12.01630879
Mouse,4.580822181,8.109795281
Mouse,5.142525248,12.14785741
Mouse,3.919083676,6.455503228
Mouse,6.081131548,9.626264558
Mouse,11.53305988,12.45738362
Mouse,9.779120958,11.67520253
Mouse,7.503316009,9.633166142
Mouse,4.768277821,11.86991126
Mouse,5.828608618,7.875350108
Mouse,7.343746253,12.21248145
Mouse,10.36074255,12.49858405
Mouse,6.854192627,10.85453981
Mouse,2.758053531,12.2292126
Mouse,0.9892863376,7.728534274
Mouse,8.24340078,11.35731076
Mouse,10.78257319,11.68461379
Mouse,1.813693011,7.545119097
Mouse,2.75318458,12.17525468
Mouse,-0.3862001194,11.00198303
Mouse,10.46122059,12.75227004
Mouse,2.492915534,8.881937678
Mouse,4.429219845,11.21739656
Mouse,-0.1179636532,10.92334664
Mouse,6.527307056,11.80026783
Mouse,5.082548268,10.95116221
Mouse,1.834496801,9.519394348
Mouse,3.270402901,10.3772839
Mouse,7.407706971,7.414407031
Mouse,2.220474026,7.110318422
Mouse,9.905493047,12.04767966
Mouse,9.108972371,12.06482912
Mouse,7.542267839,10.83780867
Mouse,8.255351881,10.80706517
Mouse,10.09139951,12.31726024
Mouse,8.503448467,12.31014953
Mouse,8.48507918,11.78625553
Mouse,8.963124368,10.54459536
Mouse,3.158859024,8.722991789
Mouse,1.841578952,6.525983168
Mouse,9.922977121,11.55306517
Mouse,-0.05422429493,10.90828861
Mouse,5.700908599,6.987762803
Mouse,5.610168512,10.61151994
Mouse,6.747075038,7.438248887
Mouse,9.186433425,11.95293956
Mouse,4.535452109,11.52504052
Mouse,8.426872738,9.780400229
Mouse,3.077856951,9.820554979
Mouse,5.6190212,7.496598773
Mouse,1.162135126,9.287877099
Mouse,3.573607515,6.174001666
Mouse,2.374953472,6.906616744
Mouse,3.240303759,5.339744903
Mouse,3.06767633,8.86667052
Mouse,7.510619463,9.471710581
Mouse,3.699094391,7.140434485
Mouse,10.11353123,11.32824038
Mouse,4.24619055,12.09850053
Mouse,9.324314065,12.61925749
Mouse,6.586177464,10.69433906
Mouse,6.693737603,10.37226455
Mouse,3.615436455,5.76450689
Mouse,7.720206881,11.11345433
Mouse,11.49034562,10.57429312
Mouse,6.174084779,9.277838411
Mouse,11.33984991,12.47035028
Mouse,4.957504055,8.723410041
Mouse,8.14447197,12.17943747
Mouse,3.240525119,8.611520541
Mouse,4.841533834,12.77987649
Mouse,3.71569314,7.266336387
Mouse,5.585602287,9.563104454
Mouse,1.722952924,6.681373702
Mouse,7.79899581,11.94729279
Mouse,2.305238534,9.807797494
Mouse,5.079007193,6.581405076
Mouse,2.580335848,6.345914167
Mouse,1.493668288,9.090658753
Mouse,4.939798678,12.6209306
Mouse,6.952236112,11.67875789
Mouse,3.569402474,6.695804302
Mouse,4.321659707,7.528597077
Mouse,8.533326305,11.73940832
Mouse,5.303865484,8.401544656
Mouse,1.693960354,6.144094729
Mouse,9.727111398,12.01254426
Mouse,6.155715436,7.283485785
Mouse,11.4708697,11.07413608
Mouse,8.52469492,11.94708366
Mouse,8.156644431,11.91048426
Mouse,8.450553695,11.49471528
Mouse,5.837461307,9.874094647
Mouse,9.560238189,12.00104158
Mouse,5.989948855,10.70040414
Mouse,2.67019061,12.24908085
Mouse,7.121101162,8.150786589
Mouse,1.110789532,7.887480163
Mouse,6.131813233,11.07560007
Mouse,5.553953967,7.525669153
Mouse,8.653722871,8.497957873
Mouse,3.218172038,9.399139221
Mouse,2.296385846,12.61988486
Mouse,2.916516714,8.921046746
Mouse,10.41562922,11.91843159
Mouse,6.517126493,10.70521436
Mouse,1.134691791,6.889676418
Mouse,4.741719755,8.028440096
Mouse,2.710027709,12.24134271
Mouse,4.375661107,7.760950883
Mouse,2.59228695,10.42915045
Mouse,2.825333964,6.631180263
Mouse,2.242384445,6.400917823
Mouse,9.845737426,11.68147669
Mouse,1.903326469,9.376761353
Mouse,4.263674568,7.075183015
Mouse,5.575864386,10.94133265
Mouse,8.923729875,10.28944532
Mouse,5.823960971,12.37100909
Mouse,4.560903603,6.702705886
Mouse,0.8261755633,10.57596623
Mouse,-0.3709292457,10.96580194
Mouse,9.725562164,12.05855491
Mouse,4.394251754,11.50768195
Mouse,0.9903929662,10.47035088
Mouse,3.985700144,11.40018431
Mouse,7.236407417,10.44797296
Mouse,0.9857452622,7.764297112
Mouse,3.329715915,10.61047421
Mouse,8.902040816,12.27836036
Mouse,4.671783514,7.147754375
Mouse,8.901819456,11.49220561
Mouse,2.732823396,6.699359657
Mouse,3.031159004,10.36557209
Mouse,3.534213022,6.243645049
Mouse,7.409256149,8.125480744
Mouse,4.369021563,7.461672492
Mouse,4.870747706,9.221998198
Mouse,3.727201635,7.722887499
Mouse,6.175191351,8.398825805
Mouse,4.996677188,12.76732808
Mouse,7.030582435,9.108644709
Mouse,1.68466506,6.338803456
Mouse,7.46347891,7.246259012
Mouse,11.41465516,12.6263682
Mouse,7.308114196,10.41283755
Mouse,5.574315151,11.36400322
Mouse,4.920544066,6.891349533
Mouse,2.981362644,7.749866512
Mouse,4.577502409,11.6145521
Mouse,6.803510942,10.70646917
Mouse,3.776776692,11.18560738
Mouse,7.476757943,10.75185239
Mouse,2.768455454,8.350932912
Mouse,2.23308915,10.07842376
Mouse,6.071172288,9.133532302
Mouse,7.180192873,11.93537186
Mouse,4.964586206,8.161452708
Mouse,7.976713549,12.27062221
Mouse,4.95108587,7.113873777
Mouse,4.98184892,12.8235866
Mouse,3.284124596,6.052073425
Mouse,6.996278252,7.492415987
Mouse,5.47140266,7.579627073
Mouse,8.467595106,10.37247368
Mouse,5.496632794,8.194287569
Mouse,9.867205182,12.57784787
Mouse,6.407574456,10.36285324
Mouse,9.89996013,12.58767743
Mouse,10.74362136,12.13405425
Mouse,6.554750391,10.0121266
Mouse,3.972199808,8.977723463
Mouse,8.351624885,12.39736062
Mouse,6.826749236,11.41712458
Mouse,5.264471048,10.62699623
Mouse,4.074890996,6.564046499
Mouse,8.201350481,11.23872875
Mouse,5.231937403,9.148590334
Mouse,8.552359614,10.95806379
Mouse,3.382168137,8.407191378
Mouse,2.411470798,10.35992532
Mouse,4.648323918,8.187385985
Mouse,3.836974974,8.438144052
Mouse,7.18484052,6.305968595
Mouse,6.409787657,8.779250255
Mouse,2.5194736,6.809366916
Mouse,2.318074961,7.166367762
Mouse,6.459362713,7.592802864
Mouse,9.682626595,12.22210189
Mouse,3.731849283,6.045171841
Mouse,1.930327198,6.431870444
Mouse,2.635886427,7.255252016
Mouse,6.774075767,11.63065587
Mouse,1.412223552,8.560908797
Mouse,9.955732069,11.78081788
Mouse,10.28239628,12.67258797
Mouse,5.983751973,9.763459956
Mouse,4.275404366,8.821496426
Mouse,6.044171559,11.37236879
Mouse,2.533859205,12.36473488
Mouse,4.102334331,7.366514085
Mouse,3.305592352,7.364422718
Mouse,5.180813112,7.361076489
Mouse,2.74521716,8.653348406
Mouse,2.895270261,5.98514884
Mouse,3.233221608,8.035759932
Mouse,5.882610019,8.655648952
Mouse,8.94541899,9.986402453
Mouse,6.483264916,10.64665535
Mouse,7.848792169,11.5225308
Mouse,5.065285553,12.70521371
Mouse,4.225386703,5.448915605
Mouse,6.109902815,8.002715945
Mouse,2.647173619,12.30973128
Mouse,4.09525218,7.482586425
Mouse,2.645403082,7.703437555
Mouse,7.606449803,7.321130864
Mouse,7.972065845,11.88726979
Mouse,8.240966277,11.30209797
Mouse,2.311214113,7.513539045
Mouse,2.545810363,12.11753223
Mouse,4.78731113,7.547001338
Mouse,3.406513003,7.439922002
Mouse,4.336709277,9.827038312
Mouse,2.487603921,7.351456053
Mouse,8.175235077,11.76555072
Mouse,9.745038079,11.58359954
Mouse,9.664699915,12.20955353
Mouse,4.499377445,8.319143734
Mouse,4.067587542,5.885180269
Mouse,4.640356498,12.39275958
Mouse,4.341799587,7.783328804
Mouse,1.475741607,8.041615887
Mouse,10.07369413,12.24991741
Mouse,5.637833206,5.108018528
Mouse,4.723129109,7.482586425
Mouse,8.380174791,11.18121542
Mouse,6.782928455,11.36316666
Mouse,8.624287695,11.48049381
Mouse,8.177005615,11.57586134
Mouse,10.46985198,12.7698378
Mouse,2.289524998,7.126631316
Mouse,7.398632923,8.941124121
Mouse,5.646685895,7.995605182
Mouse,8.489284165,8.414720447
Mouse,0.2781941357,10.76795611
Mouse,9.622649672,12.34193871
Mouse,8.47002961,8.522008909
Mouse,5.18479685,8.062111514
Mouse,2.314312526,8.441281102
Mouse,7.024164249,11.04004641
Mouse,7.391329469,8.142839268
Mouse,5.402130328,5.542610024
Mouse,4.99778376,8.646028517
Mouse,8.505219005,8.59625333
Mouse,5.243003292,11.08061941
Mouse,7.710247563,11.70406379
Mouse,5.79386183,11.10090592
Mouse,-0.382659044,10.96914817
Mouse,11.43014734,12.62427683
Mouse,10.60795392,12.6863912
Mouse,1.998050238,6.032623481
Mouse,5.423598141,7.662446246
Mouse,3.955601002,7.425909707
Mouse,9.869197023,11.56394041
Mouse,2.523235978,7.234128904
Mouse,6.96927758,9.38073496
Mouse,5.74384411,12.35323226
Mouse,6.912841675,9.941437484
Mouse,7.81470929,11.07810974
Mouse,2.224457765,7.147754375
Mouse,3.676298704,6.613612506
Mouse,9.021773416,12.29927429
Mouse,3.186966324,8.025512119
Mouse,4.013143479,7.380735612
Mouse,0.9470147918,7.776008915
Mouse,2.761152,9.183934867
Mouse,6.350253283,10.94865248
Mouse,7.851447976,10.17630096
Mouse,2.071084891,5.983475726
Mouse,6.611850261,7.567287839
Mouse,5.886815061,10.85035703
Mouse,7.403059324,8.46575039
Mouse,5.464763115,8.764610529
Mouse,6.660540049,8.414302142
Mouse,4.47990153,11.56979631
Mouse,1.384337611,8.149531727
Mouse,1.731363007,6.616958735
Mouse,6.949137699,9.58715549
Mouse,3.45520279,7.0590793
Mouse,6.37105713,8.757081513
Mouse,-0.415413992,11.08710275
Mouse,3.887877963,8.949071389
Mouse,6.655228436,8.871271559
Mouse,3.934133247,11.45497884
Mouse,8.751987715,12.39317783
Mouse,3.585779976,7.311301302
Mouse,4.296872178,11.25274109
Mouse,4.367251025,11.65742571
Mouse,1.410453014,7.800687382
Mouse,1.893145906,8.99529122
Mouse,8.491940028,9.791484599
Mouse,7.130175154,11.70343636
Mouse,4.86012448,7.008885862
Mouse,3.917091835,11.25420508
Mouse,5.274651612,12.45424652
Mouse,3.063249986,7.298752996
Mouse,10.59312565,12.32541669
Mouse,0.8950052318,10.54815071
Mouse,6.042179718,11.06618881
Mouse,4.606716281,7.541772868
Mouse,2.926254615,6.35427974
Mouse,10.32179072,12.02258294
Mouse,5.775049824,11.08501138
Mouse,7.862956471,11.832057
Mouse,10.51986964,12.43207777
Mouse,8.959140629,11.45937075
Mouse,9.260132044,11.66725527
Mouse,8.34719854,10.4412805
Mouse,10.09560455,12.62469508
Mouse,10.02234854,11.79252968
Mouse,9.679749486,12.65920306
Mouse,2.343083792,8.317888925
Mouse,3.651289872,6.1551791
Mouse,6.430591447,9.686078378
Mouse,5.617693325,10.09327266
Mouse,6.394295423,9.801941593
Mouse,3.761727121,8.155596807
Mouse,3.329937218,7.347691572
Mouse,10.09582585,11.35354622
Mouse,4.515976194,7.317784635
Mouse,6.566701549,11.48404916
Mouse,10.90075655,11.76617816
Mouse,-0.3724784804,11.03732756
Mouse,7.560637182,10.95952778
Mouse,10.19209886,12.54313072
Mouse,4.535230806,7.231828411
Mouse,5.309398401,7.941856388
Mouse,4.530804462,6.2693692
Mouse,5.725696127,9.903792458
Mouse,3.870836551,8.811039433
Mouse,2.76624231,6.246991278
Mouse,8.832325879,11.27470071
Mouse,-0.296566661,10.97855942
Mouse,6.857733703,9.420889711
Mouse,2.244818948,12.67718907
Mouse,10.23481306,11.65847139
Mouse,7.637876876,11.91173913
Mouse,5.233486638,7.782492247
Mouse,3.429529993,6.31077876
Mouse,10.34370113,12.27250445
Mouse,4.994685347,12.62657732
Mouse,4.599412771,7.963816004
Mouse,7.411690653,12.07152157
Mouse,9.390045264,12.28379795
Mouse,6.369065289,11.19752831
Mouse,4.264559836,7.4738026
Mouse,8.573384764,11.20380252
Mouse,0.137215083,10.83446244
Mouse,3.883451618,7.182889782
Mouse,5.241675361,7.655753788
Mouse,2.876679559,6.197843577
Mouse,7.650049281,8.694548841
Mouse,3.971314539,7.094633013
Mouse,7.168684378,11.70050838
Mouse,4.936478905,7.979292341
Mouse,2.770225992,12.14994878
Mouse,6.467994042,11.17766006
Mouse,2.402396806,5.570425594
Mouse,1.495660129,8.604618903
Mouse,1.908638083,6.536649233
Mouse,8.268188308,12.33859248
Mouse,4.522837042,7.571052374
Mouse,6.014957743,9.577744234
Mouse,10.65775028,12.50925017
Mouse,2.485833383,5.715986566
Mouse,2.285762619,6.621350701
Mouse,10.16288498,12.62281284
Mouse,6.646375747,10.39798865
Mouse,8.57670448,11.44452184
Mouse,9.719586585,11.4968067
Mouse,9.824048311,12.10498387
Mouse,1.958877105,7.080202359
Mouse,6.875881686,10.02530239
Mouse,7.270268994,12.01066202
Mouse,10.05731669,12.00062333
Mouse,4.880485664,12.55923449
Mouse,8.629378005,11.72330455
Mouse,10.19453336,12.53225553
Mouse,4.914125881,12.35114084
Mouse,5.627431283,8.121925389
Mouse,3.519163452,6.074451347
Mouse,2.635665124,12.30408451
Mouse,2.3059025,7.33597977
Mouse,2.688781256,6.101221181
Mouse,6.44387048,11.52775932
Mouse,5.657751727,9.423190257
Mouse,2.997076124,6.030113809
Mouse,6.74043555,10.88862954
Mouse,-0.3295429121,10.95471757
Mouse,10.26867458,12.60378115
Mouse,2.644075207,12.24970828
Mouse,7.569932477,11.38826338
Mouse,7.451306449,8.300321222
Mouse,4.14726174,6.796609431
Mouse,2.071084891,5.666629631
Mouse,2.273811518,7.463136481
Mouse,1.398723216,6.307432531
Mouse,6.7453045,8.472861153
Mouse,2.249687899,6.17713877
Mouse,4.255043239,11.40624939
Yeast,11.28208613,9.36839578
Yeast,10.3585294,8.195751558
Yeast,11.80528003,9.269472838
Yeast,10.49552477,9.568751229
Yeast,13.09223966,11.16553001
Yeast,12.05802432,9.084802799
Yeast,10.8133363,9.764714766
Yeast,12.99286824,11.74149969
Yeast,10.61835584,9.218233716
Yeast,11.47684528,10.74913359
Yeast,12.99596666,10.31579691
Yeast,9.287575378,7.716822471
Yeast,9.511991064,9.530478719
Yeast,10.80359834,8.929203139
Yeast,10.29301951,8.678235946
Yeast,9.118046419,8.313496959
Yeast,12.45860845,11.35312797
Yeast,5.835690769,5.050296074
Yeast,11.32568561,10.54208563
Yeast,12.89902974,10.24573522
Yeast,11.1116719,9.268845407
Yeast,8.164169188,9.397256981
Yeast,8.127873165,9.646132807
Yeast,10.97091415,9.397884412
Yeast,11.00034933,9.586318933
Yeast,10.60131437,8.989644445
Yeast,11.67138313,9.937254751
Yeast,11.82387068,9.777681431
Yeast,7.807627139,7.300426111
Yeast,5.833698929,11.37487846
Yeast,11.02225975,8.858723199
Yeast,9.753005499,9.023943295
Yeast,8.062584572,6.719646158
Yeast,9.45245669,9.497643858
Yeast,10.65885685,8.955554721
Yeast,8.31621413,7.677295152
Yeast,11.8878314,8.398825805
Yeast,10.45391714,8.965593409
Yeast,6.539922123,5.587784118
Yeast,12.11003382,10.28819052
Yeast,12.2240122,10.31454204
Yeast,11.46024648,9.969462181
Yeast,9.818294092,9.059915259
Yeast,12.01663799,9.866356505
Yeast,8.8522444,7.632957615
Yeast,11.10038471,10.1263167
Yeast,11.80727187,9.200666013
Yeast,10.36384102,10.82693342
Yeast,11.09330256,7.78897558
Yeast,10.9591843,9.847115687
Yeast,7.687894539,7.630447943
Yeast,5.597332142,11.72372286
Yeast,10.55705093,8.944888602
Yeast,11.27699588,9.771407224
Yeast,7.656467522,7.075183015
Yeast,10.71529276,9.488023422
Yeast,11.0437275,8.365572692
Yeast,9.66624915,8.557980873
Yeast,10.48468019,8.439817167
Yeast,10.91049457,9.198156341
Yeast,10.5721005,9.797967932
Yeast,9.795055798,10.49795727
Yeast,12.70847558,10.76105452
Yeast,9.188425266,8.533929837
Yeast,12.32006391,6.037224573
Yeast,12.96542491,11.33430546
Yeast,12.1419035,10.94216921
Yeast,12.35591727,9.92930743
Yeast,9.464850455,10.52493623
Yeast,6.390311742,5.260062779
Yeast,11.16279614,8.213946693
Yeast,9.366585667,7.745683725
Yeast,8.987469233,7.001984277
Yeast,7.08878882,6.38021307
Yeast,11.93696379,10.83948178
Yeast,12.00867057,9.653661769
Yeast,10.82639397,11.41879769
Yeast,11.63707895,10.17274561
Yeast,11.14464815,9.567705546
Yeast,12.63566223,11.59740271
Yeast,12.95834276,10.69162026
Yeast,10.8135576,9.799431921
Yeast,11.71077762,9.053013621
Yeast,9.509113898,8.677190263
Yeast,11.23184711,10.29906576
Yeast,8.571614226,8.945306908
Yeast,12.20254445,10.43354236
Yeast,9.08617674,7.748193397
Yeast,10.32156941,9.576071119
Yeast,7.352598942,6.797864294
Yeast,6.107910917,5.397467357
Yeast,10.92997048,8.701032173
Yeast,10.96847965,8.483736399
Yeast,11.82940365,9.988075567
Yeast,9.625969388,9.363376436
Yeast,11.64725957,9.668719801
Yeast,11.82541991,9.385126926
Yeast,7.485167969,6.81773249
Yeast,11.7147613,9.797131375
Yeast,9.813203781,9.188954211
Yeast,11.64593164,11.03293565
Yeast,11.34892396,9.526714238
Yeast,11.91549603,10.32520816
Yeast,11.66607152,9.515002435
Yeast,12.54625007,9.738363237
Yeast,10.72480941,8.438980556
Yeast,7.138585236,6.935477944
Yeast,5.82484624,5.044858424
Yeast,12.04540925,10.69454824
Yeast,11.39894162,8.681163924
Yeast,13.68846827,10.45090094
Yeast,11.86392908,8.303876577
Yeast,8.00681269,5.258598844
Yeast,13.26597366,11.98995721
Yeast,10.98906214,9.204639674
Yeast,11.91284023,8.416811814
Yeast,7.192143974,8.012336328
Yeast,7.537620191,6.985462257
Yeast,12.9625478,11.20903099
Yeast,9.921870549,10.95659981
Yeast,12.18638831,9.90755694
Yeast,10.68430834,7.885179617
Yeast,10.68718545,9.665164446
Yeast,11.25597073,8.470351482
Yeast,13.8168322,10.39652466
Yeast,10.50504143,7.630447943
Yeast,11.09994211,10.90055047
Yeast,5.844100795,5.101535195
Yeast,12.85631553,10.3316915
Yeast,12.11180436,9.546582434
Yeast,10.38309563,9.969880432
Yeast,10.67943934,9.668719801
Yeast,12.09896799,10.72633742
Yeast,9.909698088,8.552543224
Yeast,10.1024654,12.41618319
Yeast,9.502917072,8.001879388
Yeast,6.35512229,5.532571336
Yeast,9.446038505,8.000206274
Yeast,10.58670747,9.635466688
Yeast,8.478218332,7.916968794
Yeast,11.60056162,10.10414791
Yeast,12.05957356,9.7084563
Yeast,10.28438812,8.638917806
Yeast,8.59684436,7.507055713
Yeast,12.92691568,9.024570672
Yeast,13.0825017,11.42067999
Yeast,13.13141279,11.53487003
Yeast,12.10892725,9.221161694
Yeast,13.78894626,10.44525416
Yeast,5.431786864,5.03272837
Yeast,13.36932881,10.40321712
Yeast,13.10684657,10.36180756
Yeast,11.41554043,10.03868731
Yeast,10.69094789,8.522218035
Yeast,11.75791818,9.795876512
Yeast,6.950465574,6.108959322
Yeast,13.15487245,11.55913019
Yeast,12.75229641,10.10874895
Yeast,11.49919831,8.854540413
Yeast,10.39062038,9.666419308
Yeast,7.31541765,6.855586748
Yeast,11.48326347,9.422562826
Yeast,10.91204375,9.746101379
Yeast,8.381724026,7.075392141
Yeast,6.162133678,5.515212812
Yeast,12.61817815,11.21739656
Yeast,6.648810251,5.949176876
Yeast,12.20077391,9.851298474
Yeast,9.002961467,7.414825283
Yeast,11.79266496,9.854017272
Yeast,12.99109771,11.2161417
Yeast,10.39416146,9.46585468
Yeast,11.40890088,10.23611484
Yeast,10.76929416,9.462508451
Yeast,11.10082732,10.28421685
Yeast,12.21316768,11.09672318
Yeast,8.749774571,8.346959252
Yeast,7.700067,10.06984906
Yeast,13.10463342,11.7143116
Yeast,3.283903237,7.508310575
Yeast,11.67603078,9.242075573
Yeast,9.233352675,9.623754886
Yeast,11.54279784,10.15664189
Yeast,6.489683158,5.695700011
Yeast,11.6067585,10.00083311
Yeast,11.77739409,10.46449498
Yeast,8.483308643,6.943216086
Yeast,8.065461738,7.545328223
Yeast,9.990036251,8.176092434
Yeast,12.02703991,9.650733846
Yeast,11.97370242,11.07810974
Yeast,12.51836413,10.1376102
Yeast,10.47007328,8.181948336
Yeast,10.66748824,9.107808152
Yeast,11.29492256,9.117010282
Yeast,11.68864584,9.875976888
Yeast,7.15894642,6.640800645
Yeast,10.43621176,8.717972445
Yeast,7.139470505,5.409597411
Yeast,12.43846863,10.00229704
Yeast,9.29178042,7.635885538
Yeast,13.15310191,11.44284873
Yeast,10.17107371,10.76774698
Yeast,13.19094717,11.92658803
Yeast,10.96914362,9.796713123
Yeast,13.03868092,11.04966679
Yeast,11.72892561,10.86290539
Yeast,9.627518623,8.243226145
Yeast,5.754688697,5.807589565
Yeast,4.893764697,5.702183344
Yeast,13.00548331,11.2473035
Yeast,7.797889238,7.325313651
Yeast,10.85295204,9.555157186
Yeast,9.282927731,7.680432255
Yeast,12.41744348,11.45644283
Yeast,8.764381479,9.059915259
Yeast,10.102908,9.309209337
Yeast,11.70834312,9.97678207
Yeast,7.190594796,6.418903832
Yeast,11.27256948,9.755721761
Yeast,12.46082165,9.254414807
Yeast,13.20400484,11.88413274
Yeast,11.10414709,8.657949445
Yeast,10.81156576,7.85213563
Yeast,10.37955455,9.456861676
Yeast,12.88884912,11.11491826
Yeast,10.54155875,8.762937414
Yeast,10.68054597,9.728951927
Yeast,6.739550281,5.868449123
Yeast,10.08387475,10.62427743
Yeast,8.339452424,7.580254504
Yeast,10.24432972,9.318620594
Yeast,11.1094587,9.832894213
Yeast,8.284787114,7.627938271
Yeast,7.341754412,6.830699155
Yeast,11.23649481,9.683987012
Yeast,11.68798194,8.95890095
Yeast,11.08201537,9.546164182
Yeast,10.57032996,8.396107007
Yeast,8.807980957,7.356684576
Yeast,11.42859816,9.25232344
Yeast,11.29514386,9.10529848
Yeast,12.93753891,11.20422077
Yeast,11.97702219,10.6380806
Yeast,10.79585222,10.23883363
Yeast,10.73056363,10.17567353
Yeast,13.1787747,11.62751877
Yeast,7.631458691,7.326359334
Yeast,10.32179072,9.486559487
Yeast,10.43289199,9.535707242
Yeast,9.94687938,10.62553224
Yeast,11.78624678,10.66380475
Yeast,9.436079245,7.929726334
Yeast,10.95365138,9.708247174
Yeast,10.87331328,8.768165884
Yeast,10.37468555,9.796713123
Yeast,13.22060364,11.84439624
Yeast,7.521463992,6.911426908
Yeast,7.776421425,7.203385463
Yeast,11.7663282,9.607023739
Yeast,11.22277312,10.04956256
Yeast,13.69776356,10.47725247
Yeast,10.10113747,8.35783455
Yeast,9.783768606,8.509042244
Yeast,10.08564529,9.656589747
Yeast,11.54567495,10.3086862
Yeast,13.74379754,10.43835253
Yeast,11.29625043,10.40802734
Yeast,8.999199031,8.378330177
Yeast,11.55364237,9.476939051
Yeast,11.71763841,10.22440303
Yeast,10.92974912,9.022061054
Yeast,11.25176569,10.17316391
Yeast,10.99238191,8.060647526
Yeast,9.701881207,10.15350479
Yeast,10.27509283,8.977305211
Yeast,12.75473092,11.42611758
Yeast,10.62720853,11.06263346
Yeast,12.68479468,10.65418431
Yeast,9.307272597,7.493252544
Yeast,9.505794182,9.065980286
Yeast,12.11025518,10.2237756
Yeast,11.66319441,10.88381932
Yeast,10.05134111,8.722782663
Yeast,9.826704117,8.23967079
Yeast,9.77004691,9.974063272
Yeast,11.39230213,10.30032062
Yeast,9.284255606,8.385022636
Yeast,12.71356589,10.6587854
Yeast,12.63433435,11.33116835
Yeast,11.69639196,9.839377492
Yeast,7.711132889,7.099861482
Yeast,10.66461113,8.250755215
Yeast,10.85848501,8.483318147
Yeast,11.25884784,9.286831416
Yeast,7.752519166,7.630866195
Yeast,12.64628545,7.520231504
Yeast,8.75862726,8.619886114
Yeast,6.614063405,5.773290715
Yeast,10.6376104,9.667046686
Yeast,11.61007828,7.996860044
Yeast,9.919214742,9.193346123
Yeast,11.42881946,10.16019725
Yeast,10.4758275,9.427163918
Yeast,12.14854305,10.3434033
Yeast,10.66372586,9.717030999
Yeast,13.69466509,10.55860765
Yeast,10.64513521,8.935477346
Yeast,9.657839067,8.13280058
Yeast,12.7472061,11.09107641
Yeast,7.204095132,6.554216991
Yeast,8.129201096,7.540518005
Yeast,13.08405094,11.56833233
Yeast,11.13668074,8.980024009
Yeast,12.7093609,10.81668561
Yeast,11.40801567,3.82829497
Yeast,6.341179292,7.661818869
Yeast,7.508406262,6.875036692
Yeast,10.56745285,9.750702417
Yeast,11.71343337,9.038373895
Yeast,8.989682434,8.226285873
Yeast,11.22233051,10.56007164
Yeast,7.988221987,7.358566817
Yeast,11.12472963,9.805706074
Yeast,11.29580783,9.206940166
Yeast,10.43776099,8.567601255
Yeast,12.94307188,11.5649861
Yeast,12.42828801,10.13781933
Yeast,4.662930826,5.529015981
Yeast,10.73565394,8.616330705
Yeast,11.12827071,8.723410041
Yeast,10.64712705,10.49628416
Yeast,13.09533813,11.46229867
Yeast,10.96029093,9.860918856
Yeast,5.925545531,5.170132895
Yeast,10.08896506,10.65711229
Yeast,13.04797622,11.30251628
Yeast,10.27376489,9.265499178
Yeast,10.4379823,9.634002699
Yeast,5.981096166,5.267382669
Yeast,9.211663559,7.587365214
Yeast,12.59073487,10.87733599
Yeast,10.97246339,10.0117083
Yeast,13.43129763,10.87294407
Yeast,12.81603577,11.82327318
Yeast,10.39438276,9.672902641
Yeast,4.594986483,5.485515001
Yeast,7.545808914,7.037119684
Yeast,11.59038106,9.815953887
Yeast,9.372339887,7.768898204
Yeast,11.62247204,9.444940747
Yeast,12.06909015,10.06482971
Yeast,11.03177635,10.94802511
Yeast,12.56550468,9.955659012
Yeast,11.80240292,10.03471365
Yeast,12.27248069,9.326986167
Yeast,9.076660085,7.991631574
Yeast,8.629378005,7.744847168
Yeast,12.80784705,9.412942444
Yeast,12.48848629,9.621872592
Yeast,9.837548704,10.94133265
Yeast,12.33644135,9.386381736
Yeast,9.332060125,8.833835606
Yeast,12.33776928,10.19031331
Yeast,10.94347082,10.24176161
Yeast,10.53978822,10.02697551
Yeast,9.220294945,8.201607459
Yeast,5.948783881,5.177661911
Yeast,9.149694739,7.588620077
Yeast,10.08365345,8.923347292
Yeast,10.73764578,8.889466694
Yeast,13.64287689,10.59604361
Yeast,13.16505301,11.55181036
Yeast,11.71122023,10.72717398
Yeast,12.4771991,9.971971852
Yeast,9.774694557,9.151100006
Yeast,7.292622019,7.394120529
Yeast,10.43355595,9.395583866
Yeast,11.94869359,9.798177058
Yeast,10.51145961,11.26236153
Yeast,10.34657824,8.759800311
Yeast,11.05833441,10.27961582
Yeast,7.078386953,6.341313128
Yeast,10.08276812,8.439398861
Yeast,8.719896733,8.006062175
Yeast,7.177758369,6.517199289
Yeast,8.136947157,7.537380955
Yeast,11.61472592,9.121193068
Yeast,7.959008171,10.50381318
Yeast,13.56187476,10.64937415
Yeast,11.57688066,9.15800159
Yeast,7.859415396,7.560386255
Yeast,10.29545401,9.644877944
Yeast,12.29682561,11.0528039
Yeast,5.962062914,9.686078378
Yeast,10.30098693,9.494506755
Yeast,11.48171429,8.866461394
Yeast,11.67160443,10.01505453
Yeast,8.566966522,8.020074523
Yeast,13.24782568,11.8776494
Yeast,12.77907578,11.40415797
Yeast,11.08732698,9.917595627
Yeast,10.64978286,9.42946441
Yeast,12.61242393,8.846802271
Yeast,9.328961712,7.470874622
Yeast,10.04093918,9.124539298
Yeast,10.92665071,9.662027342
Yeast,5.98640778,5.374671184
Yeast,7.900801729,6.584960431
Yeast,12.36167154,9.601167838
Yeast,10.92089644,8.750179875
Yeast,11.48791117,8.633271031
Yeast,10.5063693,9.664746194
Yeast,11.02978451,9.927425189
Yeast,5.043817741,5.773708967
Yeast,11.09972075,9.826829186
Yeast,12.46104296,8.928366635
Yeast,7.355918714,7.105299078
Yeast,11.42350785,8.171282217
Yeast,11.63862818,8.490637983
Yeast,11.66585021,9.469200909
Yeast,7.44533087,7.02289821
Yeast,13.19581612,11.9403912
Yeast,10.41607188,8.829025441
Yeast,8.50101402,9.068071653
Yeast,11.14088578,10.19428697
Yeast,10.21201738,6.481436451
Yeast,13.44922431,10.21666489
Yeast,11.85817486,9.177451534
Yeast,11.91483207,9.276583602
Yeast,9.464629152,7.926380104
Yeast,10.68984126,10.17839238
Yeast,12.60888286,11.49115993
Yeast,9.084627505,8.364736135
Yeast,11.36906384,9.294360432
Yeast,10.62411006,9.335560866
Yeast,9.329846981,7.633166741
Yeast,12.36853233,9.849834485
Yeast,8.266417771,9.55285664
Yeast,10.32710233,8.568019561
Yeast,12.49047813,9.467109543
Yeast,11.67403894,9.226181038
Yeast,10.51610726,9.597821609
Yeast,10.63429068,10.49628416
Yeast,12.03412206,10.20683533
Yeast,10.97356996,7.603050677
Yeast,9.625305479,9.773916896
Yeast,11.65766149,9.704691819
Yeast,12.02836779,10.50485886
Yeast,11.23981459,9.152563994
Yeast,9.954625497,9.899400492
Yeast,11.20816621,9.693607394
Yeast,13.3075813,11.97573574
Yeast,12.35945834,10.43709772
Yeast,9.268542126,7.640904882
Yeast,5.879954213,5.700719355
Yeast,11.0014559,9.56728724
Yeast,12.79235482,10.76774698
Yeast,10.37667739,9.612670515
Yeast,11.42372915,8.979814883
Yeast,9.811211941,8.315379253
Yeast,11.59148763,10.87838167
Yeast,12.0339007,10.11188605
Yeast,12.67594199,10.75959053
Yeast,12.57568525,10.34591297
Yeast,11.32125932,11.15507301
Yeast,11.36198169,9.260479834
Yeast,11.66253044,9.600749533
Yeast,10.70533349,9.079156077
Yeast,8.409167361,7.006585316
Yeast,9.895091123,10.29697439
Yeast,12.86738137,11.27532814
Yeast,8.314443592,9.386590862
Yeast,9.557803742,8.865415658
Yeast,5.269782661,6.162289864
Yeast,8.609680731,7.874304425
Yeast,9.180457846,7.280766987
Yeast,11.0269074,10.00271535
Yeast,12.84879072,10.47955301
Yeast,10.80448361,8.034086818
Yeast,13.06191921,10.37561078
Yeast,5.861142263,4.930250073
Yeast,9.528811173,10.72905622
Yeast,9.204802768,7.363795287
Yeast,8.837416189,7.314438406
Yeast,10.06639068,8.789498122
Yeast,11.86857678,10.5784759
Yeast,9.684618493,12.87566227
Yeast,10.06329221,9.440130529
Yeast,12.96631018,11.68858745
Yeast,11.10835213,9.735226134
Yeast,11.14973847,8.69789507
Yeast,10.49131973,10.46951433
Yeast,10.08476002,8.283799202
Yeast,11.74574571,9.613507018
Yeast,11.92279949,10.86938872
Yeast,10.98884083,9.733134767
Yeast,11.87565893,10.47537023
Yeast,6.481273075,12.00647923
Yeast,11.68510477,9.228690656
Yeast,11.76256582,8.862278554
Yeast,10.68563628,9.387845724
Yeast,11.35157977,9.836240442
Yeast,10.52230414,8.151204841
Yeast,13.1079532,10.66652355
Yeast,10.88836279,9.640067726
Yeast,10.63606122,9.817417876
Yeast,8.121676283,7.157374757
Yeast,9.395799483,9.869075303
Yeast,12.13282951,9.38617261
Yeast,11.13136912,8.928366635
Yeast,10.09427667,11.00428357
Yeast,4.71427642,5.609743734
Yeast,10.19386939,9.176196725
Yeast,12.22976648,10.25556478
Yeast,10.99016877,8.260166471
Yeast,11.32767751,9.711593403
Yeast,12.96409698,11.27825606
Yeast,6.91439091,6.328346517
Yeast,12.14057563,10.16835369
Yeast,9.885131863,9.270727701
Yeast,12.14964962,10.20725358
Yeast,8.315771467,7.407505446
Yeast,9.465293117,9.049876571
Yeast,8.068560151,6.820660467
Yeast,11.14332022,8.58579639
Yeast,5.94170173,4.897415212
Yeast,11.7519426,9.005120728
Yeast,11.67890794,9.829547984
Yeast,9.638363152,7.674158049
Yeast,11.06121158,8.9476074
Yeast,10.17550005,10.70584174
Yeast,11.5923729,10.05520928
Yeast,7.325155664,6.817523364
Yeast,11.59657788,10.70730573
Yeast,12.2096266,9.803405581
Yeast,10.81909052,9.768060995
Yeast,11.31351321,8.333365209
Yeast,4.405760249,6.619886713
Yeast,10.91315032,9.646969311
Yeast,6.55784886,5.632330835
Yeast,11.17341936,8.41911236
Yeast,10.6820952,8.806020089
Yeast,9.847507964,9.125166729
Yeast,9.605165598,8.293628763
Yeast,10.96803699,11.09965111
Yeast,11.88871661,9.985775075
Yeast,6.511150914,10.92815686
Yeast,11.8364858,9.207776777
Yeast,12.66443349,11.32238448
Yeast,10.28859316,10.38397635
Yeast,11.38566259,9.794203397
Yeast,12.00092445,9.841050607
Yeast,7.117781389,6.285682041
Yeast,5.181255775,8.150577463
Yeast,11.08245803,9.629819913
Yeast,7.953032592,7.209868742
Yeast,13.72919064,10.49105569
Yeast,11.66009594,9.132486619
Yeast,8.81329257,7.964652615
Yeast,9.886017131,8.056464739
Yeast,9.199491155,8.391715094
Yeast,6.192232819,5.412734515
Yeast,7.499553574,6.994455261
Yeast,13.11481404,11.46940944
Yeast,11.16655857,10.47118744
Yeast,10.51699253,8.615703328
Yeast,12.04563056,9.178706397
Yeast,10.11530177,8.544386777
Yeast,5.79076336,4.925021603
Yeast,12.97538417,11.29686951
Yeast,11.14199235,8.271041716
Yeast,11.15704192,11.45957987
Yeast,11.9000038,10.80601949
Yeast,8.956706126,7.137088256
Yeast,8.179661422,6.833627132
Yeast,11.20130536,9.632957016
Yeast,8.960689864,8.635780703
Yeast,12.32803132,10.54564104
Yeast,10.09582585,8.478507929
Yeast,12.87291428,10.86436938
Yeast,11.03310428,9.690470291
Yeast,11.30421785,9.293105622
Yeast,11.72427796,9.615389313
Yeast,11.34803869,9.854017272
Yeast,10.70887457,9.328659281
Yeast,9.639691084,8.996964335
Yeast,11.88119185,9.111990938
Yeast,8.711265347,7.456234896
Yeast,8.415364243,5.783120277
Yeast,11.51646108,10.10080168
Yeast,5.917578168,5.0649358
Yeast,5.47914872,9.651570403
Yeast,10.03097992,9.438039163
Yeast,8.327722625,7.613089365
Yeast,13.75818315,10.38502204
Yeast,8.046649732,8.037223921
Yeast,7.285318508,6.913727454
Yeast,11.95245597,9.709083731
Yeast,11.16810775,9.712639086
Yeast,10.93660997,10.71211595
Yeast,12.76336225,11.28034748
Yeast,8.058158284,6.796400305
Yeast,7.835291833,9.311509883
Yeast,11.13933654,10.03910556
Yeast,9.454448588,7.222626227
Yeast,11.82807572,9.799850173
Yeast,13.02982823,11.49220561
Yeast,12.91540719,11.56059418
Yeast,12.59228405,10.84052747
Yeast,13.30204838,12.00334213
Yeast,11.89314301,9.245840108
Yeast,8.840514601,7.408132824
Yeast,8.749110605,7.367559821
Yeast,10.74030159,9.51667555
Yeast,8.505219005,7.913413439
Yeast,13.8073156,10.39966176
Yeast,11.32701354,10.09369091
Yeast,11.30333258,11.17891492
Yeast,11.65943203,9.715985316
Yeast,12.1297311,9.633375268
Yeast,11.73844226,9.796713123
Yeast,12.95325245,10.07235873
Yeast,10.43621176,8.554216338
Yeast,10.85538654,9.942483221
Yeast,12.22024983,10.13635539
Yeast,12.13437875,10.07277704
Yeast,11.00189856,8.967475649
Yeast,8.182538531,7.280766987
Yeast,11.35866192,9.051340506
Yeast,10.05466088,8.823378666
Yeast,11.22233051,9.076646405
Yeast,10.77681891,10.09891944
Yeast,11.64504637,8.080724901
Yeast,10.08232552,8.771302987
Yeast,11.21281386,11.1561187
Yeast,12.24680789,10.27773352
Yeast,10.74915428,8.57136579
Yeast,9.422800212,8.457593996
Yeast,13.19891453,11.85778115
Yeast,10.88526438,8.756454081
Yeast,6.5737837,5.710339791
Yeast,8.911778773,8.145139814
Yeast,7.060902879,8.891139808
Yeast,7.949491517,6.45592148
Yeast,9.192409004,8.392133346
Yeast,10.87043611,8.989017014
Yeast,10.83414009,9.577116802
Yeast,13.33856571,10.84596512
Yeast,10.5437719,9.260689013
Yeast,10.52473865,9.685241821
Yeast,10.53846029,10.77423031
Yeast,8.197366799,6.377075967
Yeast,11.45360699,9.957332126
Yeast,13.85644799,10.41953001
Yeast,11.23051923,8.875245219
Yeast,12.71555773,9.845024267
Yeast,12.9629904,10.43521548
Yeast,9.538106467,8.969776195
Yeast,13.62406494,10.68450955
Yeast,9.912575197,8.32479051
Yeast,7.925367954,7.346018457
Yeast,11.02203845,8.074032443
Yeast,12.78372349,9.042556681
Yeast,12.19634757,10.34047537
Yeast,9.822277773,10.39924351
Yeast,9.193294273,7.464809595
Yeast,11.84799424,8.392551652
Yeast,12.69099156,11.4196343
Yeast,12.93289126,11.27846524
Yeast,12.45086239,9.390773648
Yeast,11.29957021,8.940705816
Yeast,11.63530841,8.900341939
Yeast,8.531334464,7.927216662
Yeast,13.76924904,10.49042826
Yeast,8.088257426,7.772871811
Yeast,13.13141279,11.91487623
Yeast,12.99928643,11.2910136
Yeast,12.07196732,10.7554078
Yeast,12.47653513,10.91539937
Yeast,13.01986891,11.95168475
Yeast,13.05085333,11.87827684
Yeast,12.18727358,9.798177058
Yeast,8.41226583,6.037015394
Yeast,10.4499334,8.710025124
Yeast,10.37446424,10.78280501
Yeast,12.7465422,10.51908033
Yeast,9.967461867,10.81647643
Yeast,11.81833776,9.672484336
Yeast,11.21259255,10.88068222
Yeast,11.3672933,10.22356648
Yeast,6.636195127,6.020284247
Yeast,9.505130216,7.834567926
Yeast,10.1569094,9.105507606
Yeast,10.33750425,10.65313863
Yeast,8.551474345,6.807484676
Yeast,7.174438597,6.211855871
Yeast,10.44329391,9.08354799
Yeast,12.31895728,9.964651963
Yeast,7.591400232,7.052386842
Yeast,11.40580247,9.809679734
Yeast,10.80049987,8.006271301
Yeast,13.71967398,10.48018039
Yeast,13.69422249,10.41973914
Yeast,12.01531011,8.373729086
Yeast,8.931918598,7.869285081
Yeast,10.89478103,8.758545448
Yeast,11.83228076,10.51552498
Yeast,11.04284224,8.798491073
Yeast,6.270357782,5.446824238
Yeast,6.759026196,6.707516104
Yeast,9.190195803,8.43877143
Yeast,8.417134781,5.746311755
Yeast,11.46334495,9.755721761
Yeast,11.50694442,10.98002341
Yeast,10.90142052,8.392760778
Yeast,9.689487443,9.037328212
Yeast,11.68997378,8.774230911
Yeast,10.48600812,8.247618111
Yeast,11.66341571,10.1037296
Yeast,10.14163853,11.20819443
Yeast,10.73742448,9.586318933
Yeast,12.895046,11.3167377
Yeast,10.48113911,10.77862222
Yeast,13.16062666,11.5681232
Yeast,11.61782434,10.7986996
Yeast,10.84365674,9.221998198
Yeast,9.658060427,12.89636708
Yeast,12.71113144,10.79033403
Yeast,13.8615383,10.48519974
Yeast,7.178422335,6.219594067
Yeast,9.765620566,9.189163337
Yeast,10.1026867,8.348214114
Yeast,12.1954623,9.895217706
Yeast,8.132742172,7.582345871
Yeast,12.23264359,9.786465256
Yeast,12.39531176,10.29927489
Yeast,13.24583384,11.934117
Yeast,10.92510148,9.137505963
Yeast,6.429706178,5.501200464
Yeast,11.55607687,10.10916725
Yeast,10.90274845,9.917177375
Yeast,12.47233015,9.557039427
Yeast,12.58675114,10.36557209
Yeast,8.576261873,6.895741499
Yeast,12.53983189,9.258179341
Yeast,10.35011932,10.00710726
Yeast,10.55528039,9.692561711
Yeast,12.17465851,9.502872328
Yeast,13.76969164,10.46282187
Yeast,9.120702226,8.548151311
Yeast,6.49078973,6.718600475
Yeast,9.608042708,9.224507923
Yeast,11.57887251,10.13740107
Yeast,10.93483943,10.77757654
Yeast,10.91978986,9.589874288
Yeast,12.3714095,10.08009687
Yeast,9.852598218,9.56749642
Yeast,7.52544773,6.307850836
Yeast,11.68953117,10.08762589
Yeast,6.068516481,11.86740159
Yeast,12.91673512,10.54668672
Yeast,13.19360292,10.15580533
Yeast,9.146596326,6.838646476
Yeast,11.28872568,9.723932583
Yeast,12.19169992,9.971762726
Yeast,13.07896063,11.58485435
Yeast,13.07741139,11.75028357
Yeast,13.26575236,11.9458288
Yeast,11.12893462,8.295092698
Yeast,11.81900173,9.928261746
Yeast,9.393586339,8.814594841
Yeast,10.41607188,8.540831422
Yeast,11.52951881,9.897936504
Yeast,10.43621176,9.403112882
Yeast,11.62291465,10.99487232
Yeast,10.16199971,8.240089095
Yeast,11.73910623,9.461253588
Yeast,10.99835749,8.248036363
Yeast,7.232866342,7.121611972
Yeast,7.159610329,6.432707001
Yeast,11.20042009,8.249918604
Yeast,9.908370213,7.565823904
Yeast,11.24888858,9.236219725
Yeast,10.60640468,8.201607459
Yeast,5.428024429,5.658682364
Yeast,6.66253189,5.637559305
Yeast,9.44249743,8.125480744
Yeast,12.82378189,9.690470291
Yeast,10.11308862,9.841887218
Yeast,10.1706311,9.967998192
Yeast,12.85587287,10.57743022
Yeast,10.70931718,9.847952245
Yeast,8.929041488,8.076751294
Yeast,10.28239628,11.5568297
Yeast,8.631812509,7.330542174
Yeast,12.90699716,11.17389558
Yeast,11.38588389,9.221789072
Yeast,12.96763805,11.37613332
Yeast,11.13601677,10.10121998
Yeast,12.68191751,10.06085605
Yeast,10.87818223,11.03941898
Yeast,9.051208591,7.140225359
Yeast,7.416116997,6.947817178
Yeast,9.499818603,8.876709208
Yeast,9.389602658,7.682941927
Yeast,11.82896099,8.558608305
Yeast,10.32444658,10.88591074
Yeast,6.771862566,5.975737584
Yeast,7.917843141,7.590502318
Yeast,12.38269663,10.09159955
Yeast,12.83329854,11.41398753
Yeast,9.508449989,10.86541506
Yeast,11.93475059,10.412001
Yeast,12.6670893,9.65052472
Yeast,7.751191291,7.596776524
Yeast,13.59308053,10.5901877
Yeast,13.76570796,10.45278318
Yeast,12.73768951,9.937463877
Yeast,10.90673213,9.528387352
Yeast,11.10724556,10.96036429
Yeast,11.97657959,10.43626116
Yeast,11.5246498,9.23789284
Yeast,5.345915784,5.379899654
Yeast,10.22308327,9.452888015
Yeast,10.1190642,9.041092693
Yeast,12.25344738,11.26549858
Yeast,11.47905848,9.102788808
Yeast,11.90376624,9.755094383
Yeast,11.09662233,9.305863108
Yeast,11.25597073,10.07549583
Yeast,12.05094217,9.993513217
Yeast,11.82741175,10.14806719
Yeast,11.80063238,9.300425459
Yeast,10.36052124,10.1154414
Yeast,12.71290198,10.75833572
Yeast,10.32798765,9.513329321
Yeast,12.40571363,10.13970162
Yeast,10.60219964,9.446822988
Yeast,12.08126261,10.68890147
Yeast,12.84259384,10.02739376
Yeast,11.18116548,9.093377551
Yeast,11.85020744,8.14032965
Yeast,7.743223871,7.109272739
Yeast,5.745172042,11.7634593
Yeast,12.0077853,9.979291742
Yeast,9.120480923,8.129872657
Yeast,6.045720794,8.103521128
Yeast,9.865434645,9.800268478
Yeast,9.917665508,9.219070274
Yeast,13.36844354,10.85914091
Yeast,11.53305988,9.298124966
Yeast,9.97786379,8.881937678
Yeast,10.07568597,8.505696015
Yeast,5.624111511,5.414198503
Yeast,10.50991038,10.3212345
Yeast,9.246410405,8.384395205
Yeast,10.43687567,8.621559229
Yeast,6.03531887,4.677191514
Yeast,9.758538415,8.548360437
Yeast,12.44599339,9.247304096
Yeast,11.75061466,9.771825529
Yeast,11.53084668,9.102370556
Yeast,7.171118881,11.12558438
Yeast,12.32094917,9.568751229
Yeast,10.22396853,8.569065244
Yeast,8.525580245,5.701765038
Yeast,10.14318777,8.804974405
Yeast,11.56603613,9.779563671
Yeast,12.9488261,11.68210412
Yeast,11.77850066,10.10937638
Yeast,7.075067181,6.70040534
Yeast,10.10113747,10.07528665
Yeast,7.381148905,6.876291501
Yeast,7.947942282,7.455189159
Yeast,12.95723619,11.37655158
Yeast,13.16549567,11.90232782
Yeast,12.88862782,10.26915882
Yeast,13.02340999,11.23140886
Yeast,12.14810044,9.392237637
Yeast,8.040895513,7.129977546
Yeast,12.00269499,9.939346117
Yeast,10.68120988,10.95994604
Yeast,11.85197798,10.05876469
Yeast,12.68258148,8.347586683
Yeast,13.09954311,11.62479997
Yeast,13.45674913,10.47056001
Yeast,10.34370113,9.311509883
Yeast,11.81900173,10.26100238
Yeast,9.901951971,10.30220286
Yeast,11.03465351,7.941438136
Yeast,11.52752691,9.368604906
Yeast,6.977687606,6.147859264
Yeast,11.33962861,9.097560338
Yeast,7.607556375,7.086685691
Yeast,13.82391435,10.40509941
Yeast,12.96365437,10.66673272
Yeast,10.5858222,9.387218293
Yeast,12.54956984,10.57617536
Yeast,9.850606377,8.566555572
Yeast,10.58980588,9.051967938
Yeast,9.185105493,9.210704701
Yeast,12.95015403,11.70657341
Yeast,9.978749059,7.806961535
Yeast,11.31417717,9.270727701
Yeast,8.739372648,7.30690939
Yeast,10.50570534,9.311509883
Yeast,11.89026584,11.07204471
Yeast,10.87685435,9.836240442
Yeast,12.5969317,10.44964608
Yeast,9.743046238,9.153400498
Yeast,12.94351449,11.61727095
Yeast,9.95196969,8.82651577
Yeast,12.01730195,10.48624547
Yeast,10.91403564,9.183307435
Yeast,11.87455231,9.305444803
Yeast,12.23220093,9.585273249
Yeast,7.005130941,6.260585321
Yeast,12.46768245,9.750493291
Yeast,7.191922671,6.602109883
Yeast,12.35259749,10.12276129
Yeast,10.46852404,9.485513804
Yeast,9.79107206,9.187908527
Yeast,12.95413772,10.56906465
Yeast,10.84631255,9.298334092
Yeast,7.357246646,6.79472719
Yeast,12.82024081,11.00407445
Yeast,13.09821524,11.88287787
Yeast,8.420233193,7.21133273
Yeast,11.13446753,8.320189418
Yeast,11.4843701,8.9187462
Yeast,11.35224368,10.50904165
Yeast,10.61791318,9.725396572
Yeast,12.65624477,10.43291493
Yeast,10.65509447,8.492938529
Yeast,12.40881209,9.894172023
Yeast,12.40615629,10.19867888
Yeast,11.60343873,8.746206268
Yeast,9.038593524,8.289027671
Yeast,11.92988164,9.04924914
Yeast,11.98631754,9.403740313
Yeast,10.30917565,10.42392193
Yeast,7.143454187,6.015474083
Yeast,11.19068214,9.664746194
Yeast,9.322986133,7.438458013
Yeast,8.710158775,8.059183537
Yeast,11.95046413,9.847743065
Yeast,6.870570073,11.2512771
Yeast,10.41673584,8.534766394
Yeast,12.02283487,9.658262861
Yeast,13.13716707,11.52775932
Yeast,8.471800147,7.829757708
Yeast,10.70267769,8.832789923
Yeast,11.60034032,10.8501479
Yeast,13.07254244,11.61727095
Yeast,10.18125433,9.550346968
Yeast,9.258804169,7.686078977
Yeast,13.10994504,11.89333487
Yeast,11.91350414,10.31433292
Yeast,12.11003382,9.801105035
Yeast,11.37238356,11.20589388
Yeast,9.983839369,8.611520541
Yeast,13.42775656,10.31684259
Yeast,11.56647874,9.808634051
Yeast,9.247074314,7.953986496
Yeast,10.67412772,8.5351847
Yeast,10.72503071,8.950535377
Yeast,11.4049172,10.96015516
Yeast,12.3457367,8.510297106
Yeast,9.448473009,8.6326436
Yeast,11.13867258,10.00397016
Yeast,12.97538417,10.95618155
Yeast,12.48959286,9.435529491
Yeast,10.41629318,9.776217442
Yeast,11.25641334,10.58767803
Yeast,9.405094835,9.510192217
Yeast,11.37880174,9.807170062
Yeast,11.50782969,9.841887218
Yeast,11.3487026,10.58203126
Yeast,11.90509411,10.49732984
Yeast,11.09396653,9.397884412
Yeast,10.45303187,8.437934872
Yeast,6.475076193,5.645715752
Yeast,10.29147027,9.466900363
Yeast,11.06807243,8.386277499
Yeast,12.20520026,10.12234304
Yeast,13.07032924,11.63421123
Yeast,11.86614228,10.10812157
Yeast,11.86149463,8.996336903
Yeast,9.28093589,10.20286167
Yeast,7.729059569,7.41252479
Yeast,11.12207377,8.17441932
Yeast,13.04288591,11.78667378
Yeast,11.82962495,10.49063738
Yeast,10.75822832,9.697790181
Yeast,10.10312936,8.594789395
Yeast,11.79133703,9.386800041
Yeast,10.00154475,9.434274628
Yeast,12.00269499,10.04077868
Yeast,11.82298541,9.934326774
