sequence_position_bp,region,non_padding_sequence_count,Single-base_raw_mean_probability,Single-base_rolling80_mean_probability,Codon_raw_mean_probability,Codon_rolling80_mean_probability,9-mer_raw_mean_probability,9-mer_rolling80_mean_probability,Ribosome_raw_mean_probability,Ribosome_rolling80_mean_probability
0,5'UTR,0,0,0,0,0,0,0,0,0
1,5'UTR,0,0,0,0,0,0,0,0,0
2,5'UTR,0,0,0,0,0,0,0,0,0
3,5'UTR,0,0,0,0,0,0,0,0,0
4,5'UTR,0,0,0,0,0,0,0,0,0
5,5'UTR,0,0,0,0,0,0,0,0,0
6,5'UTR,0,0,0,0,0,0,0,0,0
7,5'UTR,0,0,0,0,0,0,0,0,0
8,5'UTR,0,0,0,0,0,0,0,0,0
9,5'UTR,0,0,0,0,0,0,0,0,0
10,5'UTR,0,0,0,0,0,0,0,0,0
11,5'UTR,0,0,0,0,0,0,0,0,0
12,5'UTR,0,0,0,0,0,0,0,0,0
13,5'UTR,0,0,0,0,0,0,0,0,0
14,5'UTR,0,0,0,0,0,0,0,0,0
15,5'UTR,0,0,0,0,0,0,0,0,0
16,5'UTR,0,0,0,0,0,0,0,0,0
17,5'UTR,0,0,0,0,0,0,0,0,0
18,5'UTR,0,0,0,0,0,0,0,0,0
19,5'UTR,0,0,0,0,0,0,0,0,0
20,5'UTR,0,0,0,0,0,0,0,0,0
21,5'UTR,0,0,0,0,0,0,0,0,0
22,5'UTR,0,0,0,0,0,0,0,0,0
23,5'UTR,0,0,0,0,0,0,0,0,0
24,5'UTR,0,0,0,0,0,0,0,0,0
25,5'UTR,0,0,0,0,0,0,0,0,0
26,5'UTR,0,0,0,0,0,0,0,0,0
27,5'UTR,0,0,0,0,0,0,0,0,0
28,5'UTR,0,0,0,0,0,0,0,0,0
29,5'UTR,0,0,0,0,0,0,0,0,0
30,5'UTR,0,0,0,0,0,0,0,0,0
31,5'UTR,0,0,0,0,0,0,0,0,0
32,5'UTR,0,0,0,0,0,0,0,0,0
33,5'UTR,0,0,0,0,0,0,0,0,0
34,5'UTR,0,0,0,0,0,0,0,0,0
35,5'UTR,0,0,0,0,0,0,0,0,0
36,5'UTR,0,0,0,0,0,0,0,0,0
37,5'UTR,0,0,0,0,0,0,0,0,0
38,5'UTR,0,0,0,0,0,0,0,0,0
39,5'UTR,0,0,0,0,0,0,0,0,0
40,5'UTR,0,0,0,0,0,0,0,0,0
41,5'UTR,0,0,0,0,0,0,0,0,0
42,5'UTR,0,0,0,0,0,0,0,0,0
43,5'UTR,0,0,0,0,0,0,0,0,0
44,5'UTR,0,0,0,0,0,0,0,0,0
45,5'UTR,0,0,0,0,0,0,0,0,0
46,5'UTR,0,0,0,0,0,0,0,0,0
47,5'UTR,0,0,0,0,0,0,0,0,0
48,5'UTR,0,0,0,0,0,0,0,0,0
49,5'UTR,0,0,0,0,0,0,0,0,0
50,5'UTR,0,0,0,0,0,0,0,0,0
51,5'UTR,0,0,0,0,0,0,0,0,0
52,5'UTR,0,0,0,0,0,0,0,0,0
53,5'UTR,0,0,0,0,0,0,0,0,0
54,5'UTR,0,0,0,0,0,0,0,0,0
55,5'UTR,0,0,0,0,0,0,0,0,0
56,5'UTR,0,0,0,0,0,0,0,0,0
57,5'UTR,0,0,0,0,0,0,0,0,0
58,5'UTR,0,0,0,0,0,0,0,0,0
59,5'UTR,0,0,0,0,0,0,0,0,0
60,5'UTR,0,0,0,0,0,0,0,0,0
61,5'UTR,0,0,0,0,0,0,0,0,0
62,5'UTR,0,0,0,0,0,0,0,0,0
63,5'UTR,0,0,0,0,0,0,0,0,0
64,5'UTR,0,0,0,0,0,0,0,0,0
65,5'UTR,0,0,0,0,0,0,0,0,0
66,5'UTR,0,0,0,0,0,0,0,0,0
67,5'UTR,0,0,0,0,0,0,0,0,0
68,5'UTR,0,0,0,0,0,0,0,0,0
69,5'UTR,0,0,0,0,0,0,0,0,0
70,5'UTR,0,0,0,0,0,0,0,0,0
71,5'UTR,0,0,0,0,0,0,0,0,0
72,5'UTR,0,0,0,0,0,0,0,0,0
73,5'UTR,0,0,0,0,0,0,0,0,0
74,5'UTR,0,0,0,0,0,0,0,0,0
75,5'UTR,0,0,0,0,0,0,0,0,0
76,5'UTR,0,0,0,0,0,0,0,0,0
77,5'UTR,0,0,0,0,0,0,0,0,0
78,5'UTR,0,0,0,0,0,0,0,0,0
79,5'UTR,0,0,0,0,0,0,0,0,0
80,5'UTR,0,0,0,0,0,0,0,0,0
81,5'UTR,0,0,0,0,0,0,0,0,0
82,5'UTR,0,0,0,0,0,0,0,0,0
83,5'UTR,0,0,0,0,0,0,0,0,0
84,5'UTR,0,0,0,0,0,0,0,0,0
85,5'UTR,0,0,0,0,0,0,0,0,0
86,5'UTR,0,0,0,0,0,0,0,0,0
87,5'UTR,0,0,0,0,0,0,0,0,0
88,5'UTR,0,0,0,0,0,0,0,0,0
89,5'UTR,0,0,0,0,0,0,0,0,0
90,5'UTR,0,0,0,0,0,0,0,0,0
91,5'UTR,0,0,0,0,0,0,0,0,0
92,5'UTR,0,0,0,0,0,0,0,0,0
93,5'UTR,0,0,0,0,0,0,0,0,0
94,5'UTR,0,0,0,0,0,0,0,0,0
95,5'UTR,0,0,0,0,0,0,0,0,0
96,5'UTR,0,0,0,0,0,0,0,0,0
97,5'UTR,0,0,0,0,0,0,0,0,0
98,5'UTR,0,0,0,0,0,0,0,0,0
99,5'UTR,0,0,0,0,0,0,0,0,0
100,5'UTR,0,0,0,0,0,0,0,0,0
101,5'UTR,0,0,0,0,0,0,0,0,0
102,5'UTR,0,0,0,0,0,0,0,0,0
103,5'UTR,0,0,0,0,0,0,0,0,0
104,5'UTR,0,0,0,0,0,0,0,0,0
105,5'UTR,0,0,0,0,0,0,0,0,0
106,5'UTR,0,0,0,0,0,0,0,0,0
107,5'UTR,0,0,0,0,0,0,0,0,0
108,5'UTR,0,0,0,0,0,0,0,0,0
109,5'UTR,0,0,0,0,0,0,0,0,0
110,5'UTR,0,0,0,0,0,0,0,0,0
111,5'UTR,0,0,0,0,0,0,0,0,0
112,5'UTR,0,0,0,0,0,0,0,0,0
113,5'UTR,0,0,0,0,0,0,0,0,0
114,5'UTR,0,0,0,0,0,0,0,0,0
115,5'UTR,0,0,0,0,0,0,0,0,0
116,5'UTR,0,0,0,0,0,0,0,0,0
117,5'UTR,0,0,0,0,0,0,0,0,0
118,5'UTR,0,0,0,0,0,0,0,0,0
119,5'UTR,0,0,0,0,0,0,0,0,0
120,5'UTR,0,0,0,0,0,0,0,0,0
121,5'UTR,0,0,0,0,0,0,0,0,0
122,5'UTR,0,0,0,0,0,0,0,0,0
123,5'UTR,0,0,0,0,0,0,0,0,0
124,5'UTR,0,0,0,0,0,0,0,0,0
125,5'UTR,0,0,0,0,0,0,0,0,0
126,5'UTR,0,0,0,0,0,0,0,0,0
127,5'UTR,0,0,0,0,0,0,0,0,0
128,5'UTR,0,0,0,0,0,0,0,0,0
129,5'UTR,0,0,0,0,0,0,0,0,0
130,5'UTR,0,0,0,0,0,0,0,0,0
131,5'UTR,0,0,0,0,0,0,0,0,0
132,5'UTR,0,0,0,0,0,0,0,0,0
133,5'UTR,0,0,0,0,0,0,0,0,0
134,5'UTR,0,0,0,0,0,0,0,0,0
135,5'UTR,0,0,0,0,0,0,0,0,0
136,5'UTR,0,0,0,0,0,0,0,0,0
137,5'UTR,0,0,0,0,0,0,0,0,0
138,5'UTR,0,0,0,0,0,0,0,0,0
139,5'UTR,0,0,0,0,0,0,0,0,0
140,5'UTR,0,0,0,0,0,0,0,0,0
141,5'UTR,0,0,0,0,0,0,0,0,0
142,5'UTR,0,0,0,0,0,0,0,0,0
143,5'UTR,0,0,0,0,0,0,0,0,0
144,5'UTR,0,0,0,0,0,0,0,0,0
145,5'UTR,0,0,0,0,0,0,0,0,0
146,5'UTR,0,0,0,0,0,0,0,0,0
147,5'UTR,0,0,0,0,0,0,0,0,0
148,5'UTR,0,0,0,0,0,0,0,0,0
149,5'UTR,0,0,0,0,0,0,0,0,0
150,5'UTR,0,0,0,0,0,0,0,0,0
151,5'UTR,0,0,0,0,0,0,0,0,0
152,5'UTR,0,0,0,0,0,0,0,0,0
153,5'UTR,0,0,0,0,0,0,0,0,0
154,5'UTR,0,0,0,0,0,0,0,0,0
155,5'UTR,0,0,0,0,0,0,0,0,0
156,5'UTR,0,0,0,0,0,0,0,0,0
157,5'UTR,0,0,0,0,0,0,0,0,0
158,5'UTR,0,0,0,0,0,0,0,0,0
159,5'UTR,0,0,0,0,0,0,0,0,0
160,5'UTR,0,0,0,0,0,0,0,0,0
161,5'UTR,0,0,0,0,0,0,0,0,0
162,5'UTR,0,0,0,0,0,0,0,0,0
163,5'UTR,0,0,0,0,0,0,0,0,0
164,5'UTR,0,0,0,0,0,0,0,0,0
165,5'UTR,0,0,0,0,0,0,0,0,0
166,5'UTR,0,0,0,0,0,0,0,0,0
167,5'UTR,0,0,0,0,0,0,0,0,0
168,5'UTR,0,0,0,0,0,0,0,0,0
169,5'UTR,0,0,0,0,0,0,0,0,0
170,5'UTR,0,0,0,0,0,0,0,0,0
171,5'UTR,0,0,0,0,0,0,0,0,0
172,5'UTR,0,0,0,0,0,0,0,0,0
173,5'UTR,0,0,0,0,0,0,0,0,0
174,5'UTR,0,0,0,0,0,0,0,0,0
175,5'UTR,0,0,0,0,0,0,0,0,0
176,5'UTR,0,0,0,0,0,0,0,0,0
177,5'UTR,0,0,0,0,0,0,0,0,0
178,5'UTR,0,0,0,0,0,0,0,0,0
179,5'UTR,0,0,0,0,0,0,0,0,0
180,5'UTR,0,0,0,0,0,0,0,0,0
181,5'UTR,0,0,0,0,0,0,0,0,0
182,5'UTR,0,0,0,0,0,0,0,0,0
183,5'UTR,0,0,0,0,0,0,0,0,0
184,5'UTR,0,0,0,0,0,0,0,0,0
185,5'UTR,0,0,0,0,0,0,0,0,0
186,5'UTR,0,0,0,0,0,0,0,0,0
187,5'UTR,0,0,0,0,0,0,0,0,0
188,5'UTR,0,0,0,0,0,0,0,0,0
189,5'UTR,0,0,0,0,0,0,0,0,0
190,5'UTR,0,0,0,0,0,0,0,0,0
191,5'UTR,0,0,0,0,0,0,0,0,0
192,5'UTR,0,0,0,0,0,0,0,0,0
193,5'UTR,0,0,0,0,0,0,0,0,0
194,5'UTR,0,0,0,0,0,0,0,0,0
195,5'UTR,0,0,0,0,0,0,0,0,0
196,5'UTR,0,0,0,0,0,0,0,0,0
197,5'UTR,0,0,0,0,0,0,0,0,0
198,5'UTR,0,0,0,0,0,0,0,0,0
199,5'UTR,0,0,0,0,0,0,0,0,0
200,5'UTR,0,0,0,0,0,0,0,0,0
201,5'UTR,0,0,0,0,0,0,0,0,0
202,5'UTR,0,0,0,0,0,0,0,0,0
203,5'UTR,0,0,0,0,0,0,0,0,0
204,5'UTR,0,0,0,0,0,0,0,0,0
205,5'UTR,0,0,0,0,0,0,0,0,0
206,5'UTR,0,0,0,0,0,0,0,0,0
207,5'UTR,0,0,0,0,0,0,0,0,0
208,5'UTR,0,0,0,0,0,0,0,0,0
209,5'UTR,0,0,0,0,0,0,0,0,0
210,5'UTR,0,0,0,0,0,0,0,0,0
211,5'UTR,0,0,0,0,0,0,0,0,0
212,5'UTR,0,0,0,0,0,0,0,0,0
213,5'UTR,0,0,0,0,0,0,0,0,0
214,5'UTR,0,0,0,0,0,0,0,0,0
215,5'UTR,0,0,0,0,0,0,0,0,0
216,5'UTR,0,0,0,0,0,0,0,0,0
217,5'UTR,0,0,0,0,0,0,0,0,0
218,5'UTR,0,0,0,0,0,0,0,0,0
219,5'UTR,0,0,0,0,0,0,0,0,0
220,5'UTR,0,0,0,0,0,0,0,0,0
221,5'UTR,0,0,0,0,0,0,0,0,0
222,5'UTR,0,0,0,0,0,0,0,0,0
223,5'UTR,0,0,0,0,0,0,0,0,0
224,5'UTR,0,0,0,0,0,0,0,0,0
225,5'UTR,0,0,0,0,0,0,0,0,0
226,5'UTR,0,0,0,0,0,0,0,0,0
227,5'UTR,0,0,0,0,0,0,0,0,0
228,5'UTR,0,0,0,0,0,0,0,0,0
229,5'UTR,0,0,0,0,0,0,0,0,0
230,5'UTR,0,0,0,0,0,0,0,0,0
231,5'UTR,0,0,0,0,0,0,0,0,0
232,5'UTR,0,0,0,0,0,0,0,0,0
233,5'UTR,0,0,0,0,0,0,0,0,0
234,5'UTR,0,0,0,0,0,0,0,0,0
235,5'UTR,0,0,0,0,0,0,0,0,0
236,5'UTR,0,0,0,0,0,0,0,0,0
237,5'UTR,0,0,0,0,0,0,0,0,0
238,5'UTR,0,0,0,0,0,0,0,0,0
239,5'UTR,0,0,0,0,0,0,0,0,0
240,5'UTR,0,0,0,0,0,0,0,0,0
241,5'UTR,0,0,0,0,0,0,0,0,0
242,5'UTR,0,0,0,0,0,0,0,0,0
243,5'UTR,0,0,0,0,0,0,0,0,0
244,5'UTR,0,0,0,0,0,0,0,0,0
245,5'UTR,0,0,0,0,0,0,0,0,0
246,5'UTR,0,0,0,0,0,0,0,0,0
247,5'UTR,0,0,0,0,0,0,0,0,0
248,5'UTR,0,0,0,0,0,0,0,0,0
249,5'UTR,0,0,0,0,0,0,0,0,0
250,5'UTR,0,0,0,0,0,0,0,0,0
251,5'UTR,0,0,0,0,0,0,0,0,0
252,5'UTR,0,0,0,0,0,0,0,0,0
253,5'UTR,0,0,0,0,0,0,0,0,0
254,5'UTR,0,0,0,0,0,0,0,0,0
255,5'UTR,0,0,0,0,0,0,0,0,0
256,5'UTR,0,0,0,0,0,0,0,0,0
257,5'UTR,0,0,0,0,0,0,0,0,0
258,5'UTR,0,0,0,0,0,0,0,0,0
259,5'UTR,0,0,0,0,0,0,0,0,0
260,5'UTR,0,0,0,0,0,0,0,0,0
261,5'UTR,0,0,0,0,0,0,0,0,0
262,5'UTR,0,0,0,0,0,0,0,0,0
263,5'UTR,0,0,0,0,0,0,0,0,0
264,5'UTR,0,0,0,0,0,0,0,0,0
265,5'UTR,0,0,0,0,0,0,0,0,0
266,5'UTR,0,0,0,0,0,0,0,0,0
267,5'UTR,0,0,0,0,0,0,0,0,0
268,5'UTR,0,0,0,0,0,0,0,0,0
269,5'UTR,0,0,0,0,0,0,0,0,0
270,5'UTR,0,0,0,0,0,0,0,0,0
271,5'UTR,0,0,0,0,0,0,0,0,0
272,5'UTR,0,0,0,0,0,0,0,0,0
273,5'UTR,0,0,0,0,0,0,0,0,0
274,5'UTR,0,0,0,0,0,0,0,0,0
275,5'UTR,0,0,0,0,0,0,0,0,0
276,5'UTR,0,0,0,0,0,0,0,0,0
277,5'UTR,0,0,0,0,0,0,0,0,0
278,5'UTR,0,0,0,0,0,0,0,0,0
279,5'UTR,0,0,0,0,0,0,0,0,0
280,5'UTR,0,0,0,0,0,0,0,0,0
281,5'UTR,0,0,0,0,0,0,0,0,0
282,5'UTR,0,0,0,0,0,0,0,0,0
283,5'UTR,0,0,0,0,0,0,0,0,0
284,5'UTR,0,0,0,0,0,0,0,0,0
285,5'UTR,0,0,0,0,0,0,0,0,0
286,5'UTR,0,0,0,0,0,0,0,0,0
287,5'UTR,0,0,0,0,0,0,0,0,0
288,5'UTR,0,0,0,0,0,0,0,0,0
289,5'UTR,0,0,0,0,0,0,0,0,0
290,5'UTR,0,0,0,0,0,0,0,0,0
291,5'UTR,0,0,0,0,0,0,0,0,0
292,5'UTR,0,0,0,0,0,0,0,0,0
293,5'UTR,0,0,0,0,0,0,0,0,0
294,5'UTR,0,0,0,0,0,0,0,0,0
295,5'UTR,0,0,0,0,0,0,0,0,0
296,5'UTR,0,0,0,0,0,0,0,0,0
297,5'UTR,0,0,0,0,0,0,0,0,0
298,5'UTR,0,0,0,0,0,0,0,0,0
299,5'UTR,0,0,0,0,0,0,0,0,0
300,5'UTR,0,0,0,0,0,0,0,0,0
301,5'UTR,0,0,0,0,0,0,0,0,0
302,5'UTR,0,0,0,0,0,0,0,0,0
303,5'UTR,0,0,0,0,0,0,0,0,0
304,5'UTR,0,0,0,0,0,0,0,0,0
305,5'UTR,0,0,0,0,0,0,0,0,0
306,5'UTR,0,0,0,0,0,0,0,0,0
307,5'UTR,0,0,0,0,0,0,0,0,0
308,5'UTR,0,0,0,0,0,0,0,0,0
309,5'UTR,0,0,0,0,0,0,0,0,0
310,5'UTR,0,0,0,0,0,0,0,0,0
311,5'UTR,0,0,0,0,0,0,0,0,0
312,5'UTR,0,0,0,0,0,0,0,0,0
313,5'UTR,0,0,0,0,0,0,0,0,0
314,5'UTR,0,0,0,0,0,0,0,0,0
315,5'UTR,0,0,0,0,0,0,0,0,0
316,5'UTR,0,0,0,0,0,0,0,0,0
317,5'UTR,0,0,0,0,0,0,0,0,0
318,5'UTR,0,0,0,0,0,0,0,0,0
319,5'UTR,0,0,0,0,0,0,0,0,0
320,5'UTR,0,0,0,0,0,0,0,0,0
321,5'UTR,0,0,0,0,0,0,0,0,0
322,5'UTR,0,0,0,0,0,0,0,0,0
323,5'UTR,0,0,0,0,0,0,0,0,0
324,5'UTR,0,0,0,0,0,0,0,0,0
325,5'UTR,0,0,0,0,0,0,0,0,0
326,5'UTR,0,0,0,0,0,0,0,0,0
327,5'UTR,0,0,0,0,0,0,0,0,0
328,5'UTR,0,0,0,0,0,0,0,0,0
329,5'UTR,0,0,0,0,0,0,0,0,0
330,5'UTR,0,0,0,0,0,0,0,0,0
331,5'UTR,0,0,0,0,0,0,0,0,0
332,5'UTR,0,0,0,0,0,0,0,0,0
333,5'UTR,0,0,0,0,0,0,0,0,0
334,5'UTR,0,0,0,0,0,0,0,0,0
335,5'UTR,0,0,0,0,0,0,0,0,0
336,5'UTR,0,0,0,0,0,0,0,0,0
337,5'UTR,0,0,0,0,0,0,0,0,0
338,5'UTR,0,0,0,0,0,0,0,0,0
339,5'UTR,0,0,0,0,0,0,0,0,0
340,5'UTR,0,0,0,0,0,0,0,0,0
341,5'UTR,0,0,0,0,0,0,0,0,0
342,5'UTR,0,0,0,0,0,0,0,0,0
343,5'UTR,0,0,0,0,0,0,0,0,0
344,5'UTR,0,0,0,0,0,0,0,0,0
345,5'UTR,0,0,0,0,0,0,0,0,0
346,5'UTR,0,0,0,0,0,0,0,0,0
347,5'UTR,0,0,0,0,0,0,0,0,0
348,5'UTR,0,0,0,0,0,0,0,0,0
349,5'UTR,0,0,0,0,0,0,0,0,0
350,5'UTR,0,0,0,0,0,0,0,0,0
351,5'UTR,0,0,0,0,0,0,0,0,0
352,5'UTR,0,0,0,0,0,0,0,0,0
353,5'UTR,0,0,0,0,0,0,0,0,0
354,5'UTR,0,0,0,0,0,0,0,0,0
355,5'UTR,0,0,0,0,0,0,0,0,0
356,5'UTR,0,0,0,0,0,0,0,0,0
357,5'UTR,0,0,0,0,0,0,0,0,0
358,5'UTR,0,0,0,0,0,0,0,0,0
359,5'UTR,0,0,0,0,0,0,0,0,0
360,5'UTR,0,0,0,0,0,0,0,0,0
361,5'UTR,0,0,0,0,0,0,0,0,0
362,5'UTR,0,0,0,0,0,0,0,0,0
363,5'UTR,0,0,0,0,0,0,0,0,0
364,5'UTR,0,0,0,0,0,0,0,0,0
365,5'UTR,0,0,0,0,0,0,0,0,0
366,5'UTR,0,0,0,0,0,0,0,0,0
367,5'UTR,0,0,0,0,0,0,0,0,0
368,5'UTR,0,0,0,0,0,0,0,0,0
369,5'UTR,0,0,0,0,0,0,0,0,0
370,5'UTR,0,0,0,0,0,0,0,0,0
371,5'UTR,0,0,0,0,0,0,0,0,0
372,5'UTR,0,0,0,0,0,0,0,0,0
373,5'UTR,0,0,0,0,0,0,0,0,0
374,5'UTR,0,0,0,0,0,0,0,0,0
375,5'UTR,0,0,0,0,0,0,0,0,0
376,5'UTR,0,0,0,0,0,0,0,0,0
377,5'UTR,0,0,0,0,0,0,0,0,0
378,5'UTR,0,0,0,0,0,0,0,0,0
379,5'UTR,0,0,0,0,0,0,0,0,0
380,5'UTR,0,0,0,0,0,0,0,0,0
381,5'UTR,0,0,0,0,0,0,0,0,0
382,5'UTR,0,0,0,0,0,0,0,0,0
383,5'UTR,0,0,0,0,0,0,0,0,0
384,5'UTR,0,0,0,0,0,0,0,0,0
385,5'UTR,0,0,0,0,0,0,0,0,0
386,5'UTR,0,0,0,0,0,0,0,0,0
387,5'UTR,0,0,0,0,0,0,0,0,0
388,5'UTR,0,0,0,0,0,0,0,0,0
389,5'UTR,0,0,0,0,0,0,0,0,0
390,5'UTR,0,0,0,0,0,0,0,0,0
391,5'UTR,0,0,0,0,0,0,0,0,0
392,5'UTR,0,0,0,0,0,0,0,0,0
393,5'UTR,0,0,0,0,0,0,0,0,0
394,5'UTR,0,0,0,0,0,0,0,0,0
395,5'UTR,0,0,0,0,0,0,0,0,0
396,5'UTR,0,0,0,0,0,0,0,0,0
397,5'UTR,0,0,0,0,0,0,0,0,0
398,5'UTR,0,0,0,0,0,0,0,0,0
399,5'UTR,0,0,0,0,0,0,0,0,0
400,5'UTR,0,0,0,0,0,0,0,0,0
401,5'UTR,0,0,0,0,0,0,0,0,0
402,5'UTR,0,0,0,0,0,0,0,0,0
403,5'UTR,0,0,0,0,0,0,0,0,0
404,5'UTR,0,0,0,0,0,0,0,0,0
405,5'UTR,0,0,0,0,0,0,0,0,0
406,5'UTR,0,0,0,0,0,0,0,0,0
407,5'UTR,0,0,0,0,0,0,0,0,0
408,5'UTR,0,0,0,0,0,0,0,0,0
409,5'UTR,0,0,0,0,0,0,0,0,0
410,5'UTR,0,0,0,0,0,0,0,0,0
411,5'UTR,0,0,0,0,0,0,0,0,0
412,5'UTR,0,0,0,0,0,0,0,0,0
413,5'UTR,0,0,0,0,0,0,0,0,0
414,5'UTR,0,0,0,0,0,0,0,0,0
415,5'UTR,0,0,0,0,0,0,0,0,0
416,5'UTR,0,0,0,0,0,0,0,0,0
417,5'UTR,0,0,0,0,0,0,0,0,0
418,5'UTR,0,0,0,0,0,0,0,0,0
419,5'UTR,0,0,0,0,0,0,0,0,0
420,5'UTR,0,0,0,0,0,0,0,0,0
421,5'UTR,0,0,0,0,0,0,0,0,0
422,5'UTR,0,0,0,0,0,0,0,0,0
423,5'UTR,0,0,0,0,0,0,0,0,0
424,5'UTR,0,0,0,0,0,0,0,0,0
425,5'UTR,0,0,0,0,0,0,0,0,0
426,5'UTR,0,0,0,0,0,0,0,0,0
427,5'UTR,0,0,0,0,0,0,0,0,0
428,5'UTR,0,0,0,0,0,0,0,0,0
429,5'UTR,0,0,0,0,0,0,0,0,0
430,5'UTR,0,0,0,0,0,0,0,0,0
431,5'UTR,0,0,0,0,0,0,0,0,0
432,5'UTR,0,0,0,0,0,0,0,0,0
433,5'UTR,0,0,0,0,0,0,0,0,0
434,5'UTR,0,0,0,0,0,0,0,0,0
435,5'UTR,0,0,0,0,0,0,0,0,0
436,5'UTR,0,0,0,0,0,0,0,0,0
437,5'UTR,0,0,0,0,0,0,0,0,0
438,5'UTR,0,0,0,0,0,0,0,0,0
439,5'UTR,0,0,0,0,0,0,0,0,0
440,5'UTR,0,0,0,0,0,0,0,0,0
441,5'UTR,0,0,0,0,0,0,0,0,0
442,5'UTR,0,0,0,0,0,0,0,0,0
443,5'UTR,0,0,0,0,0,0,0,0,0
444,5'UTR,0,0,0,0,0,0,0,0,0
445,5'UTR,0,0,0,0,0,0,0,0,0
446,5'UTR,0,0,0,0,0,0,0,0,0
447,5'UTR,0,0,0,0,0,0,0,0,0
448,5'UTR,0,0,0,0,0,0,0,0,0
449,5'UTR,0,0,0,0,0,0,0,0,0
450,5'UTR,0,0,0,0,0,0,0,0,0
451,5'UTR,0,0,0,0,0,0,0,0,0
452,5'UTR,0,0,0,0,0,0,0,0,0
453,5'UTR,0,0,0,0,0,0,0,0,0
454,5'UTR,0,0,0,0,0,0,0,0,0
455,5'UTR,0,0,0,0,0,0,0,0,0
456,5'UTR,0,0,0,0,0,0,0,0,0
457,5'UTR,0,0,0,0,0,0,0,0,0
458,5'UTR,0,0,0,0,0,0,0,0,0
459,5'UTR,0,0,0,0,0,0,0,0,0
460,5'UTR,0,0,0,0,0,0,0,0,0
461,5'UTR,0,0,0,0,0,0,0,0,0
462,5'UTR,0,0,0,0,0,0,0,0,0
463,5'UTR,0,0,0,0,0,0,0,0,0
464,5'UTR,0,0,0,0,0,0,0,0,0
465,5'UTR,0,0,0,0,0,0,0,0,0
466,5'UTR,0,0,0,0,0,0,0,0,0
467,5'UTR,0,0,0,0,0,0,0,0,0
468,5'UTR,0,0,0,0,0,0,0,0,0
469,5'UTR,0,0,0,0,0,0,0,0,0
470,5'UTR,0,0,0,0,0,0,0,0,0
471,5'UTR,0,0,0,0,0,0,0,0,0
472,5'UTR,0,0,0,0,0,0,0,0,0
473,5'UTR,0,0,0,0,0,0,0,0,0
474,5'UTR,0,0,0,0,0,0,0,0,0
475,5'UTR,0,0,0,0,0,0,0,0,0
476,5'UTR,0,0,0,0,0,0,0,0,0
477,5'UTR,0,0,0,0,0,0,0,0,0
478,5'UTR,0,0,0,0,0,0,0,0,0
479,5'UTR,0,0,0,0,0,0,0,0,0
480,5'UTR,0,0,0,0,0,0,0,0,0
481,5'UTR,0,0,0,0,0,0,0,0,0
482,5'UTR,0,0,0,0,0,0,0,0,0
483,5'UTR,0,0,0,0,0,0,0,0,0
484,5'UTR,0,0,0,0,0,0,0,0,0
485,5'UTR,0,0,0,0,0,0,0,0,0
486,5'UTR,0,0,0,0,0,0,0,0,0
487,5'UTR,0,0,0,0,0,0,0,0,0
488,5'UTR,0,0,0,0,0,0,0,0,0
489,5'UTR,0,0,0,0,0,0,0,0,0
490,5'UTR,0,0,0,0,0,0,0,0,0
491,5'UTR,0,0,0,0,0,0,0,0,0
492,5'UTR,0,0,0,0,0,0,0,0,0
493,5'UTR,0,0,0,0,0,0,0,0,0
494,5'UTR,0,0,0,0,0,0,0,0,0
495,5'UTR,0,0,0,0,0,0,0,0,0
496,5'UTR,0,0,0,0,0,0,0,0,0
497,5'UTR,0,0,0,0,0,0,0,0,0
498,5'UTR,0,0,0,0,0,0,0,0,0
499,5'UTR,0,0,0,0,0,0,0,0,0
500,5'UTR,0,0,0,0,0,0,0,0,0
501,5'UTR,0,0,0,0,0,0,0,0,0
502,5'UTR,0,0,0,0,0,0,0,0,0
503,5'UTR,0,0,0,0,0,0,0,0,0
504,5'UTR,0,0,0,0,0,0,0,0,0
505,5'UTR,0,0,0,0,0,0,0,0,0
506,5'UTR,0,0,0,0,0,0,0,0,0
507,5'UTR,0,0,0,0,0,0,0,0,0
508,5'UTR,0,0,0,0,0,0,0,0,0
509,5'UTR,0,0,0,0,0,0,0,0,0
510,5'UTR,0,0,0,0,0,0,0,0,0
511,5'UTR,0,0,0,0,0,0,0,0,0
512,5'UTR,0,0,0,0,0,0,0,0,0
513,5'UTR,0,0,0,0,0,0,0,0,0
514,5'UTR,0,0,0,0,0,0,0,0,0
515,5'UTR,0,0,0,0,0,0,0,0,0
516,5'UTR,0,0,0,0,0,0,0,0,0
517,5'UTR,0,0,0,0,0,0,0,0,0
518,5'UTR,0,0,0,0,0,0,0,0,0
519,5'UTR,0,0,0,0,0,0,0,0,0
520,5'UTR,0,0,0,0,0,0,0,0,0
521,5'UTR,0,0,0,0,0,0,0,0,0
522,5'UTR,0,0,0,0,0,0,0,0,0
523,5'UTR,0,0,0,0,0,0,0,0,0
524,5'UTR,0,0,0,0,0,0,0,0,0
525,5'UTR,0,0,0,0,0,0,0,0,0
526,5'UTR,0,0,0,0,0,0,0,0,0
527,5'UTR,0,0,0,0,0,0,0,0,0
528,5'UTR,0,0,0,0,0,0,0,0,0
529,5'UTR,0,0,0,0,0,0,0,0,0
530,5'UTR,0,0,0,0,0,0,0,0,0
531,5'UTR,0,0,0,0,0,0,0,0,0
532,5'UTR,0,0,0,0,0,0,0,0,0
533,5'UTR,0,0,0,0,0,0,0,0,0
534,5'UTR,0,0,0,0,0,0,0,0,0
535,5'UTR,0,0,0,0,0,0,0,0,0
536,5'UTR,0,0,0,0,0,0,0,0,0
537,5'UTR,0,0,0,0,0,0,0,0,0
538,5'UTR,0,0,0,0,0,0,0,0,0
539,5'UTR,0,0,0,0,0,0,0,0,0
540,5'UTR,0,0,0,0,0,0,0,0,0
541,5'UTR,0,0,0,0,0,0,0,0,0
542,5'UTR,0,0,0,0,0,0,0,0,0
543,5'UTR,0,0,0,0,0,0,0,0,0
544,5'UTR,0,0,0,0,0,0,0,0,0
545,5'UTR,0,0,0,0,0,0,0,0,0
546,5'UTR,0,0,0,0,0,0,0,0,0
547,5'UTR,0,0,0,0,0,0,0,0,0
548,5'UTR,0,0,0,0,0,0,0,0,0
549,5'UTR,0,0,0,0,0,0,0,0,0
550,5'UTR,0,0,0,0,0,0,0,0,0
551,5'UTR,0,0,0,0,0,0,0,0,0
552,5'UTR,0,0,0,0,0,0,0,0,0
553,5'UTR,0,0,0,0,0,0,0,0,0
554,5'UTR,0,0,0,0,0,0,0,0,0
555,5'UTR,0,0,0,0,0,0,0,0,0
556,5'UTR,0,0,0,0,0,0,0,0,0
557,5'UTR,0,0,0,0,0,0,0,0,0
558,5'UTR,0,0,0,0,0,0,0,0,0
559,5'UTR,0,0,0,0,0,0,0,0,0
560,5'UTR,0,0,0,0,0,0,0,0,0
561,5'UTR,0,0,0,0,0,0,0,0,0
562,5'UTR,0,0,0,0,0,0,0,0,0
563,5'UTR,0,0,0,0,0,0,0,0,0
564,5'UTR,0,0,0,0,0,0,0,0,0
565,5'UTR,0,0,0,0,0,0,0,0,0
566,5'UTR,0,0,0,0,0,0,0,0,0
567,5'UTR,0,0,0,0,0,0,0,0,0
568,5'UTR,0,0,0,0,0,0,0,0,0
569,5'UTR,0,0,0,0,0,0,0,0,0
570,5'UTR,0,0,0,0,0,0,0,0,0
571,5'UTR,0,0,0,0,0,0,0,0,0
572,5'UTR,0,0,0,0,0,0,0,0,0
573,5'UTR,0,0,0,0,0,0,0,0,0
574,5'UTR,0,0,0,0,0,0,0,0,0
575,5'UTR,0,0,0,0,0,0,0,0,0
576,5'UTR,0,0,0,0,0,0,0,0,0
577,5'UTR,0,0,0,0,0,0,0,0,0
578,5'UTR,0,0,0,0,0,0,0,0,0
579,5'UTR,0,0,0,0,0,0,0,0,0
580,5'UTR,0,0,0,0,0,0,0,0,0
581,5'UTR,0,0,0,0,0,0,0,0,0
582,5'UTR,0,0,0,0,0,0,0,0,0
583,5'UTR,0,0,0,0,0,0,0,0,0
584,5'UTR,0,0,0,0,0,0,0,0,0
585,5'UTR,0,0,0,0,0,0,0,0,0
586,5'UTR,0,0,0,0,0,0,0,0,0
587,5'UTR,0,0,0,0,0,0,0,0,0
588,5'UTR,0,0,0,0,0,0,0,0,0
589,5'UTR,0,0,0,0,0,0,0,0,0
590,5'UTR,0,0,0,0,0,0,0,0,0
591,5'UTR,0,0,0,0,0,0,0,0,0
592,5'UTR,0,0,0,0,0,0,0,0,0
593,5'UTR,0,0,0,0,0,0,0,0,0
594,5'UTR,0,0,0,0,0,0,0,0,0
595,5'UTR,0,0,0,0,0,0,0,0,0
596,5'UTR,0,0,0,0,0,0,0,0,0
597,5'UTR,0,0,0,0,0,0,0,0,0
598,5'UTR,0,0,0,0,0,0,0,0,0
599,5'UTR,0,0,0.006068613753,0,0.001455565449,0,0.004055210948,0,0.0009206092916
600,5'UTR,0,0,0.01234314926,0,0.002769496944,0,0.008287976682,0,0.001599376416
601,5'UTR,0,0,0.01845576093,0,0.004220084287,0,0.01258316152,0,0.002240992291
602,5'UTR,0,0,0.02496655509,0,0.005577289313,0,0.01651935093,0,0.002936803969
603,5'UTR,0,0,0.03081578501,0,0.00721639283,0,0.02086301334,0,0.003604807938
604,5'UTR,0,0,0.03703317717,0,0.008521444537,0,0.02511707619,0,0.004328301549
605,5'UTR,0,0,0.04334584847,0,0.009961715247,0,0.02920834757,0,0.004984088056
606,5'UTR,0,0,0.04938787036,0,0.01142417509,0,0.0334799353,0,0.005708019016
607,5'UTR,0,0,0.05538826697,0,0.01273697838,0,0.03793249987,0,0.006442255573
608,5'UTR,0,0,0.06110022925,0,0.01423487179,0,0.04237277545,0,0.007292124117
609,5'UTR,0,0,0.06725778878,0,0.01564464774,0,0.04644714557,0,0.008150417218
610,5'UTR,0,0,0.07302974202,0,0.01702079549,0,0.0509328641,0,0.009016597318
611,5'UTR,0,0,0.07931868173,0,0.01830297736,0,0.05507967919,0,0.009798660362
612,5'UTR,0,0,0.08501352072,0,0.01988016153,0,0.05950567834,0,0.01060063899
613,5'UTR,0,0,0.09185026288,0,0.02097335067,0,0.06336138211,0,0.01131500476
614,5'UTR,0,0,0.09760346338,0,0.02245775759,0,0.06778495535,0,0.01215382316
615,5'UTR,0,0,0.1040324986,0,0.02382558966,0,0.0716881115,0,0.01295379908
616,5'UTR,0,0,0.1100728653,0,0.02524748137,0,0.07595824674,0,0.01372140506
617,5'UTR,0,0,0.1162922461,0,0.02668128498,0,0.08004950918,0,0.01447695894
618,5'UTR,0,0,0.1226401675,0,0.02804483101,0,0.08412223198,0,0.01519276798
619,5'UTR,0,0,0.1284815229,0,0.02975603677,0,0.08830924965,0,0.01595318816
620,5'UTR,0,0,0.1346858047,0,0.03126814887,0,0.09242993221,0,0.01661611232
621,5'UTR,0,0,0.1413384564,0,0.03248447701,0,0.0963389419,0,0.01733812336
622,5'UTR,0,0,0.1475069657,0,0.03413063791,0,0.1002590373,0,0.01810335834
623,5'UTR,0,0,0.1540057413,0,0.03538255952,0,0.104285074,0,0.01882662405
624,5'UTR,0,0,0.1599414647,0,0.03670528624,0,0.1085492853,0,0.01980396318
625,5'UTR,0,0,0.1664094448,0,0.03816959076,0,0.1124256048,0,0.02049535927
626,5'UTR,0,0,0.1730501316,0,0.03942320757,0,0.1163708489,0,0.02115581152
627,5'UTR,0,0,0.1793566369,0,0.04065218493,0,0.1206057869,0,0.02188539095
628,5'UTR,0,0,0.1854562886,0,0.04239975009,0,0.1245316841,0,0.02261227667
629,5'UTR,0,0,0.1922681667,0,0.04358980348,0,0.1283411048,0,0.02330092471
630,5'UTR,0,0,0.1989973687,0,0.04493428906,0,0.1321073256,0,0.02396101654
631,5'UTR,0,0,0.2053400852,0,0.04663630771,0,0.1358387399,0,0.02468486675
632,5'UTR,0,0,0.2119771741,0,0.04804432876,0,0.1395582948,0,0.02542020255
633,5'UTR,0,0,0.2181828998,0,0.04961130414,0,0.1434735361,0,0.02623225967
634,5'UTR,0,0,0.2243860345,0,0.05109868702,0,0.1475645971,0,0.02695068154
635,5'UTR,0,0,0.2307127926,0,0.05261394251,0,0.1515238293,0,0.02764943577
636,5'UTR,0,0,0.2370775793,0,0.05419564731,0,0.1553318016,0,0.0283949716
637,5'UTR,0,0,0.2437166478,0,0.05568763772,0,0.1589994859,0,0.02909622835
638,5'UTR,1,0.4854891002,0.2497580875,0.1164452359,0.05748746665,0.3244168758,0.1629048504,0.07364874333,0.02984959483
639,5'UTR,1,0.5019628406,0.2559613142,0.1051145196,0.05917175049,0.3386212587,0.1667954784,0.05430136994,0.0305714556
640,5'UTR,1,0.4890089333,0.2624715548,0.1160469875,0.06072590044,0.3436147869,0.1705326445,0.05132927001,0.03126989901
641,5'UTR,1,0.520863533,0.2685572591,0.1085764021,0.0624989084,0.314895153,0.1744855691,0.05566493422,0.0319582622
642,5'UTR,1,0.4679383934,0.2745922416,0.1311282814,0.06437591938,0.3474929929,0.1783648048,0.05344031751,0.0326670323
643,5'UTR,1,0.4973913729,0.2809411012,0.1044041365,0.0661300878,0.3403250277,0.1820577927,0.05787948892,0.03337101666
644,5'UTR,1,0.5050137043,0.2873177774,0.1152216569,0.06790589644,0.3273017108,0.1857105535,0.05246292055,0.03406577157
645,5'UTR,1,0.4833617508,0.2938235231,0.1169967875,0.06940534664,0.3417270184,0.1895246476,0.05791447684,0.03474648092
646,5'UTR,1,0.4800317287,0.3001585528,0.1050242633,0.07099008737,0.3562051654,0.1933752771,0.05873892456,0.03547608061
647,5'UTR,1,0.4569569826,0.3065498091,0.1198314726,0.07263872055,0.3552220464,0.197159509,0.06798948348,0.0361519597
648,5'UTR,1,0.4926047623,0.3126975395,0.112782076,0.07430353714,0.3259496093,0.2010547362,0.0686634481,0.03694418543
649,5'UTR,1,0.4617562592,0.3194111414,0.1100918204,0.07567842361,0.3588574827,0.2047653317,0.06929440796,0.0376451015
650,5'UTR,1,0.5031151772,0.3255649425,0.1025745496,0.07722038496,0.3317452073,0.2088484187,0.06256504357,0.03836625223
651,5'UTR,1,0.4555871189,0.3321846783,0.126174733,0.07873378238,0.354079932,0.212532175,0.06415829062,0.03904936304
652,5'UTR,1,0.546939373,0.3383253001,0.08745513111,0.08034367366,0.3084563017,0.2165505692,0.05714926124,0.03978045615
653,5'UTR,1,0.4602560401,0.3444166809,0.1187525541,0.08204043834,0.3538858593,0.2205114957,0.06710547209,0.04053138471
654,5'UTR,1,0.5143228173,0.3510859556,0.1094265655,0.08356349496,0.3122524917,0.2241506182,0.06399807334,0.04119993164
655,5'UTR,1,0.4832293391,0.3573892519,0.1137513369,0.0851872365,0.3416108191,0.2279915407,0.06140847877,0.04193197088
656,5'UTR,1,0.4975504577,0.3641638309,0.1147042885,0.08673417652,0.3273009956,0.2315220546,0.06044431031,0.04257993866
657,5'UTR,1,0.5078337193,0.3704620615,0.1090836823,0.08833530257,0.3258178234,0.2354432199,0.05726472288,0.04325941578
658,5'UTR,1,0.4673084319,0.3769155025,0.1368964612,0.0899917963,0.3349614143,0.2391423997,0.06083361432,0.0439503009
659,5'UTR,1,0.4963425398,0.3832430527,0.1209689677,0.09166382076,0.3296546042,0.2429877307,0.05303393304,0.04460539497
660,5'UTR,1,0.5322121382,0.389716091,0.09730625153,0.09340251898,0.3127207756,0.2465879951,0.05776088312,0.04529339378
661,5'UTR,1,0.493480742,0.3961694323,0.1316928715,0.09493403481,0.3136076331,0.2504355021,0.06121879816,0.04596102973
662,5'UTR,1,0.5199020505,0.402659744,0.1001537293,0.09658665964,0.3220829368,0.2541711267,0.05786125734,0.04658246809
663,5'UTR,2,0.4748578668,0.4091567956,0.1058181375,0.09823014522,0.3411369026,0.257816181,0.07818713039,0.04729687651
664,5'UTR,2,0.5174384117,0.4153348297,0.1171443611,0.09994485239,0.3101055622,0.2616889816,0.05531168729,0.04803133472
665,5'UTR,2,0.5312549472,0.4218027912,0.1002893448,0.1014381803,0.3156195283,0.2654879618,0.05283617973,0.0487710645
666,5'UTR,2,0.5045204163,0.4280888326,0.09831818938,0.1029893895,0.3387950361,0.2693728846,0.05836635455,0.04954889161
667,5'UTR,2,0.4879721403,0.434420336,0.1398052126,0.1044621937,0.3140717745,0.2733002901,0.05815085769,0.05031717792
668,5'UTR,2,0.5449502468,0.4406424172,0.09520427138,0.106204557,0.3047536612,0.2771112584,0.05509184301,0.05104176514
669,5'UTR,2,0.5383361578,0.4468160085,0.1075588465,0.1079202626,0.3012976646,0.2810247593,0.05280734599,0.05173896756
670,5'UTR,2,0.5074173212,0.4531829432,0.1361614913,0.1096709454,0.2985131443,0.2847696126,0.05790801719,0.05237649647
671,5'UTR,2,0.5309671164,0.4595599093,0.1126416847,0.1113458386,0.2975643873,0.2885333069,0.05882686377,0.05306094307
672,5'UTR,3,0.4964580536,0.4660617188,0.1253580302,0.112964995,0.3132193089,0.2922033224,0.06496457011,0.05376996147
673,5'UTR,4,0.4962507784,0.4724595837,0.1189906299,0.1145475214,0.3272848725,0.2960341565,0.05747374892,0.05445873486
674,5'UTR,4,0.5061406493,0.4784308929,0.1212204397,0.1165248258,0.3167385757,0.2998862501,0.05590033904,0.05515802815
675,5'UTR,4,0.50918293,0.4847561505,0.1265363842,0.1181309685,0.3046377897,0.3037848871,0.05964286625,0.05582799115
676,5'UTR,4,0.5311254859,0.4917801481,0.1193592325,0.1195310103,0.2934147418,0.307239284,0.05610053986,0.05644955509
677,5'UTR,4,0.4833151698,0.4983211961,0.1439863145,0.1210772068,0.3124291599,0.3110097185,0.06026931852,0.05709187593
678,5'UTR,4,0.4962581396,0.5053092282,0.134742707,0.1224016326,0.3112502396,0.3145858988,0.05774886161,0.05770323719
679,5'UTR,4,0.5208192468,0.5057780057,0.1243319958,0.1224557247,0.2989732921,0.3142571613,0.05587547272,0.05750910644
680,5'UTR,4,0.4868563414,0.5060856491,0.1418406367,0.12265826,0.3162339628,0.3137162827,0.05506905541,0.05753980642
681,5'UTR,4,0.4827986062,0.5068105262,0.1501608789,0.122654663,0.3103388548,0.3129489284,0.056701608,0.05758588063
682,5'UTR,4,0.5079087615,0.5070036631,0.1403334737,0.1226656834,0.2954390347,0.31276711,0.05631874874,0.05756354146
683,5'UTR,4,0.5101341009,0.5080320992,0.1420646906,0.1223375557,0.2922208607,0.3120917585,0.05558039248,0.05753858462
684,5'UTR,4,0.5204596519,0.5084779967,0.1199560165,0.1224214494,0.3051275313,0.3116018411,0.05445674807,0.05749870995
685,5'UTR,4,0.5068023801,0.5090362284,0.1267792583,0.1223319749,0.3080503643,0.311098117,0.05836797506,0.05753367706
686,5'UTR,4,0.5113005042,0.5093464784,0.1318906546,0.1224957459,0.3027385473,0.310643667,0.05407032743,0.05751410574
687,5'UTR,4,0.491818428,0.5097781658,0.1331853271,0.122808855,0.3116181791,0.3099507328,0.06337805837,0.05746224248
688,5'UTR,4,0.5370881557,0.5108978502,0.1099909171,0.1227162804,0.2968476415,0.3090924196,0.05607328564,0.05729344548
689,5'UTR,4,0.4923040867,0.5110722896,0.1233569086,0.1229700487,0.3266469538,0.3088067349,0.05769205838,0.05715092407
690,5'UTR,4,0.5295788646,0.5119583569,0.1210717931,0.1232115069,0.2947005033,0.3078584112,0.05464886501,0.056971722
691,5'UTR,4,0.4912497401,0.5124159336,0.1287913024,0.1235943305,0.3214715421,0.307125131,0.05848744884,0.05686460235
692,5'UTR,4,0.4873104692,0.5132185813,0.1357411742,0.1235867216,0.3168741167,0.3064553551,0.06007428467,0.05673933891
693,5'UTR,4,0.5335419774,0.5131302077,0.1218445301,0.1238937533,0.2911297977,0.3062959109,0.0534837544,0.05668012435
694,5'UTR,4,0.5042636991,0.5143690038,0.129899323,0.1238514611,0.3072738051,0.3052835524,0.05856313929,0.05649597896
695,5'UTR,4,0.5419663191,0.5146307107,0.1237552017,0.1239960019,0.2824411094,0.3049789011,0.05183742195,0.05639438373
696,5'UTR,4,0.5038584471,0.5151374381,0.1280900836,0.1241403615,0.3136932254,0.3044022977,0.05435816944,0.05631990023
697,5'UTR,4,0.5162752867,0.5158932857,0.1325194985,0.1239912686,0.2959343791,0.3038966287,0.05527080968,0.05621881341
698,5'UTR,4,0.5062040091,0.5162339009,0.1337619573,0.1241606023,0.3076264858,0.3034357421,0.05240752548,0.05616975161
699,5'UTR,4,0.5178430676,0.5172226917,0.1390958577,0.1238653488,0.2880211473,0.3028251957,0.05503990501,0.05608676169
700,5'UTR,4,0.5162672997,0.5175368045,0.1225212663,0.123897054,0.3078005612,0.3024536047,0.05341087654,0.05611253451
701,5'UTR,4,0.5192249417,0.517703357,0.1322099864,0.1241044397,0.2988499701,0.3021227006,0.04971506819,0.05606950014
702,5'UTR,4,0.5197641253,0.5179832797,0.1314788461,0.1240225806,0.2916043401,0.3019526172,0.0571526736,0.05604151855
703,5'UTR,4,0.4942427278,0.5179597516,0.1371765733,0.1243605024,0.3098240495,0.3015874069,0.05875665694,0.05609233552
704,5'UTR,4,0.5174369216,0.5183118481,0.1194662303,0.1248293071,0.3039184213,0.3009971831,0.05917838216,0.05586165767
705,5'UTR,4,0.5028833151,0.5186340671,0.1240967363,0.1249057701,0.310793817,0.3005953789,0.06222616881,0.05586477923
706,5'UTR,4,0.5065202713,0.5187611263,0.1178243384,0.1251325938,0.3141924441,0.3002509464,0.06146290526,0.05585532831
707,5'UTR,4,0.4977664948,0.5193187106,0.1393890679,0.1253150928,0.30487746,0.2995618384,0.05796697736,0.05580435386
708,5'UTR,4,0.4938873053,0.5197427902,0.1372564435,0.1249714466,0.3130800724,0.2994612947,0.05577619374,0.05582446465
709,5'UTR,4,0.5093547702,0.5195826184,0.1400546283,0.125183458,0.299588263,0.2993599247,0.05100231245,0.05587399504
710,5'UTR,4,0.5101572871,0.5197848905,0.1339914501,0.1251686578,0.3010955453,0.2991294339,0.05475572869,0.05591701395
711,5'UTR,4,0.5201447606,0.5198146772,0.129532516,0.1251195406,0.2936012447,0.2991534457,0.05672147125,0.05591233275
712,5'UTR,4,0.5118291974,0.5196504313,0.1266021132,0.1252897825,0.3064667284,0.2991530966,0.05510187149,0.05590668502
713,5'UTR,4,0.4777047336,0.5196997758,0.1581843495,0.1254752956,0.3081674874,0.2989597328,0.055943463,0.05586519246
714,5'UTR,4,0.5060206056,0.5202189513,0.1284914166,0.125443809,0.3118909597,0.2984527517,0.05359704047,0.0558844835
715,5'UTR,4,0.5619198084,0.5207379825,0.1120033413,0.1252395116,0.2763517499,0.2981331937,0.0497251153,0.05588930775
716,5'UTR,4,0.5232838392,0.5212103143,0.1236957237,0.1249743922,0.3016347587,0.2979836803,0.05138566718,0.05583160915
717,5'UTR,4,0.559042573,0.521283181,0.1059540659,0.1248486903,0.2860944271,0.2980491344,0.04890890047,0.05581899108
718,5'UTR,5,0.5229912996,0.5219086878,0.1207726002,0.1244733051,0.2981178761,0.2978314236,0.05811828375,0.05578658064
719,5'UTR,5,0.5265743136,0.5224155679,0.1213173419,0.1242093255,0.2953509688,0.2975938685,0.05675736815,0.05578123545
720,5'UTR,5,0.5469990969,0.5229248717,0.1157592312,0.1239621415,0.2822264433,0.2973741919,0.05501520634,0.0557387915
721,5'UTR,6,0.5363144875,0.5235104091,0.1094580293,0.123771033,0.3003496826,0.2969810598,0.0538778007,0.05573749454
722,5'UTR,6,0.5502132773,0.5242102515,0.104878068,0.1233706074,0.2934648693,0.2967016213,0.05144377053,0.0557175166
723,5'UTR,6,0.5330631733,0.5246700395,0.1111156344,0.1231652454,0.3011316359,0.2964887381,0.05468951538,0.05567597356
724,5'UTR,6,0.549672246,0.5246562686,0.1080636978,0.1230890197,0.2870037854,0.2965469234,0.05526028946,0.05570778442
725,5'UTR,6,0.5081817508,0.5247244272,0.1300984621,0.1231131543,0.3053710163,0.2964562997,0.05634877086,0.05570611577
726,5'UTR,6,0.5145667195,0.5249548245,0.130072996,0.1230402466,0.3007704318,0.2963397607,0.05458986387,0.0556651663
727,5'UTR,6,0.5465317369,0.5254955154,0.1124255061,0.1227186435,0.286556989,0.2961493861,0.05448572338,0.05563645302
728,5'UTR,6,0.5065599084,0.5257729661,0.1330835372,0.1226618608,0.3030948341,0.2959968735,0.0572617352,0.05556829786
729,5'UTR,6,0.5326416492,0.5261334572,0.1294084787,0.1225160898,0.2829915881,0.2958319008,0.05495824292,0.05551854987
730,5'UTR,6,0.5397213101,0.5268511128,0.1332004368,0.1222955011,0.2730827928,0.2953785945,0.05399547145,0.05547478865
731,5'UTR,6,0.5197989345,0.5267418813,0.1255660206,0.122172324,0.3004978597,0.2955145065,0.05413721502,0.05557128512
732,5'UTR,6,0.5398694873,0.527546085,0.1120176688,0.1220480911,0.2957007587,0.2949039217,0.05241209641,0.05550189787
733,5'UTR,6,0.5593597293,0.5283597689,0.1153691784,0.121707392,0.2728971839,0.2945377562,0.0523738414,0.0553950781
734,5'UTR,6,0.535259366,0.5284138072,0.1209898219,0.1216945838,0.2878803909,0.2944331478,0.05587045476,0.05545845549
735,5'UTR,6,0.5237675309,0.5290725734,0.1253001094,0.1214790116,0.2954825461,0.2940388892,0.0554497987,0.05540952045
736,5'UTR,6,0.5580182672,0.5289597798,0.1027768552,0.1214030408,0.2868474722,0.2941593662,0.05235736445,0.05547780641
737,5'UTR,6,0.5350829363,0.5292776126,0.1226303801,0.1213291107,0.2889468968,0.2938596506,0.05333977938,0.05553362095
738,5'UTR,6,0.5464116931,0.5300251905,0.1132761762,0.1210337836,0.2861177027,0.2934310153,0.05419442058,0.05551000517
739,5'UTR,6,0.52147156,0.5304136444,0.1235053912,0.1208794479,0.2999273241,0.2931059513,0.05509575829,0.05560095063
740,5'UTR,6,0.5455363393,0.5299850058,0.1138971075,0.1209760551,0.2862484455,0.2932126828,0.05431813374,0.05582625107
741,5'UTR,6,0.5158745646,0.5306159172,0.1251441389,0.1206941482,0.3000009656,0.292793265,0.05898027122,0.05589666492
742,5'UTR,6,0.5180197954,0.5307905067,0.1271874756,0.1205425411,0.2928661108,0.2926767066,0.06192661449,0.05599024054
743,5'UTR,6,0.5030255914,0.5305200994,0.1433225125,0.1206375347,0.293918997,0.2927741945,0.0597329028,0.05606816681
744,5'UTR,6,0.5432159305,0.5311182722,0.1232613996,0.1204942341,0.2779612243,0.2923998725,0.05556141213,0.05598761723
745,5'UTR,6,0.5414196849,0.5315678976,0.1184352413,0.1203155691,0.2880649269,0.2921373021,0.05208010599,0.05597922732
746,5'UTR,6,0.5491271615,0.5315034892,0.1129181087,0.1202194764,0.2836664021,0.2921612348,0.05428839847,0.05611579488
747,5'UTR,6,0.5218985081,0.5322563294,0.1123135164,0.120088926,0.3060282767,0.2916536327,0.05975972116,0.05600110721
748,5'UTR,6,0.5321364999,0.5328001823,0.1121651828,0.1197558814,0.2966440618,0.2914382983,0.05905427411,0.05600563358
749,5'UTR,6,0.5545179248,0.5330003124,0.10637483,0.1197095356,0.2828584015,0.2912058383,0.05624885857,0.05608430966
750,5'UTR,6,0.5098002553,0.5338107873,0.1322321147,0.1192533729,0.3004340827,0.2908892754,0.05753352121,0.05604656106
751,5'UTR,6,0.5178274512,0.5341070581,0.1262610406,0.1191025478,0.2975364625,0.2907513354,0.05837504566,0.05603905469
752,5'UTR,6,0.5004056096,0.5338695008,0.1401990801,0.1192283208,0.2977502048,0.2907559749,0.06164516509,0.05614619907
753,5'UTR,6,0.5377848148,0.5347097356,0.1164717004,0.1188618953,0.2867263854,0.2903274257,0.05901703238,0.05610094038
754,5'UTR,6,0.5476631522,0.5352606513,0.1048766449,0.118352441,0.2911739349,0.2902009044,0.05628627911,0.05618599961
755,5'UTR,6,0.5469694734,0.5354795046,0.1053268313,0.118259049,0.292676717,0.2899697188,0.05502697825,0.05629172265
756,5'UTR,6,0.5369548202,0.5354990393,0.109303087,0.1181830245,0.2986510694,0.2900156289,0.05509109423,0.05630230149
757,5'UTR,6,0.5333557129,0.5353884928,0.1139554977,0.1182169229,0.2950122952,0.2899229608,0.05767648295,0.05647161831
758,5'UTR,6,0.5368085504,0.5349668078,0.1136243343,0.1185398731,0.2922458351,0.2898996208,0.05732124671,0.05659369384
759,5'UTR,6,0.5615635514,0.5354089305,0.1045572758,0.1184292287,0.2813991606,0.2895264491,0.0524799563,0.05663538612
760,5'UTR,6,0.5336993337,0.5354447171,0.1265519559,0.1184484838,0.2847833931,0.2894712165,0.05496529862,0.056635577
761,5'UTR,6,0.5387859941,0.5347680438,0.1181268319,0.1187768244,0.2879837751,0.2896640245,0.05510337278,0.05679110144
762,5'UTR,6,0.5446918011,0.535131656,0.1239045188,0.1187789155,0.2784083784,0.2893143553,0.05299530551,0.05677506691
763,5'UTR,6,0.5090324283,0.5349487934,0.1359666288,0.1189974392,0.2968756855,0.2891803537,0.05812526122,0.05687340787
764,5'UTR,6,0.5259123445,0.5342371903,0.1218867898,0.1194111928,0.2978776395,0.2892856639,0.05432325602,0.0570659474
765,5'UTR,6,0.5252341628,0.5341286868,0.1209466383,0.1195588277,0.2987272441,0.2892341293,0.0550920181,0.05707835001
766,5'UTR,6,0.5545557737,0.5341917165,0.1061624065,0.119601513,0.2875085771,0.2889762182,0.051773265,0.05723054553
767,5'UTR,6,0.5140144825,0.5337010618,0.1286427081,0.1196483416,0.2994171679,0.2892591923,0.05792564526,0.05739139682
768,5'UTR,6,0.5659274459,0.5334638696,0.09832923859,0.119779208,0.283649832,0.2893648159,0.05209344625,0.05739209997
769,5'UTR,6,0.5497165322,0.533411124,0.1057098135,0.1198335891,0.2903824449,0.2892491318,0.05419116095,0.05750614824
770,5'UTR,6,0.5208403468,0.5331714276,0.1112176254,0.1196483589,0.3055734634,0.2895070065,0.06236858293,0.05767320008
771,5'UTR,6,0.55558604,0.532638653,0.118852675,0.1196440329,0.2726247609,0.2899941396,0.05293646827,0.0577231674
772,5'UTR,6,0.5524051785,0.5324040767,0.1084852442,0.1195785017,0.2875808775,0.2899981171,0.05152870342,0.05801929706
773,5'UTR,6,0.5378650427,0.5317661352,0.1208198741,0.1199896984,0.2827611268,0.2900544494,0.05855394527,0.05818970967
774,5'UTR,6,0.5569649935,0.5313780762,0.112653546,0.1200402889,0.2757331133,0.2903202869,0.05464833602,0.0582613416
775,5'UTR,6,0.5329428315,0.5311949417,0.1176775396,0.1201423527,0.2920792699,0.2902775142,0.05730029941,0.05838518464
776,5'UTR,6,0.5292850733,0.5309535928,0.1221756712,0.1202265968,0.2897159755,0.2903070852,0.05882333219,0.05851271893
777,5'UTR,6,0.5760815144,0.5308831915,0.1088933349,0.1203698861,0.2616435587,0.2901944637,0.05338154733,0.05855245371
778,5'UTR,6,0.5372803211,0.5303858731,0.121415101,0.1206396747,0.2816213667,0.2902781252,0.05968316272,0.05869632228
779,5'UTR,6,0.4835519791,0.5298556518,0.1468244344,0.120940929,0.2965596616,0.290355143,0.07306393981,0.0588482711
780,5'UTR,6,0.5667402148,0.5292530976,0.09996870905,0.1214458961,0.2742471397,0.2902833845,0.05904398486,0.05901761604
781,5'UTR,6,0.5331920981,0.5285056558,0.1200814173,0.1215520811,0.2895253003,0.2905658916,0.05720111728,0.05937636518
782,5'UTR,6,0.4981315434,0.5277391907,0.139078334,0.1218238248,0.2994033694,0.2909019027,0.06338677555,0.05953507624
783,5'UTR,6,0.5420965552,0.5272142697,0.1257125288,0.1220561721,0.2798782885,0.2911007497,0.05231269076,0.05962880244
784,5'UTR,6,0.5534069538,0.5271090981,0.105173029,0.1218851757,0.2829127908,0.2913293254,0.05850718915,0.05967639494
785,5'UTR,6,0.4977306426,0.5263390262,0.1164093241,0.1219171995,0.3127084374,0.2919319339,0.07315157354,0.05981183434
786,5'UTR,6,0.5667474866,0.5259012852,0.1073803008,0.1220553002,0.2735842764,0.2921033494,0.05228789151,0.05994005953
787,5'UTR,6,0.5412747264,0.5252686732,0.1127455011,0.1222294363,0.2876507044,0.292423594,0.05832908675,0.06007829001
788,5'UTR,6,0.5098977089,0.5248074129,0.1335487813,0.1225074373,0.2944832742,0.2925251931,0.06207028031,0.06015994996
789,5'UTR,6,0.5741927624,0.5243399482,0.10356161,0.122684625,0.2742632329,0.2927588794,0.0479824245,0.06021654042
790,5'UTR,6,0.5338589549,0.5235208265,0.1219254434,0.122943577,0.2900603414,0.2931973293,0.05415521935,0.06033826
791,5'UTR,6,0.5011401772,0.5231424868,0.1395943612,0.1230232812,0.2939724028,0.2933873225,0.0652930215,0.06044690246
792,5'UTR,6,0.5790479779,0.5231438063,0.09728807211,0.1229579666,0.2721827924,0.2934831388,0.05148117617,0.06041508145
793,5'UTR,6,0.5217779875,0.523254206,0.1174280047,0.1226414966,0.2980457842,0.2936047308,0.06274820119,0.06049955846
794,5'UTR,6,0.5235288739,0.5225607269,0.1210200563,0.1229303049,0.2933961153,0.2938319493,0.06205488369,0.06067701201
795,5'UTR,6,0.5634825826,0.5219567556,0.1059213802,0.1233553414,0.2800245583,0.293883929,0.05057142302,0.06080396632
796,5'UTR,6,0.5144401193,0.521455076,0.1264075935,0.1235307116,0.2942213118,0.2941011082,0.06493101269,0.06091309683
797,5'UTR,6,0.5253077745,0.5212731209,0.1317900866,0.12363791,0.2842272222,0.2940736562,0.0586749427,0.06101530422
798,5'UTR,6,0.5583611131,0.5210862298,0.1119210422,0.1235994305,0.2682641447,0.2942577414,0.06145366654,0.0610565898
799,5'UTR,6,0.5294372439,0.520240872,0.1228577495,0.1239214214,0.2909323573,0.2946331065,0.05677263811,0.06120459219
800,5'UTR,6,0.4928652346,0.5193304826,0.142026484,0.1242535281,0.2976510823,0.2950958643,0.06745716184,0.06132011809
801,5'UTR,6,0.5654034615,0.5189710896,0.1096253172,0.1243742413,0.2723761499,0.2952852841,0.05259503797,0.06136937845
802,5'UTR,6,0.535584271,0.5180897407,0.1223599613,0.1246118875,0.2827447355,0.295743097,0.0593110472,0.06155526824
803,5'UTR,6,0.4761349261,0.5174960554,0.1442159265,0.1247679315,0.3095564544,0.2960286073,0.07009267807,0.06170739955
804,5'UTR,6,0.540991962,0.5177229993,0.1198744848,0.1245828527,0.2828810215,0.2959633619,0.05625249818,0.06173077943
805,5'UTR,6,0.5132241249,0.5169224329,0.1335132867,0.1248223872,0.2847381234,0.2963494971,0.06852441281,0.06190567557
806,5'UTR,6,0.4753143489,0.5165979043,0.1338192821,0.1248950191,0.3234083652,0.2965242334,0.06745796651,0.06198283602
807,5'UTR,6,0.5275563598,0.5161009371,0.1228948236,0.125013438,0.2950068712,0.2968070857,0.05454197526,0.06207853211
808,5'UTR,7,0.5023402572,0.5156210512,0.1374340206,0.1251901728,0.2938401103,0.2969373673,0.06638559699,0.06225140165
809,5'UTR,7,0.513465941,0.5145395793,0.1145900637,0.1255629215,0.3036215603,0.2974976927,0.06832239032,0.06239979998
810,5'UTR,7,0.49709934,0.5141619787,0.1328543574,0.1256900482,0.312053442,0.2976664681,0.05799285695,0.06248149918
811,5'UTR,7,0.5010328293,0.5136505146,0.1203235239,0.1260791262,0.3008160591,0.297769304,0.07782758772,0.06250104937
812,5'UTR,7,0.4888341725,0.5129086226,0.1449134052,0.1260485467,0.3002073467,0.2983560808,0.06604510546,0.06268674508
813,5'UTR,7,0.5283150077,0.5127779864,0.1194164231,0.1260704475,0.2941641808,0.2984153327,0.05810439587,0.06273622829
814,5'UTR,7,0.520608604,0.5122472964,0.1291549206,0.126049265,0.2844585776,0.2988439552,0.06577789783,0.06285947892
815,5'UTR,7,0.5044596195,0.5113492738,0.1320396364,0.126323292,0.2978482246,0.2993397418,0.06565254182,0.0629876879
816,5'UTR,8,0.5523861647,0.5112193178,0.1142400056,0.1263771362,0.2778377533,0.299392204,0.05553614721,0.06301133852
817,5'UTR,8,0.4952974617,0.5107156739,0.1442134678,0.126425549,0.2956398129,0.2997773416,0.06484926492,0.06308143116
818,5'UTR,8,0.503993988,0.5096994694,0.1373765171,0.1266720915,0.2922791243,0.3003992356,0.06635032594,0.06322919964
819,5'UTR,8,0.4732672274,0.5097074058,0.1639027596,0.1266363344,0.2941866517,0.3004760228,0.06864335388,0.06318023345
820,5'UTR,9,0.4857409894,0.5103491861,0.1223919094,0.1261981554,0.3088490069,0.3004810281,0.0830180645,0.06297162664
821,5'UTR,9,0.4545573592,0.5094672151,0.1468836367,0.1264544281,0.3268818557,0.3010420915,0.07167715579,0.06303626113
822,5'UTR,9,0.4760261178,0.5096716605,0.1457752585,0.1262350095,0.3087738752,0.3010951769,0.06942471117,0.06299814894
823,5'UTR,9,0.4946118593,0.5097350035,0.1296427995,0.1260219186,0.3122050464,0.3012538932,0.06354030222,0.06298918002
824,5'UTR,9,0.4816101789,0.5090470068,0.1258233041,0.1260902367,0.326169908,0.3016860474,0.06639656425,0.0631767042
825,5'UTR,9,0.5064004064,0.5086764365,0.1294832975,0.1262486701,0.3017781675,0.3018459957,0.06233812124,0.06322889365
826,5'UTR,9,0.4985181987,0.5088373397,0.1268489957,0.1262918283,0.3092859685,0.3018345956,0.06534683704,0.06303623226
827,5'UTR,9,0.4849976897,0.5078228027,0.1345535964,0.1266778055,0.3141562045,0.3022752006,0.06629251689,0.06322418768
828,5'UTR,9,0.4947393239,0.5076392509,0.1263401955,0.1266723367,0.3153389692,0.3024777472,0.06358151138,0.06321066194
829,5'UTR,9,0.4889881909,0.5072540257,0.1270909905,0.1267722878,0.3179343939,0.3026967674,0.06598642468,0.06327691549
830,5'UTR,9,0.4795330763,0.5060660575,0.1386084557,0.1272385404,0.3156335354,0.3031070981,0.06622491777,0.06358829974
831,5'UTR,9,0.5179330111,0.5057834733,0.1210358664,0.1272455879,0.3052017689,0.3032975055,0.05582936481,0.06367342989
832,5'UTR,9,0.5092375875,0.5054703288,0.1148814857,0.1272838779,0.3074775636,0.3035462968,0.06840332597,0.06369949314
833,5'UTR,9,0.4823064804,0.5041962281,0.1395763606,0.1277475214,0.3049038649,0.3040490538,0.0732133165,0.06400719285
834,5'UTR,9,0.4993454516,0.5046304546,0.1388795674,0.127697756,0.2953323126,0.3037834268,0.06644262373,0.0638883594
835,5'UTR,9,0.506835103,0.5041719344,0.119356446,0.1278832364,0.3100510538,0.3040366232,0.06375741959,0.06390820397
836,5'UTR,10,0.5223984122,0.5033330567,0.1178789586,0.1283224354,0.2964549065,0.3042650498,0.06326768547,0.0640794572
837,5'UTR,10,0.5184044242,0.5033126712,0.1108771339,0.1283304816,0.3097391129,0.3043031611,0.06097932905,0.06405368545
838,5'UTR,10,0.4691799283,0.5030278377,0.1393836141,0.1283594225,0.3222750425,0.3044627618,0.06916143745,0.06414997717
839,5'UTR,10,0.4887323976,0.5020193409,0.1311258078,0.1286134254,0.3184197843,0.3051393468,0.061722029,0.06422788682
840,5'UTR,10,0.5049479008,0.5023781892,0.1362090111,0.128486292,0.29993698,0.305017614,0.05890612677,0.06411790443
841,5'UTR,10,0.4682780802,0.5027016982,0.1371385306,0.1282739027,0.3246088028,0.3050504219,0.06997455657,0.063973977
842,5'UTR,10,0.4971969724,0.5020186558,0.1363880336,0.128449543,0.3012492061,0.3053824827,0.06516581029,0.06414931882
843,5'UTR,10,0.5271879435,0.5021917067,0.1211603284,0.1282403241,0.2916560471,0.3055089548,0.05999565125,0.06405901448
844,5'UTR,10,0.4618670344,0.5023762494,0.141049549,0.1281158707,0.3287684619,0.3055102021,0.06831494719,0.06399767841
845,5'UTR,10,0.4992718697,0.5017852988,0.1267571896,0.1281964503,0.3127061427,0.3059597939,0.06126485392,0.06405845755
846,5'UTR,11,0.5147984028,0.5025439095,0.1156359166,0.1277600522,0.3101367652,0.3058604743,0.05942895263,0.06383556509
847,5'UTR,11,0.4756236076,0.5027933821,0.142781496,0.1278153685,0.3098396957,0.3055884182,0.07175520808,0.06380283227
848,5'UTR,11,0.4794096947,0.5023882084,0.1281491369,0.1277751976,0.3284758627,0.3059387993,0.06396531314,0.063897795
849,5'UTR,11,0.519508481,0.5031807177,0.1158799455,0.1274349689,0.3038844764,0.3057041969,0.06072709709,0.0636801173
850,5'UTR,11,0.4799232185,0.5028947771,0.1423438638,0.1277015614,0.3138003349,0.3057460986,0.06393259764,0.06365756392
851,5'UTR,11,0.4962346852,0.5027474333,0.1164063141,0.1278611052,0.3195669055,0.3056793358,0.06779212505,0.06371212662
852,5'UTR,11,0.5419542789,0.5027993198,0.1102373078,0.1279508692,0.2923210263,0.3056892537,0.05548736081,0.06356055825
853,5'UTR,11,0.4954098463,0.5028637584,0.1191252768,0.1278674605,0.3170509338,0.3056841623,0.06841399521,0.06358461962
854,5'UTR,11,0.4851231873,0.502299124,0.1345757097,0.1280275287,0.3153960407,0.3059656531,0.06490505487,0.0637076953
855,5'UTR,12,0.522546351,0.5025662452,0.1219850704,0.1278486872,0.2962762415,0.3060132947,0.05919234827,0.06357177477
856,5'UTR,12,0.4889935553,0.502326731,0.126048699,0.1279904634,0.3205269873,0.3061121564,0.06443074346,0.06357065095
857,5'UTR,12,0.4947851598,0.5018474851,0.1286167353,0.1281390134,0.3113950789,0.3063392479,0.06520302594,0.06367425383
858,5'UTR,12,0.5379152298,0.5027933732,0.1185545325,0.1276328762,0.2877643406,0.306113195,0.05576586723,0.06346055563
859,5'UTR,12,0.5348944068,0.5024482455,0.1117701158,0.1277396162,0.2969600856,0.3063429929,0.05637539551,0.06346914642
860,5'UTR,12,0.4961825311,0.5026883345,0.1204705238,0.1274724959,0.3191322088,0.3064324673,0.06421474367,0.06340670339
861,5'UTR,12,0.5495477319,0.5032772064,0.1025279239,0.1275944282,0.2937721312,0.3061034527,0.05415214226,0.06302491347
862,5'UTR,12,0.5031989813,0.5038031522,0.1220310628,0.1275021735,0.3121006787,0.305761696,0.06266926229,0.06293297899
863,5'UTR,12,0.4870568216,0.5038943332,0.1311779767,0.1275279238,0.3144506216,0.3057482325,0.06731462479,0.06282951147
864,5'UTR,12,0.523761332,0.5041926663,0.1178477034,0.1274654956,0.2957086563,0.3055920277,0.06268234551,0.06274981061
865,5'UTR,12,0.5106028914,0.5042163424,0.1198619828,0.1276740002,0.3117964268,0.3053496532,0.05773866177,0.06276000496
866,5'UTR,12,0.4855845273,0.5039107285,0.1382584721,0.127822536,0.3088326752,0.3055061337,0.06732432544,0.0627606024
867,5'UTR,12,0.5265905857,0.5044043381,0.112308003,0.1276906331,0.3038544357,0.3052991863,0.05724702775,0.0626058429
868,5'UTR,12,0.4790796936,0.5044498675,0.1415448636,0.1276883758,0.312004894,0.3052546941,0.06737056375,0.06260706284
869,5'UTR,12,0.479155302,0.5042559579,0.1408618242,0.1279221234,0.3070896864,0.3051789206,0.07289316505,0.06264299857
870,5'UTR,12,0.5112522244,0.5045720685,0.1224892363,0.128075076,0.3052929342,0.3048688076,0.06096563116,0.06248404821
871,5'UTR,12,0.4760886133,0.5047678016,0.1426575631,0.128041329,0.313875705,0.3047672309,0.06737808138,0.062423639
872,5'UTR,12,0.4771199226,0.5045430742,0.1343795508,0.1279955087,0.3124033511,0.3048906453,0.07609715313,0.06257077209
873,5'UTR,12,0.5565161109,0.5051905677,0.1134467721,0.1278569384,0.2767956257,0.3046187975,0.05324152485,0.06233369759
874,5'UTR,12,0.4868472517,0.5051028553,0.1358584911,0.1278528105,0.31365183,0.3047613747,0.06364244968,0.06228296007
875,5'UTR,12,0.4963723719,0.5050737783,0.1410572976,0.1277431417,0.2982986867,0.3049132437,0.06427168101,0.06226983801
876,5'UTR,12,0.5128092766,0.5051582739,0.1270512938,0.1278130783,0.2972702086,0.3048036817,0.06286927313,0.06222496661
877,5'UTR,12,0.5025210977,0.5046322007,0.1341053545,0.1281336844,0.2969952822,0.3050062943,0.06637828052,0.06222782112
878,5'UTR,12,0.4776813686,0.504056263,0.1322412789,0.128565951,0.3223909438,0.3049995448,0.06768643856,0.06237824126
879,5'UTR,12,0.5581451058,0.5048281461,0.1126870736,0.1282745913,0.2811937332,0.3046952549,0.04797404632,0.06220200742
880,5'UTR,12,0.5187459588,0.5049235385,0.1250353456,0.1282212842,0.3002757132,0.3045918852,0.05594296753,0.06226329147
881,5'UTR,12,0.5107600689,0.5051161889,0.1236765385,0.1280496204,0.2989410162,0.3045457356,0.06662238389,0.06228845408
882,5'UTR,12,0.5494283438,0.5054865602,0.105622448,0.1279745232,0.2928625047,0.3043451171,0.05208669975,0.06219379948
883,5'UTR,12,0.4908983409,0.5051902968,0.1342596561,0.1281356031,0.3096562326,0.3044874329,0.06518579274,0.06218666788
884,5'UTR,12,0.4937159121,0.5046757881,0.1263208538,0.1282607652,0.3188483715,0.3048055157,0.06111482903,0.06225793278
885,5'UTR,12,0.5739129782,0.50540579,0.09860143811,0.1281939864,0.276792556,0.3043502487,0.0506930165,0.06204997702
886,5'UTR,12,0.4952721596,0.5051607423,0.1382445842,0.1284740789,0.3016438782,0.304221002,0.06483934075,0.06214417866
887,5'UTR,12,0.4951424599,0.5050127655,0.1196811497,0.1287971195,0.3230373561,0.3039666787,0.06213899329,0.0622234371
888,5'UTR,12,0.5657410026,0.5053174254,0.1102157235,0.128678149,0.275071919,0.3039250869,0.04897138104,0.0620793398
889,5'UTR,12,0.4905906916,0.5056532633,0.1359174699,0.1288269032,0.3069736958,0.3034723338,0.06651812047,0.06204749993
890,5'UTR,12,0.485311836,0.5051173516,0.1456178576,0.1289975339,0.3067124188,0.3037307832,0.06235787272,0.06215433148
891,5'UTR,12,0.5051837564,0.5058587577,0.1275046468,0.128787965,0.3016094863,0.303345516,0.06570211798,0.06200776119
892,5'UTR,12,0.493989259,0.5055887453,0.1382407099,0.1291630836,0.2998000383,0.3031785946,0.06797001511,0.06206957586
893,5'UTR,12,0.4831442535,0.5049175944,0.1322218776,0.1296709652,0.3166834414,0.3031825617,0.06795044988,0.06222887845
894,5'UTR,12,0.5419782996,0.5052316178,0.1148476005,0.1298145502,0.2882699072,0.3028472681,0.05490425602,0.06210656231
895,5'UTR,12,0.4852984846,0.5052037589,0.1433817297,0.1300174457,0.305757165,0.3027454846,0.06556263566,0.0620333089
896,5'UTR,12,0.5140464902,0.5044752333,0.1261240095,0.1304683488,0.2960050702,0.3029089414,0.06382437795,0.06214747457
897,5'UTR,12,0.5709685087,0.5052501515,0.1037224904,0.130313149,0.2775555849,0.3024370067,0.04775340855,0.06199969104
898,5'UTR,12,0.4763837755,0.504996917,0.1459157169,0.1305087528,0.310662955,0.3024735317,0.06703758985,0.06202079668
899,5'UTR,12,0.4924743474,0.5041795675,0.1425331384,0.130945539,0.3013446033,0.3026790321,0.06364791095,0.06219586027
900,5'UTR,12,0.5328507423,0.5037744138,0.1321464926,0.1312937971,0.2825278342,0.3026500616,0.05247487128,0.06228172602
901,5'UTR,13,0.496633023,0.5035533179,0.1395032555,0.1316731991,0.2995413244,0.302453465,0.06432239711,0.0623200166
902,5'UTR,13,0.4833205938,0.5025368698,0.1478352845,0.1323518035,0.3076967895,0.3025867164,0.06114730984,0.06252460997
903,5'UTR,13,0.5184785128,0.5027531967,0.1246485412,0.1323937374,0.2997086644,0.3023892727,0.05716423318,0.06246379353
904,5'UTR,13,0.4835042655,0.502689103,0.1425036788,0.1325241377,0.3067799509,0.302312994,0.06721211225,0.06247376464
905,5'UTR,13,0.4819512963,0.5017526887,0.141366154,0.1329911832,0.3142966032,0.3026040938,0.06238591671,0.06265203329
906,5'UTR,13,0.5380069613,0.5018912219,0.1162967682,0.1330807862,0.2927301824,0.3024004295,0.05296607688,0.0626275619
907,5'UTR,13,0.4886400402,0.5018081196,0.1343730092,0.1332001503,0.3105968237,0.3023306955,0.06639011204,0.06266103429
908,5'UTR,13,0.4792265594,0.5011631291,0.1450400054,0.1336658239,0.3092770875,0.302356049,0.06645637006,0.06281499662
909,5'UTR,13,0.514277041,0.5020909987,0.1393271983,0.1333918185,0.2931253612,0.3018680237,0.05327039585,0.06264915727
910,5'UTR,13,0.4951917231,0.5023657754,0.1359086931,0.1334891641,0.3075073957,0.3015961621,0.06139218062,0.06254889742
911,5'UTR,13,0.4999548197,0.5016319811,0.1173702478,0.1339386517,0.3150749207,0.3016975369,0.06760001183,0.0627318284
912,5'UTR,13,0.5610370636,0.5026699845,0.1037958562,0.133531911,0.2857297361,0.3012392424,0.04943736643,0.06255886098
913,5'UTR,13,0.4752894938,0.5028352268,0.139246136,0.1335711776,0.3163100481,0.3010948334,0.0691543147,0.06249876125
914,5'UTR,13,0.4970192909,0.5014048181,0.1301060617,0.1340889747,0.3074818254,0.301787506,0.06539285928,0.06271869945
915,5'UTR,13,0.5135947466,0.5017529789,0.1249513701,0.1340141251,0.3012861013,0.3015530393,0.0601677075,0.06267985445
916,5'UTR,13,0.480312556,0.5015070722,0.1435274482,0.134073202,0.3126639128,0.3017434876,0.06349604577,0.06267623561
917,5'UTR,14,0.4723294079,0.5009374287,0.1454584599,0.1343462304,0.3091991544,0.3018720642,0.07301294059,0.06284427349
918,5'UTR,14,0.5309305787,0.501386046,0.1160748377,0.1341248157,0.29793185,0.3017784897,0.05506272987,0.06271064458
919,5'UTR,14,0.4963637888,0.5010916557,0.1268612444,0.13461748,0.3101502061,0.3015667945,0.06662475318,0.06272406587
920,5'UTR,14,0.5203599334,0.4999534447,0.1224759072,0.13509044,0.2962450087,0.3019504011,0.06091913581,0.06300571053
921,5'UTR,14,0.4979077876,0.5000300046,0.1311307549,0.1351851987,0.3085593283,0.301755036,0.06240218878,0.06302975714
922,5'UTR,14,0.4734959006,0.4996949732,0.1492744237,0.1353779366,0.3126344681,0.3018495891,0.06459528208,0.06307749702
923,5'UTR,14,0.4860272408,0.4987812154,0.1311732978,0.1358910021,0.3171026707,0.3020726781,0.06569684297,0.0632551
924,5'UTR,14,0.5202671885,0.4991651665,0.1357072443,0.1358189256,0.2923471034,0.3017784894,0.05167848617,0.06323741465
925,5'UTR,14,0.479668051,0.4990187731,0.1491645873,0.1360135055,0.3023664057,0.3015861433,0.06880098581,0.06338157421
926,5'UTR,14,0.5029602647,0.4978250992,0.1414791644,0.1365614485,0.2897908986,0.3020103678,0.06576962769,0.06360308095
927,5'UTR,14,0.4999963939,0.4985429343,0.1332638562,0.1363425198,0.3065123558,0.3016912177,0.06022742391,0.06342332475
928,5'UTR,14,0.5062767267,0.4983043864,0.1400494725,0.1365406006,0.2922556102,0.3016287014,0.06141812354,0.0635263084
929,5'UTR,14,0.4766355455,0.4973587137,0.1295304,0.1369960007,0.3245604336,0.3019047357,0.06927362084,0.06374054682
930,5'UTR,14,0.5392357111,0.4975201193,0.1255783588,0.1370009533,0.2829789519,0.3017684393,0.05220697448,0.06371048521
931,5'UTR,14,0.4746336937,0.4976830654,0.1464157999,0.1368771884,0.3062132001,0.3017234303,0.07273729891,0.06371631343
932,5'UTR,14,0.4882622063,0.4971878603,0.1508678347,0.1372096836,0.2926383913,0.3018189158,0.06823156774,0.06378353769
933,5'UTR,14,0.520531714,0.4977082331,0.1306120753,0.1369388877,0.290227443,0.3017144229,0.0586287044,0.06363845291
934,5'UTR,14,0.4828944802,0.4978848137,0.1508073509,0.1369106988,0.3072533607,0.3015539005,0.05904478207,0.06365058366
935,5'UTR,14,0.4642643034,0.4971506301,0.1580573171,0.137216675,0.3093527853,0.3018082704,0.06832560152,0.06382442056
936,5'UTR,14,0.5509870052,0.4973280441,0.1136327162,0.137064826,0.2827722132,0.3017570883,0.05260806158,0.06385003724
937,5'UTR,14,0.4745264053,0.497142949,0.1442650408,0.1371583316,0.3143170774,0.3017892662,0.06689147651,0.06390944957
938,5'UTR,14,0.4725272655,0.4957620967,0.1534974277,0.1378402196,0.3042043746,0.3022225,0.06977095455,0.06417517927
939,5'UTR,14,0.5024821162,0.496501942,0.1396307647,0.137682135,0.2946424484,0.3018250015,0.06324465573,0.06399091678
940,5'UTR,14,0.4784948528,0.4962838098,0.1508226842,0.137708772,0.3034044802,0.3019759227,0.06727799028,0.06403149078
941,5'UTR,14,0.4682318866,0.4958478447,0.1568162739,0.1377058491,0.3044322431,0.3022187606,0.07051961124,0.06422754107
942,5'UTR,14,0.5205051303,0.4960580282,0.1253857762,0.1375776734,0.2963051796,0.3021519914,0.05780394748,0.06421230212
943,5'UTR,14,0.481929332,0.4960000448,0.1416099966,0.1376266381,0.3083483279,0.3020719644,0.06811231375,0.06430134848
944,5'UTR,13,0.4488481879,0.4953503653,0.1552113444,0.137965936,0.3189966381,0.3021904856,0.07694383711,0.06449320954
945,5'UTR,14,0.5216855407,0.4959160808,0.1270302236,0.1377967875,0.2955032885,0.3019384716,0.05578095093,0.06434865617
946,5'UTR,14,0.4789363444,0.4959465202,0.1478075981,0.1378139792,0.3032539487,0.3018060327,0.07000211626,0.06443346408
947,5'UTR,14,0.4749913514,0.4948690645,0.1495618969,0.1384038182,0.3058827221,0.3020839538,0.06956401467,0.06464315988
948,5'UTR,14,0.5533092618,0.49533499,0.1196244285,0.138269648,0.2729628682,0.301869183,0.05410341546,0.06452617529
949,5'UTR,14,0.5011374354,0.4950464137,0.148649469,0.1384842524,0.2853407562,0.3018804945,0.06487237662,0.06458883523
950,5'UTR,14,0.4525486827,0.494625755,0.1584482491,0.1386056744,0.313402921,0.3019885998,0.07560010999,0.06477996688
951,5'UTR,14,0.5591288805,0.4953008913,0.1101183072,0.1384505121,0.2772121429,0.3015961874,0.05354068801,0.06465240601
952,5'UTR,14,0.490339309,0.4950049382,0.1375208795,0.1388614375,0.3008506298,0.3014781006,0.07128917426,0.06465552053
953,5'UTR,14,0.4420834184,0.4939330701,0.1548705399,0.1393941646,0.3322094381,0.3017880667,0.07083658129,0.06488469564
954,5'UTR,15,0.5147001147,0.4944478214,0.129870519,0.139369585,0.2948944867,0.3014411237,0.06053484976,0.06474146708
955,5'UTR,15,0.4766998291,0.4943604764,0.1457834542,0.1395247869,0.3135345578,0.3013472404,0.0639821738,0.06476749289
956,5'UTR,15,0.4672378004,0.4938021116,0.1488935649,0.1399774761,0.3075563312,0.3013843022,0.07631230354,0.06483610752
957,5'UTR,15,0.5384104848,0.4938917391,0.1163921803,0.1400280488,0.2895093262,0.3012348041,0.05568796769,0.0648454065
958,5'UTR,16,0.4541301429,0.4941821381,0.1716544181,0.1398921811,0.305455327,0.3011153799,0.06876014173,0.06481029973
959,5'UTR,16,0.4670882225,0.4932779431,0.1505238712,0.1404335212,0.3118822575,0.3012579486,0.07050561905,0.06503058597
960,5'UTR,16,0.5248707533,0.4931771595,0.1326160431,0.1409158135,0.2846465111,0.3009312592,0.05786669627,0.06497576679
961,5'UTR,17,0.4839575589,0.4908897743,0.1390955746,0.1431188889,0.3065052629,0.3008170255,0.07044157386,0.06517431051
962,5'UTR,17,0.4763277173,0.4879267357,0.1466676891,0.1459851723,0.3107096255,0.3006085783,0.06629493833,0.06547951209
963,5'UTR,17,0.5216144323,0.4863397654,0.1284935325,0.1475647783,0.28612113,0.300403123,0.06377096474,0.06569233122
964,5'UTR,17,0.4820044339,0.483072203,0.1418872476,0.1501900006,0.3034606874,0.3005982682,0.07264759392,0.06613952569
965,5'UTR,17,0.4784190655,0.4800107926,0.1424368769,0.1525581436,0.3107305169,0.3008369688,0.06841355562,0.06659409222
966,5'UTR,17,0.5526989698,0.4790829837,0.1207302883,0.1542763541,0.276111871,0.3000953818,0.05045884475,0.06654527741
967,5'UTR,17,0.4760586321,0.4759488281,0.1355276108,0.1567849213,0.3180360496,0.3003855335,0.07037768513,0.06688071475
968,5'UTR,17,0.4900871813,0.4733066007,0.1466477364,0.1591191979,0.297154665,0.3002857266,0.0661104545,0.06728847208
969,5'UTR,17,0.5035031438,0.4714680187,0.1363136768,0.1611541025,0.2960699797,0.2999689044,0.06411319226,0.06740897275
970,5'UTR,17,0.4983475208,0.4687479094,0.1357166618,0.1637975402,0.3031117022,0.2997678416,0.06282413006,0.06768670692
971,5'UTR,17,0.4655673504,0.4650502769,0.1541042626,0.1665338514,0.3092483282,0.3002063876,0.07108005881,0.06820948245
972,5'UTR,18,0.5356190801,0.4639093699,0.1165770441,0.1684782838,0.2914406061,0.2994876962,0.05636323243,0.06812464772
973,5'UTR,17,0.4972707033,0.4610554518,0.1299667656,0.1708885759,0.3038416505,0.2996480625,0.06892091036,0.06840790706
974,5'UTR,18,0.4832436144,0.4576433772,0.1393256932,0.1735277388,0.3086194992,0.2999522652,0.06881120801,0.06887661754
975,5'UTR,19,0.4994916022,0.4562385695,0.1312338114,0.1754278339,0.3016625941,0.2993685286,0.06761197001,0.06896506706
976,5'UTR,19,0.4992388785,0.4532516101,0.133604452,0.1780478848,0.2985793054,0.2994065572,0.06857736409,0.06929394715
977,5'UTR,19,0.4605003297,0.4494922264,0.158273533,0.1809197207,0.3122142851,0.2997646116,0.06901178509,0.06982344068
978,5'UTR,19,0.5355713964,0.4480776338,0.1332689524,0.1830261565,0.2788630724,0.2990248613,0.05229659006,0.06987134707
979,5'UTR,19,0.4750237763,0.4454224365,0.1446640939,0.1854318573,0.313418299,0.2990135659,0.0668938309,0.07013213863
980,5'UTR,19,0.4979735315,0.4422128821,0.1319126636,0.1878614309,0.3019548655,0.299319889,0.06815889478,0.07060579616
981,5'UTR,19,0.5134477019,0.441063224,0.1292492002,0.1897065562,0.2941997945,0.2986187669,0.06310328096,0.07061145115
982,5'UTR,19,0.478681922,0.4382511169,0.151752457,0.1921850828,0.3012946248,0.2986687312,0.06827101856,0.07089506709
983,5'UTR,19,0.4665041566,0.434859827,0.1517923772,0.1948054533,0.3091903627,0.2989139376,0.07251311839,0.07142077954
984,5'UTR,19,0.5287615061,0.4334633851,0.1289718002,0.1966697275,0.2866188288,0.2983516956,0.05564784259,0.07151518948
985,5'UTR,20,0.4843864441,0.4308347549,0.1427414864,0.199242741,0.3037014902,0.2982637344,0.06917054951,0.07165876701
986,5'UTR,20,0.451810509,0.4269828094,0.1634838879,0.2021741823,0.3149638772,0.2985966248,0.06974174082,0.07224638048
987,5'UTR,20,0.525914073,0.4254548153,0.1236393899,0.2042287976,0.293415159,0.2980247376,0.05703134462,0.07229164685
988,5'UTR,20,0.4561404586,0.4228168176,0.1622083634,0.2064421839,0.3101820052,0.2981021924,0.07146916538,0.07263880358
989,5'UTR,20,0.4806243479,0.4185587265,0.1490409523,0.2095330719,0.3017737865,0.2987018624,0.06856092811,0.07320633689
990,5'UTR,21,0.549202621,0.4173034955,0.1234957129,0.2112357328,0.2761144042,0.2982263714,0.05118731037,0.07323439773
991,5'UTR,21,0.4762785733,0.414733799,0.1502442807,0.2135727907,0.3056279719,0.2982069612,0.06784917414,0.07348644771
992,5'UTR,21,0.4752876163,0.4099333765,0.1464140266,0.2171037172,0.3105270267,0.2988427881,0.06777137518,0.07412011693
993,5'UTR,21,0.5164695978,0.408697995,0.1372797638,0.2191360389,0.2885546088,0.2981071511,0.05769602954,0.0740588143
994,5'UTR,21,0.4900316894,0.4062464617,0.1425222158,0.2213855655,0.2999711633,0.2979212957,0.06747492403,0.07444667765
995,5'UTR,21,0.4689255655,0.4026648097,0.161166504,0.2241266354,0.304251045,0.29821919,0.06565687805,0.07498936555
996,5'UTR,21,0.4874827564,0.4011188768,0.1475732625,0.2260767697,0.300704062,0.2976275893,0.06423996389,0.07517676507
997,5'UTR,22,0.4955613315,0.3983781468,0.1345890462,0.2283440231,0.2996452153,0.2977677858,0.07020439953,0.07551004454
998,5'UTR,22,0.4585949779,0.3942257879,0.1593820453,0.2314756435,0.3093373477,0.2981878595,0.07268562913,0.07611070955
999,5'UTR,22,0.4883010983,0.3931950314,0.1654446274,0.2330309472,0.2840150595,0.2975737976,0.0622392185,0.07620022362
1000,CDS + 3'UTR,24,0.3373691142,0.3903449036,0.2987219393,0.2354477684,0.2871063054,0.2976339957,0.0768026337,0.07657333231
1001,CDS + 3'UTR,24,0.2608647048,0.3862498729,0.3604334295,0.2382397174,0.291883558,0.2982981244,0.08681831509,0.07721228511
1002,CDS + 3'UTR,24,0.3465382755,0.3848328615,0.2756429017,0.2401728584,0.2961980402,0.297709584,0.08162081242,0.07728469581
1003,CDS + 3'UTR,24,0.2246222496,0.3816483263,0.3411910832,0.2428658384,0.3327142894,0.2977460006,0.1014724001,0.0777398339
1004,CDS + 3'UTR,24,0.2753543556,0.3773461301,0.3251586854,0.2458176215,0.31144315,0.2984509109,0.08804380894,0.078385336
1005,CDS + 3'UTR,24,0.4054433405,0.3764485177,0.2866214216,0.247671811,0.2430394441,0.2976006748,0.06489580125,0.07827899582
1006,CDS + 3'UTR,24,0.252227813,0.3730655601,0.3421645463,0.2506109326,0.3130030334,0.2976301087,0.09260461479,0.07869339786
1007,CDS + 3'UTR,23,0.288618207,0.368595909,0.3200059831,0.2536858657,0.298527807,0.2982391873,0.09284801036,0.07947903806
1008,CDS + 3'UTR,23,0.359190166,0.3669421375,0.3028418422,0.2560827976,0.2669098377,0.2974488581,0.07105817646,0.07952620657
1009,CDS + 3'UTR,24,0.2590267956,0.3637368796,0.3410054147,0.2585152049,0.308475405,0.2977227537,0.09149235487,0.08002516152
1010,CDS + 3'UTR,24,0.2434251159,0.3598626373,0.3444832563,0.2615075946,0.3180626333,0.2980151998,0.09402901679,0.08061456839
1011,CDS + 3'UTR,24,0.383361131,0.3584088622,0.3019703925,0.2636644216,0.2487178892,0.2972966611,0.06595052034,0.08063005526
1012,CDS + 3'UTR,24,0.2599487603,0.3555423064,0.3436912,0.2661742495,0.305467695,0.2972262356,0.09089231491,0.08105720822
1013,CDS + 3'UTR,24,0.2475657463,0.3510072544,0.3417451084,0.269544043,0.3145636618,0.2976671942,0.09612554312,0.08178150859
1014,CDS + 3'UTR,24,0.3705098629,0.3490913849,0.3028149605,0.27198897,0.2605544329,0.2970763545,0.06612074375,0.08184329057
1015,CDS + 3'UTR,23,0.225307554,0.3458567979,0.3676613867,0.2748098606,0.312395066,0.2970838867,0.09463600814,0.08224945478
1016,CDS + 3'UTR,24,0.2502363026,0.3422370603,0.3433795869,0.2776393821,0.3114165664,0.2972988289,0.09496754408,0.08282472901
1017,CDS + 3'UTR,24,0.3613590002,0.3402849348,0.3127799034,0.2800038274,0.2551370561,0.2968200311,0.07072398812,0.0828912071
1018,CDS + 3'UTR,24,0.260111481,0.3372908752,0.3459534943,0.2824243756,0.3033007383,0.2968897969,0.09063427895,0.08339495305
1019,CDS + 3'UTR,24,0.2457177639,0.3329097679,0.3339966536,0.2856038885,0.3191483021,0.2973613102,0.1011372581,0.08412503335
1020,CDS + 3'UTR,24,0.3865222037,0.3315586613,0.2984327078,0.2876271807,0.2473147064,0.2965576166,0.06773038954,0.08425654178
1021,CDS + 3'UTR,24,0.2432633191,0.3280152893,0.3550983965,0.2904705374,0.3084293902,0.2967392592,0.09320888668,0.08477491527
1022,CDS + 3'UTR,24,0.2492019385,0.3239186246,0.3350154161,0.2934142277,0.315921694,0.2972199759,0.09986094385,0.08544717343
1023,CDS + 3'UTR,24,0.3702139854,0.3222182393,0.2907519341,0.2955845503,0.2633689642,0.2966572644,0.07566510886,0.08553994694
1024,CDS + 3'UTR,24,0.2385577708,0.3193212116,0.3610524237,0.2980235932,0.3119597435,0.2967001187,0.08843003958,0.08595507783
1025,CDS + 3'UTR,24,0.2135298997,0.3150860842,0.3615455329,0.3009780854,0.3221345246,0.2971968519,0.1027900279,0.08673897958
1026,CDS + 3'UTR,24,0.3566968143,0.3137662433,0.3121768236,0.3029562844,0.2575029731,0.2965176046,0.07362342626,0.08675986887
1027,CDS + 3'UTR,23,0.26395154,0.3108037846,0.3266327977,0.3053509941,0.3120791018,0.2965695765,0.09733655304,0.08727564602
1028,CDS + 3'UTR,24,0.2126619667,0.3066040851,0.366895467,0.3082923267,0.3209364712,0.2970694035,0.09950608015,0.08803418642
1029,CDS + 3'UTR,24,0.4007189572,0.3053383514,0.2848623395,0.3101789108,0.2473014742,0.2964013245,0.06711724401,0.08808141509
1030,CDS + 3'UTR,24,0.2469729632,0.3018972319,0.3454128802,0.3129164673,0.3118501008,0.2965934888,0.095764108,0.08859281354
1031,CDS + 3'UTR,24,0.1750950813,0.2972538559,0.3925924301,0.315973709,0.3280782998,0.2973512106,0.104234226,0.08942122492
1032,CDS + 3'UTR,24,0.3915087879,0.2954168627,0.3001066148,0.3180956192,0.2419996709,0.296838649,0.06638496369,0.08964886931
1033,CDS + 3'UTR,24,0.2459607571,0.2921662243,0.3348326683,0.3208004339,0.3173409998,0.2968738206,0.1018656492,0.09015952102
1034,CDS + 3'UTR,24,0.2281679511,0.2877834652,0.3491561115,0.3237958416,0.318726033,0.2974647198,0.1039498821,0.09095597262
1035,CDS + 3'UTR,24,0.353025198,0.2865792241,0.3017942011,0.3257784232,0.2662065029,0.2966755044,0.07897413522,0.09096684749
1036,CDS + 3'UTR,24,0.2479794025,0.283299832,0.3302738369,0.3281872885,0.3187720478,0.2969256938,0.1029746607,0.0915871846
1037,CDS + 3'UTR,24,0.2062217742,0.2793982256,0.3669218123,0.3309235377,0.3231152296,0.297388611,0.103741169,0.09228962432
1038,CDS + 3'UTR,24,0.3716696203,0.2777987141,0.2960787117,0.3332387881,0.2563303709,0.2966376299,0.07592126727,0.09232486631
1039,CDS + 3'UTR,24,0.2390780002,0.2749508755,0.3438695669,0.3355934246,0.3166981041,0.296672635,0.1003543139,0.0927830636
1040,CDS + 3'UTR,24,0.1972682923,0.2708972881,0.3559719622,0.3382218324,0.3377768099,0.2973890247,0.1089829206,0.09349185349
1041,CDS + 3'UTR,24,0.3705966473,0.2716764459,0.2937468588,0.3383437127,0.259422034,0.2966149708,0.07623443007,0.09336486906
1042,CDS + 3'UTR,24,0.2215649039,0.2713039186,0.3621060848,0.3380778529,0.3136229515,0.2969031183,0.1027059853,0.09371510921
1043,CDS + 3'UTR,24,0.177438736,0.26895686,0.3646361828,0.3392443135,0.3425139487,0.29755581,0.1154111326,0.09424301516
1044,CDS + 3'UTR,24,0.4101954401,0.2706006305,0.2902224064,0.339067053,0.2354418039,0.2964165367,0.06414037943,0.09391577831
1045,CDS + 3'UTR,24,0.2077824622,0.2699104235,0.3775666058,0.3394846346,0.3130852282,0.2964530673,0.1015657187,0.09415187305
1046,CDS + 3'UTR,24,0.1951268762,0.2664929992,0.3667249382,0.341171867,0.3248381615,0.2975288359,0.1133100614,0.0948062961
1047,CDS + 3'UTR,24,0.3437569141,0.2673763176,0.3272821605,0.3409713451,0.2548097074,0.2969216926,0.07415116578,0.09473064253
1048,CDS + 3'UTR,24,0.2336665541,0.2664345194,0.3412403166,0.3413918111,0.3190663159,0.2972424133,0.1060268506,0.09493125407
1049,CDS + 3'UTR,24,0.1935637593,0.2640283395,0.3757048547,0.3421910297,0.319465667,0.2982164426,0.1112657413,0.09556418592
1050,CDS + 3'UTR,24,0.3820455074,0.2653820548,0.308262825,0.3419237364,0.2456286103,0.2973323181,0.06406307966,0.09536188906
1051,CDS + 3'UTR,24,0.2362428904,0.2649869572,0.3548904955,0.3420345604,0.3036142886,0.29738006,0.1052522957,0.09559842115
1052,CDS + 3'UTR,24,0.1728149205,0.2622411311,0.3861605227,0.3429513216,0.3267172873,0.2985139644,0.114307262,0.09629358249
1053,CDS + 3'UTR,24,0.3440011442,0.2627569273,0.3255609274,0.3428704113,0.2565744817,0.2980881108,0.07386346906,0.09628455099
1054,CDS + 3'UTR,24,0.2244766504,0.2620760756,0.3649969399,0.3430561248,0.3092220724,0.2983066717,0.1013043448,0.09656112781
1055,CDS + 3'UTR,24,0.2099125981,0.2593061555,0.3575955331,0.3441484738,0.3188579679,0.2992825335,0.1136339083,0.09726283718
1056,CDS + 3'UTR,24,0.3430688381,0.2605203249,0.3227600753,0.3435863283,0.2602754831,0.298701877,0.07389561087,0.09719147002
1057,CDS + 3'UTR,24,0.2209755629,0.2598093489,0.3519173861,0.3439656761,0.3177955449,0.2987775842,0.1093114614,0.09744739151
1058,CDS + 3'UTR,24,0.1850828081,0.2572878502,0.3876299858,0.3449692227,0.3165841401,0.2997225793,0.1107030138,0.09802034898
1059,CDS + 3'UTR,24,0.3669352531,0.2585497536,0.3065274656,0.3446342397,0.2491228133,0.2990009533,0.07741450518,0.09781505456
1060,CDS + 3'UTR,24,0.2145037651,0.2581669541,0.3593811989,0.344787138,0.3164862692,0.2990667781,0.1096287742,0.09797913125
1061,CDS + 3'UTR,24,0.185714528,0.2552986953,0.3647444248,0.3458671827,0.3326571286,0.3001476005,0.1168839335,0.09868652262
1062,CDS + 3'UTR,24,0.342651099,0.2565878982,0.325378269,0.345435049,0.2562777102,0.2994861394,0.07569289953,0.09849091396
1063,CDS + 3'UTR,24,0.2347419411,0.2560702065,0.3469158113,0.3457216196,0.3126187027,0.2995083153,0.1057235897,0.09869985878
1064,CDS + 3'UTR,24,0.1899513155,0.2533715762,0.3653311729,0.3469628863,0.3263574839,0.3003719952,0.118359983,0.09929354247
1065,CDS + 3'UTR,24,0.3787991703,0.2550414635,0.3009974062,0.3463729106,0.2493617088,0.2994423008,0.07084169239,0.09914332544
1066,CDS + 3'UTR,24,0.2148138136,0.2546458704,0.3550606668,0.3465171438,0.319121629,0.2994900996,0.111003913,0.09934688676
1067,CDS + 3'UTR,24,0.1899381131,0.2523322711,0.3589459956,0.3472323872,0.3334013224,0.300467605,0.1177145764,0.09996773638
1068,CDS + 3'UTR,24,0.3548817635,0.2533599531,0.3131350875,0.3471374799,0.2567356825,0.2997226289,0.07524745911,0.09977993779
1069,CDS + 3'UTR,24,0.2053347826,0.2529937273,0.3680454791,0.3472888917,0.3171469271,0.2997414241,0.1094728038,0.09997595735
1070,CDS + 3'UTR,24,0.1777325422,0.2498079967,0.368075043,0.3485457938,0.3367321491,0.3009450059,0.1174602211,0.1007012038
1071,CDS + 3'UTR,24,0.3293191195,0.2516527565,0.319997102,0.3480732378,0.2646230459,0.2999074707,0.08606072515,0.1003665343
1072,CDS + 3'UTR,24,0.2152365446,0.2519591125,0.3627991974,0.3478217926,0.3133407533,0.2997390447,0.1086235121,0.1004800487
1073,CDS + 3'UTR,24,0.1658488661,0.2493812542,0.3769123852,0.3484635379,0.335826546,0.3009340014,0.121412158,0.1012212046
1074,CDS + 3'UTR,24,0.393692404,0.250976952,0.3011287451,0.3482721739,0.23683393,0.2999319082,0.06834491342,0.1008189636
1075,CDS + 3'UTR,24,0.2065742016,0.2505882559,0.3538757265,0.348583971,0.3242661953,0.2998834753,0.1152838469,0.1009442954
1076,CDS + 3'UTR,24,0.1753542423,0.2482917897,0.3664731979,0.3494600683,0.3377374411,0.3007631784,0.120435141,0.1014849604
1077,CDS + 3'UTR,24,0.3676004112,0.249224247,0.3198090792,0.349447035,0.2395667285,0.2999797041,0.07302375883,0.1013490108
1078,CDS + 3'UTR,24,0.2307678908,0.2490455305,0.3477529585,0.3495095722,0.3121377528,0.300019837,0.1093414128,0.1014250574
1079,CDS + 3'UTR,24,0.164014101,0.2464013584,0.3757172525,0.3506384574,0.3413262367,0.3009522969,0.1189424098,0.1020078839
1080,CDS + 3'UTR,24,0.3997017443,0.2475425566,0.3084723651,0.3502586581,0.2251819968,0.300280959,0.06664387882,0.1019178228
1081,CDS + 3'UTR,24,0.2310625166,0.2471214956,0.3391646445,0.3507439852,0.3149353564,0.3000948092,0.1148375273,0.1020397071
1082,CDS + 3'UTR,24,0.1587735862,0.2445290267,0.3689597547,0.3518138062,0.348413378,0.3009273076,0.1238532886,0.1027298564
1083,CDS + 3'UTR,24,0.3561238945,0.2461798312,0.3270102441,0.3513219275,0.2415724248,0.3000150677,0.07529345155,0.1024831719
1084,CDS + 3'UTR,24,0.2201377898,0.2464489229,0.3585652113,0.3512321975,0.3143655956,0.2997792352,0.1069313884,0.1025396417
1085,CDS + 3'UTR,24,0.1320493966,0.2431564281,0.421600014,0.3525223609,0.3291009367,0.3009437546,0.1172496453,0.1033774533
1086,CDS + 3'UTR,24,0.3228932917,0.2449654426,0.3261227906,0.3517270733,0.264431566,0.3001532484,0.08655232936,0.1031542327
1087,CDS + 3'UTR,24,0.2132743448,0.2448782822,0.3536432683,0.351817717,0.3241854608,0.300117065,0.1088969335,0.1031869326
1088,CDS + 3'UTR,24,0.1666957736,0.2423474763,0.3667793274,0.3528759252,0.3448321819,0.300955265,0.1216927245,0.1038213311
1089,CDS + 3'UTR,24,0.3673240244,0.24332327,0.3196219504,0.3526608776,0.2377454489,0.3003431235,0.07530860603,0.1036727256
1090,CDS + 3'UTR,24,0.2118173093,0.2433406625,0.353349179,0.3525681589,0.3218819797,0.3003756803,0.1129515842,0.1037154946
1091,CDS + 3'UTR,24,0.1636950374,0.2402989181,0.3753112853,0.3536334608,0.3394302428,0.3015661875,0.1215634272,0.1045014289
1092,CDS + 3'UTR,24,0.3012124598,0.2418754255,0.337218374,0.3531076659,0.2713994086,0.3007826515,0.09016979486,0.104234253
1093,CDS + 3'UTR,24,0.1930976063,0.2421836752,0.3566021919,0.3528716367,0.3320485353,0.3007228427,0.1182516888,0.104221842
1094,CDS + 3'UTR,24,0.1489162594,0.239541365,0.3902028799,0.3537903316,0.3386233747,0.3018011227,0.1222574934,0.1048671773
1095,CDS + 3'UTR,24,0.3224411011,0.2413490817,0.3226897418,0.353026763,0.2659425437,0.3009861866,0.08892663568,0.1046379652
1096,CDS + 3'UTR,24,0.1933582276,0.2410891103,0.373727411,0.3532247376,0.3174731433,0.3010287909,0.1154412627,0.1046573572
1097,CDS + 3'UTR,24,0.1596391052,0.2389542218,0.3930636346,0.3538895536,0.3307366669,0.3018837051,0.1165605858,0.1052725147
1098,CDS + 3'UTR,24,0.3610637486,0.2402071917,0.3191548586,0.3535804383,0.2455706596,0.3011748755,0.07421072572,0.1050374903
1099,CDS + 3'UTR,24,0.2150938064,0.2404417736,0.3462285101,0.3532838549,0.324414283,0.3011383751,0.114263393,0.1051359929
1100,CDS + 3'UTR,24,0.1570615023,0.2375539675,0.3848362863,0.354321583,0.3337804973,0.3023397524,0.1243216991,0.1057846925
1101,CDS + 3'UTR,24,0.3463995457,0.2386160225,0.3205277026,0.3540089607,0.2555125058,0.3017312448,0.07756019384,0.105643768
1102,CDS + 3'UTR,24,0.2077866048,0.2387723614,0.3579410613,0.354105543,0.3176957667,0.3015171319,0.11657653,0.1056049593
1103,CDS + 3'UTR,24,0.154323563,0.2364029313,0.3900532722,0.3546721019,0.3324633539,0.3026602611,0.1231598035,0.1062647012
1104,CDS + 3'UTR,24,0.3721487522,0.2381000731,0.3138543665,0.3543262914,0.2375841886,0.3016274909,0.07641267776,0.1059461401
1105,CDS + 3'UTR,24,0.1818824559,0.2382342344,0.3730841875,0.3544233125,0.3259584308,0.301397576,0.1190749332,0.1059448728
1106,CDS + 3'UTR,24,0.1716088653,0.235416032,0.3693962991,0.3552258868,0.3357034028,0.3027193263,0.1232913956,0.1066387513
1107,CDS + 3'UTR,24,0.3461661041,0.2376201538,0.3190402091,0.3545089778,0.2524810135,0.3016541658,0.08231266588,0.1062166988
1108,CDS + 3'UTR,24,0.1833638996,0.2377224065,0.3790084124,0.3545799263,0.3224400878,0.3014936345,0.115187645,0.1062040284
1109,CDS + 3'UTR,24,0.1458605081,0.2350694858,0.385414511,0.3555361465,0.3435880244,0.3024970306,0.1251369566,0.106897333
1110,CDS + 3'UTR,24,0.3945537508,0.2367861178,0.3076083958,0.3549955487,0.2288472801,0.3016615545,0.06899055094,0.106556775
1111,CDS + 3'UTR,24,0.1996035576,0.2369207956,0.3724768162,0.3551238462,0.3146042228,0.3014705548,0.1133153811,0.1064848001
1112,CDS + 3'UTR,24,0.1852801293,0.2345616162,0.3514462411,0.3560943138,0.3375962079,0.3023827432,0.1256774366,0.1069613236
1113,CDS + 3'UTR,24,0.3736165762,0.2357401695,0.3195235431,0.3559476275,0.2371735424,0.3016137382,0.06968636811,0.1066984615
1114,CDS + 3'UTR,24,0.1970722675,0.2359565385,0.3740998805,0.3559208062,0.3148514032,0.3014177708,0.1139764264,0.1067048822
1115,CDS + 3'UTR,24,0.1693079025,0.2328024115,0.3718819916,0.3567572426,0.3365827501,0.3029094094,0.1222273335,0.1075309343
1116,CDS + 3'UTR,24,0.3225759864,0.2343424585,0.3292311728,0.3564505193,0.2560940981,0.3020020572,0.09209869057,0.1072049631
1117,CDS + 3'UTR,24,0.1919244528,0.2344558245,0.3719247878,0.3565609816,0.3263258636,0.3017894635,0.1098248959,0.1071937278
1118,CDS + 3'UTR,24,0.1601358503,0.2317791509,0.3863895237,0.3572869185,0.3309271634,0.3030420505,0.1225473881,0.1078918776
1119,CDS + 3'UTR,24,0.3303738534,0.232726258,0.3134856224,0.3571350947,0.2629910707,0.3023954768,0.0931494236,0.1077431673
1120,CDS + 3'UTR,24,0.1635834128,0.2330189168,0.3947981298,0.3571180552,0.3228848279,0.302156223,0.1187336668,0.1077068022
1121,CDS + 3'UTR,24,0.1631991416,0.230190414,0.3793325424,0.3578597605,0.3260219097,0.3035008207,0.1314463764,0.1084490018
1122,CDS + 3'UTR,24,0.3536292613,0.2312584806,0.3227557838,0.3576772697,0.2406437546,0.3028594106,0.0829712227,0.1082048352
1123,CDS + 3'UTR,24,0.198966071,0.231720194,0.3574577868,0.3575768586,0.3236473501,0.3025153462,0.1199287176,0.1081875973
1124,CDS + 3'UTR,24,0.146795854,0.2287110536,0.3934354782,0.3585309546,0.3286033571,0.3038431806,0.1311653107,0.1089148072
1125,CDS + 3'UTR,24,0.3525036275,0.2303024375,0.3139435947,0.3579715781,0.2498447299,0.3030527765,0.08370807022,0.1086732044
1126,CDS + 3'UTR,24,0.1881540418,0.2310378046,0.3739764392,0.3572188679,0.3219434917,0.3030258941,0.1159260496,0.1087174298
1127,CDS + 3'UTR,24,0.1412924379,0.2286626969,0.4119388163,0.3581001673,0.3218657076,0.3039508754,0.1249030456,0.1092862566
1128,CDS + 3'UTR,24,0.311730057,0.2301511261,0.3240365088,0.3577213533,0.2700949907,0.3030477704,0.09413841367,0.1090797464
1129,CDS + 3'UTR,24,0.1949551553,0.2303920041,0.3682873547,0.3576993149,0.3220702112,0.3027912078,0.114687264,0.1091174694
1130,CDS + 3'UTR,24,0.138705954,0.2274908249,0.3934869766,0.3585602846,0.3408691883,0.3041230258,0.1269378215,0.1098258603
1131,CDS + 3'UTR,24,0.3623634875,0.2290017406,0.3128269017,0.3581558354,0.2409314066,0.3032702569,0.08387821913,0.109572162
1132,CDS + 3'UTR,24,0.1974748969,0.2291887068,0.3672781885,0.3582543589,0.321932584,0.3029808022,0.1133143827,0.1095761276
1133,CDS + 3'UTR,24,0.1326163262,0.2269969656,0.399056524,0.3590643749,0.3428368866,0.3038001824,0.1254902929,0.1101384724
1134,CDS + 3'UTR,24,0.3690939844,0.2287524921,0.3039114475,0.3587968465,0.2440271825,0.3027063642,0.0829673782,0.1097442919
1135,CDS + 3'UTR,24,0.1891148835,0.2292647379,0.3734335005,0.358582703,0.3222663105,0.3023749731,0.1151852682,0.1097775808
1136,CDS + 3'UTR,24,0.1722777635,0.2266467568,0.3759453595,0.3596483648,0.3286686242,0.3033605304,0.1231082082,0.1103443417
1137,CDS + 3'UTR,24,0.321213156,0.2279692428,0.327188164,0.3591944829,0.2610891759,0.302715281,0.09050951153,0.110120986
1138,CDS + 3'UTR,24,0.2038493603,0.228175482,0.3639033139,0.358730381,0.3136641085,0.3027750503,0.1185832247,0.1103190792
1139,CDS + 3'UTR,24,0.1359107643,0.2254726063,0.3895457089,0.3594697006,0.3452329934,0.3039629858,0.1293104738,0.1110946994
1140,CDS + 3'UTR,24,0.2994681597,0.2272320738,0.3343714178,0.3591547135,0.2678056657,0.3028864251,0.09835480899,0.1107267799
1141,CDS + 3'UTR,24,0.1982216388,0.2276158879,0.3724710047,0.3589883022,0.3155280948,0.3026950432,0.1137792394,0.1107007592
1142,CDS + 3'UTR,24,0.1530966908,0.2248750152,0.3707029819,0.3601207748,0.3477280438,0.3036232052,0.1284722537,0.1113809973
1143,CDS + 3'UTR,24,0.3705132902,0.2262370568,0.3192509711,0.3598660327,0.2299970835,0.3028264726,0.08023869991,0.1110704313
1144,CDS + 3'UTR,23,0.2006842196,0.2265562631,0.37309286,0.3596619643,0.3079642951,0.3027394636,0.1182586029,0.1110423022
1145,CDS + 3'UTR,24,0.1533429772,0.2232722022,0.3652033508,0.3610619374,0.3551017344,0.3038768679,0.1263519675,0.1117889867
1146,CDS + 3'UTR,24,0.3911435604,0.2248505639,0.2977079451,0.3606192313,0.2339087874,0.3030932032,0.07723971456,0.1114369952
1147,CDS + 3'UTR,24,0.198118329,0.2250027234,0.3646218777,0.360546305,0.3205588162,0.3029655639,0.1167009473,0.1114854015
1148,CDS + 3'UTR,24,0.1426481009,0.2223837031,0.3896327019,0.3614042364,0.3370073736,0.3040616587,0.1307118237,0.1121503959
1149,CDS + 3'UTR,24,0.3426653445,0.2238262177,0.3247976601,0.36085991,0.2503088415,0.303396976,0.08222816139,0.1119168902
1150,CDS + 3'UTR,24,0.1885067672,0.2238898825,0.3783388436,0.360945636,0.3214521706,0.3031805709,0.1117022336,0.1119839041
1151,CDS + 3'UTR,24,0.1405847669,0.2204686336,0.3976345062,0.3622034587,0.3375981152,0.304495948,0.1241826043,0.1128319529
1152,CDS + 3'UTR,24,0.3095208108,0.2216585319,0.3510642946,0.3617688049,0.2518203557,0.3038809275,0.08759454638,0.1126917294
1153,CDS + 3'UTR,24,0.1831583828,0.2214942988,0.3747666776,0.3620633181,0.3201491535,0.3036940685,0.1219258085,0.1127483075
1154,CDS + 3'UTR,24,0.1413622499,0.2183333754,0.3680436611,0.3630960792,0.3561650217,0.305009095,0.1344290823,0.1135614431
1155,CDS + 3'UTR,24,0.329777956,0.2202859516,0.3293378651,0.3624888912,0.2516780198,0.3040879106,0.08920615166,0.1131372397
1156,CDS + 3'UTR,24,0.1844235212,0.2201460618,0.3753101826,0.3628016114,0.3207299411,0.3038999042,0.1195363179,0.1131524162
1157,CDS + 3'UTR,24,0.1534665227,0.2176986814,0.3778840303,0.3637977198,0.3397736847,0.3048542881,0.1288757473,0.1136493052
1158,CDS + 3'UTR,24,0.3065364659,0.2188382492,0.3356070518,0.3634630695,0.2604118586,0.304119383,0.09744458646,0.1135792925
1159,CDS + 3'UTR,24,0.1874268055,0.2189365876,0.3743540943,0.3634893596,0.3221859336,0.3040288495,0.1160331964,0.1135451983
1160,CDS + 3'UTR,24,0.173421517,0.2164622405,0.367808789,0.3644790441,0.3327498138,0.304913752,0.1260198504,0.1141449588
1161,CDS + 3'UTR,24,0.3165078461,0.218441585,0.3245653808,0.3637155242,0.2636225522,0.3040592866,0.09530419856,0.1137835987
1162,CDS + 3'UTR,24,0.195710659,0.2185021634,0.3609268665,0.3636639304,0.3208882213,0.3040590232,0.1224742606,0.1137748774
1163,CDS + 3'UTR,23,0.1153926626,0.2157582044,0.4033379257,0.3645158164,0.3477991819,0.3052226547,0.1334702373,0.1145033193
1164,CDS + 3'UTR,23,0.347448498,0.216706935,0.3138150871,0.3645550907,0.2511332631,0.3045168698,0.0876031667,0.1142211006
1165,CDS + 3'UTR,24,0.1908787638,0.2174005038,0.3613831997,0.3642794192,0.3269503415,0.3042861756,0.1207876801,0.1140338971
1166,CDS + 3'UTR,24,0.1328846812,0.2143748328,0.3966267407,0.3655772362,0.3384300768,0.3053665362,0.1320584714,0.1146813901
1167,CDS + 3'UTR,24,0.3323486745,0.2160683941,0.323338151,0.3652411651,0.2519370615,0.3044276929,0.09237612039,0.1142627425
1168,CDS + 3'UTR,24,0.1859660149,0.2167053703,0.3650162518,0.3644947316,0.3243071735,0.3044448799,0.1247105598,0.1143550122
1169,CDS + 3'UTR,24,0.1352296919,0.2143500187,0.3884995282,0.3652941801,0.3442908823,0.3054214338,0.1319798827,0.1149343617
1170,CDS + 3'UTR,24,0.3326905668,0.2156394465,0.3209932446,0.3649306729,0.2536604702,0.3046633193,0.09265571833,0.114766556
1171,CDS + 3'UTR,24,0.1786523312,0.2161446868,0.3831931651,0.3646301229,0.3162738681,0.3044475822,0.1218806729,0.1147776037
1172,CDS + 3'UTR,24,0.1258731633,0.213403137,0.4020196497,0.365570626,0.3369498253,0.3056060415,0.1351573765,0.1154201912
1173,CDS + 3'UTR,24,0.3335397243,0.2152083229,0.3351999223,0.365022881,0.2445430756,0.3047033368,0.08671725541,0.1150654543
1174,CDS + 3'UTR,24,0.1898959279,0.2156992484,0.3730714023,0.3648240373,0.312112093,0.3044568529,0.1249205992,0.1150198557
1175,CDS + 3'UTR,24,0.1130026057,0.2128471006,0.4079426825,0.3658032402,0.3447871208,0.3057096764,0.134267509,0.1156399772
1176,CDS + 3'UTR,24,0.2991571128,0.2144735878,0.3374168575,0.3654061373,0.2658531964,0.3048073582,0.09757281095,0.1153129116
1177,CDS + 3'UTR,24,0.1761382371,0.2145019408,0.3559354842,0.3655968111,0.3355182111,0.3046258807,0.1324080378,0.1152753625
1178,CDS + 3'UTR,24,0.1448336989,0.2121972114,0.3783004284,0.3667625908,0.3406054974,0.3052494623,0.1362603456,0.1157907308
1179,CDS + 3'UTR,24,0.3558512032,0.2136274124,0.3210295439,0.3663020071,0.2382894307,0.3045984123,0.08482982963,0.1154721634
1180,CDS + 3'UTR,24,0.1877666265,0.2144849882,0.3715233803,0.3658950943,0.3184699416,0.3042206813,0.1222400442,0.1153992321
1181,CDS + 3'UTR,24,0.1271297336,0.2122386766,0.4111255109,0.3669920709,0.3297654688,0.3050003417,0.131979242,0.115768906
1182,CDS + 3'UTR,24,0.3167499304,0.2134345832,0.3375616968,0.3665795755,0.2539571524,0.3044354524,0.09173125029,0.1155503836
1183,CDS + 3'UTR,24,0.1798600703,0.213840432,0.3737277985,0.3666348509,0.325502634,0.304109972,0.1209094748,0.1154147401
1184,CDS + 3'UTR,24,0.1094238758,0.2108567686,0.4258522093,0.3675931923,0.328576535,0.3055383893,0.1361474395,0.1160116443
1185,CDS + 3'UTR,24,0.3081513941,0.2125852258,0.3376677036,0.3668634228,0.2632652521,0.304855621,0.09091561288,0.1156957252
1186,CDS + 3'UTR,24,0.1837816238,0.2131998305,0.3635621965,0.3668024208,0.3254922628,0.3043824436,0.1271639019,0.1156152996
1187,CDS + 3'UTR,24,0.1366444826,0.209992513,0.3876747191,0.3679938279,0.3401685953,0.3057241987,0.1355122179,0.1162894547
1188,CDS + 3'UTR,24,0.2987650633,0.2118665914,0.335462302,0.3674057793,0.2692654729,0.3048185332,0.09650718421,0.1159090906
1189,CDS + 3'UTR,24,0.1509536952,0.2125559392,0.3922725916,0.3670279801,0.3262756169,0.3046478288,0.1304980665,0.1157682462
1190,CDS + 3'UTR,24,0.1208538413,0.2099204925,0.4082342088,0.367960678,0.3340774477,0.3056681925,0.1368344575,0.1164506304
1191,CDS + 3'UTR,24,0.2947954237,0.2116502027,0.3377045095,0.3673340481,0.2654025853,0.3048556494,0.1020975038,0.1161600932
1192,CDS + 3'UTR,24,0.1721414775,0.212315054,0.3750073016,0.3670109622,0.3226474822,0.3045760838,0.1302036792,0.1160978938
1193,CDS + 3'UTR,24,0.120742701,0.210302472,0.4021444321,0.3673403628,0.3423756659,0.3057052696,0.1347372234,0.1166518897
1194,CDS + 3'UTR,24,0.3532783687,0.2121561837,0.3255248368,0.3666228749,0.2411566526,0.3049222628,0.08004014939,0.1162986728
1195,CDS + 3'UTR,24,0.1581167132,0.2128486793,0.3968996108,0.366479468,0.3215422332,0.3045183765,0.1234414577,0.1161534704
1196,CDS + 3'UTR,24,0.1267855614,0.2104672556,0.4089198411,0.3672790181,0.3324448168,0.3055696147,0.1318498105,0.1166841048
1197,CDS + 3'UTR,24,0.2830898762,0.2119221943,0.3451527655,0.3668651111,0.2675334513,0.3048242321,0.1042238772,0.1163884559
1198,CDS + 3'UTR,24,0.1680029184,0.2127650018,0.3884927332,0.3665190659,0.3236844838,0.3044455437,0.1198198497,0.1162703825
1199,CDS + 3'UTR,24,0.1324260831,0.210606248,0.3926603794,0.3671577763,0.3337832689,0.3054319533,0.1411302686,0.1168040168
1200,CDS + 3'UTR,24,0.3219309747,0.2124188122,0.3337165415,0.3665626425,0.2545275986,0.3045755884,0.08982485533,0.1164429508
1201,CDS + 3'UTR,24,0.1680454165,0.2127482937,0.37520504,0.3663735516,0.3260008395,0.3044981612,0.1307486743,0.1163799873
1202,CDS + 3'UTR,24,0.1341125369,0.2106111192,0.3909066617,0.3671261899,0.3337342739,0.3054287104,0.1412465721,0.1168339745
1203,CDS + 3'UTR,24,0.2748645246,0.2125396841,0.3605997264,0.3665665049,0.2671845555,0.3045056883,0.09735122323,0.1163881171
1204,CDS + 3'UTR,24,0.2022813559,0.2133738479,0.3713817596,0.3662519898,0.3101478219,0.3040929735,0.1161890328,0.1162811828
1205,CDS + 3'UTR,24,0.1104499474,0.2107693795,0.4177689552,0.3669578776,0.3362735808,0.3053588208,0.1355075091,0.1169139163
1206,CDS + 3'UTR,24,0.3236389458,0.212412891,0.3470907509,0.3665376332,0.2468360215,0.3044666607,0.082434237,0.1165828101
1207,CDS + 3'UTR,24,0.1922505349,0.2133028785,0.3522241414,0.3660468761,0.3232406676,0.3042125471,0.1322846264,0.1164376936
1208,CDS + 3'UTR,24,0.1233019233,0.2110264383,0.387992382,0.3667640537,0.3482193053,0.3052682467,0.1404863745,0.1169412557
1209,CDS + 3'UTR,24,0.2981093824,0.212873099,0.339206785,0.366290018,0.2614210546,0.3043366758,0.1012628078,0.1165002019
1210,CDS + 3'UTR,24,0.1791251749,0.2135567049,0.3694429696,0.3660690647,0.3236102164,0.3040279588,0.1278216392,0.1163462662
1211,CDS + 3'UTR,24,0.1430395097,0.2111034883,0.3880671561,0.3670880556,0.3336081505,0.3049787255,0.1352852136,0.1168297249
1212,CDS + 3'UTR,24,0.3418897688,0.2127857219,0.3234585822,0.3664671361,0.2497162074,0.3043183198,0.08493543416,0.1164288157
1213,CDS + 3'UTR,24,0.1718903631,0.213441892,0.3831490278,0.3661136478,0.32311818,0.3041493835,0.1218424067,0.1162950703
1214,CDS + 3'UTR,24,0.140922159,0.2108829221,0.3822476864,0.3668222584,0.3442530632,0.305458981,0.1325770915,0.116835832
1215,CDS + 3'UTR,24,0.3192338645,0.212472011,0.3416652679,0.366356523,0.2500808537,0.3047444584,0.08902002126,0.1164270008
1216,CDS + 3'UTR,24,0.1745460033,0.2134481753,0.391199261,0.3658547733,0.3141504228,0.3044593057,0.1201042831,0.1162377403
1217,CDS + 3'UTR,24,0.1368348002,0.2112513006,0.4204505384,0.3665618174,0.3109757006,0.3055032806,0.1317389756,0.1166835962
1218,CDS + 3'UTR,24,0.3182654381,0.2134857656,0.3270566165,0.3662533984,0.2615801096,0.3041919768,0.09309783578,0.1160688542
1219,CDS + 3'UTR,24,0.2045168281,0.2142969355,0.3569926918,0.3659460966,0.3150145113,0.3038696393,0.1234759688,0.1158873242
1220,CDS + 3'UTR,24,0.1197632328,0.2114559127,0.4221295416,0.3666597322,0.3301784992,0.3052965293,0.1279287189,0.116587821
1221,CDS + 3'UTR,24,0.2938941717,0.2127862502,0.33947137,0.3663187485,0.2703369558,0.3046045227,0.09629745036,0.1162904741
1222,CDS + 3'UTR,24,0.1855645925,0.2137455812,0.3751250207,0.3657058492,0.3216896057,0.3044118563,0.1176207736,0.1161367093
1223,CDS + 3'UTR,24,0.1318202168,0.2114354702,0.3959182799,0.3664869227,0.3442704678,0.3054321745,0.1279910356,0.1166454283
1224,CDS + 3'UTR,24,0.3389607966,0.2131584305,0.3147113025,0.3660303976,0.2533428371,0.3045464164,0.09298507124,0.1162647516
1225,CDS + 3'UTR,24,0.2025113553,0.214083128,0.3603231907,0.3654907949,0.3172475398,0.3044103539,0.1199179217,0.1160157185
1226,CDS + 3'UTR,24,0.1345581561,0.2117629589,0.3930205107,0.3663771514,0.3412491977,0.305335121,0.1311721206,0.1165247648
1227,CDS + 3'UTR,23,0.3480446041,0.2135397476,0.3175779879,0.3658950184,0.2481055707,0.3044460131,0.08627182245,0.1161192179
1228,CDS + 3'UTR,23,0.1977959275,0.2137477384,0.359408766,0.3660322368,0.3233510256,0.3042213319,0.119444266,0.1159986898
1229,CDS + 3'UTR,24,0.1318296045,0.2118797204,0.3994134963,0.3665471576,0.3319379389,0.3050696513,0.1368189007,0.1165034669
1230,CDS + 3'UTR,24,0.3268835843,0.2140884046,0.3282084465,0.3657088254,0.2564487159,0.3041521361,0.08845925331,0.1160506302
1231,CDS + 3'UTR,24,0.1937728673,0.2150093312,0.3717876375,0.3652513217,0.315232873,0.3038885674,0.1192066595,0.1158507768
1232,CDS + 3'UTR,24,0.1485142559,0.2130791112,0.3774163425,0.365894809,0.3421552181,0.3047911046,0.1319142133,0.1162349719
1233,CDS + 3'UTR,24,0.3314553201,0.2152107124,0.3173676431,0.365272072,0.2575086057,0.3038382355,0.09366846085,0.1156789781
1234,CDS + 3'UTR,24,0.1967618912,0.2164023664,0.3565711081,0.3646160752,0.3238541186,0.3034653328,0.1228128895,0.1155162234
1235,CDS + 3'UTR,24,0.139264062,0.2138656193,0.3933018744,0.3653763719,0.3357770741,0.3046084682,0.1316569,0.1161495385
1236,CDS + 3'UTR,24,0.3008186221,0.2160772223,0.3421976268,0.3644276433,0.2610993385,0.3037795229,0.09588440508,0.1157156092
1237,CDS + 3'UTR,24,0.220891118,0.2169773828,0.3502004147,0.363938351,0.3094786108,0.3035648765,0.1194298789,0.1155193871
1238,CDS + 3'UTR,24,0.1338361651,0.2151992545,0.3867038786,0.3644605353,0.3393246233,0.3044402475,0.1401353329,0.1158999603
1239,CDS + 3'UTR,24,0.3324319422,0.2169929983,0.3267433941,0.3637879945,0.2536767423,0.3036434209,0.08714791387,0.1155755843
1240,CDS + 3'UTR,24,0.199780032,0.2178293809,0.3526815176,0.3634538285,0.3265556395,0.3034166193,0.1209827662,0.1153001694
1241,CDS + 3'UTR,24,0.1455338895,0.2156469686,0.3847764432,0.3640769783,0.3380664885,0.3044661505,0.1316231787,0.1158099011
1242,CDS + 3'UTR,24,0.3499958515,0.2179212973,0.316152066,0.3634751864,0.2470464557,0.30337229,0.08680567145,0.1152312254
1243,CDS + 3'UTR,24,0.1821257621,0.2188548105,0.378176719,0.363008213,0.3147819936,0.3031589001,0.1249154881,0.1149780743
1244,CDS + 3'UTR,24,0.1390910298,0.2174140047,0.3702861071,0.363174874,0.3524010479,0.3039902035,0.138221845,0.1154209159
1245,CDS + 3'UTR,24,0.3223596811,0.2185764559,0.3277636468,0.3627577685,0.2555775344,0.3034696937,0.09429918975,0.1151960801
1246,CDS + 3'UTR,24,0.2040836811,0.2197760128,0.3573661745,0.3619893339,0.3181009889,0.3032009225,0.1204491481,0.1150337292
1247,CDS + 3'UTR,24,0.1502334625,0.2176281492,0.3807123601,0.3625148993,0.3363930285,0.3042108608,0.1326610893,0.1156460896
1248,CDS + 3'UTR,24,0.3336988688,0.2196390376,0.3270933926,0.3621516954,0.2497815043,0.3031938449,0.08942625672,0.1150154217
1249,CDS + 3'UTR,24,0.1899181604,0.2205981012,0.3708232641,0.3617818877,0.319593519,0.3028476059,0.1196650267,0.1147724047
1250,CDS + 3'UTR,24,0.1364332438,0.2187279359,0.4025125206,0.3622972298,0.3297218084,0.3037564158,0.1313324124,0.1152184173
1251,CDS + 3'UTR,24,0.3132310212,0.220958485,0.3335196078,0.3616444975,0.2634414136,0.3027688781,0.08980793506,0.114628138
1252,CDS + 3'UTR,24,0.1783667654,0.2214710507,0.3737405837,0.3613491178,0.3234349191,0.3026584024,0.1244577467,0.1145214278
1253,CDS + 3'UTR,24,0.1288221329,0.2191109634,0.3918887675,0.3619064789,0.3493108749,0.3037877802,0.1299781948,0.1151947767
1254,CDS + 3'UTR,24,0.3170230389,0.2212057223,0.3358125687,0.3610050533,0.254950285,0.3029444244,0.09221410006,0.1148448
1255,CDS + 3'UTR,24,0.1910957545,0.2218202672,0.3678027093,0.3607782222,0.3219749033,0.3026686773,0.1191266701,0.114732833
1256,CDS + 3'UTR,24,0.1234071329,0.219588654,0.3939803839,0.3613338508,0.3493711948,0.3037494771,0.1332412809,0.1153280181
1257,CDS + 3'UTR,24,0.3548954427,0.221268608,0.3312619627,0.360551475,0.2306139022,0.3031293783,0.08322867751,0.1150505388
1258,CDS + 3'UTR,24,0.2097272873,0.2217966587,0.353716284,0.3599813275,0.3148185015,0.3032272942,0.1217379496,0.1149947191
1259,CDS + 3'UTR,23,0.1285693794,0.2201427841,0.3781203926,0.3600676104,0.3524406254,0.3041608978,0.1408695728,0.1156287069
1260,CDS + 3'UTR,24,0.2941936255,0.2215136052,0.3442446887,0.3597384963,0.2631094158,0.3034441646,0.09845229238,0.1153037329
1261,CDS + 3'UTR,24,0.2038762122,0.2228423823,0.3620935678,0.3588020664,0.3143521547,0.3031442501,0.1196780577,0.1152113006
1262,CDS + 3'UTR,24,0.1319410503,0.2209085744,0.4000475705,0.3593855854,0.3355826139,0.3039885238,0.1324287653,0.1157173158
1263,CDS + 3'UTR,24,0.3176968992,0.2230548358,0.3372057974,0.3586556844,0.2546419799,0.3030308994,0.09045534581,0.1152585793
1264,CDS + 3'UTR,24,0.1833996773,0.2240601661,0.3826839924,0.3580428921,0.3176915348,0.3027456248,0.1162247881,0.1151513153
1265,CDS + 3'UTR,24,0.1225378588,0.2216304401,0.4085762203,0.3588390358,0.3372466266,0.3038685871,0.1316393167,0.1156619359
1266,CDS + 3'UTR,24,0.3259247243,0.2230535541,0.324991554,0.3584581662,0.2543636262,0.3031406725,0.09472014755,0.115347606
1267,CDS + 3'UTR,23,0.1532837451,0.2237967649,0.3986521959,0.3581795707,0.3221940994,0.3028417045,0.1258699745,0.115181959
1268,CDS + 3'UTR,24,0.1493236274,0.2214128044,0.376655966,0.3588036176,0.3371310234,0.3039929215,0.1368893534,0.1157906558
1269,CDS + 3'UTR,24,0.3276484311,0.223347643,0.3252060115,0.3581028629,0.2528744042,0.3031435668,0.09427112341,0.1154059264
1270,CDS + 3'UTR,24,0.1945279688,0.2238453213,0.3716339171,0.3577582914,0.3129919469,0.303114444,0.1208461896,0.1152819428
1271,CDS + 3'UTR,24,0.1403778195,0.2215522675,0.3891834915,0.3582792908,0.3376055658,0.3042710308,0.1328331083,0.1158974106
1272,CDS + 3'UTR,24,0.3426695764,0.2226715636,0.3251883388,0.3578425296,0.2464179546,0.3038104847,0.08572417498,0.1156754215
1273,CDS + 3'UTR,24,0.216075018,0.2233289517,0.3496646881,0.3574198529,0.3125434518,0.3036006574,0.1217168495,0.1156505373
1274,CDS + 3'UTR,24,0.150338605,0.2209595814,0.3863485754,0.3582160536,0.3326074779,0.3046099316,0.1307053566,0.116214433
1275,CDS + 3'UTR,24,0.3350449502,0.2218371497,0.3210013211,0.357996073,0.2552266121,0.3041061636,0.08872711658,0.116060613
1276,CDS + 3'UTR,24,0.1987984031,0.2222174151,0.3697764575,0.3578313477,0.3152731061,0.3039375033,0.1161520407,0.1160137347
1277,CDS + 3'UTR,24,0.1408396065,0.2203520922,0.3869275153,0.358281618,0.3375631273,0.3048602283,0.134669736,0.1165060621
1278,CDS + 3'UTR,24,0.3115024269,0.2211889112,0.3346894681,0.3580961462,0.2599383593,0.3044183966,0.09386976808,0.1162965463
1279,CDS + 3'UTR,24,0.1993366927,0.2218382837,0.3659271002,0.357896889,0.3156391382,0.3042058308,0.1190970764,0.116058997
1280,CDS + 3'UTR,24,0.147337988,0.2194856633,0.3835685253,0.3584234282,0.3384900987,0.3053750094,0.130603388,0.1167159
1281,CDS + 3'UTR,24,0.349991709,0.2210370841,0.3270616829,0.3581483174,0.2384919971,0.3044723492,0.08445461839,0.1163422512
1282,CDS + 3'UTR,24,0.2087935954,0.2216842934,0.353548795,0.3578743678,0.3166630864,0.304200184,0.1209944859,0.1162411566
1283,CDS + 3'UTR,24,0.1596000642,0.2193755351,0.3739326,0.3584870573,0.3336888254,0.3053172993,0.1327785552,0.1168201097
1284,CDS + 3'UTR,24,0.2952774465,0.220711253,0.3380133212,0.3581075452,0.2685070336,0.3046676153,0.09820216894,0.1165135879
1285,CDS + 3'UTR,23,0.2064145058,0.2212024869,0.3562941849,0.358081406,0.3147718906,0.3043020671,0.1225194335,0.1164140407
1286,CDS + 3'UTR,24,0.1518098563,0.2191085942,0.3891359866,0.3586851988,0.3276310861,0.3052687077,0.131423071,0.1169374994
1287,CDS + 3'UTR,24,0.3531216085,0.2207761075,0.3231678307,0.3581564184,0.2418793887,0.3044938503,0.08183119446,0.1165736236
1288,CDS + 3'UTR,24,0.2000270039,0.2211790474,0.3584077656,0.3578776255,0.3205201924,0.3044317527,0.1210450158,0.1165115751
1289,CDS + 3'UTR,24,0.1484961659,0.2187703565,0.3804341555,0.3585950434,0.3341258466,0.3055296943,0.1369438171,0.1171049063
1290,CDS + 3'UTR,24,0.3575690985,0.2202798165,0.3172243834,0.3579723921,0.2446071953,0.3048275698,0.08059929311,0.1169202219
1291,CDS + 3'UTR,24,0.1840447634,0.220762277,0.3644367754,0.357581402,0.324770093,0.3047217987,0.1267483979,0.1169345227
1292,CDS + 3'UTR,24,0.153082788,0.218464783,0.3680474758,0.3581736475,0.340066433,0.3056890227,0.1388033479,0.1176725477
1293,CDS + 3'UTR,24,0.339471072,0.2207733672,0.3110349774,0.3574522689,0.2556497157,0.304557395,0.09384426475,0.1172169697
1294,CDS + 3'UTR,24,0.1900857538,0.221516642,0.3641012013,0.3571750272,0.3221932948,0.3041580543,0.1236197352,0.1171502778
1295,CDS + 3'UTR,24,0.1407048106,0.2194192516,0.386115551,0.3578422111,0.3365448415,0.3050271478,0.1366348267,0.1177113906
1296,CDS + 3'UTR,24,0.308942318,0.2205205016,0.3286091983,0.3574811809,0.26454252,0.3044832174,0.09790594131,0.1175151004
1297,CDS + 3'UTR,24,0.1790788621,0.2212210814,0.3748387396,0.3571356948,0.3188089728,0.304213256,0.1272733957,0.1174299675
1298,CDS + 3'UTR,24,0.1859554648,0.2183314985,0.3339592516,0.3580324464,0.3362683952,0.3055112569,0.1438168585,0.1181247986
1299,CDS + 3'UTR,24,0.3141825199,0.219343313,0.3306635618,0.3578615282,0.2576758564,0.3049730616,0.09747805446,0.1178220974
1300,CDS + 3'UTR,24,0.2260653973,0.2198553463,0.3472151458,0.3579311784,0.3061853349,0.3045867177,0.1205341294,0.1176267581
1301,CDS + 3'UTR,24,0.1391895413,0.2177679487,0.3861528933,0.3584586419,0.3378788531,0.3055827839,0.1367786676,0.118190626
1302,CDS + 3'UTR,24,0.3572655022,0.2192567175,0.3167329431,0.3580614436,0.2450796515,0.3048083367,0.08092185855,0.1178735025
1303,CDS + 3'UTR,24,0.2122466415,0.2198241403,0.3468948901,0.3575972565,0.3214485049,0.3046692843,0.1194099113,0.1179093191
1304,CDS + 3'UTR,24,0.1445827186,0.2174998397,0.3784027994,0.3582263645,0.343179822,0.305730986,0.1338347197,0.1185428095
1305,CDS + 3'UTR,24,0.3163604736,0.2190848993,0.3298536241,0.3576693501,0.2590143681,0.3049366171,0.0947715342,0.1183091339
1306,CDS + 3'UTR,24,0.1940150261,0.2198535278,0.3707328737,0.3572290502,0.3173317611,0.3046872167,0.1179203615,0.1182302054
1307,CDS + 3'UTR,24,0.1573277563,0.2174937018,0.3675017357,0.3582108874,0.3402029276,0.3055640543,0.1349675655,0.1187313559
1308,CDS + 3'UTR,24,0.3525830209,0.2193452057,0.3033483922,0.357528843,0.2554026544,0.3047488889,0.08866591007,0.1183770621
1309,CDS + 3'UTR,24,0.1716438681,0.2196243252,0.3718477786,0.3574542452,0.3296081126,0.304610852,0.126900211,0.1183105782
1310,CDS + 3'UTR,24,0.143439278,0.217190295,0.3698883951,0.358219919,0.3489756584,0.3057047823,0.1376966834,0.118885004
1311,CDS + 3'UTR,24,0.2833165526,0.2185414755,0.3368467391,0.3577736672,0.2783891857,0.3050370893,0.1014475301,0.1186477673
1312,CDS + 3'UTR,24,0.2011053115,0.2190041228,0.3436022103,0.3575389132,0.3253690302,0.3048511395,0.1299234778,0.1186058241
1313,CDS + 3'UTR,24,0.1419056952,0.216165273,0.3810636997,0.3584088489,0.3382505476,0.3061446957,0.138780117,0.1192811818
1314,CDS + 3'UTR,24,0.2669673562,0.2176610827,0.3389726579,0.3580433965,0.2835526764,0.3053512268,0.1105072871,0.1189442934
1315,CDS + 3'UTR,24,0.1696852893,0.2177347989,0.3801238537,0.3582559556,0.3222842515,0.3051614668,0.1279066354,0.1188477769
1316,CDS + 3'UTR,24,0.1515927911,0.215379231,0.3782192469,0.3588503405,0.3349173367,0.306195607,0.1352705956,0.1195748194
1317,CDS + 3'UTR,24,0.2878366411,0.2166590859,0.3353626728,0.3584610939,0.2741320729,0.3055170063,0.1026686132,0.1193628121
1318,CDS + 3'UTR,24,0.1857859641,0.2175121798,0.3707633018,0.3581314564,0.3223193586,0.3051418606,0.1211313903,0.1192145023
1319,CDS + 3'UTR,24,0.1442223042,0.2151643856,0.368866533,0.3587480612,0.3472110331,0.3062449753,0.1397001594,0.1198425767
1320,CDS + 3'UTR,24,0.3238936961,0.2169685938,0.3306726515,0.3582121909,0.2543428242,0.3054002183,0.09109085798,0.1194189959
1321,CDS + 3'UTR,24,0.1973106414,0.2171060727,0.362860471,0.3582636923,0.3162932694,0.305267247,0.1235356107,0.1193629873
1322,CDS + 3'UTR,24,0.1652951837,0.2143395907,0.3651672304,0.3589116901,0.3364156783,0.3066176359,0.1331219226,0.1201310823
1323,CDS + 3'UTR,24,0.288983196,0.2153093372,0.347815752,0.3587374538,0.2628072798,0.3060123954,0.1003937423,0.1199408127
1324,CDS + 3'UTR,24,0.178389743,0.2152405401,0.3681949675,0.3588610295,0.3231571913,0.3059705012,0.1302580684,0.1199279282
1325,CDS + 3'UTR,24,0.1548482627,0.2132388487,0.3760670722,0.3594358467,0.3329087794,0.30679929,0.1361758858,0.1205260145
1326,CDS + 3'UTR,24,0.3374847472,0.2145528783,0.3150637448,0.3591317173,0.2561123967,0.3061568312,0.09133908153,0.1201585728
1327,CDS + 3'UTR,24,0.1824686527,0.2148945511,0.3584089279,0.3588724229,0.3314252198,0.3061156563,0.1276972145,0.120117369
1328,CDS + 3'UTR,24,0.1410035938,0.2121821149,0.3844868243,0.3594707247,0.3376168311,0.3073803773,0.1368927509,0.1209667822
1329,CDS + 3'UTR,23,0.3106749654,0.213409311,0.3210111558,0.3592266832,0.263423562,0.3066576725,0.104890272,0.1207063328
1330,CDS + 3'UTR,23,0.1750300825,0.213829852,0.3712333143,0.3592175208,0.3212601244,0.3064587103,0.1324764788,0.1204939174
1331,CDS + 3'UTR,23,0.129431501,0.2109129364,0.3808992505,0.3601860419,0.340819329,0.3076419272,0.1488499343,0.1212590957
1332,CDS + 3'UTR,23,0.3630535007,0.2124779075,0.3160302937,0.3598005969,0.2329047024,0.3068202257,0.08801151067,0.1209012708
1333,CDS + 3'UTR,23,0.188284114,0.2124561021,0.3697094321,0.3600010861,0.3173636198,0.3066477627,0.1246428415,0.1208950499
1334,CDS + 3'UTR,23,0.1492318064,0.2098479668,0.3891872764,0.3608287957,0.324477762,0.3077448435,0.1371031255,0.121578395
1335,CDS + 3'UTR,23,0.2791957557,0.2115252718,0.3389202952,0.3602735981,0.2784604728,0.3069239464,0.1034234539,0.1212771846
1336,CDS + 3'UTR,23,0.179453522,0.212099928,0.3663415015,0.3599980596,0.3277742863,0.3067564078,0.1264306456,0.1211456053
1337,CDS + 3'UTR,23,0.1237288043,0.2099873057,0.4030020833,0.3606644429,0.3344539702,0.3076703001,0.1388151646,0.1216779518
1338,CDS + 3'UTR,23,0.2906724513,0.212023804,0.3400428295,0.3599374797,0.2717628777,0.3068008199,0.09752185643,0.1212378971
1339,CDS + 3'UTR,23,0.1695320457,0.2122282157,0.3836924136,0.3601657696,0.3215331137,0.3065792553,0.125242427,0.1210267605
1340,CDS + 3'UTR,23,0.1272018105,0.2097882845,0.3864417672,0.360829901,0.3427947164,0.3077526491,0.1435617208,0.121629166
1341,CDS + 3'UTR,23,0.3229777217,0.211098176,0.3303177059,0.360539164,0.2523963749,0.3070078116,0.0943081826,0.1213548492
1342,CDS + 3'UTR,23,0.1773348749,0.2115473238,0.3629125953,0.3601684701,0.3244584203,0.3069536656,0.1352940947,0.1213305413
1343,CDS + 3'UTR,23,0.1317528486,0.2085003613,0.3875344396,0.3613684583,0.3395781219,0.3080639822,0.141134575,0.1220671997
1344,CDS + 3'UTR,23,0.3102044463,0.2100777221,0.3381228447,0.3612561721,0.2541420162,0.3070268586,0.09753073752,0.1216392495
1345,CDS + 3'UTR,23,0.1840281337,0.2105340085,0.3733522296,0.3611134704,0.3172945976,0.3067185052,0.125325039,0.1216340179
1346,CDS + 3'UTR,23,0.1371386498,0.2084466991,0.4035385251,0.3614517901,0.3245106339,0.3078364108,0.1348121911,0.122265102
1347,CDS + 3'UTR,23,0.3014040589,0.2106426504,0.3440886438,0.3606989924,0.2569808662,0.3067725634,0.09752646834,0.1218857951
1348,CDS + 3'UTR,23,0.1716531813,0.2109299534,0.3706881404,0.3606496546,0.3260880709,0.3065947676,0.1315706372,0.1218256265
1349,CDS + 3'UTR,23,0.132926017,0.2081286921,0.3864599168,0.3617301613,0.3403888345,0.3076390309,0.1402251869,0.1225021179
1350,CDS + 3'UTR,23,0.3026224077,0.2100942587,0.3359337747,0.3609301992,0.2595764995,0.3068042351,0.1018672585,0.12217131
1351,CDS + 3'UTR,23,0.1773896068,0.210635296,0.3704031706,0.3606781755,0.3227295876,0.3065388,0.1294776499,0.1221477317
1352,CDS + 3'UTR,23,0.1155615896,0.2086911702,0.3947831988,0.3614591766,0.349902451,0.3072108964,0.1397527903,0.1226387602
1353,CDS + 3'UTR,23,0.3357397914,0.2098774734,0.3204284906,0.361377785,0.2490659356,0.3064445486,0.09476577491,0.1223001962
1354,CDS + 3'UTR,23,0.1562359035,0.2102817412,0.4033533037,0.361208554,0.3174266815,0.306298306,0.1229840368,0.1222114016
1355,CDS + 3'UTR,23,0.1465995163,0.2084489149,0.3685521185,0.3617125068,0.3379578292,0.3071381396,0.146890521,0.1227004418
1356,CDS + 3'UTR,23,0.3011868,0.2104063629,0.3386367261,0.36099778,0.2609850466,0.3063163007,0.09919145703,0.1222795584
1357,CDS + 3'UTR,23,0.2090871185,0.2111108282,0.3605565131,0.360644713,0.3075514734,0.306106372,0.1228049546,0.1221380891
1358,CDS + 3'UTR,23,0.1236788929,0.2089895073,0.3840178549,0.3615168903,0.348187536,0.3067943173,0.1441157162,0.1226992872
1359,CDS + 3'UTR,23,0.3436733484,0.2108012678,0.3230574727,0.360861307,0.2480585724,0.3059714487,0.08521061391,0.1223659781
1360,CDS + 3'UTR,23,0.1583362967,0.2114648227,0.3876886368,0.3607101157,0.3278523982,0.3056164561,0.1261226982,0.1222086069
1361,CDS + 3'UTR,23,0.1286731511,0.2088748829,0.3789015114,0.3614773527,0.3465231061,0.3067682719,0.1459022164,0.1228794939
1362,CDS + 3'UTR,23,0.2863733172,0.210220801,0.3396098912,0.3612183388,0.2682438493,0.3059954816,0.10577292,0.1225653797
1363,CDS + 3'UTR,23,0.1540962905,0.2102890567,0.3838186562,0.3612623569,0.330337286,0.305895607,0.1317477971,0.1225529803
1364,CDS + 3'UTR,23,0.1351421326,0.2079568905,0.383998692,0.361727187,0.3348101377,0.3070662981,0.1460490674,0.1232496258
1365,CDS + 3'UTR,23,0.3115368783,0.2096697449,0.3319638371,0.3612030305,0.2633751929,0.3062233338,0.09312409908,0.1229038932
1366,CDS + 3'UTR,23,0.1791436821,0.2099243269,0.3683924377,0.3611637775,0.324337095,0.306052517,0.1281267703,0.1228593807
1367,CDS + 3'UTR,23,0.136126712,0.2069453548,0.3710319698,0.3623074587,0.3430570662,0.3071591856,0.149784252,0.1235880037
1368,CDS + 3'UTR,23,0.2982026935,0.2088995307,0.338884443,0.3618144892,0.2627038062,0.3061392184,0.1002090573,0.1231467649
1369,CDS + 3'UTR,23,0.1821394414,0.2094379249,0.3797011673,0.3615253199,0.3182088733,0.3059361357,0.1199505851,0.1231006227
1370,CDS + 3'UTR,23,0.1242158487,0.2073952439,0.3947060704,0.3620840233,0.3392645419,0.3068433888,0.1418135613,0.1236773476
1371,CDS + 3'UTR,23,0.3092424572,0.2090113944,0.3336011767,0.3614518765,0.259033978,0.3061431136,0.09812240303,0.1233936191
1372,CDS + 3'UTR,23,0.1513383538,0.2099412116,0.3840866089,0.3609871119,0.3262693882,0.3058335718,0.138305679,0.1232381083
1373,CDS + 3'UTR,23,0.1308202446,0.2070998979,0.3772517443,0.3616312392,0.3434161842,0.3073038038,0.1485118717,0.1239650627
1374,CDS + 3'UTR,23,0.324270159,0.2085683676,0.3196853995,0.3612261239,0.256521523,0.3065084055,0.09952290356,0.1236971065
1375,CDS + 3'UTR,23,0.1866773069,0.2091489389,0.3640724719,0.360947578,0.3231417537,0.3063518286,0.1261084825,0.1235516589
1376,CDS + 3'UTR,22,0.1399325281,0.207315022,0.3819198608,0.3615386289,0.3376539052,0.3070666585,0.1404936612,0.1240796951
1377,CDS + 3'UTR,23,0.3419987261,0.2092340506,0.3166816831,0.3610345613,0.249250561,0.3060770299,0.09206902236,0.123654363
1378,CDS + 3'UTR,23,0.2023084015,0.2103144469,0.3522224426,0.3603901204,0.3185432255,0.3057724766,0.1269259304,0.1235229599
1379,CDS + 3'UTR,23,0.1189880297,0.2081639308,0.3837940693,0.3610339772,0.3515473604,0.3066009045,0.1456704885,0.1242011913
1380,CDS + 3'UTR,23,0.3308567107,0.2099468479,0.3239561915,0.3602061585,0.2465983331,0.3059054054,0.09858878702,0.1239415922
1381,CDS + 3'UTR,23,0.175121367,0.21073371,0.3564973772,0.3599156879,0.3335471749,0.3056046169,0.1348340362,0.1237459886
1382,CDS + 3'UTR,23,0.1135085076,0.2083027739,0.4127320051,0.3605047416,0.3339049816,0.3067691546,0.1398545355,0.1244233332
1383,CDS + 3'UTR,22,0.3384355009,0.2104358759,0.3379119933,0.3598216478,0.2384786159,0.3057978736,0.08517388999,0.1239446058
1384,CDS + 3'UTR,23,0.1810856313,0.2110802036,0.3669866621,0.359742441,0.3185115457,0.3054884827,0.1334161907,0.123688876
1385,CDS + 3'UTR,23,0.1493757218,0.2088095587,0.3569191992,0.3603269864,0.3484468162,0.30659313,0.1452582628,0.1242703277
1386,CDS + 3'UTR,23,0.3696911335,0.2106350387,0.3105090559,0.3595372777,0.2322239727,0.3058622146,0.08757581562,0.1239654714
1387,CDS + 3'UTR,23,0.1803119928,0.2112272914,0.3635547161,0.3589469384,0.3259792626,0.3059160063,0.1301540732,0.1239097664
1388,CDS + 3'UTR,23,0.1284821182,0.2091540413,0.3897889256,0.3595202569,0.3389437199,0.3068418229,0.1427852213,0.1244838811
1389,CDS + 3'UTR,23,0.3288891912,0.2112771666,0.3078508079,0.3588718053,0.262824446,0.3058551608,0.1004355773,0.123995869
1390,CDS + 3'UTR,22,0.1867222637,0.2118681734,0.3497264981,0.3587227169,0.3277408481,0.3055730565,0.1358104199,0.1238360555
1391,CDS + 3'UTR,23,0.1277864873,0.2096251368,0.3993268311,0.3594267499,0.3321568966,0.3065925432,0.1407298148,0.1243555727
1392,CDS + 3'UTR,23,0.2960095704,0.2115883582,0.3370908797,0.3590879366,0.2640612125,0.3055343619,0.1028383523,0.1237893465
1393,CDS + 3'UTR,23,0.1742471159,0.2121356227,0.3675252199,0.3591158513,0.3265511394,0.3051714456,0.1316765547,0.1235770831
1394,CDS + 3'UTR,23,0.1203412563,0.2091906186,0.379288882,0.3603380032,0.3507393599,0.3063069006,0.1496305019,0.1241644799
1395,CDS + 3'UTR,22,0.3262811303,0.2105243161,0.322945714,0.3595875103,0.2565371394,0.3058381645,0.09423596412,0.1240500122
1396,CDS + 3'UTR,23,0.2079500109,0.2109898642,0.3499738872,0.3596156262,0.3181230426,0.3055797102,0.1239530519,0.1238148028
1397,CDS + 3'UTR,23,0.1181309745,0.208921106,0.4051368535,0.3600021861,0.3291676939,0.3066002963,0.1475644559,0.1244764147
1398,CDS + 3'UTR,23,0.3307268023,0.2105616786,0.3183166385,0.3594987158,0.2564898729,0.3058294706,0.0944666639,0.1241101378
1399,CDS + 3'UTR,23,0.1973066926,0.2111527884,0.3567712307,0.3594435222,0.3188116252,0.3055427257,0.1271104664,0.1238609664
1400,CDS + 3'UTR,23,0.1166985109,0.2082272124,0.3920516074,0.3603522565,0.3464880884,0.3067865254,0.1447618157,0.1246340086
1401,CDS + 3'UTR,23,0.3049840927,0.2100534698,0.3421393633,0.3597833723,0.2544700503,0.305923369,0.09840647876,0.1242397917
1402,CDS + 3'UTR,23,0.1707556397,0.2103174277,0.3686886728,0.3599192988,0.3284257054,0.3056960469,0.1321299672,0.1240672291
1403,CDS + 3'UTR,23,0.1024098992,0.208373872,0.385002166,0.3606316671,0.356462568,0.3064546814,0.1561253816,0.1245397823
1404,CDS + 3'UTR,23,0.3154180944,0.2101475436,0.3262624443,0.3600291133,0.2557200491,0.3056186916,0.1025994644,0.1242046544
1405,CDS + 3'UTR,23,0.1752148271,0.2104366688,0.3729268312,0.3600506477,0.3192434311,0.305480825,0.1326148808,0.1240318611
1406,CDS + 3'UTR,23,0.09916697443,0.2082399974,0.4065582454,0.3605549164,0.3446458876,0.30643628,0.1496289223,0.1247688086
1407,CDS + 3'UTR,23,0.3388027251,0.2099690054,0.3189713657,0.3599738903,0.2498278469,0.3056724085,0.0923981145,0.1243846982
1408,CDS + 3'UTR,22,0.184075132,0.2103836933,0.3613532782,0.3601781018,0.3213702142,0.3053728705,0.1332013756,0.124065337
1409,CDS + 3'UTR,22,0.1472604871,0.207971437,0.3657074273,0.361081611,0.3360038102,0.3063305086,0.1510282606,0.124616446
1410,CDS + 3'UTR,22,0.3043221235,0.2098495862,0.3206615746,0.3604898542,0.2652381063,0.3054433474,0.1097781956,0.1242172145
1411,CDS + 3'UTR,22,0.2038168758,0.2105513716,0.3437180817,0.36024036,0.3160559833,0.3050750477,0.1364090741,0.124133223
1412,CDS + 3'UTR,22,0.1357484013,0.208071789,0.3675604761,0.360923839,0.3505232632,0.3062429866,0.1461678594,0.1247613872
1413,CDS + 3'UTR,22,0.3057616949,0.2103654392,0.3373002112,0.3602032967,0.2537317574,0.3052612474,0.1032063514,0.1241700183
1414,CDS + 3'UTR,22,0.1956775039,0.211031206,0.3669036031,0.3601577543,0.3119516075,0.3049319891,0.1254673153,0.1238790519
1415,CDS + 3'UTR,22,0.1324824095,0.2082600682,0.3862043619,0.3612035461,0.3356468678,0.3060894234,0.145666346,0.1244469636
1416,CDS + 3'UTR,22,0.3329758048,0.210207742,0.3260160983,0.3607920595,0.2486039996,0.3050915284,0.09240408242,0.1239086716
1417,CDS + 3'UTR,22,0.2101605088,0.2109018876,0.3514468074,0.3604915161,0.3100897074,0.3048179073,0.1283029169,0.1237886909
1418,CDS + 3'UTR,22,0.1186311692,0.2079865099,0.3915513754,0.3614852782,0.3380371034,0.3060495453,0.1517803669,0.1244786688
1419,CDS + 3'UTR,22,0.3121654093,0.2092825319,0.3174669147,0.3611609805,0.2658931911,0.3053797523,0.1044744998,0.1241767368
1420,CDS + 3'UTR,22,0.1901507825,0.2098451097,0.3632041216,0.3611494023,0.3187316358,0.3050240414,0.1279134303,0.1239814489
1421,CDS + 3'UTR,22,0.1285028309,0.2069729758,0.3774420023,0.3622074429,0.3455593884,0.3062459467,0.1484957486,0.1245736364
1422,CDS + 3'UTR,22,0.3479830325,0.2090691416,0.30826509,0.3618563533,0.2467559427,0.3050501442,0.09699590504,0.1240243632
1423,CDS + 3'UTR,22,0.1832990646,0.2097797139,0.3811978996,0.3613903888,0.3148268461,0.3049308585,0.1206761897,0.1238990406
1424,CDS + 3'UTR,22,0.1285528541,0.2069990325,0.3848864734,0.3621765222,0.3425137997,0.3062218767,0.1440468729,0.1246025708
1425,CDS + 3'UTR,22,0.3300665319,0.2088432048,0.3101755381,0.3616642293,0.2588213682,0.305394331,0.1009365395,0.1240982365
1426,CDS + 3'UTR,22,0.1845188737,0.2093532254,0.3563113809,0.3617977697,0.3288139701,0.3049683448,0.1303557903,0.1238806617
1427,CDS + 3'UTR,22,0.1355440468,0.2064501229,0.3899541199,0.362470353,0.3310461938,0.3064299805,0.1434556395,0.1246495455
1428,CDS + 3'UTR,21,0.3415032029,0.2071375606,0.3188120127,0.3623062156,0.2471551001,0.3060341222,0.0925296694,0.1245221028
1429,CDS + 3'UTR,21,0.180206567,0.2081759413,0.3745328486,0.3617072158,0.3178204894,0.30576728,0.1274401098,0.1243495649
1430,CDS + 3'UTR,21,0.123179473,0.2057207738,0.3922564089,0.3628600352,0.3411354423,0.3065454168,0.1434286386,0.1248737752
1431,CDS + 3'UTR,21,0.3344473243,0.206529279,0.3432981074,0.3627443407,0.2380750775,0.3060778512,0.08417955041,0.1246485295
1432,CDS + 3'UTR,21,0.1593427509,0.207096354,0.3970163763,0.3622558892,0.3208691478,0.3060862014,0.1227717176,0.1245615555
1433,CDS + 3'UTR,21,0.1001394615,0.2048624895,0.4182006419,0.3628272552,0.3399023414,0.3071720051,0.1417575181,0.1251382502
1434,CDS + 3'UTR,21,0.2629317045,0.2069126534,0.3433138728,0.3622934911,0.2799277902,0.3062025154,0.113826625,0.1245913395
1435,CDS + 3'UTR,21,0.1838433594,0.2075103874,0.3708013892,0.3621442419,0.3172814846,0.3059196388,0.1280737668,0.1244257311
1436,CDS + 3'UTR,21,0.1356861442,0.204797384,0.3695615232,0.3630898461,0.3426319361,0.30707314,0.1521204114,0.1250396298
1437,CDS + 3'UTR,21,0.3403329253,0.2063204609,0.320278883,0.362613621,0.2458854169,0.3063460877,0.09350279719,0.1247198309
1438,CDS + 3'UTR,20,0.1709676832,0.2070934421,0.3796023726,0.3620799471,0.3252479434,0.3062800827,0.1241820082,0.1245465289
1439,CDS + 3'UTR,21,0.1096272618,0.2042085944,0.3957562149,0.3630284086,0.3475625515,0.3075390523,0.1470539868,0.1252239451
1440,CDS + 3'UTR,21,0.3044368923,0.205643517,0.3421778977,0.3626557413,0.2587998807,0.3067481546,0.0945853442,0.1249525869
1441,CDS + 3'UTR,21,0.1497897804,0.2063170013,0.3897756338,0.3625129793,0.3283373415,0.3063881991,0.1320972145,0.1247818198
1442,CDS + 3'UTR,20,0.1308888644,0.2040255551,0.3965993524,0.3631636251,0.3289346099,0.3074166333,0.1435771734,0.1253941858
1443,CDS + 3'UTR,21,0.29599002,0.2055547587,0.3356143534,0.362540422,0.2634581029,0.3067971574,0.1049375683,0.1251076617
1444,CDS + 3'UTR,21,0.1582721472,0.2063918519,0.3857214451,0.3624413118,0.3237808049,0.3063351838,0.1322256029,0.124831652
1445,CDS + 3'UTR,21,0.1358031631,0.2040920592,0.3723053336,0.3633265223,0.3398115933,0.3072281169,0.1520798951,0.1253532998
1446,CDS + 3'UTR,21,0.3174643219,0.2056473277,0.3219103515,0.362721739,0.2632273734,0.3066518525,0.09739793837,0.124979079
1447,CDS + 3'UTR,21,0.1693017483,0.2063425564,0.3873688877,0.3622407857,0.319094032,0.306538084,0.1242353544,0.1248785716
1448,CDS + 3'UTR,21,0.1052221879,0.2035850003,0.4111651778,0.3632509328,0.3393148482,0.3075649448,0.1442977786,0.1255991193
1449,CDS + 3'UTR,21,0.3323913813,0.2053825641,0.3323606253,0.3628733147,0.2472359836,0.3066064062,0.08801206946,0.1251377121
1450,CDS + 3'UTR,21,0.1803586781,0.2059138376,0.3747465312,0.3629395943,0.3098005652,0.3063638685,0.1350942403,0.1247826968
1451,CDS + 3'UTR,21,0.110875845,0.2036883898,0.3882794976,0.3639177795,0.3524690866,0.3071666973,0.148375541,0.1252271307
1452,CDS + 3'UTR,21,0.3348303735,0.2052272102,0.3264432251,0.3637576364,0.2477302551,0.3062303349,0.0909961611,0.1247848156
1453,CDS + 3'UTR,21,0.1840815842,0.205724181,0.3736083508,0.3638096005,0.3170755208,0.3058830902,0.1252345592,0.1245831254
1454,CDS + 3'UTR,21,0.1025791392,0.2033249168,0.4033487439,0.3644561894,0.3491162658,0.3070649326,0.1449558437,0.1251539583
1455,CDS + 3'UTR,21,0.3424912095,0.2043640707,0.3311535418,0.3639334951,0.2433101535,0.3066760611,0.08304511756,0.1250263701
1456,CDS + 3'UTR,21,0.1954641789,0.2052948102,0.3578763902,0.3637235094,0.3157642186,0.3062287301,0.1308952123,0.1247529472
1457,CDS + 3'UTR,21,0.1087685078,0.2025994929,0.3961826563,0.3645568177,0.3477815986,0.3073250454,0.1472672522,0.1255186408
1458,CDS + 3'UTR,21,0.3059901595,0.2035832805,0.3262786269,0.3643880319,0.2649597824,0.3068428893,0.1027713716,0.1251857962
1459,CDS + 3'UTR,21,0.1639942527,0.2039165511,0.3828678131,0.3644969512,0.3230904937,0.3066695269,0.1300474554,0.1249169689
1460,CDS + 3'UTR,21,0.1010860056,0.2015328408,0.4085994363,0.3652032621,0.3443507552,0.307727395,0.145963788,0.1255364997
1461,CDS + 3'UTR,21,0.3428146243,0.2030915159,0.3284102082,0.3647834778,0.2378829718,0.3069587894,0.0908921808,0.1251662148
1462,CDS + 3'UTR,21,0.1703542918,0.2034821351,0.375454843,0.3648291651,0.324362129,0.306692332,0.1298287213,0.124996366
1463,CDS + 3'UTR,21,0.1159809902,0.2007195386,0.4008026719,0.365684421,0.3417600691,0.3078806961,0.141456306,0.1257153429
1464,CDS + 3'UTR,21,0.3286194205,0.2013126588,0.3260032237,0.3652482651,0.2523078918,0.3076238377,0.09306944907,0.1258152375
1465,CDS + 3'UTR,21,0.1901773661,0.2022689902,0.3676024377,0.3646871634,0.3143679202,0.3072829647,0.127852276,0.1257608807
1466,CDS + 3'UTR,21,0.1374429315,0.1998465811,0.3643157184,0.3655660044,0.34915483,0.3082691541,0.1490865201,0.1263182598
1467,CDS + 3'UTR,21,0.235307008,0.2010441014,0.3504237235,0.3655105546,0.2943105996,0.3074497132,0.1199586615,0.1259956307
1468,CDS + 3'UTR,20,0.2115525752,0.2016183858,0.341868937,0.3651423171,0.3175963461,0.3073650369,0.1289821863,0.1258742602
1469,CDS + 3'UTR,21,0.1324757934,0.198917839,0.4000763595,0.3658444889,0.325075388,0.3086515645,0.1423723996,0.1265861082
1470,CDS + 3'UTR,21,0.2514026761,0.2000776996,0.3404709399,0.3653801717,0.2903355956,0.3081699962,0.1177907661,0.1263721335
1471,CDS + 3'UTR,21,0.1731524915,0.2007617822,0.3602507114,0.3650693376,0.3328249156,0.3078265848,0.1337718964,0.1263422965
1472,CDS + 3'UTR,21,0.1173004061,0.1982886249,0.3828001618,0.3655414909,0.3509255052,0.3089592664,0.1489739269,0.1272106183
1473,CDS + 3'UTR,21,0.3382602334,0.2003720656,0.3248240948,0.3647957381,0.2489919662,0.3080190893,0.08792369813,0.1268131071
1474,CDS + 3'UTR,21,0.1681599766,0.2015078361,0.3673489392,0.3640373215,0.3281092346,0.3077867627,0.1363818347,0.1266680804
1475,CDS + 3'UTR,21,0.1092408523,0.1998386093,0.3985940516,0.3645679664,0.3488172293,0.3085588977,0.1433478594,0.1270345272
1476,CDS + 3'UTR,21,0.3297961652,0.2009650207,0.3118758798,0.3643045828,0.2599588633,0.3079909932,0.09836913645,0.1267394036
1477,CDS + 3'UTR,21,0.1799694747,0.2012682836,0.3624429405,0.3642871324,0.3238872886,0.3078244228,0.1337002963,0.1266201604
1478,CDS + 3'UTR,21,0.09993898124,0.1985073073,0.3941935599,0.3650971506,0.3572074473,0.3091018578,0.1486599594,0.1272936831
1479,CDS + 3'UTR,21,0.3121004999,0.2003004599,0.3269578516,0.3642404135,0.2555398047,0.30838784,0.105401814,0.1270712857
1480,CDS + 3'UTR,21,0.1705772579,0.2012393184,0.3806306422,0.3638766013,0.317691654,0.3080284694,0.131100446,0.1268556097
1481,CDS + 3'UTR,21,0.1216683984,0.1985724706,0.3941910267,0.3648759007,0.3367447853,0.3090484919,0.1473957598,0.1275031351
1482,CDS + 3'UTR,21,0.293091923,0.2004399836,0.3188324273,0.3642252289,0.2788676322,0.308218105,0.1092080399,0.1271166811
1483,CDS + 3'UTR,21,0.1693773568,0.2009844173,0.3770733476,0.363846828,0.3195046782,0.3081592115,0.1340446025,0.1270095415
1484,CDS + 3'UTR,21,0.131434679,0.1986678744,0.397079289,0.36459844,0.327154696,0.3090990426,0.1443312913,0.1276346408
1485,CDS + 3'UTR,21,0.2996363044,0.1998693617,0.3245441616,0.3643082958,0.2731422782,0.3084770953,0.1026772112,0.1273452453
1486,CDS + 3'UTR,21,0.1547852755,0.2001106754,0.3680819869,0.3645749874,0.3355444074,0.3082584416,0.1415883303,0.1270558937
1487,CDS + 3'UTR,21,0.1181982383,0.197556984,0.3997831345,0.3653474428,0.3319767118,0.3092906592,0.1500419378,0.1278049124
1488,CDS + 3'UTR,21,0.3278802335,0.1991626545,0.3311438262,0.3648329582,0.2446871251,0.3085038735,0.09628879279,0.1275005121
1489,CDS + 3'UTR,21,0.1897623688,0.1998143123,0.3710097969,0.3644343004,0.3166007996,0.3083194843,0.1226270422,0.1274319014
1490,CDS + 3'UTR,21,0.126286298,0.1967997153,0.3989163935,0.3656143833,0.3294644058,0.3094608096,0.1453329027,0.1281250898
1491,CDS + 3'UTR,21,0.3269225061,0.1978608486,0.3309066296,0.3654224314,0.2411469966,0.3089981897,0.1010238677,0.1277185287
1492,CDS + 3'UTR,21,0.1755060703,0.1984432411,0.371717602,0.3654281281,0.3227436841,0.3086770551,0.1300326437,0.1274515748
1493,CDS + 3'UTR,21,0.1138205528,0.1958274172,0.3890273273,0.3662603024,0.3482791483,0.3097977346,0.1488729864,0.1281145448
1494,CDS + 3'UTR,21,0.2788098156,0.1968537559,0.3250880539,0.3660596631,0.280841887,0.3092358461,0.1152602583,0.1278507338
1495,CDS + 3'UTR,21,0.2069415748,0.1974823248,0.369405508,0.3658993199,0.299860388,0.3089610202,0.1237925142,0.127657334
1496,CDS + 3'UTR,21,0.1173504218,0.1946248452,0.3926807642,0.3667468838,0.3363092244,0.3101639612,0.1536595672,0.1284643086
1497,CDS + 3'UTR,21,0.2888635099,0.1956669838,0.3379439414,0.3665821377,0.2715172172,0.3096259551,0.1016753539,0.1281249225
1498,CDS + 3'UTR,21,0.1452928185,0.1965455749,0.4002649188,0.3663732566,0.3241681159,0.3092278467,0.1302741766,0.1278533213
1499,CDS + 3'UTR,21,0.1214685887,0.19406024,0.3739717901,0.3671606395,0.3505226374,0.3102905398,0.1540369689,0.1284885805
1500,CDS + 3'UTR,21,0.3148447871,0.1956953106,0.3296213746,0.3665436663,0.2572431862,0.3095544664,0.09829063714,0.1282065563
1501,CDS + 3'UTR,21,0.1597523689,0.1963916001,0.3810969889,0.3662248362,0.3242428005,0.3093454229,0.1349078417,0.1280381406
1502,CDS + 3'UTR,21,0.1269753128,0.1933713612,0.3766855597,0.3670541652,0.341825068,0.3108378967,0.1545140594,0.1287365766
1503,CDS + 3'UTR,21,0.2307486832,0.1948007858,0.3463054299,0.3667542644,0.2942781746,0.310029473,0.1286677569,0.1284154768
1504,CDS + 3'UTR,21,0.2050593644,0.1954288846,0.3399983346,0.3664659962,0.3152439594,0.3098461015,0.1396983266,0.1282590178
1505,CDS + 3'UTR,21,0.1362738013,0.1923857869,0.3804828227,0.3675484642,0.3377165198,0.3111029631,0.1455268711,0.1289627858
1506,CDS + 3'UTR,21,0.2803204954,0.1929869649,0.3518753946,0.367335147,0.2632586956,0.3108501641,0.1045454592,0.1288277242
1507,CDS + 3'UTR,21,0.1814868003,0.1931645875,0.3604951203,0.3674755029,0.3242720962,0.3106337717,0.1337459981,0.1287261385
1508,CDS + 3'UTR,21,0.1254594624,0.1913471356,0.3749857545,0.3682075515,0.3500773013,0.3112976788,0.1494775116,0.1291476355
1509,CDS + 3'UTR,21,0.2729954123,0.1921126449,0.3373874724,0.3680271503,0.2792950273,0.3108508592,0.1103221327,0.129009346
1510,CDS + 3'UTR,21,0.1779060811,0.1928498818,0.367389679,0.3674797926,0.313662529,0.3107612537,0.1410416812,0.1289090733
1511,CDS + 3'UTR,21,0.1365947425,0.1910129658,0.3810703754,0.3682201918,0.328689605,0.3114453552,0.1536452919,0.1293214884
1512,CDS + 3'UTR,21,0.3260180056,0.1923649655,0.3373561502,0.3680707552,0.2456549853,0.310609868,0.09097082168,0.1289544125
1513,CDS + 3'UTR,20,0.1910011023,0.1930973605,0.3575273156,0.3679489821,0.3213162124,0.3101813456,0.1301553845,0.1287723123
1514,CDS + 3'UTR,20,0.1293935627,0.1900290239,0.3857654631,0.3689243771,0.3416985869,0.3115468273,0.1431423724,0.1294997724
1515,CDS + 3'UTR,20,0.273956269,0.1911640619,0.3497307003,0.368614139,0.2718491256,0.3109741988,0.1044638753,0.1292476006
1516,CDS + 3'UTR,20,0.1599471718,0.1919531928,0.368165493,0.3681589451,0.3293063045,0.3108265122,0.1425809562,0.129061351
1517,CDS + 3'UTR,20,0.1194548234,0.1890276917,0.3850803375,0.3692229941,0.3480802178,0.3120343184,0.1473846138,0.1297149964
1518,CDS + 3'UTR,20,0.3144198954,0.1906491852,0.3110634089,0.3686182298,0.2681265175,0.3113383336,0.1063902155,0.1293942521
1519,CDS + 3'UTR,20,0.1847359389,0.1913870798,0.366651237,0.3683210451,0.3188129067,0.3109863879,0.1297999024,0.1293054887
1520,CDS + 3'UTR,19,0.09108906984,0.188563141,0.4221218526,0.3693632651,0.3404016793,0.3122344119,0.1463873833,0.129839184
1521,CDS + 3'UTR,19,0.2991908193,0.1902568104,0.3377218843,0.3689780027,0.2619063854,0.3114207162,0.1011808887,0.1293444728
1522,CDS + 3'UTR,19,0.1744435579,0.1906143045,0.3663272858,0.368882094,0.3242231309,0.3113445716,0.1350060105,0.1291590322
1523,CDS + 3'UTR,19,0.1106665879,0.1880112598,0.3957433105,0.3698928431,0.338644594,0.3123967225,0.1549455076,0.1296991766
1524,CDS + 3'UTR,19,0.2543911338,0.1895952193,0.3625099063,0.3694191284,0.274025023,0.3116754146,0.1090739667,0.1293102398
1525,CDS + 3'UTR,19,0.1551082581,0.1899598325,0.3936406672,0.369250685,0.322319299,0.3115381399,0.1289317608,0.1292513455
1526,CDS + 3'UTR,19,0.113169007,0.1874204533,0.3837067783,0.3703003764,0.3458047807,0.3124766072,0.1573194414,0.1298025665
1527,CDS + 3'UTR,19,0.2977553904,0.1890832199,0.3462101221,0.3699732695,0.2561511695,0.3116100499,0.0998833254,0.1293334649
1528,CDS + 3'UTR,19,0.1573548168,0.1896578071,0.3792725503,0.3698315904,0.3245637119,0.3114220643,0.138808921,0.1290885425
1529,CDS + 3'UTR,19,0.09122361988,0.1870381456,0.4267672598,0.3704172432,0.3385420144,0.3127779216,0.1434671432,0.1297666946
1530,CDS + 3'UTR,18,0.2652493417,0.1881921554,0.359390378,0.369935976,0.2727909684,0.3122675307,0.1025693566,0.1296043428
1531,CDS + 3'UTR,19,0.1574672461,0.1886976084,0.3887352347,0.3695145197,0.3267783225,0.3122953642,0.1270192266,0.1294925129
1532,CDS + 3'UTR,19,0.125564456,0.1858521334,0.3930171728,0.3704607081,0.3373846114,0.3135642594,0.1440337598,0.1301229039
1533,CDS + 3'UTR,19,0.2661886811,0.1881542371,0.3575572073,0.3698773075,0.2721244395,0.312448265,0.1041296795,0.1295201955
1534,CDS + 3'UTR,19,0.1528646499,0.1891419393,0.3905212879,0.3695336472,0.3271301985,0.3120528776,0.1294838637,0.1292715402
1535,CDS + 3'UTR,19,0.1138928458,0.1868015663,0.3989586532,0.3706834693,0.3395454288,0.31282923,0.1476030797,0.1296857387
1536,CDS + 3'UTR,19,0.2788352668,0.187999484,0.3446967006,0.3702080492,0.2727237344,0.3123812709,0.103744328,0.1294111997
1537,CDS + 3'UTR,19,0.1790557951,0.1883797638,0.3794721663,0.3699964613,0.3159329295,0.3123691723,0.1255391538,0.1292546073
1538,CDS + 3'UTR,19,0.1071633697,0.1860579325,0.3892692626,0.3705010384,0.3499752283,0.3134640362,0.1535921097,0.1299769972
1539,CDS + 3'UTR,19,0.2947998941,0.1880969642,0.3335099518,0.3697182495,0.2642046213,0.3126240604,0.1074855179,0.1295607295
1540,CDS + 3'UTR,19,0.1567891687,0.1882994436,0.3830930293,0.3699136131,0.3276272714,0.3124145087,0.1324905306,0.1293724384
1541,CDS + 3'UTR,19,0.1011955142,0.1854774838,0.3947565258,0.370959371,0.3572808802,0.31352739,0.1467670649,0.1300357595
1542,CDS + 3'UTR,19,0.2847082615,0.1868873911,0.3514627814,0.3703443974,0.2596882284,0.3129676633,0.1041407362,0.1298005519
1543,CDS + 3'UTR,19,0.1662288904,0.1869454613,0.3777412176,0.3706079833,0.3270903528,0.3128091365,0.1289395839,0.1296374226
1544,CDS + 3'UTR,19,0.08517160267,0.1851768477,0.4126006663,0.3711451314,0.3528568149,0.3136121292,0.1493708938,0.1300658943
1545,CDS + 3'UTR,19,0.2382716089,0.1866833981,0.3505370617,0.3711262435,0.2941440046,0.3126642505,0.1170473471,0.129526111
1546,CDS + 3'UTR,19,0.1516527385,0.1872156326,0.3755441904,0.3708388548,0.3318434358,0.3125320038,0.1409596652,0.1294135117
1547,CDS + 3'UTR,19,0.08991085738,0.1846167772,0.4089876115,0.3717936274,0.347423166,0.3135680472,0.1536784172,0.1300215502
1548,CDS + 3'UTR,19,0.2727933228,0.1860625588,0.3274368346,0.3716308869,0.281850785,0.312701101,0.1179190278,0.1296054551
1549,CDS + 3'UTR,19,0.1914547384,0.186639554,0.3562877476,0.3714467786,0.3179069459,0.3124495717,0.134350583,0.1294640977
1550,CDS + 3'UTR,19,0.1044493988,0.1841088662,0.3997028768,0.3725036919,0.3450637162,0.3133742614,0.150783971,0.1300131813
1551,CDS + 3'UTR,19,0.2813124657,0.1844536703,0.348295778,0.3725451533,0.2659859359,0.3131852729,0.1044058278,0.1298159048
1552,CDS + 3'UTR,19,0.1758920103,0.1846763447,0.3730583191,0.3724803116,0.3166437149,0.313211509,0.134405911,0.1296318358
1553,CDS + 3'UTR,19,0.09279330075,0.1817419771,0.4028556943,0.3733321846,0.3582305014,0.314505,0.1461205035,0.1304208404
1554,CDS + 3'UTR,19,0.2589630187,0.1832247144,0.3425298929,0.3729564972,0.2822989523,0.3137761083,0.1162080914,0.1300426821
1555,CDS + 3'UTR,19,0.1723713279,0.1836665971,0.3621785343,0.3727246054,0.3370023072,0.3135838758,0.1284478903,0.1300249244
1556,CDS + 3'UTR,19,0.09575607628,0.1810879719,0.3969998062,0.3735522922,0.3565833569,0.3146373898,0.1506607682,0.1307223487
1557,CDS + 3'UTR,19,0.3096889555,0.1834398731,0.3140617907,0.3728211399,0.2682085037,0.3135863632,0.1080407575,0.1301526272
1558,CDS + 3'UTR,19,0.1589705497,0.1840355139,0.370418787,0.3727434631,0.3290517926,0.3132666685,0.1415588856,0.1299543585
1559,CDS + 3'UTR,19,0.08618539572,0.1810623856,0.4103354514,0.3739352975,0.3553817272,0.3143255658,0.1480974406,0.1306767544
1560,CDS + 3'UTR,19,0.3060708046,0.1824358493,0.3498096466,0.3734788328,0.2525959909,0.3136867184,0.09152355045,0.130398603
1561,CDS + 3'UTR,19,0.1502679288,0.1833551304,0.3865183294,0.3727945209,0.3306532204,0.3135137912,0.1325605065,0.1303365616
1562,CDS + 3'UTR,19,0.08484834433,0.1805624368,0.3996923566,0.3738119725,0.3630397022,0.3146209847,0.1524195969,0.1310046111
1563,CDS + 3'UTR,19,0.2960941195,0.1825395603,0.339176178,0.3733556308,0.2618000507,0.3135943076,0.1029296517,0.1305105068
1564,CDS + 3'UTR,19,0.1606037319,0.182995338,0.3836038113,0.3731812172,0.316172719,0.3134683425,0.1396197528,0.1303551083
1565,CDS + 3'UTR,19,0.0964859724,0.1806509819,0.4085194767,0.3740281913,0.3482196629,0.3145069471,0.146774888,0.1308138859
1566,CDS + 3'UTR,19,0.2878066003,0.1816449851,0.3419134319,0.3736110996,0.2662198246,0.3141127592,0.1040602028,0.1306311622
1567,CDS + 3'UTR,19,0.1641652137,0.1822304712,0.3884488046,0.3734531332,0.3169378638,0.3139199952,0.1304481477,0.1303964065
1568,CDS + 3'UTR,19,0.1183073148,0.1793405343,0.3779960573,0.3745884426,0.3531557024,0.3150598628,0.1505409628,0.1310111665
1569,CDS + 3'UTR,19,0.2820831537,0.181083495,0.332508415,0.3740895234,0.2757695317,0.3143142315,0.1096388921,0.1305127564
1570,CDS + 3'UTR,19,0.1667225361,0.1818268497,0.3651998937,0.3736257751,0.3316910863,0.314091341,0.1363865137,0.1304560401
1571,CDS + 3'UTR,19,0.09928450733,0.179672232,0.4066016972,0.3740171861,0.3426586092,0.3151444154,0.1514551491,0.1311661725
1572,CDS + 3'UTR,19,0.3596743643,0.1808924225,0.3250455558,0.373566746,0.2334641367,0.3145414287,0.08181597292,0.1309994082
1573,CDS + 3'UTR,19,0.1928367317,0.1813907566,0.3615345061,0.3732214093,0.3166481555,0.3144204786,0.1289805621,0.1309673608
1574,CDS + 3'UTR,19,0.0915799737,0.179245156,0.4170738161,0.3739393767,0.3429500759,0.3153084835,0.1483961344,0.131506989
1575,CDS + 3'UTR,18,0.3027749956,0.1808144134,0.3313719034,0.3732341554,0.2640236616,0.3146253137,0.1018293947,0.1313261221
1576,CDS + 3'UTR,18,0.1477728039,0.1811668975,0.3757537305,0.3730544146,0.3353413343,0.3145166809,0.1411321759,0.1312620115
1577,CDS + 3'UTR,18,0.103117004,0.1786382865,0.3783101141,0.3739810895,0.3591063321,0.315531257,0.1594665498,0.1318493712
1578,CDS + 3'UTR,18,0.3084153533,0.1796927305,0.3376418054,0.373379375,0.256970048,0.3152013304,0.09697275609,0.1317265673
1579,CDS + 3'UTR,18,0.1376669407,0.1801475661,0.389600873,0.3733679783,0.3337585032,0.3149728009,0.1389736831,0.1315116581
1580,CDS + 3'UTR,18,0.08908800781,0.1774996959,0.413282007,0.3742386892,0.3462736905,0.3161709113,0.1513563246,0.1320907075
1581,CDS + 3'UTR,18,0.2725449502,0.1790748591,0.3318991065,0.3736607052,0.2794646621,0.315375906,0.1160912365,0.1318885335
1582,CDS + 3'UTR,18,0.1316209286,0.1797996754,0.3977724314,0.3732210811,0.3291429281,0.3151685366,0.1414637119,0.1318107114
1583,CDS + 3'UTR,18,0.08925959468,0.1775714546,0.3892772794,0.3736875225,0.3585175872,0.3163576609,0.1629454941,0.1323833665
1584,CDS + 3'UTR,18,0.3255833983,0.1788017577,0.3384872973,0.3731774114,0.2394136637,0.3157506475,0.09651566297,0.1322701864
1585,CDS + 3'UTR,18,0.1788525581,0.1799972044,0.3574917316,0.3725714136,0.3271367848,0.3153934548,0.1365189254,0.1320379298
1586,CDS + 3'UTR,18,0.07241206616,0.178175507,0.4282571971,0.3734004986,0.3461421728,0.3160317441,0.1531885415,0.1323922523
1587,CDS + 3'UTR,18,0.2971493304,0.1790763159,0.3474758863,0.3732301902,0.2549163997,0.3155814117,0.100458391,0.1321120833
1588,CDS + 3'UTR,18,0.1716190726,0.179924608,0.3602570891,0.3728040192,0.329954952,0.3153162265,0.1381689161,0.1319551473
1589,CDS + 3'UTR,18,0.07054039091,0.1777516676,0.4219405353,0.3737446308,0.3532702029,0.3161443064,0.1542488188,0.1323593969
1590,CDS + 3'UTR,18,0.2054904103,0.1784237782,0.370706588,0.3737552654,0.2985434532,0.315726343,0.1252595633,0.1320946149
1591,CDS + 3'UTR,18,0.1544086933,0.1789283684,0.3758830428,0.3733947229,0.3307884932,0.3157039678,0.1389197707,0.1319729432
1592,CDS + 3'UTR,18,0.09126859903,0.1768298049,0.405505985,0.3740315169,0.3491342664,0.3165785404,0.1540911943,0.1325601397
1593,CDS + 3'UTR,18,0.3096200824,0.1777549972,0.3274723291,0.3737841174,0.2630048692,0.316145389,0.09990271926,0.1323154993
1594,CDS + 3'UTR,18,0.1647441834,0.1783388576,0.3672141135,0.3733924355,0.3263199925,0.3159547566,0.1417217553,0.1323139528
1595,CDS + 3'UTR,18,0.06766625494,0.1768488904,0.4159456491,0.3740772046,0.3561302423,0.3163907068,0.1602578163,0.1326832015
1596,CDS + 3'UTR,18,0.3480992615,0.177683821,0.3096733093,0.3738517113,0.2452241778,0.3158847002,0.09700323641,0.1325797699
1597,CDS + 3'UTR,18,0.167106092,0.1785526646,0.3788661957,0.3736562859,0.3225046396,0.315426307,0.1315231174,0.1323647453
1598,CDS + 3'UTR,18,0.0765696317,0.1758839382,0.4064101577,0.3747365016,0.3528383076,0.3164704321,0.1641818881,0.132909131
1599,CDS + 3'UTR,18,0.2946130335,0.1773709297,0.330134064,0.3743068736,0.2677051127,0.3158107838,0.1075477898,0.132511416
1600,CDS + 3'UTR,18,0.1646315604,0.1783591054,0.3673768938,0.3738131322,0.3265675008,0.3154507803,0.1414240748,0.1323769852
1601,CDS + 3'UTR,18,0.0757753253,0.175617831,0.419118017,0.3747760851,0.3504818678,0.3165159186,0.1546248496,0.1330901686
1602,CDS + 3'UTR,18,0.3326134384,0.1776563579,0.3298199475,0.3739468928,0.2420889586,0.315653831,0.09547766298,0.1327429217
1603,CDS + 3'UTR,18,0.1471288055,0.178190144,0.3817902207,0.3739481341,0.3285673857,0.3152178867,0.1425136328,0.1326438391
1604,CDS + 3'UTR,18,0.06684264541,0.1755456394,0.4302678406,0.3746528588,0.3571133912,0.3164508441,0.1457761675,0.1333506611
1605,CDS + 3'UTR,18,0.2346285135,0.1774489349,0.3602733314,0.3739028752,0.2907842696,0.3157628478,0.1143138707,0.1328853454
1606,CDS + 3'UTR,18,0.160007894,0.1781055832,0.3710694611,0.3734982792,0.3303836584,0.3156107778,0.1385389864,0.1327853633
1607,CDS + 3'UTR,18,0.06656043977,0.1761021078,0.4370348752,0.3740833722,0.3473405838,0.3164953576,0.1490641236,0.1333191652
1608,CDS + 3'UTR,18,0.2967916727,0.1776525171,0.3393590152,0.3734264966,0.2649132013,0.3159184946,0.09893611073,0.1330024945
1609,CDS + 3'UTR,18,0.150692001,0.1779408169,0.3896673918,0.3736191154,0.3207107782,0.3157160478,0.1389298439,0.1327240225
1610,CDS + 3'UTR,18,0.0928799212,0.1754869499,0.3907032609,0.3744614001,0.3570369184,0.3167022401,0.1593799442,0.133349412
1611,CDS + 3'UTR,18,0.2550824881,0.1768221621,0.3527000248,0.3741514564,0.2785393894,0.3160388263,0.1136780828,0.1329875574
1612,CDS + 3'UTR,18,0.1654311866,0.1773628879,0.3653902411,0.3738695189,0.327708602,0.3158911901,0.1414699703,0.1328764053
1613,CDS + 3'UTR,18,0.09454062581,0.1744623059,0.4149945974,0.3745730404,0.3431648314,0.3171955511,0.1472999305,0.1337691046
1614,CDS + 3'UTR,18,0.2784052491,0.1756829498,0.3341035843,0.3742299732,0.2724766135,0.3165417727,0.1150145158,0.1335453072
1615,CDS + 3'UTR,17,0.1420915723,0.1767630342,0.3845793903,0.3735659659,0.3308548033,0.3162664715,0.1424742341,0.1334045309
1616,CDS + 3'UTR,18,0.07654638588,0.1746312786,0.4188306928,0.3742692094,0.353889823,0.3171422176,0.1507330984,0.1339572973
1617,CDS + 3'UTR,18,0.2634113133,0.1767117811,0.3313350081,0.3736663423,0.2895388007,0.3162267614,0.1157148406,0.1333951176
1618,CDS + 3'UTR,18,0.1435502172,0.1770644162,0.3883575201,0.3737718325,0.3316928744,0.3159905743,0.1363993734,0.1331731793
1619,CDS + 3'UTR,18,0.08297027647,0.1745145274,0.4031668305,0.3744119715,0.3600534499,0.3171716224,0.1538094729,0.1339018822
1620,CDS + 3'UTR,18,0.2828022242,0.1768711032,0.3368543088,0.3735223744,0.2640268505,0.3162274189,0.1163166091,0.1333791067
1621,CDS + 3'UTR,18,0.15918082,0.1775628122,0.3595865965,0.3731136814,0.340691328,0.3160315152,0.1405413002,0.1332919939
1622,CDS + 3'UTR,18,0.106450595,0.1755273018,0.3887780905,0.3739547431,0.3548181653,0.3168383535,0.1499531418,0.1336796044
1623,CDS + 3'UTR,18,0.2646531463,0.1767591828,0.3369323313,0.373325973,0.2785292864,0.3164372675,0.1198851764,0.1334775797
1624,CDS + 3'UTR,18,0.1808073372,0.1778102657,0.364120841,0.3731461983,0.3242813945,0.3159568235,0.1307903677,0.1330867157
1625,CDS + 3'UTR,18,0.09253581613,0.1752892314,0.4168638587,0.3737663232,0.3452071548,0.3172169713,0.1453931481,0.1337274775
1626,CDS + 3'UTR,18,0.2237174511,0.176899034,0.3619195223,0.3734599862,0.2958168387,0.3163760358,0.1185461432,0.1332649478
1627,CDS + 3'UTR,18,0.1577742249,0.1777914769,0.3748939335,0.3728784733,0.326208353,0.3162241841,0.1411235332,0.1331058702
1628,CDS + 3'UTR,18,0.09895808995,0.1756687167,0.4026857615,0.3735366274,0.3480971754,0.3171425009,0.150259003,0.1336521599
1629,CDS + 3'UTR,18,0.2452235818,0.1769234438,0.3571385145,0.373275353,0.2844698727,0.3165206136,0.1131680161,0.1332805942
1630,CDS + 3'UTR,18,0.1448166221,0.1778647659,0.3708594739,0.3726682182,0.3432736993,0.3163667211,0.1410502344,0.1331003004
1631,CDS + 3'UTR,18,0.1134273857,0.1768380596,0.3992393017,0.3729889549,0.3359517455,0.3168171519,0.1513815522,0.1333558391
1632,CDS + 3'UTR,18,0.2499073893,0.1779175875,0.3532663584,0.3727382254,0.281991601,0.3162998563,0.1148346812,0.1330443365
1633,CDS + 3'UTR,18,0.1395021379,0.1785106187,0.3715211451,0.3722031996,0.342979908,0.3163227746,0.1459967792,0.1329634128
1634,CDS + 3'UTR,18,0.1397656351,0.1760503836,0.3973114192,0.373264708,0.3171749711,0.3171816224,0.1457479894,0.1335032918
1635,CDS + 3'UTR,18,0.2391657829,0.1767055109,0.3441390693,0.3731954623,0.2965217829,0.3168432588,0.1201733649,0.1332557729
1636,CDS + 3'UTR,18,0.1652635634,0.1775360162,0.3813657761,0.3727120213,0.3199118972,0.3166206205,0.1334587932,0.1331313469
1637,CDS + 3'UTR,18,0.09619084001,0.174836095,0.4004790485,0.3736332752,0.3517385125,0.3177321801,0.1515916139,0.1337984554
1638,CDS + 3'UTR,18,0.2779298723,0.1768340032,0.3360485435,0.3730043765,0.2762799263,0.3168231852,0.1097416878,0.1333384408
1639,CDS + 3'UTR,18,0.1652394533,0.1777250935,0.3708361387,0.3726550419,0.3265814483,0.316549509,0.1373429745,0.1330703614
1640,CDS + 3'UTR,18,0.08676885068,0.1753311657,0.4268458784,0.3734336361,0.3378070593,0.3175954934,0.1485782266,0.133639711
1641,CDS + 3'UTR,18,0.3133500814,0.1773254256,0.3201829493,0.3728750642,0.2616862059,0.3166515358,0.1047807559,0.1331479799
1642,CDS + 3'UTR,18,0.1275512278,0.1785532667,0.3997916579,0.372023036,0.3281641603,0.3164427467,0.1444929838,0.1329809552
1643,CDS + 3'UTR,18,0.08453375101,0.1759199468,0.3955541551,0.3725502942,0.3604366481,0.3177935643,0.1594754159,0.1337361987
1644,CDS + 3'UTR,18,0.3128673732,0.1771811485,0.3236051202,0.3720481735,0.2611330152,0.3173428124,0.1023944989,0.1334278693
1645,CDS + 3'UTR,18,0.1490178406,0.1782082304,0.3761518002,0.3713326808,0.3360540569,0.317071523,0.1387763172,0.133387568
1646,CDS + 3'UTR,18,0.1275285631,0.1770536236,0.38872087,0.3715442732,0.3369862139,0.3176415378,0.1467643529,0.1337605676
1647,CDS + 3'UTR,18,0.2881979644,0.1788729355,0.335898757,0.3711261813,0.2707888186,0.3167608788,0.1051144898,0.1332400067
1648,CDS + 3'UTR,18,0.1413712949,0.1801996735,0.3934055567,0.3703421596,0.3369599581,0.3164088594,0.1282632053,0.1330493091
1649,CDS + 3'UTR,18,0.08577379584,0.1781057221,0.3998911977,0.3706936911,0.3546649218,0.3174531357,0.1596700549,0.1337474527
1650,CDS + 3'UTR,18,0.2735395133,0.1800214912,0.3404043913,0.3699131202,0.2786179781,0.316766374,0.1074381396,0.133299016
1651,CDS + 3'UTR,18,0.1425425708,0.181118584,0.3840467036,0.3696344566,0.3308477104,0.3162423244,0.1425629854,0.1330046363
1652,CDS + 3'UTR,18,0.1276278049,0.1792940541,0.3813272715,0.3701110598,0.3378130198,0.3171067478,0.1532319188,0.1334881395
1653,CDS + 3'UTR,18,0.2904882431,0.1803786018,0.3340891302,0.3697186522,0.2643458843,0.3166748164,0.1110767648,0.133227931
1654,CDS + 3'UTR,18,0.1779867262,0.1809397084,0.3639532328,0.3692743909,0.3209259808,0.3166058538,0.1371340305,0.1331800481
1655,CDS + 3'UTR,18,0.1322345436,0.178743405,0.3876313865,0.3702189516,0.3340833485,0.3175064644,0.1460507065,0.1335311805
1656,CDS + 3'UTR,18,0.3142130077,0.1809736625,0.327524364,0.3695168953,0.2621048391,0.3165022092,0.09615780413,0.1330072343
1657,CDS + 3'UTR,18,0.1313278079,0.181766424,0.3867493272,0.3691963345,0.3402113616,0.3161929762,0.1417114884,0.1328442661
1658,CDS + 3'UTR,18,0.1044242531,0.1798668637,0.3888529241,0.3702062242,0.3514539003,0.3167916952,0.1552689821,0.1331352188
1659,CDS + 3'UTR,18,0.3261930048,0.181296895,0.3184331059,0.3694941942,0.2582222223,0.3163429813,0.09715164453,0.132865932
1660,CDS + 3'UTR,18,0.1444247216,0.1821452697,0.3805865645,0.3693348855,0.3306013942,0.3159387881,0.1443873048,0.1325810589
1661,CDS + 3'UTR,18,0.1097041219,0.1801889873,0.3991840482,0.370285584,0.344011724,0.3166474117,0.1471000761,0.1328780184
1662,CDS + 3'UTR,18,0.2301714122,0.1814775347,0.34747082,0.3701635808,0.2970560491,0.3158763992,0.1253017336,0.1324824862
1663,CDS + 3'UTR,18,0.1733462214,0.1819189832,0.3748953044,0.3701477829,0.3200820684,0.3156004516,0.1316763759,0.132332783
1664,CDS + 3'UTR,18,0.1239006519,0.1802648367,0.3880972862,0.3708188031,0.3402254879,0.316321454,0.1477766037,0.1325949075
1665,CDS + 3'UTR,18,0.3076367676,0.1811390646,0.3329847753,0.3705258608,0.2598619461,0.3159116441,0.09951654822,0.132423433
1666,CDS + 3'UTR,18,0.1438075006,0.1818792035,0.3817361593,0.3702081919,0.333994031,0.3156448884,0.1404623389,0.1322677196
1667,CDS + 3'UTR,18,0.1273285151,0.1806078251,0.4001282156,0.3703879096,0.328381747,0.3163389878,0.1441615671,0.1326652813
1668,CDS + 3'UTR,18,0.2719972432,0.1821390701,0.3393551409,0.3698215738,0.2802039683,0.315693062,0.1084436551,0.1323462976
1669,CDS + 3'UTR,18,0.1458461583,0.1827796649,0.3733697534,0.3694441367,0.3409588039,0.3155753193,0.1398253143,0.1322008822
1670,CDS + 3'UTR,18,0.123353906,0.181108391,0.3963655233,0.3698652077,0.3345779181,0.31637925,0.1457026601,0.1326471547
1671,CDS + 3'UTR,18,0.2407709211,0.1836990899,0.3558246791,0.3690996524,0.2894048393,0.3151403045,0.1139995679,0.1320609566
1672,CDS + 3'UTR,18,0.1387110949,0.184332002,0.3627039194,0.3686599545,0.3509677351,0.3151147874,0.1476172954,0.1318932602
1673,CDS + 3'UTR,18,0.1128012761,0.1826539447,0.4123930037,0.3689858403,0.331712693,0.3160362022,0.1430930346,0.132324017
1674,CDS + 3'UTR,18,0.2171543688,0.1843995986,0.3616744578,0.3686992817,0.2992509007,0.3150747547,0.1219202429,0.1318263696
1675,CDS + 3'UTR,18,0.1341066808,0.1847369079,0.3772703707,0.3684177604,0.3383191824,0.315163778,0.1503037363,0.1316815577
1676,CDS + 3'UTR,18,0.1321055591,0.1833875415,0.3833736181,0.3686979566,0.3341489434,0.315776485,0.150371924,0.132138021
1677,CDS + 3'UTR,18,0.3269387484,0.1845893675,0.3285543025,0.3682866029,0.2497850507,0.3152526045,0.09472194314,0.1318714282
1678,CDS + 3'UTR,18,0.1478568614,0.1853628277,0.3784633875,0.3678185675,0.3309442103,0.3150447743,0.1427355409,0.1317738335
1679,CDS + 3'UTR,18,0.1030988097,0.1836044754,0.3924216032,0.3681786805,0.3513838649,0.315939988,0.153095752,0.1322768583
1680,CDS + 3'UTR,18,0.3241723478,0.184147188,0.3226911426,0.3680890679,0.2510508895,0.3156354824,0.1020855904,0.1321282637
1681,CDS + 3'UTR,18,0.1740026176,0.1850220547,0.3509557545,0.3675876383,0.333778739,0.3154893631,0.141262874,0.131900946
1682,CDS + 3'UTR,17,0.1219478473,0.1829506391,0.3720006049,0.3680312864,0.3501543701,0.3165194685,0.1558971405,0.1324986076
1683,CDS + 3'UTR,18,0.2480249405,0.185494664,0.3416205645,0.3670064092,0.2925072312,0.3155427365,0.1178472862,0.1319561915
1684,CDS + 3'UTR,18,0.149009198,0.1865284181,0.3730284274,0.3668118324,0.3354102373,0.3150621375,0.1425520629,0.1315976135
1685,CDS + 3'UTR,18,0.1422599703,0.1841680035,0.3772007227,0.3676815502,0.3363854587,0.3160603104,0.1441538334,0.1320901377
1686,CDS + 3'UTR,18,0.3055528402,0.1868805304,0.3376221061,0.3669426929,0.2599309385,0.3147919396,0.09689411521,0.1313848387
1687,CDS + 3'UTR,18,0.1726994812,0.18773538,0.3743131459,0.3666117754,0.3191790283,0.314456288,0.1338083148,0.1311965578
1688,CDS + 3'UTR,18,0.1292755604,0.1860696001,0.3674815297,0.3669735011,0.3484553099,0.315333817,0.1547876,0.1316230825
1689,CDS + 3'UTR,18,0.3039535284,0.1878991894,0.3272217214,0.3664081778,0.2657698393,0.3144346191,0.1030549109,0.1312580138
1690,CDS + 3'UTR,18,0.1806473434,0.189094146,0.3684101701,0.365859811,0.3151129484,0.3140634241,0.1358295679,0.1309826195
1691,CDS + 3'UTR,18,0.1091201007,0.1873066302,0.3908282816,0.3665031664,0.3476932645,0.3147104593,0.1523583382,0.1314797445
1692,CDS + 3'UTR,18,0.2521950006,0.1894505847,0.333997637,0.3657885164,0.2931540906,0.3137974875,0.1206532866,0.1309634121
1693,CDS + 3'UTR,18,0.139429152,0.1901060779,0.3794536889,0.3655290004,0.3376478255,0.3135620033,0.1434693038,0.130802919
1694,CDS + 3'UTR,18,0.1027009785,0.1882614044,0.4096684456,0.3661593139,0.3445254564,0.3143269451,0.1431051046,0.1312523368
1695,CDS + 3'UTR,18,0.3205121756,0.1899187028,0.3284148872,0.3656077847,0.2505143881,0.3136558181,0.1005585417,0.1308176942
1696,CDS + 3'UTR,18,0.1399673074,0.1901337147,0.3931858242,0.3654071867,0.3291511834,0.3137314143,0.1376956403,0.1307276843
1697,CDS + 3'UTR,18,0.1114464849,0.1876295981,0.4121261835,0.3661509726,0.3374363184,0.3147965347,0.1389910579,0.1314228941
1698,CDS + 3'UTR,18,0.2579527199,0.1896771071,0.3313951194,0.3655374333,0.2957957685,0.3139048411,0.1148564294,0.1308806179
1699,CDS + 3'UTR,18,0.1508402526,0.1904056956,0.3904221356,0.3653730828,0.3277179897,0.3135761352,0.1310196221,0.1306450849
1700,CDS + 3'UTR,18,0.1262996346,0.1877899026,0.4129101932,0.3664426472,0.3207167387,0.3145531671,0.1400733739,0.1312142822
1701,CDS + 3'UTR,18,0.2622646093,0.1894673671,0.3498263359,0.36589894,0.2790103257,0.3138713932,0.1088987216,0.1307622991
1702,CDS + 3'UTR,18,0.1417664737,0.189814547,0.3875142634,0.3655434713,0.3327423632,0.3138632381,0.1379768848,0.130778743
1703,CDS + 3'UTR,18,0.1323214322,0.188556677,0.3906139433,0.3658843528,0.336209476,0.3144567931,0.1408551335,0.1311021765
1704,CDS + 3'UTR,18,0.2507455647,0.1889599332,0.340685457,0.3656564917,0.2914966047,0.3143002773,0.1170724109,0.1310832975
1705,CDS + 3'UTR,18,0.1517469287,0.1892789113,0.3914503455,0.3655320358,0.3238666952,0.3141568413,0.1329360753,0.1310322109
1706,CDS + 3'UTR,18,0.1220071837,0.1870314359,0.3762969375,0.3662201598,0.351344794,0.3151574595,0.1503510773,0.1315909436
1707,CDS + 3'UTR,18,0.2802738249,0.1888792249,0.3295870721,0.3654973969,0.2745342851,0.314372574,0.1156048402,0.1312508021
1708,CDS + 3'UTR,18,0.1502056718,0.1892575051,0.3724907935,0.36528336,0.3386777639,0.3143922405,0.1386257708,0.1310668916
1709,CDS + 3'UTR,18,0.1115216687,0.1872314317,0.3908241987,0.3662513398,0.3487843275,0.3149928099,0.1488698125,0.1315244157
1710,CDS + 3'UTR,18,0.3520725369,0.1886887385,0.3096150458,0.3659000218,0.2441580594,0.3142183641,0.09415438771,0.1311928722
1711,CDS + 3'UTR,18,0.1640603542,0.1889617736,0.3640634716,0.3659437966,0.3339103758,0.3141103333,0.1379658431,0.130984093
1712,CDS + 3'UTR,18,0.1156627983,0.1871781548,0.3793372214,0.366507718,0.3557047844,0.3148838649,0.1492952257,0.131430259
1713,CDS + 3'UTR,18,0.2791544497,0.189071744,0.3485964537,0.3661358371,0.2660641074,0.313886668,0.1061849818,0.1309057465
1714,CDS + 3'UTR,18,0.1667503864,0.1897657793,0.3747897148,0.3658447329,0.3242968321,0.3137141531,0.1341630369,0.1306753301
1715,CDS + 3'UTR,18,0.1312164664,0.1887302827,0.3665547669,0.3661556792,0.345538348,0.3141314527,0.1566904336,0.1309825814
1716,CDS + 3'UTR,18,0.2614096403,0.1903626027,0.3484574854,0.3658100937,0.2780014575,0.3133144448,0.1121313721,0.1305128558
1717,CDS + 3'UTR,18,0.1580676585,0.1904982848,0.3630362153,0.3657264415,0.3351120949,0.3133297579,0.1437840313,0.1304455126
1718,CDS + 3'UTR,18,0.1372616887,0.1879226577,0.3648575842,0.366634943,0.347897023,0.3144727383,0.1499836743,0.1309696577
1719,CDS + 3'UTR,18,0.20865646,0.1892136298,0.3636671305,0.366344117,0.3022210002,0.3138696842,0.1254554093,0.1305725658
1720,CDS + 3'UTR,17,0.1567581892,0.1898549005,0.3867315054,0.3660103876,0.3261175156,0.3137642268,0.1303928047,0.1303704815
1721,CDS + 3'UTR,18,0.1476368308,0.1870784322,0.3556748033,0.3670398068,0.3440946341,0.3150011864,0.1525936872,0.1308805721
1722,CDS + 3'UTR,18,0.3310732245,0.1883969644,0.3178014755,0.3668091029,0.2500256002,0.3143257786,0.1010996923,0.1304681515
1723,CDS + 3'UTR,18,0.167234078,0.18876598,0.3799880147,0.3668970052,0.3219887316,0.314128051,0.1307891756,0.1302089617
1724,CDS + 3'UTR,18,0.1240342036,0.1869618708,0.3931825459,0.3677001968,0.3409868479,0.3147596668,0.1417964399,0.130578263
1725,CDS + 3'UTR,18,0.366019994,0.1884258782,0.317043215,0.3672745973,0.2345843911,0.314088301,0.08235239238,0.1302112219
1726,CDS + 3'UTR,18,0.1959165335,0.1885419842,0.362247467,0.36723831,0.310134083,0.3141180795,0.1317018867,0.1301016246
1727,CDS + 3'UTR,18,0.1549355686,0.1860666169,0.364836812,0.3680511802,0.3409911394,0.3151583891,0.1392364651,0.1307238118
1728,CDS + 3'UTR,18,0.2877384424,0.187559638,0.348179698,0.3674791697,0.2650241256,0.3145159602,0.09905771166,0.1304452304
1729,CDS + 3'UTR,18,0.1813703179,0.1878875701,0.3560218513,0.3675252594,0.3249693215,0.3143252276,0.1376385093,0.1302619416
1730,CDS + 3'UTR,18,0.130538255,0.1858314738,0.3918728232,0.3680126414,0.3303807974,0.3153504107,0.1472081393,0.130805473
1731,CDS + 3'UTR,18,0.3140589297,0.1875494484,0.3268747032,0.3674585506,0.2578099668,0.3146028414,0.1012563929,0.130389158
1732,CDS + 3'UTR,18,0.1800672561,0.1882420264,0.3605659902,0.3671401244,0.3189742863,0.3144308466,0.1403924674,0.1301870015
1733,CDS + 3'UTR,18,0.1429143697,0.186486435,0.3845142126,0.3683457792,0.3255412281,0.3147767924,0.1470301896,0.1303909925
1734,CDS + 3'UTR,18,0.3105705976,0.1879735851,0.3198308945,0.3680707287,0.2672358155,0.3140600484,0.1023626253,0.1298956376
1735,CDS + 3'UTR,18,0.1494354904,0.1886882539,0.3715835512,0.367803755,0.3401310444,0.313727989,0.1388499141,0.1297800025
1736,CDS + 3'UTR,18,0.1138836816,0.1862778799,0.3870272338,0.3686456215,0.347314477,0.3148683172,0.1517745852,0.1302081821
1737,CDS + 3'UTR,18,0.2951285243,0.1882934193,0.3376661837,0.3678919248,0.2688758671,0.314050239,0.09832939506,0.1297644177
1738,CDS + 3'UTR,18,0.1627113372,0.189037677,0.3757048845,0.367447323,0.3251574337,0.3138125911,0.1364263445,0.1297024095
1739,CDS + 3'UTR,18,0.1169295609,0.1874908914,0.4039982557,0.368030018,0.3363847733,0.3143643778,0.142687425,0.1301147134
1740,CDS + 3'UTR,18,0.2786218822,0.189401687,0.3370899856,0.3671737269,0.2760594785,0.3136910189,0.1082286537,0.1297335678
1741,CDS + 3'UTR,17,0.1374785155,0.1897953297,0.3707465529,0.3667212084,0.3433593214,0.3138377916,0.1484155953,0.1296456716
1742,CDS + 3'UTR,18,0.1295418143,0.1878101938,0.3747413456,0.3672973752,0.344540447,0.3147253029,0.1511764079,0.1301671294
1743,CDS + 3'UTR,18,0.2056067139,0.1896738159,0.3566664159,0.3667033855,0.3075608015,0.3138976272,0.1301660538,0.129725172
1744,CDS + 3'UTR,18,0.1494189054,0.1900451672,0.3781408072,0.3664510842,0.3287506104,0.3138606001,0.1436896771,0.1296431495
1745,CDS + 3'UTR,18,0.1278387308,0.1885529443,0.3880347013,0.3669432301,0.3399114013,0.3145091105,0.1442151666,0.1299947157
1746,CDS + 3'UTR,18,0.2916306257,0.1901796247,0.3239151239,0.3663137507,0.2712031901,0.3138915326,0.113251023,0.1296150912
1747,CDS + 3'UTR,18,0.1575909257,0.1906545665,0.3830052614,0.3663520604,0.3299550712,0.3136643406,0.1294487268,0.1293290319
1748,CDS + 3'UTR,18,0.1099113747,0.1888888443,0.4167935252,0.3671072535,0.3282495141,0.3143738206,0.1450455785,0.1296300811
1749,CDS + 3'UTR,18,0.2624306977,0.1902762769,0.3452643156,0.3667568482,0.2790031433,0.3136304878,0.113301836,0.1293363873
1750,CDS + 3'UTR,18,0.145196721,0.1908632093,0.3998675048,0.3666477494,0.3259354532,0.3133525316,0.129000321,0.1291365096
1751,CDS + 3'UTR,18,0.09808140993,0.1881277685,0.4009383917,0.3675081395,0.351287365,0.3146689728,0.1496928483,0.1296951188
1752,CDS + 3'UTR,18,0.2901982367,0.1891671467,0.3329534531,0.3673966151,0.2711919844,0.314052764,0.105656296,0.1293834737
1753,CDS + 3'UTR,18,0.168324098,0.1898957699,0.3891046643,0.3671169475,0.3179115057,0.3137939829,0.1246597245,0.1291932981
1754,CDS + 3'UTR,18,0.1343146414,0.1876785737,0.3865501583,0.3676955372,0.3326348662,0.3149558946,0.146500349,0.1296699931
1755,CDS + 3'UTR,18,0.2646922767,0.1891609909,0.3496235311,0.3672782633,0.2729585469,0.314298312,0.1127256826,0.1292624331
1756,CDS + 3'UTR,18,0.1429601312,0.1897593061,0.376681447,0.3672138344,0.3353739977,0.3139820285,0.1449844688,0.12904483
1757,CDS + 3'UTR,18,0.1208885759,0.1880261399,0.4012344182,0.367940855,0.3412234783,0.3147052862,0.1366535574,0.1293277186
1758,CDS + 3'UTR,18,0.251134634,0.1903605053,0.3551973104,0.3674960598,0.282699883,0.3135447599,0.1109681875,0.1285986747
1759,CDS + 3'UTR,18,0.1544004679,0.1904196417,0.3657232523,0.367761929,0.3429472744,0.3133913048,0.1369290054,0.1284271243
1760,CDS + 3'UTR,18,0.1020548791,0.1892900758,0.4050446749,0.3681777965,0.3500076532,0.3139269013,0.1428928375,0.1286052263
1761,CDS + 3'UTR,18,0.2794851959,0.1909242042,0.3324994445,0.3676661734,0.2797461152,0.3131800361,0.1082692295,0.1282295866
1762,CDS + 3'UTR,18,0.1514690965,0.1911036504,0.3790327907,0.3679565482,0.3343361616,0.3129511312,0.1351619512,0.1279886711
1763,CDS + 3'UTR,18,0.1036962047,0.1889563468,0.4058758914,0.3684917208,0.3430365026,0.3139965508,0.1473913938,0.1285553829
1764,CDS + 3'UTR,18,0.2661297917,0.1904260396,0.3389804661,0.3680308614,0.2817009687,0.3133273002,0.1131887734,0.1282157996
1765,CDS + 3'UTR,18,0.1515484452,0.190837221,0.3742977381,0.3678550612,0.3387677372,0.3131995507,0.1353860497,0.1281081679
1766,CDS + 3'UTR,18,0.1075234562,0.1877221587,0.4026517272,0.3686760642,0.3431557119,0.3146600094,0.1466690898,0.128941769
1767,CDS + 3'UTR,18,0.2921411693,0.1892886612,0.3285523057,0.3682953447,0.2677847147,0.3139688,0.1115218028,0.1284471956
1768,CDS + 3'UTR,18,0.1555101275,0.1892354383,0.3711687028,0.3685700212,0.3331966996,0.3138422124,0.1401244998,0.12835233
1769,CDS + 3'UTR,18,0.1394658238,0.1871853468,0.3662122786,0.3689624786,0.3477844894,0.3149419323,0.1465374231,0.1289102446
1770,CDS + 3'UTR,18,0.3180853128,0.1886303225,0.324082911,0.3687034179,0.2553074062,0.3141872771,0.1025243625,0.1284789845
1771,CDS + 3'UTR,18,0.1645263433,0.1892205163,0.3653541803,0.3683960259,0.3339336812,0.3141348545,0.1361858249,0.1282486053
1772,CDS + 3'UTR,18,0.1117476895,0.1869536356,0.4304500222,0.3689750344,0.3208297491,0.3152400147,0.1369725615,0.1288313172
1773,CDS + 3'UTR,18,0.2584011555,0.1881310928,0.3574496508,0.3686911955,0.2803083062,0.3147087332,0.1038409099,0.1284689805
1774,CDS + 3'UTR,18,0.1598744839,0.1888189546,0.3883105516,0.3683944508,0.3179607093,0.3145628251,0.1338542998,0.1282237714
1775,CDS + 3'UTR,18,0.1276822537,0.186641913,0.3957642019,0.3690039255,0.341740638,0.3155767813,0.1348129064,0.1287773824
1776,CDS + 3'UTR,18,0.301210463,0.1883493223,0.3328900933,0.3687686276,0.2637049258,0.3146283198,0.1021944955,0.128253732
1777,CDS + 3'UTR,18,0.1709870994,0.1891797757,0.3765580356,0.3685448043,0.3184244931,0.3143168673,0.1340304017,0.1279585549
1778,CDS + 3'UTR,18,0.1342098713,0.186908283,0.37801072,0.369185669,0.3399387002,0.3154216807,0.1478407383,0.1284843697
1779,CDS + 3'UTR,18,0.3037039042,0.1889130333,0.3219188452,0.3688221462,0.2738492787,0.3143657755,0.100527972,0.127899048
1780,CDS + 3'UTR,18,0.1577910483,0.1896080309,0.3767087162,0.3683952175,0.3324585557,0.3142364144,0.1330416799,0.12776034
1781,CDS + 3'UTR,18,0.1034537405,0.1882421981,0.3959196806,0.3685266897,0.3500112295,0.3149592798,0.1506153494,0.1282718348
1782,CDS + 3'UTR,18,0.2908562422,0.1904540156,0.3399950862,0.3679341957,0.2665283084,0.3139053199,0.1026202887,0.1277064712
1783,CDS + 3'UTR,18,0.1620295346,0.191430167,0.3704298437,0.3675184935,0.333247304,0.3135675218,0.1342933327,0.1274838193
1784,CDS + 3'UTR,18,0.1313677281,0.1909430069,0.3800571263,0.3674569611,0.3433774412,0.3139219638,0.1451977044,0.1276780696
1785,CDS + 3'UTR,18,0.2818813622,0.1927808679,0.3410919905,0.3669569228,0.2744604647,0.3130940441,0.1025661156,0.1271681666
1786,CDS + 3'UTR,18,0.1600025296,0.1936684667,0.3793617189,0.3665545706,0.3331694305,0.3128571264,0.1274663359,0.126919838
1787,CDS + 3'UTR,18,0.1390160471,0.1915208898,0.3900025189,0.3677113995,0.3312926888,0.3136088312,0.1396887749,0.127158882
1788,CDS + 3'UTR,18,0.261200279,0.1935690999,0.3444583714,0.3669939406,0.2792111337,0.3127662655,0.115130268,0.1266706962
1789,CDS + 3'UTR,18,0.1584762633,0.1943910296,0.3820962906,0.3662059378,0.3265478313,0.3128053859,0.1328795999,0.1265976496
1790,CDS + 3'UTR,18,0.1332372725,0.19318417,0.3784462512,0.3664829478,0.3494733572,0.3134451695,0.1388431191,0.1268877153
1791,CDS + 3'UTR,18,0.2472106069,0.1950955533,0.3551415205,0.3655619405,0.2846136689,0.312761848,0.1130342335,0.1265806612
1792,CDS + 3'UTR,18,0.173952654,0.1960570128,0.3569638133,0.3652764112,0.3350023031,0.3123593304,0.1340811849,0.1263072481
1793,CDS + 3'UTR,18,0.1017787531,0.194069275,0.3948836327,0.3660194945,0.3590170443,0.3131783307,0.1443205774,0.126732903
1794,CDS + 3'UTR,18,0.2853437662,0.1960696182,0.3414078057,0.3652439345,0.2716902196,0.3123497579,0.1015582383,0.1263366924
1795,CDS + 3'UTR,18,0.1790816784,0.1969662161,0.3614004552,0.3647946339,0.3202356696,0.3121570822,0.1392821819,0.1260820703
1796,CDS + 3'UTR,18,0.1227563471,0.195539472,0.4066191316,0.3652207356,0.3358620703,0.3129257232,0.134762466,0.1263140721
1797,CDS + 3'UTR,18,0.3448168933,0.1979453349,0.3274526,0.3643389829,0.2422699928,0.3120144401,0.08546051383,0.1257012445
1798,CDS + 3'UTR,18,0.1419925988,0.1986626544,0.3861271143,0.3638660293,0.3356206119,0.3119106084,0.1362596452,0.1255607096
1799,CDS + 3'UTR,18,0.1182911918,0.1971292294,0.3969365358,0.3642654005,0.345068723,0.3127213661,0.1397035718,0.125884006
1800,CDS + 3'UTR,18,0.2874884605,0.1984535794,0.3458016515,0.3639187813,0.2663682997,0.3120641604,0.1003416255,0.1255634809
1801,CDS + 3'UTR,18,0.1619925201,0.1994799015,0.3789047897,0.3630097508,0.3257822394,0.3119643196,0.1333204508,0.125546029
1802,CDS + 3'UTR,18,0.1592889428,0.1977213823,0.3606152833,0.3638276208,0.3336591721,0.3125763975,0.1464366317,0.1258746007
1803,CDS + 3'UTR,18,0.2848095,0.1998373541,0.3431192636,0.3630407359,0.2684486806,0.3117171723,0.103622511,0.1254047391
1804,CDS + 3'UTR,18,0.1569287181,0.2009008825,0.3791185319,0.3622933105,0.3307668865,0.3115688078,0.1331859082,0.1252370016
1805,CDS + 3'UTR,18,0.1168150082,0.1995593315,0.3827234507,0.3628959134,0.351421088,0.3120979242,0.1490404755,0.1254468328
1806,CDS + 3'UTR,18,0.3212367296,0.2012345871,0.3317899108,0.362462021,0.2548373342,0.3112700116,0.09213601798,0.1250333821
1807,CDS + 3'UTR,18,0.1506777406,0.2022783952,0.3868109286,0.3616454307,0.3308641315,0.3112518016,0.1316472143,0.1248243745
1808,CDS + 3'UTR,18,0.1237311214,0.2007078283,0.3795762956,0.362320165,0.3530017138,0.3119715568,0.1436908841,0.1250004516
1809,CDS + 3'UTR,18,0.2969683707,0.2023629453,0.3352969885,0.3617800627,0.2645969093,0.3112959325,0.1031377017,0.1245610607
1810,CDS + 3'UTR,18,0.1777537614,0.2031134488,0.3672814667,0.3617170881,0.3261869848,0.3108832166,0.128777802,0.1242862473
1811,CDS + 3'UTR,18,0.132708475,0.2013639245,0.37319538,0.362155721,0.3462227881,0.3118316125,0.147873342,0.1246487428
1812,CDS + 3'UTR,18,0.274263829,0.2028492689,0.3378588855,0.3618629817,0.2764717638,0.3110826377,0.1114055291,0.1242051117
1813,CDS + 3'UTR,18,0.1979433149,0.2038396918,0.3607746363,0.3610044435,0.3138685822,0.3110625517,0.1274134666,0.1240933131
1814,CDS + 3'UTR,18,0.136407271,0.2027590851,0.3685888648,0.3613007803,0.348352313,0.3115758333,0.1466515064,0.1243643013
1815,CDS + 3'UTR,18,0.2860282362,0.2041073729,0.3527597189,0.3610253755,0.264254123,0.3109314181,0.09695787728,0.1239358332
1816,CDS + 3'UTR,18,0.18031995,0.2047067671,0.3691213727,0.3604984339,0.3223982751,0.310880933,0.1281604171,0.1239138659
1817,CDS + 3'UTR,18,0.1134091094,0.2027483537,0.3889353573,0.3608417217,0.3572609425,0.3119911257,0.1403945833,0.1244187991
1818,CDS + 3'UTR,18,0.3230913579,0.2043742749,0.3466230631,0.3603094015,0.2406850159,0.3113887742,0.08960060775,0.123927549
1819,CDS + 3'UTR,18,0.1725293696,0.2050694483,0.3698439598,0.3599091664,0.326035887,0.3112557434,0.1315907836,0.1237656414
1820,CDS + 3'UTR,18,0.1693552583,0.203408529,0.3476077616,0.3605984502,0.3338887095,0.31184914,0.1491482407,0.1241438801
1821,CDS + 3'UTR,18,0.3144239187,0.2055687726,0.3233470321,0.3598040178,0.2590425313,0.3110123996,0.1031865031,0.1236148097
1822,CDS + 3'UTR,18,0.2076339275,0.2067575253,0.3414851725,0.3593093008,0.3175165951,0.3105772957,0.1333642602,0.1233558776
1823,CDS + 3'UTR,18,0.166633904,0.2052507333,0.3517438173,0.359700086,0.3359161615,0.3113762263,0.1457060724,0.1236729551
1824,CDS + 3'UTR,18,0.2964477837,0.2072134799,0.3381377459,0.3591154389,0.262517035,0.310510467,0.1028974429,0.1231606149
1825,CDS + 3'UTR,18,0.1988466382,0.2076454827,0.3558465242,0.3590470061,0.3209579885,0.3103210334,0.1243488789,0.1229864783
1826,CDS + 3'UTR,18,0.1198244765,0.2060780688,0.4164614379,0.3597676784,0.3313395679,0.3107953787,0.13237454,0.1233588755
1827,CDS + 3'UTR,18,0.3214477301,0.2081968955,0.3256085515,0.3589030147,0.2625498176,0.309922405,0.09039386362,0.1229776864
1828,CDS + 3'UTR,18,0.1756657511,0.2086236921,0.3537532985,0.3586244173,0.3313791454,0.3099091854,0.1392018497,0.1228427068
1829,CDS + 3'UTR,18,0.1658819318,0.2073647828,0.3674251139,0.3589242477,0.3301858306,0.3106766038,0.1365070939,0.1230343668
1830,CDS + 3'UTR,18,0.2981073856,0.2093041153,0.3261869252,0.3580605399,0.2712697387,0.3100040078,0.1044359878,0.122631338
1831,CDS + 3'UTR,18,0.1749981642,0.2101912904,0.3780960441,0.3576074239,0.3190859556,0.3097156107,0.1278198063,0.1224856761
1832,CDS + 3'UTR,18,0.1311792135,0.2091430455,0.3924001157,0.3577624381,0.3367120028,0.3103191912,0.1397086829,0.122775326
1833,CDS + 3'UTR,18,0.3283515573,0.2105698739,0.327059865,0.3573590852,0.2516256869,0.3096443295,0.09296287596,0.1224267123
1834,CDS + 3'UTR,18,0.2060424685,0.211610136,0.3506061137,0.3568523806,0.3172208071,0.3092756227,0.1261305809,0.1222618615
1835,CDS + 3'UTR,18,0.1505527496,0.2100723231,0.3837116659,0.3572364733,0.3344498277,0.3099901903,0.1312858313,0.1227010136
1836,CDS + 3'UTR,18,0.3354291618,0.211575002,0.3061412275,0.3565984078,0.262471348,0.309490132,0.09595826268,0.122336459
1837,CDS + 3'UTR,18,0.1782741398,0.2128424987,0.3633981347,0.3556182913,0.3329169452,0.3092593756,0.1254107654,0.1222798344
1838,CDS + 3'UTR,18,0.1284606308,0.2106615644,0.3871470094,0.3562441975,0.3475604951,0.3102625947,0.1368318945,0.1228316432
1839,CDS + 3'UTR,18,0.260348469,0.2135688335,0.3379937112,0.3549746279,0.290370822,0.3092030272,0.1112869978,0.122253512
1840,CDS + 3'UTR,18,0.1841606498,0.2146334534,0.3323222399,0.3542109597,0.3420203924,0.3090248108,0.1414966881,0.122130776
1841,CDS + 3'UTR,18,0.1388036609,0.2130134561,0.3979290426,0.3546491992,0.3287123442,0.3098373976,0.1345549673,0.1224999464
1842,CDS + 3'UTR,18,0.320746839,0.215551635,0.3160820007,0.3536321945,0.2655981481,0.308946595,0.09757301956,0.1218695749
1843,CDS + 3'UTR,18,0.1887784749,0.215847923,0.3460818529,0.3536800787,0.3311673403,0.3088603232,0.1339723915,0.1216116745
1844,CDS + 3'UTR,18,0.1588057131,0.2146987879,0.3871887028,0.3536439393,0.3240302801,0.3096834015,0.1299752742,0.1219738711
1845,CDS + 3'UTR,18,0.285568893,0.2170747996,0.3395863473,0.3526734691,0.2725347281,0.3087774757,0.1023099944,0.121474255
1846,CDS + 3'UTR,18,0.1910281032,0.2183260309,0.3373245001,0.3522674758,0.3416989148,0.3082814358,0.1299484819,0.1211250563
1847,CDS + 3'UTR,18,0.1664958149,0.2164969215,0.3825310469,0.3526467726,0.3253651261,0.3091993526,0.1256079674,0.1216569522
1848,CDS + 3'UTR,18,0.2879194915,0.2188409453,0.327960521,0.3519111272,0.2791467607,0.3081772942,0.1049732268,0.121070632
1849,CDS + 3'UTR,18,0.199506104,0.2199278399,0.3611743152,0.3512943685,0.3147672117,0.3079183482,0.1245523542,0.1208594419
1850,CDS + 3'UTR,18,0.1781233698,0.2181289768,0.3591735363,0.3517852873,0.3311790824,0.3088549502,0.1315239966,0.1212307844
1851,CDS + 3'UTR,18,0.2833538949,0.2197811916,0.3419350386,0.3511355486,0.2740156949,0.3082435351,0.1006953418,0.1208397223
1852,CDS + 3'UTR,18,0.1909815222,0.2208484607,0.3617669642,0.3508119352,0.3192228675,0.3078651723,0.1280286759,0.1204744302
1853,CDS + 3'UTR,18,0.1719526201,0.2197191197,0.3811565936,0.3510133948,0.3213708401,0.308527673,0.1255199611,0.1207398108
1854,CDS + 3'UTR,18,0.2677375078,0.2216474643,0.3662781715,0.3503467642,0.2664074898,0.3077691797,0.09957685322,0.1202365902
1855,CDS + 3'UTR,18,0.1756337881,0.2225782493,0.3536088765,0.3499445185,0.3377018273,0.3074348979,0.133055523,0.1200423338
1856,CDS + 3'UTR,18,0.1445373893,0.2215896521,0.3603531122,0.3498539481,0.3525203466,0.3080853626,0.1425891519,0.1204710376
1857,CDS + 3'UTR,18,0.3010607958,0.2232759519,0.3339724243,0.3492084496,0.2702363729,0.3074022677,0.0947303921,0.1201133311
1858,CDS + 3'UTR,18,0.1898237467,0.224418614,0.3459919095,0.3485672422,0.3292962313,0.3070011694,0.1348881274,0.120012974
1859,CDS + 3'UTR,18,0.1708303541,0.2225249426,0.3770615458,0.3487568572,0.3213210106,0.308142814,0.1307870746,0.1205753852
1860,CDS + 3'UTR,18,0.3306105435,0.2246345048,0.3131541312,0.3480154231,0.265519321,0.3073401891,0.09071604162,0.120009882
1861,CDS + 3'UTR,18,0.1985539496,0.225180892,0.3563423157,0.3477584299,0.3152029216,0.3071993332,0.1299007833,0.1198613444
1862,CDS + 3'UTR,18,0.1703128815,0.2239107658,0.3712579012,0.3479823727,0.3304427564,0.3078585818,0.1279864907,0.120248279
1863,CDS + 3'UTR,18,0.319049269,0.2257650501,0.3236580789,0.3476452589,0.2639865577,0.3069891086,0.09330611676,0.1196005826
1864,CDS + 3'UTR,18,0.1659279466,0.2261619127,0.3745824993,0.3476627275,0.3282227516,0.3068338504,0.1312667727,0.1193415103
1865,CDS + 3'UTR,18,0.1564882547,0.2249558701,0.3987457752,0.3477185294,0.3124080896,0.3076285234,0.1323578954,0.1196970775
1866,CDS + 3'UTR,18,0.3295086622,0.2266679938,0.3101886213,0.3470754243,0.2633315325,0.3069424463,0.09697120637,0.1193141351
1867,CDS + 3'UTR,18,0.1731597781,0.2280156791,0.3677147329,0.3460697927,0.3302351236,0.3068262422,0.1288904101,0.1190882851
1868,CDS + 3'UTR,18,0.1604875326,0.2261934528,0.3684448004,0.3466780771,0.3406046033,0.3075908991,0.1304630637,0.1195375707
1869,CDS + 3'UTR,18,0.3136228621,0.2275996309,0.3129996657,0.3462024394,0.2727401555,0.3070374688,0.1006372944,0.1191604601
1870,CDS + 3'UTR,18,0.2042112797,0.2280323407,0.3421969712,0.3458153084,0.3264015913,0.3070605198,0.1271901727,0.119091831
1871,CDS + 3'UTR,18,0.1633510143,0.226232372,0.3675426543,0.346395598,0.3329001069,0.307911505,0.1362062246,0.119460524
1872,CDS + 3'UTR,18,0.2880989313,0.2286029642,0.3246955872,0.3453806344,0.2810133696,0.3070528625,0.1061920896,0.1189635396
1873,CDS + 3'UTR,18,0.1849997193,0.2293825008,0.3543472588,0.3448163439,0.3295204937,0.306962985,0.1311325133,0.1188381715
1874,CDS + 3'UTR,18,0.1623187363,0.2276874684,0.372135222,0.3450514905,0.3288556337,0.307971544,0.136690408,0.1192894978
1875,CDS + 3'UTR,18,0.2992959917,0.2293835871,0.3103552163,0.3444443081,0.280230999,0.30731807,0.110117808,0.1188540362
1876,CDS + 3'UTR,18,0.2241560817,0.2298702538,0.3282098174,0.3440899324,0.3174015582,0.3071833553,0.130232498,0.1188564591
1877,CDS + 3'UTR,18,0.1703421474,0.2279653789,0.3775250912,0.3446494967,0.3225275278,0.3080592787,0.1296052188,0.1193258462
1878,CDS + 3'UTR,18,0.3745741248,0.2296332944,0.2845615447,0.3441909172,0.2508552074,0.307235139,0.09000915289,0.1189406506
1879,CDS + 3'UTR,18,0.2034607828,0.2311345173,0.3358430862,0.3433566257,0.3308114111,0.3067799604,0.12988469,0.1187288974
1880,CDS + 3'UTR,18,0.1578886807,0.2301389726,0.3808608055,0.3435237493,0.3313752413,0.3073524235,0.1298752576,0.1189848554
1881,CDS + 3'UTR,18,0.365046829,0.2317202346,0.2975444198,0.3431033593,0.2545180321,0.30664056,0.08289072663,0.118535847
1882,CDS + 3'UTR,18,0.1829919815,0.2325771527,0.3644460142,0.3425473373,0.326757431,0.30651094,0.1258046031,0.1183645708
1883,CDS + 3'UTR,18,0.1928786933,0.2309304228,0.3402281106,0.3429473959,0.334294945,0.3073222565,0.1325982362,0.1187999256
1884,CDS + 3'UTR,18,0.3470096588,0.2322203781,0.3014809191,0.3427821688,0.258292824,0.3066170653,0.09321662039,0.1183803875
1885,CDS + 3'UTR,18,0.2169135064,0.2329641068,0.3502439857,0.3422098923,0.311737895,0.3065609714,0.1211045831,0.1182650292
1886,CDS + 3'UTR,18,0.1749079823,0.2313828569,0.362133652,0.3425309755,0.3282706738,0.3073836444,0.1346876919,0.1187025237
1887,CDS + 3'UTR,18,0.3381996453,0.2323629523,0.3279592991,0.3426057443,0.2490994632,0.3066123778,0.08474159241,0.1184189256
1888,CDS + 3'UTR,18,0.2106826901,0.2327831898,0.3302356005,0.34202336,0.3322860301,0.3067174116,0.1267956793,0.1184760394
1889,CDS + 3'UTR,18,0.1530593187,0.2317629153,0.3745704889,0.342067229,0.3395250738,0.3073805699,0.1328451037,0.1187892865
1890,CDS + 3'UTR,18,0.3099309504,0.2325823599,0.315302372,0.3415105548,0.2772737741,0.3072123082,0.09749282897,0.1186947784
1891,CDS + 3'UTR,18,0.2180899978,0.2328576759,0.3473063111,0.3410495095,0.3159537613,0.3073135545,0.1186499745,0.1187792617
1892,CDS + 3'UTR,18,0.1839165539,0.2314348498,0.3539756536,0.3412303526,0.3294718266,0.3081127672,0.1326359808,0.1192220327
1893,CDS + 3'UTR,18,0.3522108793,0.2333587699,0.307444185,0.3403963421,0.2531891167,0.3074490821,0.08715581894,0.1187958079
1894,CDS + 3'UTR,18,0.2108700722,0.2340509132,0.3364092112,0.3398376204,0.3216097653,0.3073124832,0.131110996,0.1187989852
1895,CDS + 3'UTR,18,0.2069404572,0.2334603464,0.3455140889,0.3394008458,0.3162913024,0.3080338953,0.1312541813,0.1191049138
1896,CDS + 3'UTR,18,0.3152239323,0.2350202342,0.317481488,0.3389955029,0.2677506804,0.3073016251,0.09954389185,0.1186826393
1897,CDS + 3'UTR,18,0.2048220783,0.2356281241,0.3376387656,0.3387040846,0.32517308,0.3070994863,0.1323660165,0.1185683057
1898,CDS + 3'UTR,18,0.1715976447,0.2341992825,0.3617922664,0.3390664108,0.3320165873,0.3078000313,0.1345935017,0.118934277
1899,CDS + 3'UTR,18,0.3412943482,0.2357036605,0.310529232,0.3387769178,0.2618258893,0.3070660168,0.08635053039,0.118453406
1900,CDS + 3'UTR,18,0.2130662352,0.2365249783,0.3270483017,0.3381762657,0.3226202428,0.3069608016,0.1372652352,0.1183379561
1901,CDS + 3'UTR,18,0.2128138244,0.2348014344,0.3412624598,0.3387487605,0.3117824197,0.307672401,0.1341412663,0.1187774044
1902,CDS + 3'UTR,18,0.355976671,0.2358032398,0.3145160675,0.3386152197,0.2479587346,0.30720654,0.08154854923,0.1183750008
1903,CDS + 3'UTR,18,0.1983829141,0.2367864896,0.3531413078,0.3381514687,0.3234955072,0.3067938661,0.1249802932,0.1182681755
1904,CDS + 3'UTR,18,0.1999643743,0.2356386304,0.3426018953,0.3382344868,0.3260908723,0.3074377989,0.1313428134,0.1186890835
1905,CDS + 3'UTR,18,0.3358165324,0.2374469955,0.3043981194,0.3374794364,0.2660718262,0.3066951631,0.09371349216,0.1183784052
1906,CDS + 3'UTR,18,0.2276393026,0.2376489153,0.3360109031,0.3368798554,0.3220432401,0.3070414023,0.1143065393,0.1184298269
1907,CDS + 3'UTR,18,0.1756696254,0.2362193467,0.3742713034,0.3372626312,0.3237223625,0.3077736059,0.1263367087,0.1187444152
1908,CDS + 3'UTR,18,0.2881599963,0.2370075556,0.3157022893,0.3369692054,0.2871047258,0.3074371917,0.1090330034,0.1185860454
1909,CDS + 3'UTR,18,0.200498715,0.2378382068,0.3364546299,0.3364241187,0.3320299089,0.3072552545,0.1310167611,0.1184824181
1910,CDS + 3'UTR,18,0.1541098952,0.2359899823,0.3726100922,0.3368750256,0.3393485546,0.3081696799,0.1339314282,0.1189653104
1911,CDS + 3'UTR,18,0.3646455407,0.2372215113,0.2968989611,0.3365090396,0.2503945529,0.3076027537,0.08806105703,0.1186666941
1912,CDS + 3'UTR,17,0.1935421377,0.2376633687,0.3472568691,0.3362990461,0.329521805,0.3075076269,0.1296792328,0.1185299566
1913,CDS + 3'UTR,18,0.1927489638,0.2361800237,0.3458715975,0.3367867339,0.3323104084,0.3082473895,0.1290689856,0.1187858515
1914,CDS + 3'UTR,18,0.3417319655,0.2378608149,0.302031517,0.3363085937,0.2649428844,0.307474882,0.09129364789,0.1183557088
1915,CDS + 3'UTR,18,0.1894860864,0.23832535,0.3553616107,0.335995831,0.3236726522,0.3075038275,0.1314796656,0.1181749908
1916,CDS + 3'UTR,18,0.1830391735,0.2370001007,0.3509063721,0.3366762549,0.3325452209,0.3080200819,0.1335092336,0.1183035621
1917,CDS + 3'UTR,18,0.3117073774,0.2385737821,0.3267117739,0.3364219047,0.266985774,0.3072262054,0.09459511191,0.117778108
1918,CDS + 3'UTR,18,0.2485584617,0.239264692,0.3204036951,0.3358524099,0.3111461997,0.3071612475,0.1198916435,0.1177216507
1919,CDS + 3'UTR,18,0.1807048917,0.2370015739,0.3513635993,0.3367690179,0.336167872,0.3080717532,0.1317636371,0.1181576552
1920,CDS + 3'UTR,18,0.3106616139,0.2387627425,0.2986910343,0.3362642165,0.2850713134,0.3072607176,0.105576016,0.1177123238
1921,CDS + 3'UTR,18,0.2073571086,0.2392998785,0.3534472883,0.3357201759,0.3183427453,0.3072637202,0.1208528653,0.1177162259
1922,CDS + 3'UTR,17,0.1890084445,0.2369484216,0.3480866849,0.3363020331,0.3305034637,0.3084159898,0.1324014068,0.1183335559
1923,CDS + 3'UTR,18,0.2919749022,0.2387770362,0.3328636885,0.3356687874,0.2747520506,0.3076220701,0.1004093438,0.1179321059
1924,CDS + 3'UTR,17,0.2183040082,0.2389421768,0.3414065838,0.335592458,0.3195427656,0.307575977,0.1207466125,0.1178893882
1925,CDS + 3'UTR,17,0.1590688974,0.2368231991,0.3652729988,0.3360476382,0.3383485675,0.3086944668,0.1373095512,0.1184346955
1926,CDS + 3'UTR,17,0.2694357336,0.2379826378,0.343306005,0.3354043692,0.2799975872,0.3084053321,0.107260637,0.1182076607
1927,CDS + 3'UTR,17,0.2001148164,0.2383168679,0.3359403014,0.335286928,0.3337678313,0.3083146015,0.1301770657,0.1180816032
1928,CDS + 3'UTR,17,0.2062975317,0.2362007083,0.3314700425,0.3355965551,0.3321994245,0.3095236229,0.1300330013,0.1186791142
1929,CDS + 3'UTR,16,0.2650616765,0.2386192841,0.316640377,0.3349674672,0.3013062775,0.308321075,0.1169917062,0.1180921743
1930,CDS + 3'UTR,17,0.2001486421,0.2394011619,0.3222899139,0.3346320696,0.3392787874,0.3080659004,0.1382826567,0.1179008688
1931,CDS + 3'UTR,17,0.1695278138,0.2375798933,0.3564024866,0.3351263508,0.3379527032,0.3089491373,0.1361170262,0.1183446196
1932,CDS + 3'UTR,17,0.3448951244,0.2387580462,0.2950461209,0.3348298684,0.2661280632,0.3083724568,0.09393069148,0.1180396284
1933,CDS + 3'UTR,17,0.2273240834,0.2394556342,0.3364588618,0.3345744412,0.3104429245,0.3080997573,0.1257741451,0.1178701665
1934,CDS + 3'UTR,17,0.2204921693,0.2375506733,0.3313362002,0.3349904366,0.3241204619,0.3090212496,0.1240511388,0.11843764
1935,CDS + 3'UTR,17,0.3004248142,0.2393288882,0.3211814463,0.3345888253,0.2791202068,0.3082136957,0.09927356243,0.1178685899
1936,CDS + 3'UTR,17,0.1931685805,0.2394540902,0.3370396495,0.3344074678,0.3363492489,0.3083378205,0.1334424615,0.1178006199
1937,CDS + 3'UTR,17,0.1867534667,0.2379876623,0.3629585207,0.3348197088,0.326279968,0.3090360055,0.1240080968,0.1181566218
1938,CDS + 3'UTR,17,0.3101739883,0.2395897508,0.3228324652,0.334252299,0.2705750763,0.3084223246,0.09641844779,0.1177356246
1939,CDS + 3'UTR,17,0.2365357727,0.239966025,0.3290093839,0.3341277443,0.3129037917,0.3083289912,0.1215510815,0.1175772375
1940,CDS + 3'UTR,17,0.1927270293,0.23804536,0.3589537144,0.3345317841,0.3224472702,0.3092850903,0.1258719116,0.1181377635
1941,CDS + 3'UTR,17,0.2786983848,0.2394486286,0.3456590474,0.3342235416,0.2779340446,0.3086944321,0.09770849347,0.1176333955
1942,CDS + 3'UTR,16,0.248972863,0.2392731864,0.3341578245,0.3344501052,0.2974288464,0.3087614553,0.1194404662,0.1175152513
1943,CDS + 3'UTR,17,0.2272205353,0.2373190958,0.3302995265,0.3348713011,0.3155011833,0.3097399198,0.126978755,0.1180696819
1944,CDS + 3'UTR,17,0.3105971515,0.2385512482,0.3141784668,0.3343039915,0.2688118815,0.3092843316,0.1064125076,0.1178604272
1945,CDS + 3'UTR,17,0.1726418436,0.2387712905,0.350779295,0.3340219986,0.3401072323,0.3093247093,0.1364716291,0.1178820006
1946,CDS + 3'UTR,17,0.2151431739,0.2371694501,0.3408106863,0.3344248097,0.3219078183,0.3100857191,0.1221382767,0.1183200204
1947,CDS + 3'UTR,17,0.2362164855,0.2391179929,0.3442406654,0.3338342194,0.3033219874,0.3091068251,0.1162208244,0.117940963
1948,CDS + 3'UTR,17,0.2269396335,0.2396095425,0.3248378634,0.3331685171,0.3260496259,0.3091897739,0.1221728772,0.1180321666
1949,CDS + 3'UTR,17,0.1657648981,0.2379684433,0.3490722179,0.3337251045,0.3458941877,0.309943085,0.1392686814,0.1183633667
1950,CDS + 3'UTR,17,0.3027336001,0.2392401842,0.3129180968,0.3332951628,0.2810474932,0.3093915464,0.1033008695,0.1180731064
1951,CDS + 3'UTR,17,0.1986996084,0.2400524139,0.3507431746,0.3327967279,0.3252899647,0.3092013845,0.1252672225,0.1179494735
1952,CDS + 3'UTR,17,0.1694313288,0.2379242385,0.3637106121,0.3335085362,0.3401943743,0.3101789759,0.1266636848,0.1183882479
1953,CDS + 3'UTR,17,0.3194630146,0.2391188741,0.3160960376,0.3332029946,0.2677198946,0.3096588181,0.09672109038,0.1180193113
1954,CDS + 3'UTR,17,0.1994815469,0.2396211151,0.3471142054,0.3330593117,0.3311712742,0.3093821997,0.1222329736,0.117937372
1955,CDS + 3'UTR,17,0.1932760477,0.2379291292,0.3647891283,0.3336013831,0.3215313554,0.310150432,0.1204035133,0.1183190534
1956,CDS + 3'UTR,17,0.3500505984,0.2391675048,0.307861805,0.332994264,0.2538914382,0.3098334743,0.08819616586,0.1180047551
1957,CDS + 3'UTR,17,0.2256149352,0.2398211323,0.3319655061,0.332617804,0.3173308969,0.3097084688,0.1250886321,0.1178525933
1958,CDS + 3'UTR,17,0.1935246736,0.2380514376,0.3578901887,0.3329836305,0.3236956596,0.3106897822,0.1248895153,0.1182751475
1959,CDS + 3'UTR,17,0.3443542719,0.2388068106,0.2954589725,0.3328158807,0.2659285665,0.3103280952,0.09425818175,0.1180492109
1960,CDS + 3'UTR,17,0.2008595616,0.2390826251,0.3373375535,0.3328317869,0.331615448,0.3102180617,0.130187422,0.1178675234
1961,CDS + 3'UTR,17,0.1769302785,0.237918379,0.3440929949,0.3334061678,0.3466995955,0.3106112098,0.1322771311,0.1180642405
1962,CDS + 3'UTR,17,0.3292811513,0.2392972698,0.3137863576,0.3328420382,0.263243854,0.31012253,0.09368859977,0.1177381595
1963,CDS + 3'UTR,17,0.2060899436,0.2395349158,0.3341217637,0.3325377852,0.3306075037,0.3101620911,0.1291808188,0.1177652056
1964,CDS + 3'UTR,17,0.1774914414,0.23860573,0.3378953338,0.3325583648,0.3477720022,0.3107374387,0.1368412077,0.1180984643
1965,CDS + 3'UTR,17,0.3096686006,0.2397691125,0.2987824678,0.3321522657,0.2886071205,0.3102288531,0.1029417962,0.1178497671
1966,CDS + 3'UTR,17,0.2016463876,0.2408457946,0.3527383506,0.3316696037,0.3210122287,0.3098537119,0.1246030927,0.1176308875
1967,CDS + 3'UTR,17,0.1689068824,0.2399374371,0.3527294695,0.3318278342,0.345821172,0.3104603698,0.1325424761,0.1177743565
1968,CDS + 3'UTR,17,0.4041687548,0.2421708195,0.2799085677,0.3312110916,0.2360821962,0.3094109613,0.07984048128,0.1172071246
1969,CDS + 3'UTR,17,0.2156095356,0.2425230009,0.3477386832,0.3313909158,0.3191111088,0.3091134816,0.117540665,0.1169725981
1970,CDS + 3'UTR,17,0.1642294675,0.2419385901,0.3548448682,0.331433741,0.3479327261,0.3095120657,0.1329928935,0.1171155996
1971,CDS + 3'UTR,16,0.3123422265,0.2436816515,0.3235877156,0.3312268429,0.2698193192,0.3085513979,0.09425067902,0.1165401044
1972,CDS + 3'UTR,17,0.239723593,0.2443111228,0.3335414827,0.3308352031,0.3076558709,0.3084102739,0.1190790311,0.1164433965
1973,CDS + 3'UTR,17,0.1998140067,0.2430580566,0.3407238126,0.3310907234,0.326908499,0.3090992756,0.1325536966,0.1167519405
1974,CDS + 3'UTR,17,0.3531272709,0.2442984931,0.3042803109,0.3307449866,0.2570054531,0.3086116459,0.08558698744,0.1163448709
1975,CDS + 3'UTR,17,0.2169566154,0.2444054708,0.3310054839,0.3308552969,0.3262212873,0.3084564272,0.1258165836,0.1162828024
1976,CDS + 3'UTR,17,0.1979096979,0.2431828566,0.3504607677,0.3310523275,0.3236054778,0.3091131788,0.1280240417,0.1166516336
1977,CDS + 3'UTR,17,0.3329891562,0.2446665995,0.2922459841,0.3307301674,0.2760786116,0.3083878558,0.09868624061,0.1162153744
1978,CDS + 3'UTR,17,0.2016995847,0.2449094636,0.3518278897,0.3304759391,0.3245499134,0.3083436102,0.1219225377,0.116270983
1979,CDS + 3'UTR,17,0.1876411438,0.2433055284,0.3428524137,0.330999317,0.338313818,0.3091235679,0.1311926097,0.1165715831
1980,CDS + 3'UTR,17,0.3253277242,0.2447984081,0.3023889065,0.3304633833,0.2753675878,0.3085252438,0.09691578895,0.1162129607
1981,CDS + 3'UTR,17,0.1987784505,0.2453127855,0.3593875468,0.3301540833,0.3171442747,0.3083916582,0.1246897355,0.1161414695
1982,CDS + 3'UTR,17,0.1996494234,0.2443606118,0.3482117355,0.3299657807,0.3262358904,0.3091434408,0.1259029955,0.1165301641
1983,CDS + 3'UTR,17,0.2969551086,0.2454830734,0.3077565432,0.3295016021,0.2870484591,0.3088431053,0.1082399189,0.1161722159
1984,CDS + 3'UTR,17,0.2175677568,0.2452492982,0.3200424612,0.3298405897,0.3293210864,0.3088594932,0.1330686808,0.1160506156
1985,CDS + 3'UTR,17,0.2076693028,0.2441425184,0.336623013,0.3300232437,0.3269526064,0.3095519941,0.1287550777,0.1162822412
1986,CDS + 3'UTR,17,0.3835227191,0.2462795103,0.2887636721,0.3294544604,0.2437317222,0.3085422732,0.08398194611,0.1157237535
1987,CDS + 3'UTR,17,0.2149935961,0.2464030089,0.3210151196,0.3295054998,0.3303582668,0.3084458392,0.1336330026,0.1156456497
1988,CDS + 3'UTR,17,0.1568720639,0.2462680511,0.3602292836,0.3295659084,0.3473696113,0.3085322954,0.1355290115,0.1156337442
1989,CDS + 3'UTR,17,0.3022379875,0.2479286278,0.3020592928,0.3289895143,0.2879068255,0.3078207176,0.1077959314,0.1152611395
1990,CDS + 3'UTR,17,0.2190882713,0.2481994674,0.3327353001,0.3290470406,0.3241356015,0.3076536141,0.1240407974,0.1150998775
1991,CDS + 3'UTR,16,0.1943915039,0.2468542684,0.3538436294,0.3293605696,0.328601867,0.3083487783,0.1231630072,0.1154363824
1992,CDS + 3'UTR,17,0.2891129851,0.2492365593,0.3228135407,0.3286348063,0.2879091799,0.3073005578,0.1001643091,0.1148280757
1993,CDS + 3'UTR,17,0.2329282463,0.2500721006,0.334376961,0.3283233959,0.3101809323,0.3069575166,0.1225138381,0.114646986
1994,CDS + 3'UTR,17,0.2063730955,0.24886363,0.345397234,0.3284650929,0.3264014721,0.3076912174,0.1218281612,0.114980059
1995,CDS + 3'UTR,17,0.2885561287,0.2498760182,0.3067920804,0.328101467,0.2983160317,0.3071902713,0.1063358039,0.1148322424
1996,CDS + 3'UTR,17,0.2353293747,0.250370891,0.3207895756,0.3277078208,0.3225447834,0.3071748322,0.1213362888,0.1147464549
1997,CDS + 3'UTR,17,0.1701318026,0.248763716,0.3559778929,0.3281408783,0.3454908431,0.3079080598,0.1283994466,0.1151873445
1998,CDS + 3'UTR,17,0.3089883029,0.2502688037,0.3069837093,0.3277066488,0.2822112441,0.3072745359,0.1018167138,0.1147500105
1999,CDS + 3'UTR,17,0.2027700543,0.2506494867,0.3526360989,0.3273834549,0.3273651898,0.3071922066,0.1172286421,0.1147748503
2000,CDS + 3'UTR,17,0.2175219208,0.2491986008,0.3446415067,0.3278039053,0.3165231645,0.3079171164,0.1213133782,0.115080376
2001,CDS + 3'UTR,17,0.3176683784,0.2502059791,0.3083169162,0.327474973,0.2792483568,0.3075341986,0.09476638585,0.1147848478
2002,CDS + 3'UTR,17,0.2080201209,0.2507428637,0.3237464428,0.3274713643,0.3336683512,0.3071413876,0.1345651001,0.114644383
2003,CDS + 3'UTR,17,0.2176400423,0.2489669995,0.3345100582,0.3278490182,0.32077986,0.3080652384,0.1270700395,0.1151187429
2004,CDS + 3'UTR,17,0.3113746047,0.2505806079,0.3089186549,0.3273477636,0.2788559198,0.3073959423,0.1008508354,0.1146756848
2005,CDS + 3'UTR,17,0.2452034652,0.2510811359,0.326660037,0.3274122562,0.3083372712,0.307065515,0.1197991818,0.1144410918
2006,CDS + 3'UTR,17,0.1967671365,0.2497037979,0.355964452,0.3280741058,0.3285302222,0.3074519901,0.1187381595,0.1147701052
2007,CDS + 3'UTR,17,0.3787854016,0.2512277381,0.2866008878,0.3276230402,0.2498151511,0.306689403,0.08479851484,0.1144598164
2008,CDS + 3'UTR,17,0.2344720513,0.2517557791,0.3458559811,0.3273864403,0.3084010482,0.30645232,0.1112708747,0.1144054579
2009,CDS + 3'UTR,17,0.2183088064,0.2496047974,0.3200663924,0.3280937731,0.3331930041,0.3074263019,0.1284318268,0.1148751248
2010,CDS + 3'UTR,17,0.3395935595,0.2505418552,0.3057380617,0.327655283,0.2624253631,0.3069559181,0.09224304557,0.1148469415
2011,CDS + 3'UTR,17,0.2198855132,0.2512414617,0.325071305,0.3273511339,0.3266627789,0.306720292,0.128380388,0.1146871116
2012,CDS + 3'UTR,17,0.2446498275,0.2496710863,0.3154877424,0.3276441038,0.3212482035,0.3075638605,0.1186142117,0.115120949
2013,CDS + 3'UTR,17,0.3265590072,0.2506720051,0.3087999225,0.3271619182,0.2714325488,0.3072904872,0.09320858121,0.114875589
2014,CDS + 3'UTR,17,0.229050383,0.2506802334,0.3401610255,0.3273310147,0.3117029667,0.3072636439,0.1190856621,0.1147251075
2015,CDS + 3'UTR,17,0.2026156783,0.2486864038,0.3369438946,0.3279015455,0.3316603303,0.3081922302,0.1287800521,0.1152198198
2016,CDS + 3'UTR,17,0.311868012,0.2498293493,0.3112668395,0.3276118197,0.2783234119,0.3076576592,0.09854172915,0.1149011713
2017,CDS + 3'UTR,17,0.2061825991,0.2497758409,0.3426202536,0.3274212245,0.3227403164,0.3079028161,0.1284567863,0.1149001182
2018,CDS + 3'UTR,17,0.1818591654,0.24865942,0.3647027016,0.3277410995,0.3329716921,0.3084365746,0.1204664558,0.1151629055
2019,CDS + 3'UTR,17,0.3559661508,0.2495738443,0.28613469,0.3273272563,0.2650378644,0.3081245651,0.0928612873,0.1149743349
2020,CDS + 3'UTR,17,0.2338772267,0.2501737759,0.3342097104,0.3271222081,0.3117604256,0.3078859968,0.120152615,0.1148180207
2021,CDS + 3'UTR,17,0.2025244832,0.2486975143,0.3305948377,0.3274234109,0.3380766511,0.3086075129,0.1288040578,0.1152715632
2022,CDS + 3'UTR,17,0.3387697935,0.2503610415,0.2970235348,0.3268825859,0.2734020054,0.3078899754,0.09080461413,0.1148663986
2023,CDS + 3'UTR,17,0.20851852,0.250822798,0.3574185371,0.326828891,0.3168122172,0.3076939618,0.1172507331,0.1146543499
2024,CDS + 3'UTR,17,0.2220547646,0.2498414781,0.3287907839,0.327068352,0.3242119551,0.3082228923,0.124942556,0.114867278
2025,CDS + 3'UTR,17,0.343601197,0.2510730466,0.3052766323,0.3268738516,0.2593295574,0.3075761655,0.09179261327,0.114476936
2026,CDS + 3'UTR,17,0.225023061,0.2512311624,0.3448938429,0.3270588696,0.3141930997,0.3074908962,0.1158899665,0.1142190718
2027,CDS + 3'UTR,17,0.2254198641,0.2489744818,0.3490733504,0.3277371351,0.3102384806,0.3085607659,0.1152683869,0.1147276164
2028,CDS + 3'UTR,17,0.3597857654,0.2503188306,0.2787263393,0.3273261219,0.2691234052,0.3079066228,0.09236450493,0.1144484241
2029,CDS + 3'UTR,17,0.1874320656,0.2513815189,0.3536743224,0.3269537576,0.3325259089,0.307519792,0.126367718,0.114144932
2030,CDS + 3'UTR,17,0.1951176822,0.2507535828,0.3380004168,0.3271524213,0.3366606236,0.3078797709,0.1302212626,0.1142142253
2031,CDS + 3'UTR,17,0.3892828822,0.2527265001,0.2926821113,0.3265176464,0.2414323241,0.3071008209,0.07660268247,0.1136550338
2032,CDS + 3'UTR,17,0.2362746298,0.2529615043,0.3387977779,0.3264898181,0.3127510846,0.3070008453,0.1121765152,0.113547833
2033,CDS + 3'UTR,17,0.2227853686,0.2521524105,0.327431798,0.3266152341,0.326415956,0.3074677851,0.1233669296,0.1137645713
2034,CDS + 3'UTR,17,0.2804726064,0.2534507338,0.3180241287,0.3261731286,0.2910955846,0.3070650838,0.110407643,0.1133110555
2035,CDS + 3'UTR,17,0.23286587,0.2538551668,0.3332974315,0.3258749451,0.3202962279,0.3069800567,0.1135405153,0.1132898334
2036,CDS + 3'UTR,17,0.2214765996,0.2530630056,0.3425064087,0.3262943484,0.3125496507,0.3072159417,0.1234673336,0.1134267051
2037,CDS + 3'UTR,17,0.3460219502,0.253842332,0.2972271442,0.3260641772,0.266648978,0.3068689484,0.09010191262,0.1132245424
2038,CDS + 3'UTR,17,0.2239793092,0.2545851361,0.3320346773,0.3258748185,0.3171093166,0.3065215684,0.1268766969,0.113018477
2039,CDS + 3'UTR,17,0.2282834053,0.2531676799,0.329095006,0.3263583481,0.3239213526,0.3072134223,0.1187002361,0.11326055
2040,CDS + 3'UTR,17,0.2814498246,0.2541810453,0.3110229671,0.3259133957,0.3009820282,0.3067976758,0.1065451652,0.1131078842
2041,CDS + 3'UTR,17,0.2198810428,0.2541798139,0.3438042998,0.3258143194,0.3152747154,0.3069318678,0.1210399494,0.1130740005
2042,CDS + 3'UTR,17,0.1872120202,0.2524555312,0.3439986706,0.3263194304,0.3371519148,0.3077423226,0.1316373944,0.1134827169
2043,CDS + 3'UTR,17,0.3351786137,0.2535234736,0.2940213978,0.3260495041,0.2770638168,0.3072900508,0.09373617172,0.1131369729
2044,CDS + 3'UTR,17,0.2175336778,0.2533024918,0.3430547416,0.3260794211,0.3213378191,0.3074560504,0.1180737689,0.1131620377
2045,CDS + 3'UTR,17,0.1994815618,0.2516549986,0.3517304361,0.3265051462,0.3195251226,0.3082612775,0.1292628646,0.1135785786
2046,CDS + 3'UTR,17,0.3235616088,0.2527835894,0.3166531026,0.3259875339,0.2600052655,0.3079163473,0.09977998585,0.1133125309
2047,CDS + 3'UTR,17,0.2111501545,0.2532006277,0.3338014781,0.3257002927,0.326854527,0.3077925712,0.1281937957,0.1133065101
2048,CDS + 3'UTR,17,0.2320902199,0.2513788586,0.3364951909,0.3261979107,0.3140007555,0.3086451566,0.1174138337,0.1137780759
2049,CDS + 3'UTR,17,0.2905741632,0.2525722142,0.3126594722,0.3258021928,0.2814804018,0.3081429282,0.1152860075,0.1134826675
2050,CDS + 3'UTR,17,0.2201979905,0.2527938973,0.3305129409,0.3259101514,0.329082638,0.3079571055,0.1202064976,0.1133388482
2051,CDS + 3'UTR,17,0.1867121905,0.2511872893,0.347025305,0.3262651369,0.3373048007,0.3087865366,0.1289576739,0.1137610395
2052,CDS + 3'UTR,17,0.3197970986,0.2527299702,0.2949666381,0.3258453045,0.2857860029,0.3081320537,0.0994502306,0.1132926736
2053,CDS + 3'UTR,17,0.2004722655,0.2527715616,0.3542515337,0.3258960061,0.3247610331,0.308066296,0.1205151752,0.113266139
2054,CDS + 3'UTR,17,0.1936209053,0.2511202907,0.3499227762,0.326356893,0.331292361,0.3088938372,0.1251639724,0.1136289812
2055,CDS + 3'UTR,17,0.3083922565,0.2525380511,0.3078274131,0.3258269962,0.2834556103,0.308338551,0.1003247052,0.1132964036
2056,CDS + 3'UTR,17,0.1936290264,0.2529168289,0.3352131546,0.3257183809,0.3432180285,0.3082223868,0.1279397905,0.1131424062
2057,CDS + 3'UTR,17,0.2436754853,0.2517573934,0.3178359866,0.3261001829,0.3187792897,0.308786094,0.1197092235,0.1133563329
2058,CDS + 3'UTR,17,0.2748535275,0.2524130069,0.3187204301,0.3257160407,0.2995891571,0.3086437223,0.1068368927,0.1132272339
2059,CDS + 3'UTR,17,0.235635668,0.2527478583,0.3264485598,0.3252962902,0.3192283511,0.3087263895,0.1186874732,0.1132294654
2060,CDS + 3'UTR,17,0.2072267979,0.2507079596,0.3264851272,0.3259431142,0.3330888748,0.3096749263,0.1331991851,0.1136740038
2061,CDS + 3'UTR,17,0.3318606317,0.251480265,0.3161215484,0.3256001972,0.2597412765,0.3094610335,0.09227657318,0.1134585087
2062,CDS + 3'UTR,17,0.2365899384,0.2518918041,0.3439161479,0.3254895039,0.3105548024,0.3092336273,0.1089390963,0.1133850687
2063,CDS + 3'UTR,17,0.2184495181,0.2501472071,0.3269134164,0.3259783179,0.3293628991,0.3100729952,0.1252741665,0.1138014846
2064,CDS + 3'UTR,17,0.3160932362,0.2516912436,0.3044824302,0.3250217751,0.2775829434,0.3096855344,0.1018413231,0.1136014517
2065,CDS + 3'UTR,17,0.2203185707,0.2518960023,0.3514244556,0.3249294538,0.3201310635,0.3095753418,0.10812594,0.1135992055
2066,CDS + 3'UTR,17,0.2029882669,0.2503749697,0.3430249095,0.3253133442,0.329321295,0.3102891417,0.1246655136,0.1140225478
2067,CDS + 3'UTR,17,0.3225415051,0.2517843744,0.2881340683,0.324505204,0.2780268192,0.309900433,0.1112976149,0.1138099928
2068,CDS + 3'UTR,17,0.2418871224,0.251989799,0.3304401338,0.3238364309,0.3164231479,0.3101631457,0.111249648,0.1140106276
2069,CDS + 3'UTR,17,0.2520031035,0.2502923518,0.3179523945,0.3246390563,0.3167051375,0.310783801,0.1133393943,0.114284794
2070,CDS + 3'UTR,17,0.3769216537,0.2519630866,0.281953305,0.3238268118,0.2618196011,0.3102299416,0.07930547744,0.1139801632
2071,CDS + 3'UTR,17,0.2131918371,0.2522864159,0.3516173661,0.3237127628,0.3206038177,0.3101090411,0.1145869419,0.1138917834
2072,CDS + 3'UTR,17,0.2243854851,0.250315167,0.3328468204,0.3241202604,0.3252643645,0.3111572586,0.1175033748,0.1144073174
2073,CDS + 3'UTR,17,0.3367941082,0.2508850951,0.2990085185,0.3237559371,0.2779648304,0.3109706227,0.08623257279,0.1143883483
2074,CDS + 3'UTR,17,0.2387277335,0.2512609432,0.3215425611,0.3235820543,0.3195993006,0.3108371828,0.1201303974,0.1143198223
2075,CDS + 3'UTR,16,0.2251832336,0.250216978,0.3403443396,0.3237837199,0.3171868324,0.3114512436,0.1172855347,0.114548061
2076,CDS + 3'UTR,16,0.2976754904,0.2508161433,0.3023758829,0.3233986575,0.2947853208,0.3112244099,0.1051632762,0.1145607918
2077,CDS + 3'UTR,16,0.2295561284,0.2510028915,0.3408291936,0.3230902743,0.3177004457,0.3113886103,0.11191421,0.1145182265
2078,CDS + 3'UTR,16,0.1955918074,0.2495528866,0.3456660807,0.3234159078,0.337559551,0.3120846078,0.1211825535,0.1149466002
2079,CDS + 3'UTR,16,0.2838392854,0.2506995885,0.317039907,0.3230235666,0.2941054702,0.3117120478,0.1050153822,0.1145647997
2080,CDS + 3'UTR,16,0.2174234092,0.2511588292,0.3367154002,0.322657321,0.3272585273,0.3115309507,0.1186026782,0.1146529015
2081,CDS + 3'UTR,16,0.1797257662,0.2502866065,0.3487257957,0.3228442214,0.3440847397,0.3119616691,0.1274636984,0.1149075054
2082,CDS + 3'UTR,16,0.2934555113,0.2516543128,0.3021523356,0.3223101422,0.2974866033,0.3114240151,0.1069055796,0.1146115321
2083,CDS + 3'UTR,16,0.1999614984,0.2522347262,0.3369034231,0.3219336819,0.3340598345,0.3113002323,0.1290752292,0.1145313616
2084,CDS + 3'UTR,16,0.1795751452,0.2507434757,0.3429766595,0.3224222936,0.3432740867,0.3119044136,0.1341741085,0.114929819
2085,CDS + 3'UTR,16,0.3354907334,0.2518014954,0.2852510512,0.3220260043,0.2807428539,0.3114810131,0.09851536155,0.1146914892
2086,CDS + 3'UTR,16,0.2301301956,0.2517227925,0.3329851627,0.3221193194,0.3186281323,0.3115233645,0.1182564944,0.1146345261
2087,CDS + 3'UTR,16,0.2330438793,0.25018366,0.3264103234,0.3221983228,0.3180219829,0.3125442043,0.1225237846,0.1150738156
2088,CDS + 3'UTR,16,0.3299404979,0.2519971631,0.3141985536,0.3217361584,0.268222779,0.3117915206,0.08763819933,0.1144751611
2089,CDS + 3'UTR,16,0.2360434532,0.2518745786,0.3287030756,0.3215951312,0.3183271885,0.3119894102,0.1169262826,0.114540883
2090,CDS + 3'UTR,16,0.2110649198,0.2509079281,0.3341369033,0.3217666443,0.3287798464,0.312610691,0.1260183454,0.1147147387
2091,CDS + 3'UTR,16,0.3432999849,0.252417236,0.2914847136,0.3214004532,0.2743041515,0.3118781667,0.09091112018,0.1143041457
2092,CDS + 3'UTR,16,0.2479771376,0.2529002653,0.3195438683,0.3210627221,0.315987587,0.3118308846,0.1164914444,0.11420613
2093,CDS + 3'UTR,16,0.1944573373,0.2515061382,0.3456708789,0.321522335,0.3376358449,0.3125001244,0.1222359538,0.1144714047
2094,CDS + 3'UTR,16,0.3424712121,0.2530664615,0.2977692783,0.3208453018,0.267280072,0.3119950879,0.09247945994,0.1140931513
2095,CDS + 3'UTR,16,0.2329179049,0.2538515011,0.3282546699,0.3204046484,0.3223671913,0.311738427,0.1164602563,0.1140054265
2096,CDS + 3'UTR,16,0.2191131711,0.252679321,0.3418110013,0.320980553,0.3234199882,0.3121213831,0.1156558692,0.1142187459
2097,CDS + 3'UTR,16,0.2586316764,0.2537697291,0.3118888736,0.3207144212,0.311350584,0.3116142072,0.118128866,0.1139016457
2098,CDS + 3'UTR,16,0.2086472809,0.2535943363,0.3311226666,0.3208150189,0.3395850658,0.3117031235,0.1206449717,0.1138875243
2099,CDS + 3'UTR,16,0.1927742511,0.2523910277,0.3378806114,0.3210456647,0.3409208059,0.312352192,0.1284243613,0.114211119
2100,CDS + 3'UTR,16,0.295661658,0.2533820409,0.3067763448,0.3206008628,0.2946490049,0.3120078746,0.1029130071,0.1140092245
2101,CDS + 3'UTR,16,0.2354476154,0.2534871487,0.3217393756,0.320621971,0.3198841512,0.3119924314,0.1229288578,0.1138984521
2102,CDS + 3'UTR,16,0.1992020309,0.2519771317,0.3361286521,0.3207742389,0.3405514359,0.3128966358,0.1241178811,0.1143519961
2103,CDS + 3'UTR,16,0.3320414424,0.2528060338,0.2808951139,0.3203018256,0.2858153582,0.3126448799,0.1012481079,0.1142472635
2104,CDS + 3'UTR,16,0.2384354621,0.2527441436,0.3214050829,0.3205819514,0.3153965473,0.31256916,0.1247628555,0.1141047473
2105,CDS + 3'UTR,16,0.2219185829,0.2513682734,0.3359878659,0.3211245731,0.3164335489,0.3132051729,0.1256600022,0.114301984
2106,CDS + 3'UTR,16,0.337775439,0.2526458511,0.2802426219,0.3203709576,0.2830964029,0.3127952594,0.098885566,0.1141879347
2107,CDS + 3'UTR,16,0.2418538332,0.2527751742,0.295571506,0.3204746276,0.3312554955,0.3126687288,0.1313191652,0.1140814723
2108,CDS + 3'UTR,16,0.2239899933,0.251157563,0.3429363668,0.3212380558,0.3187758327,0.3134160515,0.1142978221,0.114188333
2109,CDS + 3'UTR,16,0.3210908473,0.2521289999,0.2886947691,0.3208393525,0.2882171571,0.3130093232,0.1019972488,0.1140223265
2110,CDS + 3'UTR,16,0.2209840268,0.2517483607,0.3288764954,0.3209853858,0.3269885778,0.3132196091,0.1231508851,0.1140466464
2111,CDS + 3'UTR,16,0.2315829694,0.2492444888,0.325281918,0.3219199214,0.3252897263,0.3142768838,0.1178454012,0.1145587076
2112,CDS + 3'UTR,16,0.281868875,0.2503607888,0.3096519113,0.3214202646,0.2978202105,0.3138606023,0.1106589884,0.1143583458
2113,CDS + 3'UTR,16,0.2528532147,0.2500442585,0.3135211766,0.3214079,0.3157407641,0.3140156161,0.1178848445,0.1145322265
2114,CDS + 3'UTR,16,0.1969553977,0.2482022438,0.3341573775,0.3218126029,0.3402204514,0.3148603149,0.1286667436,0.1151248392
2115,CDS + 3'UTR,16,0.2807990909,0.2484420462,0.3024924397,0.3218177631,0.3021495342,0.3146334194,0.1145589724,0.1151067724
2116,CDS + 3'UTR,16,0.2364164591,0.2486638807,0.3178357482,0.3214690685,0.3256856799,0.3147691861,0.1200621128,0.1150978663
2117,CDS + 3'UTR,16,0.2300215513,0.2474144354,0.3232778311,0.3217788685,0.3223287761,0.3153729834,0.1243718117,0.115433715
2118,CDS + 3'UTR,16,0.315715462,0.2480202707,0.300647378,0.321573212,0.2873045206,0.3149986632,0.09633265436,0.1154078569
2119,CDS + 3'UTR,16,0.2650226653,0.2483698776,0.2997953594,0.3213891093,0.3094335794,0.3148662228,0.125748381,0.1153747938
2120,CDS + 3'UTR,16,0.211672008,0.2471976338,0.3259750009,0.3218511026,0.3354395032,0.3153636429,0.126913473,0.1155876233
2121,CDS + 3'UTR,16,0.3292975426,0.2490743292,0.3010779619,0.3210931662,0.2722623944,0.314630476,0.09736208618,0.115202031
2122,CDS + 3'UTR,16,0.2336450964,0.2498276843,0.3138818443,0.3206122044,0.3272492886,0.31442196,0.1252237558,0.1151381537
2123,CDS + 3'UTR,16,0.215878576,0.2487331018,0.3331103325,0.320918614,0.3253983259,0.3149283811,0.1256127656,0.1154199047
2124,CDS + 3'UTR,16,0.3021752536,0.2499687934,0.3113515973,0.3205194771,0.287465781,0.3144280843,0.09900738299,0.1150836469
2125,CDS + 3'UTR,16,0.1931853294,0.2510542983,0.3591956496,0.3200580459,0.3229132295,0.3140913844,0.1247058213,0.1147962725
2126,CDS + 3'UTR,16,0.2004310042,0.2496801523,0.3229733706,0.3206285223,0.3416724503,0.3146773975,0.1349231452,0.1150139292
2127,CDS + 3'UTR,16,0.356230408,0.2510842973,0.2968283296,0.319943333,0.2666398287,0.3142172989,0.0803014338,0.1147550724
2128,CDS + 3'UTR,16,0.2222834527,0.2514876528,0.3252130151,0.3196856,0.329831928,0.3142228454,0.1226715818,0.1146039038
2129,CDS + 3'UTR,16,0.2132421285,0.2501879482,0.3263805211,0.3198826265,0.3311828673,0.3149376325,0.1291944683,0.114991794
2130,CDS + 3'UTR,16,0.3409426212,0.2507985512,0.3012176454,0.3193735648,0.2704806924,0.3149013977,0.08735905588,0.1149264873
2131,CDS + 3'UTR,16,0.2253545374,0.2512291508,0.3200068176,0.3191704273,0.3335222304,0.314816732,0.1211164147,0.1147836904
2132,CDS + 3'UTR,16,0.2082669288,0.2499731658,0.3317356706,0.3194756404,0.3393251896,0.3154680185,0.1206722111,0.1150831762
2133,CDS + 3'UTR,16,0.3252981305,0.2513614571,0.3000888824,0.3188816097,0.284358114,0.3149852537,0.09025490284,0.1147716798
2134,CDS + 3'UTR,16,0.2564240694,0.2523439683,0.3146705031,0.318226004,0.3107594848,0.3147201341,0.1181459874,0.1147098937
2135,CDS + 3'UTR,16,0.2146178484,0.2508075893,0.3538997769,0.3185529049,0.3140920997,0.3155729324,0.1173902601,0.1150665733
2136,CDS + 3'UTR,16,0.2808616757,0.2518832516,0.3139226139,0.318052195,0.3026439548,0.3151781343,0.1025717705,0.1148864189
2137,CDS + 3'UTR,16,0.2296440601,0.2522602424,0.3258838058,0.3177416738,0.3258925974,0.315065581,0.1185795143,0.114932502
2138,CDS + 3'UTR,16,0.1785888374,0.2517899079,0.337172091,0.3179039914,0.3515146375,0.3153418895,0.1327244639,0.1149642105
2139,CDS + 3'UTR,16,0.3149167299,0.2541369932,0.290864408,0.3170073483,0.2916829586,0.3143600602,0.1025359184,0.1144955977
2140,CDS + 3'UTR,16,0.2156354189,0.2544518474,0.3281737864,0.3167025644,0.3318534195,0.3143592361,0.1243373901,0.1144863504
2141,CDS + 3'UTR,16,0.2110592723,0.2538075326,0.3283029795,0.3167042773,0.3320776224,0.3147823978,0.128560096,0.1147057906
2142,CDS + 3'UTR,16,0.3029021025,0.253978047,0.3061230779,0.3163269158,0.2904143333,0.3149888787,0.1005604863,0.114706157
2143,CDS + 3'UTR,16,0.2134983093,0.2544996204,0.3493234813,0.3161396928,0.3233053088,0.3147073146,0.1138728708,0.1146533705
2144,CDS + 3'UTR,16,0.2060236186,0.252807769,0.3478921652,0.3168049335,0.3284639716,0.3153859977,0.1176202595,0.1150012976
2145,CDS + 3'UTR,16,0.322524786,0.2541860677,0.2911352217,0.3162829563,0.2873379886,0.3149097007,0.09900199622,0.1146212743
2146,CDS + 3'UTR,16,0.2133341134,0.2544652421,0.3513185084,0.3161281642,0.3191988468,0.3149143476,0.1161485165,0.1144922452
2147,CDS + 3'UTR,16,0.1931326091,0.2530651759,0.3492083251,0.3168488592,0.3378126323,0.3154526707,0.1198464781,0.1146332933
2148,CDS + 3'UTR,16,0.3196020722,0.2540895496,0.2985438704,0.3168768082,0.2838848829,0.3149010766,0.09796912223,0.1141325654
2149,CDS + 3'UTR,15,0.2215519696,0.2542795788,0.3296350539,0.3166661195,0.333528012,0.3149838749,0.1152849868,0.114070426
2150,CDS + 3'UTR,16,0.1766119003,0.2530324928,0.356716156,0.3172102477,0.3464015722,0.3155115385,0.1202703789,0.1142457196
2151,CDS + 3'UTR,16,0.3024958372,0.2533290278,0.3116448224,0.317238909,0.287301302,0.3152430497,0.09855799377,0.114189012
2152,CDS + 3'UTR,16,0.1990630627,0.2535075184,0.3318576515,0.3172080465,0.3376654685,0.3151273463,0.1314138323,0.1141570869
2153,CDS + 3'UTR,16,0.1894329339,0.2526908746,0.3313847482,0.3175009746,0.3455407321,0.3155607663,0.1336415857,0.114247383
2154,CDS + 3'UTR,16,0.2579119205,0.2534638217,0.3219553828,0.3174043793,0.3014476597,0.3151554324,0.1186850518,0.1139763656
2155,CDS + 3'UTR,16,0.2429299951,0.2540294109,0.3124487698,0.3171479624,0.3280481696,0.3149940353,0.1165730506,0.1138285911
2156,CDS + 3'UTR,16,0.197719872,0.2532418018,0.3271598816,0.3175645918,0.3430891037,0.3153327353,0.1320311725,0.1138608703
2157,CDS + 3'UTR,16,0.2780229449,0.2539560603,0.3243766725,0.3172780689,0.2877548337,0.315090793,0.1098455638,0.1136750765
2158,CDS + 3'UTR,16,0.2235603631,0.2541225305,0.3309378624,0.3170399778,0.3269643188,0.3151673965,0.1185375005,0.113670094
2159,CDS + 3'UTR,16,0.1900597811,0.2525094839,0.3539993763,0.3177761581,0.3338990808,0.3157296583,0.122041747,0.1139846982
2160,CDS + 3'UTR,16,0.3675590456,0.2535634724,0.2760804892,0.3173821818,0.2686051726,0.3154625367,0.08775529265,0.1135918079
2161,CDS + 3'UTR,16,0.2399941683,0.2540836604,0.3102488518,0.3172610298,0.327403456,0.3152071357,0.1223535165,0.1134481725
2162,CDS + 3'UTR,16,0.2058889121,0.2528068196,0.3266651034,0.3175423902,0.3380002975,0.3159491926,0.1294456571,0.113701596
2163,CDS + 3'UTR,16,0.2988168299,0.2534165895,0.3049724698,0.3176150773,0.2940360904,0.3155375969,0.1021746024,0.1134307357
2164,CDS + 3'UTR,16,0.2664155364,0.2540038602,0.3060621619,0.3172233708,0.3163380921,0.3154349882,0.1111841574,0.1133377806
2165,CDS + 3'UTR,16,0.2255590558,0.2529324289,0.3308891654,0.3173572578,0.3276239038,0.3160031512,0.1159278974,0.1137071618
2166,CDS + 3'UTR,16,0.3424617946,0.2546378538,0.2781700194,0.3165185597,0.2818202376,0.3154418997,0.09754795581,0.1134016864
2167,CDS + 3'UTR,16,0.265312314,0.2550515775,0.305791676,0.3165714536,0.3184657097,0.3152085707,0.1104302928,0.1131683982
2168,CDS + 3'UTR,16,0.225964129,0.2528359309,0.329960674,0.3172449581,0.3254057467,0.316161146,0.118669413,0.1137579651
2169,CDS + 3'UTR,16,0.2848916948,0.254056998,0.2879781425,0.3166389376,0.315428406,0.315746294,0.1117017493,0.1135577709
2170,CDS + 3'UTR,16,0.2455128878,0.2541372217,0.3178859055,0.3165474482,0.3220065832,0.3157872148,0.1145945936,0.1135281154
2171,CDS + 3'UTR,16,0.2428211868,0.2529522419,0.3159017563,0.31659039,0.3264070749,0.3164211925,0.114869982,0.1140361753
2172,CDS + 3'UTR,16,0.3590404391,0.2548874991,0.2720214128,0.3161037385,0.2773663998,0.3154224794,0.09157173336,0.113586282
2173,CDS + 3'UTR,16,0.2730582356,0.2552564587,0.2932224274,0.3159757145,0.3164262772,0.3152934399,0.1172930673,0.1134743859
2174,CDS + 3'UTR,16,0.2195608914,0.2537673872,0.3239213526,0.3163558539,0.3355039358,0.3160099197,0.1210138276,0.1138668383
2175,CDS + 3'UTR,16,0.3189708889,0.2543637626,0.288197875,0.3160590075,0.2907833457,0.3158793509,0.1020479053,0.1136978771
2176,CDS + 3'UTR,16,0.2492724359,0.2546912318,0.3169693053,0.3152498741,0.3144157231,0.3162665278,0.1193425134,0.1137923644
2177,CDS + 3'UTR,16,0.2210049182,0.2537115954,0.3248742819,0.3155034002,0.3334552646,0.3167138547,0.1206655502,0.1140711475
2178,CDS + 3'UTR,16,0.3964141011,0.2554273285,0.2593912184,0.315006702,0.2610387206,0.3159409273,0.08315594494,0.1136250407
2179,CDS + 3'UTR,16,0.2179625928,0.2561569072,0.313497901,0.3147489175,0.3408548832,0.3156199679,0.1276845783,0.113474206
2180,CDS + 3'UTR,16,0.2441164702,0.2550027158,0.3069133759,0.3149664242,0.3285019398,0.3162185881,0.1204682216,0.1138122699
2181,CDS + 3'UTR,16,0.2490887642,0.2564121086,0.2915504575,0.3143753421,0.3364026248,0.3156637751,0.1229581684,0.113548772
2182,CDS + 3'UTR,16,0.2409279048,0.2568082601,0.3211508095,0.3139787715,0.3180263042,0.3156526946,0.1198949665,0.1135602718
2183,CDS + 3'UTR,16,0.196693331,0.2559465656,0.3341143727,0.3141963329,0.3401100039,0.3160987359,0.1290822774,0.1137583636
2184,CDS + 3'UTR,16,0.3486993611,0.2566445969,0.2796469033,0.3137278497,0.277292788,0.3158975217,0.09436098486,0.11373003
2185,CDS + 3'UTR,16,0.2442525327,0.2570513796,0.3236044943,0.3131302379,0.3168053031,0.3160305519,0.1153376773,0.1137878289
2186,CDS + 3'UTR,16,0.2257701457,0.255480451,0.3378982246,0.3136190046,0.3261622488,0.3168078005,0.1101694107,0.1140927423
2187,CDS + 3'UTR,16,0.3238037229,0.2566455578,0.2978074253,0.3128925744,0.2871279716,0.3165488176,0.09126093984,0.1139130483
2188,CDS + 3'UTR,16,0.2391923368,0.256911038,0.3260812759,0.3125040729,0.3253996968,0.3165715482,0.1093266681,0.1140133382
2189,CDS + 3'UTR,15,0.221323967,0.2558831142,0.3322250247,0.3125529155,0.3304302394,0.3172316004,0.1160207316,0.1143323679
2190,CDS + 3'UTR,15,0.2447068244,0.2576409511,0.3311693966,0.3118793413,0.3055094779,0.3164988194,0.1186142787,0.1139808862
2191,CDS + 3'UTR,15,0.2458622158,0.2584018094,0.3228129148,0.3113287263,0.3160334527,0.3163741674,0.1152913943,0.113895295
2192,CDS + 3'UTR,15,0.2165373713,0.2570354544,0.3330861628,0.3115784377,0.3324938118,0.317091687,0.1178826764,0.1142944193
2193,CDS + 3'UTR,15,0.3146889806,0.2589421466,0.3057935536,0.3111021306,0.2833140492,0.3162080813,0.09620345384,0.1137476392
2194,CDS + 3'UTR,15,0.2422025353,0.2596237378,0.3136440217,0.3108198658,0.3273086846,0.315961609,0.1168447807,0.1135947852
2195,CDS + 3'UTR,15,0.2177903652,0.2588443208,0.3358227909,0.3110624835,0.3292455375,0.3164227087,0.1171413139,0.1136704846
2196,CDS + 3'UTR,15,0.2935571373,0.2596345294,0.2949139178,0.3109166034,0.3063302934,0.3159884762,0.1051986068,0.1134603887
2197,CDS + 3'UTR,15,0.243339166,0.2602311559,0.304230541,0.3108400356,0.3284570575,0.3156658925,0.1239732131,0.1132629129
2198,CDS + 3'UTR,14,0.1866717339,0.2596204396,0.3595418036,0.3109712373,0.3322854638,0.316073576,0.1215009913,0.1133347439
2199,CDS + 3'UTR,15,0.3493417501,0.2612706073,0.2682772577,0.3105545808,0.288063854,0.3152662456,0.0943171531,0.1129085626
2200,CDS + 3'UTR,15,0.2532870471,0.2621452298,0.3162828386,0.3099023312,0.3150074184,0.3151053675,0.1154226437,0.1128470677
2201,CDS + 3'UTR,15,0.2271502763,0.2608156025,0.3235867918,0.3100533325,0.3316269517,0.3158499964,0.1176359653,0.1132810653
2202,CDS + 3'UTR,15,0.2824266851,0.2620097272,0.3196968138,0.3095896509,0.2943216264,0.3153939437,0.1035549268,0.1130066744
2203,CDS + 3'UTR,15,0.2628602386,0.2630460719,0.3017738163,0.3091478247,0.3171896338,0.3150206916,0.1181763634,0.1127854085
2204,CDS + 3'UTR,15,0.2164607495,0.2618986739,0.322062552,0.3094313532,0.3329188228,0.3156354822,0.1285578758,0.1130344874
2205,CDS + 3'UTR,15,0.3296193182,0.2625573056,0.2920998037,0.3092639234,0.2780131102,0.3153266348,0.1002677903,0.112852134
2206,CDS + 3'UTR,15,0.2335288972,0.2628227571,0.3272048831,0.3089328002,0.3230061233,0.315386162,0.116260089,0.1128582785
2207,CDS + 3'UTR,15,0.1789786816,0.2615339492,0.3507086933,0.3091647651,0.3428458571,0.3160898339,0.1274667829,0.113211449
2208,CDS + 3'UTR,15,0.3199688196,0.2622052357,0.2767313719,0.3088637121,0.2966437638,0.315808478,0.1066560522,0.1131225708
2209,CDS + 3'UTR,15,0.2196600288,0.262485774,0.3190613687,0.308405178,0.3344565332,0.315958941,0.1268220246,0.1131501036
2210,CDS + 3'UTR,15,0.2461442351,0.2620597253,0.3046529889,0.3087863851,0.3211989105,0.3159979615,0.1280038506,0.1131559246
2211,CDS + 3'UTR,15,0.3801751137,0.2626560926,0.2810747027,0.3085290942,0.2536251843,0.3157670066,0.08512494713,0.113047803
2212,CDS + 3'UTR,15,0.2377837002,0.2627530292,0.3214937449,0.3082108255,0.3290020227,0.3158851355,0.1117205247,0.1131510064
2213,CDS + 3'UTR,15,0.2061724067,0.2613242265,0.3305000365,0.308564182,0.3416765034,0.3166686792,0.1216510907,0.1134429093
2214,CDS + 3'UTR,15,0.3041341007,0.2621240478,0.2909227908,0.3085169178,0.3003139794,0.3162464779,0.1046290919,0.1131125533
2215,CDS + 3'UTR,15,0.2408153862,0.2621752178,0.2891691029,0.3084636744,0.3450662494,0.3162702993,0.1249492466,0.1130908056
2216,CDS + 3'UTR,15,0.2024907619,0.2611645062,0.3342047036,0.3087294012,0.3384301066,0.3167629249,0.1248744205,0.1133431648
2217,CDS + 3'UTR,15,0.366902709,0.2620074254,0.2861479521,0.308432645,0.2640584111,0.3164707251,0.0828909725,0.1130892018
2218,CDS + 3'UTR,15,0.2369551361,0.2623785848,0.3165493309,0.3080507182,0.3258378804,0.3164861366,0.1206576824,0.1130845574
2219,CDS + 3'UTR,15,0.2225814164,0.2605518365,0.308264941,0.3084968764,0.3395725787,0.3173005041,0.1295810342,0.1136507801
2220,CDS + 3'UTR,15,0.3283868432,0.2626829343,0.2808872163,0.3078120012,0.2874683738,0.316455524,0.1032575592,0.1130495382
2221,CDS + 3'UTR,15,0.2427513897,0.262760349,0.2965773344,0.3077623963,0.3311911821,0.3164820701,0.1294800788,0.1129951822
2222,CDS + 3'UTR,15,0.2339665443,0.2628723614,0.3235279918,0.307879027,0.3260976374,0.3162778761,0.1164078265,0.112970733
2223,CDS + 3'UTR,15,0.2693408132,0.2641688459,0.3118448257,0.3073118806,0.3072081804,0.3158635318,0.1116061881,0.1126557391
2224,CDS + 3'UTR,15,0.2385662347,0.2644288762,0.30008322,0.307209022,0.3391063809,0.3158594351,0.1222441643,0.1125026651
2225,CDS + 3'UTR,15,0.1968504936,0.2630463608,0.3302365541,0.3076302662,0.3495178819,0.3165029496,0.1233950704,0.1128204209
2226,CDS + 3'UTR,15,0.3065426648,0.2639224153,0.2932040989,0.3071486771,0.2984802127,0.3163481321,0.1017730013,0.1125807734
2227,CDS + 3'UTR,15,0.2143710256,0.2640545888,0.3181281984,0.3067833342,0.3396310806,0.3164502814,0.1278696656,0.112711794
2228,CDS + 3'UTR,15,0.2373681664,0.2633560134,0.3024512827,0.3068127431,0.336689055,0.316827498,0.1234915033,0.1130037431
2229,CDS + 3'UTR,15,0.3621789217,0.2645494288,0.2757491171,0.3061192214,0.2749055326,0.3163901471,0.08716644347,0.1129412003
2230,CDS + 3'UTR,15,0.2374805659,0.2647597233,0.3126669526,0.3058965109,0.3364294171,0.3163758308,0.1134230867,0.1129679337
2231,CDS + 3'UTR,15,0.1931874305,0.2648169164,0.3316217363,0.3054197196,0.3447028697,0.3166866735,0.1304879338,0.1130766892
2232,CDS + 3'UTR,15,0.3515984416,0.2660632394,0.2937530875,0.3048846111,0.2669770122,0.3163036663,0.08767142892,0.1127484814
2233,CDS + 3'UTR,15,0.2439602315,0.266814121,0.3088035583,0.3044140656,0.3258229494,0.3160280969,0.1214132681,0.1127437151
2234,CDS + 3'UTR,15,0.1955585629,0.266121293,0.3413648009,0.3044382997,0.3383356333,0.3165127844,0.1247410029,0.1129276209
2235,CDS + 3'UTR,15,0.3061466813,0.2669988364,0.3007783592,0.3041900653,0.2933095694,0.3160913195,0.09976537526,0.1127197759
2236,CDS + 3'UTR,15,0.24544999,0.2674986932,0.3210344613,0.3039410621,0.3172824085,0.3158719581,0.1162331104,0.1126882836
2237,CDS + 3'UTR,15,0.2291656435,0.267043715,0.334872812,0.3038262066,0.3203695118,0.3162225205,0.1155920401,0.1129075558
2238,CDS + 3'UTR,15,0.3555737734,0.2684758449,0.2976053357,0.3034872785,0.262377888,0.3155254945,0.08444300294,0.1125113802
2239,CDS + 3'UTR,15,0.2600295842,0.2692439385,0.3018194139,0.3027152922,0.3210288286,0.3155739382,0.117122151,0.1124668291
2240,CDS + 3'UTR,15,0.2611888647,0.2679087985,0.2881605923,0.3034160912,0.3281754851,0.3159970906,0.1224751025,0.1126780175
2241,CDS + 3'UTR,15,0.3355241418,0.2690693464,0.2731543183,0.3029603843,0.2909192443,0.3156671893,0.1004022434,0.112303078
2242,CDS + 3'UTR,15,0.2887964845,0.269263866,0.2913190126,0.3027206618,0.3081401289,0.3156677034,0.1117443815,0.1123477669
2243,CDS + 3'UTR,15,0.2070249915,0.2688225608,0.3276547492,0.3025274169,0.3432193398,0.3160642862,0.1221009195,0.1125857338
2244,CDS + 3'UTR,15,0.3191060722,0.2709944412,0.2926677763,0.3019255903,0.2916302979,0.3151141187,0.09659588337,0.1119658468
2245,CDS + 3'UTR,15,0.2467951775,0.2712052464,0.3043993115,0.30185748,0.3323860765,0.3150893534,0.1164194569,0.1118479168
2246,CDS + 3'UTR,15,0.2393571585,0.2702652991,0.2967272103,0.3020946447,0.3381139934,0.3156456022,0.1258015931,0.111994451
2247,CDS + 3'UTR,15,0.3190152347,0.2716687685,0.2817074358,0.3014301188,0.2959572375,0.3151607415,0.1033200398,0.1117403683
2248,CDS + 3'UTR,15,0.2484072,0.2726972165,0.2932779491,0.300904702,0.3374427855,0.31485477,0.1208720356,0.1115433078
2249,CDS + 3'UTR,15,0.2508077919,0.2719016632,0.31847471,0.3010711685,0.3185500503,0.3152934281,0.1121674329,0.111733737
2250,CDS + 3'UTR,15,0.2932222784,0.2739975642,0.2973026335,0.3003646154,0.3035301864,0.3144325403,0.1059448645,0.1112052768
2251,CDS + 3'UTR,15,0.2505761087,0.2740834657,0.2904402614,0.3004453886,0.3358573914,0.3144799573,0.1231262535,0.1109911855
2252,CDS + 3'UTR,15,0.2447362244,0.2729184534,0.3002899289,0.3005322959,0.3400498927,0.3151396001,0.1149239689,0.111409648
2253,CDS + 3'UTR,15,0.337043941,0.2734003164,0.2894412875,0.300167802,0.2826501727,0.3150615307,0.09086458385,0.1113703484
2254,CDS + 3'UTR,15,0.2236544937,0.2739108307,0.3196618855,0.2997696415,0.3374096453,0.3149710959,0.1192740127,0.1113484291
2255,CDS + 3'UTR,15,0.2381139547,0.2736353492,0.3094560206,0.2997708138,0.3301934004,0.3150949249,0.1222366393,0.1114989093
2256,CDS + 3'UTR,15,0.316705972,0.2748829547,0.2932288051,0.2997492407,0.2910397351,0.3142906358,0.099025473,0.1110771657
2257,CDS + 3'UTR,15,0.2506976724,0.2756538605,0.2943201363,0.2993047468,0.3346881866,0.3140276277,0.1202939972,0.1110137617
2258,CDS + 3'UTR,15,0.250274241,0.2745529985,0.2950838804,0.2993146155,0.3261881173,0.3147053218,0.1284537613,0.1114270603
2259,CDS + 3'UTR,15,0.3884504139,0.2755358694,0.258707881,0.2989033442,0.2732564807,0.3143710589,0.07958523184,0.1111897234
2260,CDS + 3'UTR,15,0.2503096461,0.2763751345,0.302944988,0.2984699603,0.3306256235,0.3141235853,0.1161197349,0.111031317
2261,CDS + 3'UTR,15,0.2580497563,0.2753930338,0.300880909,0.2984731223,0.3200671077,0.3147531139,0.1210022345,0.1113807277
2262,CDS + 3'UTR,15,0.3446466625,0.2767495956,0.2757790983,0.298112794,0.2848787606,0.3142341347,0.09469545633,0.1109034735
2263,CDS + 3'UTR,15,0.2174957544,0.2770457005,0.3258856833,0.2977140985,0.3397822678,0.314245295,0.1168363541,0.1109949045
2264,CDS + 3'UTR,15,0.2380981296,0.2771008292,0.3133464456,0.2974507842,0.3287739456,0.3143738797,0.1197814494,0.1110745047
2265,CDS + 3'UTR,15,0.3143368959,0.2793847095,0.2850773633,0.2967242256,0.3044199049,0.313296294,0.09616588056,0.1105947692
2266,CDS + 3'UTR,15,0.2363440245,0.2800907834,0.308670789,0.2964708917,0.3343341947,0.3129321253,0.1206510589,0.1105061979
2267,CDS + 3'UTR,15,0.2679176927,0.2792848947,0.3001601398,0.2966220714,0.3173052967,0.313345431,0.1146168634,0.1107476014
2268,CDS + 3'UTR,15,0.3346655667,0.2806143062,0.270599544,0.2963201724,0.2904116213,0.3127630929,0.1043232456,0.1103024274
2269,CDS + 3'UTR,15,0.238147527,0.2811446464,0.3144081831,0.2961340211,0.3292849362,0.312560123,0.1181594059,0.1101612074
2270,CDS + 3'UTR,15,0.2492822707,0.2799949067,0.2930260897,0.2963592965,0.3303768933,0.3131862124,0.1273147166,0.1104595824
2271,CDS + 3'UTR,15,0.3455680609,0.281370981,0.2800042331,0.2958726641,0.2853928804,0.3125796726,0.08903477341,0.1101766808
2272,CDS + 3'UTR,15,0.2766079009,0.2820377899,0.2954425216,0.2955423623,0.3104482591,0.312335358,0.1175013706,0.1100844884
2273,CDS + 3'UTR,15,0.2592627406,0.2809662657,0.3077322841,0.2956083804,0.3220890462,0.3130179746,0.1109159142,0.1104073782
2274,CDS + 3'UTR,15,0.3124060035,0.2820658373,0.293785274,0.2952751953,0.2935914993,0.3125946974,0.1002171859,0.1100642681
2275,CDS + 3'UTR,15,0.2577789128,0.2828160331,0.3159025311,0.2947074208,0.3116966188,0.3124848744,0.1146219298,0.1099916694
2276,CDS + 3'UTR,15,0.2571588755,0.2824685004,0.2857254744,0.2948457293,0.3343752921,0.312643919,0.1227403805,0.1100418499
2277,CDS + 3'UTR,15,0.3579095602,0.2838140789,0.2771162987,0.2942603096,0.2726949751,0.3121806042,0.09227916598,0.1097450066
2278,CDS + 3'UTR,15,0.2481192201,0.2840499198,0.2977828979,0.293780734,0.3361609578,0.3124069376,0.1179369017,0.109762408
2279,CDS + 3'UTR,15,0.2425305545,0.2829418791,0.3243411779,0.2936965197,0.3219160438,0.3132586224,0.1112122238,0.1101029781
2280,CDS + 3'UTR,15,0.3461308777,0.284482321,0.2798262835,0.2931624684,0.2886153162,0.3126333186,0.08542748541,0.1097218914
2281,CDS + 3'UTR,15,0.2427118421,0.2842325801,0.3044089973,0.2932217579,0.3316680789,0.3128425153,0.1212110817,0.1097031455
2282,CDS + 3'UTR,15,0.2471222728,0.2834393675,0.3042372167,0.2933617651,0.326048255,0.3132896071,0.1225922778,0.1099092595
2283,CDS + 3'UTR,15,0.4366106689,0.2839399813,0.2536276877,0.2930729035,0.2411762327,0.3131856406,0.06858540326,0.1098014742
2284,CDS + 3'UTR,15,0.2333251685,0.2848202294,0.3166137338,0.2923688173,0.3309375942,0.3130270923,0.1191234738,0.1097838609
2285,CDS + 3'UTR,15,0.2544235289,0.2837952157,0.3110729754,0.2924768262,0.3225130141,0.3135782422,0.1119905263,0.1101497151
2286,CDS + 3'UTR,15,0.3458064497,0.2848477168,0.274042815,0.2920131706,0.2842172682,0.3131562373,0.0959334746,0.109982874
2287,CDS + 3'UTR,15,0.2612545192,0.2854631364,0.3086753488,0.2917505819,0.3183681369,0.3129841363,0.111701943,0.109802145
2288,CDS + 3'UTR,15,0.2563245595,0.2846530885,0.2900486887,0.2918859459,0.3317364156,0.3134959413,0.1218903884,0.1099650244
2289,CDS + 3'UTR,15,0.3873321116,0.2855612287,0.2625371218,0.2916517336,0.2655855119,0.3131045269,0.08454521,0.109682511
2290,CDS + 3'UTR,15,0.2530163527,0.2858522912,0.3111148477,0.2913120866,0.3249922693,0.3131696617,0.1108765453,0.1096659608
2291,CDS + 3'UTR,15,0.2869741321,0.2853310967,0.2880272865,0.2916010343,0.3063966036,0.3132523322,0.118601948,0.1098155381
2292,CDS + 3'UTR,15,0.276332736,0.2868232144,0.2923342288,0.2913931131,0.3227564692,0.3123986045,0.1085765511,0.1093850685
2293,CDS + 3'UTR,15,0.247013554,0.287174982,0.2986471951,0.2913890347,0.3344417214,0.3121324627,0.1198975518,0.1093035213
2294,CDS + 3'UTR,15,0.2820955813,0.2861054691,0.2910165787,0.2915386189,0.3102203012,0.3126187814,0.1166675016,0.1097371309
2295,CDS + 3'UTR,15,0.3406238258,0.2871248472,0.2874432504,0.2911150575,0.2807231247,0.3123013234,0.0912097618,0.1094587716
2296,CDS + 3'UTR,15,0.2641632259,0.2874103775,0.2986451983,0.291043276,0.3173894584,0.3122580098,0.1198021024,0.1092883358
2297,CDS + 3'UTR,15,0.2788337469,0.2871029543,0.2869374454,0.2908197138,0.3182739317,0.3125943044,0.115954861,0.1094830271
2298,CDS + 3'UTR,15,0.3155848086,0.287917245,0.2836476266,0.2904512152,0.2990968525,0.3122816665,0.1016707271,0.1093498734
2299,CDS + 3'UTR,15,0.2897226214,0.2880327476,0.2735942304,0.2904990777,0.3197746873,0.3122666707,0.1169085205,0.1092015035
2300,CDS + 3'UTR,15,0.249818787,0.2861416554,0.2811401784,0.2911327604,0.3378306627,0.3130493531,0.1312104166,0.1096762308
2301,CDS + 3'UTR,15,0.3512763381,0.287740328,0.2677510679,0.2907496057,0.2896728516,0.3122851448,0.09129974246,0.1092249211
2302,CDS + 3'UTR,15,0.2576549351,0.2881576383,0.2916323543,0.2906139441,0.3269904554,0.3121758865,0.1237223074,0.1090525305
2303,CDS + 3'UTR,15,0.2737511098,0.2872431638,0.29077968,0.2904746432,0.3174949586,0.3128777185,0.1179742068,0.1094044747
2304,CDS + 3'UTR,15,0.4212766588,0.2889596716,0.2419585288,0.2899220563,0.2528995275,0.3120781953,0.08386532217,0.1090400757
2305,CDS + 3'UTR,15,0.2533363998,0.2888468651,0.3099698424,0.2899244372,0.3203843832,0.3122692304,0.1163093671,0.1089594664
2306,CDS + 3'UTR,15,0.242071569,0.2882226368,0.3052984774,0.290071797,0.3315446675,0.3125217205,0.1210852787,0.109183844
2307,CDS + 3'UTR,15,0.3207239509,0.2901633691,0.2939762771,0.2896705195,0.2930440307,0.311547857,0.09225574881,0.1086182514
2308,CDS + 3'UTR,15,0.2797953784,0.2901777338,0.2875591815,0.2896479495,0.3204514682,0.3115886165,0.1121939048,0.1085856972
2309,CDS + 3'UTR,15,0.2701997459,0.2892403912,0.2937711477,0.2899846639,0.3249926865,0.3120439915,0.1110364422,0.1087309514
2310,CDS + 3'UTR,15,0.3475665152,0.2907367375,0.2737363577,0.2894341618,0.2879062295,0.3114383431,0.09079095721,0.1083907547
2311,CDS + 3'UTR,15,0.2465321422,0.290807436,0.3051975965,0.2894083563,0.325157702,0.3115735048,0.1231125444,0.1082107004
2312,CDS + 3'UTR,15,0.2658765018,0.2897886403,0.2990345359,0.2895328213,0.3215863407,0.3120608771,0.1135026067,0.1086176599
2313,CDS + 3'UTR,15,0.3319259584,0.2907932408,0.2821487486,0.2894023784,0.2919607759,0.3116050472,0.09396446496,0.1081993314
2314,CDS + 3'UTR,15,0.2555742264,0.2910588007,0.295942843,0.2890212558,0.3295497894,0.3116981631,0.118933104,0.1082217788
2315,CDS + 3'UTR,15,0.278344065,0.290525436,0.3118430376,0.2891159337,0.3060331345,0.3119722595,0.1037798151,0.10838637
2316,CDS + 3'UTR,15,0.3530962765,0.2915792327,0.2742008865,0.2886324167,0.2802172303,0.3115806451,0.09248565137,0.1082077048
2317,CDS + 3'UTR,15,0.2480329126,0.2916164696,0.2965067625,0.2887523945,0.338476181,0.3115194267,0.1169841513,0.1081117083
2318,CDS + 3'UTR,15,0.2669305205,0.2905657705,0.2908681929,0.2889472205,0.3305126727,0.3121160889,0.1116886064,0.1083709191
2319,CDS + 3'UTR,15,0.3832649291,0.2916432297,0.2590953112,0.2886881627,0.2710045278,0.3115854105,0.08663521707,0.1080831962
2320,CDS + 3'UTR,15,0.2412095964,0.2919052182,0.2929037511,0.2880257614,0.3449112177,0.3118130485,0.1209754273,0.108255971
2321,CDS + 3'UTR,15,0.2720671296,0.2909685073,0.2843548954,0.2880684715,0.3266865909,0.3122898681,0.1168913692,0.1086731525
2322,CDS + 3'UTR,15,0.3288455904,0.2919421779,0.2682100832,0.2877038475,0.2998228073,0.3118917586,0.1031215563,0.1084622156
2323,CDS + 3'UTR,15,0.2774448395,0.2925279699,0.2713278532,0.2872987777,0.3305354714,0.3117675615,0.1206918508,0.1084056903
2324,CDS + 3'UTR,15,0.2371049821,0.290266696,0.3013084829,0.2876095619,0.3357222974,0.3129668929,0.1258642226,0.1091568491
2325,CDS + 3'UTR,15,0.3309952617,0.2916361207,0.2673068643,0.2871257912,0.2986256778,0.3124015987,0.1030721664,0.1088364901
2326,CDS + 3'UTR,15,0.2885907292,0.2914794194,0.2757201195,0.2868548695,0.3243459165,0.3126409199,0.111343272,0.109024791
2327,CDS + 3'UTR,14,0.254211396,0.290238406,0.2925365567,0.287316002,0.3369016349,0.3131039612,0.1163503975,0.1093416306
2328,CDS + 3'UTR,15,0.3210584223,0.2907963583,0.2745409608,0.2870565549,0.3061296344,0.3128861837,0.09827096015,0.1092609029
2329,CDS + 3'UTR,15,0.2740927935,0.2908167107,0.2913029492,0.2870797914,0.3237608373,0.312841969,0.11084342,0.109261529
2330,CDS + 3'UTR,15,0.2515267134,0.289364926,0.3204184473,0.2875121523,0.3101438284,0.313488787,0.1179110482,0.1096341346
2331,CDS + 3'UTR,15,0.3699455261,0.2901519628,0.273806572,0.2870770078,0.2675591707,0.3131826025,0.08868868649,0.1095884268
2332,CDS + 3'UTR,15,0.2728776336,0.2896756567,0.2999636531,0.2871668313,0.3187585473,0.3134053506,0.1084001884,0.1097521613
2333,CDS + 3'UTR,15,0.251482904,0.2897460349,0.3014080226,0.2871402454,0.3215556741,0.3133450799,0.1255533546,0.1097686395
2334,CDS + 3'UTR,15,0.3052047491,0.290980198,0.2857769728,0.2866542954,0.3120130002,0.3127955895,0.09700527042,0.1095699165
2335,CDS + 3'UTR,15,0.2609563768,0.2907923317,0.3037135005,0.2867322233,0.3267283142,0.3129109751,0.1086017713,0.1095644701
2336,CDS + 3'UTR,14,0.292112112,0.2897806825,0.2753438354,0.286816749,0.3179433048,0.3133593466,0.1146007776,0.110043222
2337,CDS + 3'UTR,15,0.3158409297,0.2910162928,0.2648402452,0.2863645099,0.3096771538,0.3128353123,0.109641701,0.109783885
2338,CDS + 3'UTR,15,0.259514451,0.2903824061,0.2989128828,0.2864798557,0.3249884546,0.3130649123,0.1165841743,0.1100728258
2339,CDS + 3'UTR,15,0.2371630371,0.2892314315,0.3094024956,0.2869283315,0.3358710706,0.3135065995,0.1175634116,0.1103336368
2340,CDS + 3'UTR,15,0.3782034516,0.2893039271,0.272292614,0.2871890087,0.2694889605,0.3132408716,0.08001495898,0.1102661912
2341,CDS + 3'UTR,15,0.291434586,0.2889063083,0.290027976,0.2874513663,0.3113264441,0.3134690646,0.1072109863,0.1101732586
2342,CDS + 3'UTR,15,0.2714886963,0.2879578032,0.2646350265,0.2874801133,0.3410253227,0.3140034139,0.1228509918,0.1105586677
2343,CDS + 3'UTR,15,0.3548163772,0.2885496508,0.2816787362,0.2873124082,0.2758204043,0.3136848327,0.08768443763,0.110453106
2344,CDS + 3'UTR,15,0.2290736139,0.2882815529,0.3135369122,0.2874049362,0.3440567553,0.3136260927,0.1133327037,0.110687416
2345,CDS + 3'UTR,15,0.2643986344,0.2862467185,0.2968661487,0.2879791047,0.3246191144,0.3146360394,0.1141160876,0.1111381348
2346,CDS + 3'UTR,15,0.3916026056,0.287707305,0.2765685916,0.2876488604,0.2564251125,0.3139418904,0.07540365309,0.1107019415
2347,CDS + 3'UTR,15,0.2690668702,0.2881307766,0.2983545363,0.2875758495,0.3205660582,0.3136285208,0.1120125279,0.1106648498
2348,CDS + 3'UTR,15,0.2596781552,0.2873960141,0.297536701,0.2877306372,0.3268416226,0.313847062,0.1159435809,0.1110262834
2349,CDS + 3'UTR,15,0.3578552306,0.2878678326,0.2703680098,0.2877786275,0.2808330655,0.3134490415,0.09094367176,0.110904496
2350,CDS + 3'UTR,15,0.2549381554,0.2877909403,0.290961653,0.2878461454,0.3411898315,0.3133502975,0.1129103675,0.1110126143
2351,CDS + 3'UTR,15,0.2640644014,0.2870453585,0.2899614275,0.2881254077,0.3243826628,0.3134837691,0.1215915382,0.1113454611
2352,CDS + 3'UTR,15,0.3569759429,0.2886556946,0.2850070894,0.2877105728,0.2739818692,0.3127034727,0.08403508365,0.1109302566
2353,CDS + 3'UTR,15,0.2805075347,0.2886470161,0.2772424817,0.2877533086,0.3295383155,0.3126143899,0.1127117127,0.1109852823
2354,CDS + 3'UTR,15,0.2697368264,0.2875505364,0.3013595045,0.2877790865,0.3155192137,0.3131564066,0.1133844778,0.111513968
2355,CDS + 3'UTR,15,0.3420826495,0.2889463166,0.277221173,0.2874551989,0.2803674638,0.312407754,0.1003287137,0.1111907288
2356,CDS + 3'UTR,15,0.2601378262,0.2888409553,0.2953236997,0.28764139,0.3294778168,0.3123393778,0.1150606647,0.1111782739
2357,CDS + 3'UTR,15,0.2738536298,0.2877790442,0.2927023768,0.2880724825,0.3204279542,0.3126601182,0.1130160242,0.1114883511
2358,CDS + 3'UTR,15,0.3343159556,0.2884637911,0.2770582736,0.288070292,0.2937066853,0.3122145742,0.0949190706,0.1112513381
2359,CDS + 3'UTR,15,0.2634896338,0.2884355094,0.2713490725,0.2879701991,0.3401270807,0.3122581288,0.1250342131,0.1113361585
2360,CDS + 3'UTR,15,0.271194011,0.2866201682,0.2832430899,0.2885197796,0.3267608881,0.3130856711,0.1188020036,0.111774377
2361,CDS + 3'UTR,15,0.3206054866,0.2878650622,0.2752390802,0.2882895608,0.2998193204,0.3123363193,0.1043361276,0.1115090537
2362,CDS + 3'UTR,15,0.293985635,0.2875697892,0.2718316317,0.2886308134,0.3161124885,0.3122668266,0.1180702522,0.1115325672
2363,CDS + 3'UTR,15,0.2557087541,0.2870367665,0.2784904242,0.2887421403,0.3371227384,0.3124490149,0.1286781132,0.111772074
2364,CDS + 3'UTR,15,0.3428791463,0.2868220285,0.2779120803,0.2891178954,0.2857140601,0.3122698508,0.09349475056,0.1117902207
2365,CDS + 3'UTR,15,0.2418874204,0.2870978806,0.2893992364,0.2894106496,0.3416587114,0.311989237,0.1270546019,0.1115022275
2366,CDS + 3'UTR,15,0.246525377,0.286131138,0.3109334111,0.289953053,0.3212605715,0.3123227634,0.1212806404,0.1115930417
2367,CDS + 3'UTR,15,0.3058907092,0.2865286496,0.2879195809,0.2901028406,0.3009459376,0.3119622853,0.1052437276,0.1114062198
2368,CDS + 3'UTR,15,0.2579527497,0.2862948874,0.2919076085,0.2900900032,0.3281992376,0.3120992851,0.1219404712,0.1115158194
2369,CDS + 3'UTR,15,0.271189332,0.2857128778,0.2971259952,0.2903245322,0.3173309565,0.3122634783,0.1143536642,0.1116991066
2370,CDS + 3'UTR,15,0.3159793019,0.2861084865,0.2763032913,0.2904251084,0.3004975021,0.3118513361,0.1072199196,0.1116150647
2371,CDS + 3'UTR,15,0.2488696426,0.2860005271,0.2952131629,0.290131855,0.3242164552,0.3122373704,0.1317007095,0.1116302427
2372,CDS + 3'UTR,15,0.2819629908,0.2845737755,0.2902073562,0.2904114421,0.3179348111,0.3130900167,0.1098948047,0.1119247618
2373,CDS + 3'UTR,15,0.3457466066,0.2846692026,0.259771198,0.2903188892,0.2904824913,0.3129667077,0.1039997116,0.1120451967
2374,CDS + 3'UTR,15,0.2670662701,0.28476048,0.2972508073,0.2901589673,0.3194511533,0.3130727198,0.1162317917,0.1120078295
2375,CDS + 3'UTR,15,0.2596918941,0.2840571022,0.294205308,0.2902777422,0.3165928423,0.3133024756,0.1295099109,0.1123626767
2376,CDS + 3'UTR,15,0.3630120456,0.2849373462,0.262466073,0.2900065649,0.2754667103,0.3128858089,0.09905514121,0.112170277
2377,CDS + 3'UTR,15,0.2281228155,0.2845743759,0.2961651087,0.2902375013,0.3366419375,0.3130118497,0.1390701234,0.1121762698
2378,CDS + 3'UTR,15,0.2235068381,0.2837250097,0.3195256889,0.2907215875,0.3344318271,0.3132323518,0.1225356087,0.1123210474
2379,CDS + 3'UTR,15,0.2955222726,0.2850556759,0.2944484055,0.2906216402,0.2985164523,0.3123585153,0.111512877,0.1119641659
2380,CDS + 3'UTR,15,0.2180092782,0.2854891976,0.3021287918,0.2903947432,0.3560861051,0.3121669587,0.1237758026,0.111949098
2381,CDS + 3'UTR,15,0.2753959298,0.2837783508,0.2700508237,0.2906973954,0.3324207962,0.3130380105,0.1221324727,0.1124862412
2382,CDS + 3'UTR,15,0.305002749,0.2844452064,0.2782159448,0.2903612815,0.3015039563,0.3127894692,0.1152773723,0.1124040408
2383,CDS + 3'UTR,15,0.2523032725,0.2842480239,0.2981819212,0.2909231912,0.3127957582,0.3125748459,0.1367190033,0.1122539365
2384,CDS + 3'UTR,15,0.2584899068,0.2824364699,0.2878920138,0.2914248277,0.3336952627,0.3133415148,0.1199228317,0.1127971855
2385,CDS + 3'UTR,15,0.3701833189,0.2832943637,0.2835502923,0.2913126338,0.2648524642,0.3127582155,0.08141390234,0.1126347857
2386,CDS + 3'UTR,15,0.2759492993,0.2830470175,0.2994576097,0.2913725261,0.3064751029,0.3128679741,0.1181179434,0.112712481
2387,CDS + 3'UTR,15,0.2619429529,0.2810454102,0.3063592911,0.2916589502,0.3105273247,0.3138981283,0.1211704314,0.1133975107
2388,CDS + 3'UTR,15,0.3175408542,0.2820621395,0.291398406,0.2913359191,0.2886098325,0.3134564601,0.1024509147,0.113145481
2389,CDS + 3'UTR,15,0.2640483677,0.2816553226,0.2991725802,0.2915600576,0.3170931637,0.3134391647,0.1196859106,0.1133454544
2390,CDS + 3'UTR,15,0.2879199684,0.2805755937,0.2960773408,0.2919726629,0.2985839546,0.3138048019,0.117418699,0.113646941
2391,CDS + 3'UTR,15,0.3753590286,0.2810022341,0.2720108032,0.2922176305,0.2627339959,0.3132100262,0.08989618719,0.1135701089
2392,CDS + 3'UTR,15,0.2651822269,0.280951078,0.3024533987,0.2922842078,0.3144597113,0.3132163357,0.1179046631,0.1135483781
2393,CDS + 3'UTR,15,0.2442075759,0.2799313618,0.2842109799,0.2925255671,0.3353221118,0.3136608876,0.1362593174,0.1138821837
2394,CDS + 3'UTR,15,0.367236644,0.2802054135,0.2700318396,0.2927128382,0.269657582,0.3132864989,0.09307396412,0.1137952489
2395,CDS + 3'UTR,15,0.2699151635,0.2799314402,0.3267383277,0.2927174557,0.3005630374,0.3134490039,0.1027834266,0.1139020998
2396,CDS + 3'UTR,15,0.2681433856,0.2790404361,0.308688283,0.292957937,0.3058764637,0.3138358492,0.1172918305,0.1141657774
2397,CDS + 3'UTR,15,0.3028126657,0.2806038704,0.2963315248,0.2925501667,0.3028326631,0.3130251013,0.09802310914,0.1138208613
2398,CDS + 3'UTR,15,0.2646679878,0.2805498499,0.2828607559,0.2926034365,0.333997041,0.3130457804,0.1184742376,0.1138009331
2399,CDS + 3'UTR,15,0.2380376309,0.2796552271,0.3030617535,0.2928640898,0.3372079134,0.3133634899,0.1216926947,0.1141171928
2400,CDS + 3'UTR,15,0.3408011198,0.280489694,0.2744862437,0.2929046605,0.2849630713,0.3127994914,0.09974956512,0.1138061539
2401,CDS + 3'UTR,14,0.2484452873,0.2801851178,0.3116551042,0.293223035,0.3211271763,0.3128349774,0.1187724471,0.1137568702
2402,CDS + 3'UTR,14,0.2862037718,0.2793339347,0.2771162391,0.2935384318,0.3143978715,0.3131418258,0.1222821027,0.1139858078
2403,CDS + 3'UTR,14,0.2602657974,0.2808960712,0.3013882637,0.2931809548,0.3162023425,0.3124128904,0.122143589,0.1135100835
2404,CDS + 3'UTR,14,0.2591731548,0.2811139306,0.3247288167,0.2933419269,0.3132731915,0.3121862248,0.1028247625,0.1133579176
2405,CDS + 3'UTR,14,0.2536558509,0.2799418386,0.3106991351,0.2936789013,0.3253077865,0.3127409644,0.1103373021,0.1136382946
2406,CDS + 3'UTR,14,0.320391655,0.2813457765,0.2877031267,0.2937021643,0.2955076694,0.3118512683,0.09639752656,0.1131007907
2407,CDS + 3'UTR,14,0.2355104238,0.281562594,0.2915095687,0.2933720935,0.3478616178,0.3120751906,0.1251183599,0.1129901217
2408,CDS + 3'UTR,14,0.274497658,0.2810725991,0.2933032811,0.2935934674,0.3192650974,0.3121954348,0.1129339412,0.113138499
2409,CDS + 3'UTR,14,0.3057414889,0.2820619278,0.2993490398,0.2934108999,0.2907894552,0.3116785541,0.1041200683,0.112848618
2410,CDS + 3'UTR,14,0.2428899556,0.2819476232,0.2969581783,0.2934341911,0.3410265744,0.3117582671,0.1191252843,0.1128599187
2411,CDS + 3'UTR,14,0.255805403,0.2810830733,0.2961735427,0.2937870394,0.3357708752,0.3120948859,0.1122502163,0.113035001
2412,CDS + 3'UTR,14,0.2805117965,0.2822085582,0.2925594151,0.2935659301,0.3088938296,0.311599046,0.1180349812,0.1126264661
2413,CDS + 3'UTR,14,0.2587850988,0.2818153288,0.2886142731,0.293583224,0.3300366402,0.3117701728,0.1225639731,0.1128312757
2414,CDS + 3'UTR,14,0.2489345223,0.2805363005,0.2952789664,0.2939885113,0.3303934634,0.312389484,0.1253930479,0.1130857054
2415,CDS + 3'UTR,14,0.3313758969,0.2816568566,0.2820193172,0.2937309571,0.2933949828,0.3118249323,0.09320979565,0.1127872541
2416,CDS + 3'UTR,14,0.2630744874,0.2818683276,0.293818742,0.2934378523,0.3280265629,0.3120223153,0.1150802001,0.1126715053
2417,CDS + 3'UTR,14,0.2478916347,0.2807725465,0.3035671413,0.2938824013,0.3273173273,0.3124443389,0.1212239116,0.1129007137
2418,CDS + 3'UTR,14,0.3659677505,0.2825851679,0.2909170985,0.2933739062,0.2550815344,0.3117028736,0.0880336538,0.1123380529
2419,CDS + 3'UTR,14,0.2718447745,0.2832189567,0.2912507355,0.2931574799,0.3205465376,0.3115016092,0.1163579822,0.1121219553
2420,CDS + 3'UTR,14,0.2413357049,0.2826854121,0.2965047956,0.2932589687,0.3391731083,0.311900118,0.1229864135,0.1121555021
2421,CDS + 3'UTR,14,0.3447830379,0.2844609467,0.2631388605,0.2928413566,0.2914431393,0.3110089459,0.1006349549,0.1116887525
2422,CDS + 3'UTR,14,0.2557140887,0.2843558041,0.3095878065,0.2932170786,0.3238554597,0.3109221101,0.1108426452,0.1115050085
2423,CDS + 3'UTR,13,0.2098920643,0.2838653067,0.3218096495,0.2931228496,0.3371539116,0.3113894504,0.1311443597,0.1116223948
2424,CDS + 3'UTR,14,0.2977051139,0.2852219341,0.3045614064,0.2928735085,0.2973928154,0.3107647963,0.1003407165,0.1111397633
2425,CDS + 3'UTR,14,0.2446109354,0.2853882903,0.3016575277,0.2926880937,0.3333998024,0.3107999727,0.1203317121,0.1111236456
2426,CDS + 3'UTR,14,0.231474027,0.2840482572,0.2994825244,0.2928693064,0.3388374448,0.3115010224,0.1302060336,0.1115814164
2427,CDS + 3'UTR,14,0.3504052162,0.2857365867,0.2725120485,0.2923313595,0.2852326035,0.3108036611,0.09185014665,0.1111283959
2428,CDS + 3'UTR,14,0.2271327972,0.2858397411,0.3154677749,0.2922473129,0.3254579902,0.3109725475,0.1319414526,0.1109404015
2429,CDS + 3'UTR,14,0.2714769244,0.2853749597,0.3033764362,0.2922075931,0.3100840449,0.3113479875,0.1150626019,0.1110694632
2430,CDS + 3'UTR,14,0.2890693843,0.2866950767,0.3105590641,0.2918459348,0.2936077714,0.3108097579,0.1067638025,0.1106492339
2431,CDS + 3'UTR,14,0.2599719167,0.2866586944,0.2952876091,0.291671551,0.3248874247,0.3110922419,0.1198530719,0.1105775164
2432,CDS + 3'UTR,14,0.2753986418,0.2849399073,0.3043158352,0.2924011815,0.3095460236,0.3117884688,0.1107395291,0.1108704458
2433,CDS + 3'UTR,14,0.3024316728,0.2867532825,0.2922241688,0.2916560227,0.29958722,0.3111065876,0.105756931,0.1104841108
2434,CDS + 3'UTR,14,0.2478189617,0.2870743603,0.3017289042,0.2918247072,0.3285196126,0.3109287594,0.1219325513,0.1101721766
2435,CDS + 3'UTR,14,0.270802319,0.2859775737,0.2964596748,0.29198536,0.3113150895,0.3115764249,0.1214229241,0.110460644
2436,CDS + 3'UTR,14,0.3852125704,0.2875753809,0.2627020776,0.2910114255,0.2646179795,0.3110963583,0.08746737242,0.1103168375
2437,CDS + 3'UTR,14,0.2695319951,0.2872508353,0.2969639599,0.2909788929,0.3220822811,0.311428646,0.1114217713,0.1103416285
2438,CDS + 3'UTR,14,0.2627461255,0.2864907872,0.2979105413,0.2911412727,0.3191234469,0.3117529802,0.1202198491,0.1106149632
2439,CDS + 3'UTR,14,0.330246985,0.2878339786,0.2745947242,0.290935494,0.295007199,0.3108824518,0.1001510993,0.1103480782
2440,CDS + 3'UTR,14,0.2468279153,0.2884085083,0.3087130487,0.2908283811,0.3295997679,0.3105712511,0.1148593053,0.1101918624
2441,CDS + 3'UTR,14,0.2525108457,0.287566022,0.300470829,0.2909069739,0.3243671954,0.3110476356,0.1226511374,0.1104793718
2442,CDS + 3'UTR,14,0.418956548,0.2893085256,0.2432334721,0.2901837453,0.2577976584,0.3104038045,0.08001230657,0.1101039275
2443,CDS + 3'UTR,14,0.2731375098,0.2891732868,0.2913681865,0.2903561961,0.3189894855,0.3105497066,0.1165048406,0.1099208138
2444,CDS + 3'UTR,14,0.2491117865,0.2892185528,0.3048700392,0.2902911179,0.3300932348,0.310690289,0.1159249097,0.1098000438
2445,CDS + 3'UTR,14,0.3542024493,0.2903379347,0.2912602723,0.2895491168,0.270483017,0.3104207043,0.08405429125,0.1096922481
2446,CDS + 3'UTR,14,0.2638707757,0.2908237293,0.2845277488,0.2890338309,0.33917436,0.3103655804,0.1124271229,0.1097768622
2447,CDS + 3'UTR,14,0.2666911185,0.2900426064,0.3056294918,0.2892913569,0.3105654716,0.3106781341,0.1171139106,0.1099879058
2448,CDS + 3'UTR,14,0.3370990455,0.2919056373,0.2773022056,0.2890583236,0.2868487835,0.3095528625,0.09874998778,0.1094831805
2449,CDS + 3'UTR,14,0.2620449662,0.2917463182,0.298989296,0.2890843645,0.3237079978,0.3096372403,0.1152577251,0.109532081
2450,CDS + 3'UTR,14,0.2468153089,0.2911954282,0.304531157,0.289030049,0.3274269998,0.310053575,0.1212265044,0.1097209509
2451,CDS + 3'UTR,14,0.3389084339,0.2930183351,0.2775244117,0.2887072001,0.2845492661,0.3089977153,0.09901791066,0.1092767526
2452,CDS + 3'UTR,14,0.2505046427,0.2933511171,0.2915908694,0.2886326589,0.3316249549,0.3087552898,0.1262795776,0.109260937
2453,CDS + 3'UTR,14,0.2434243411,0.2931572985,0.2921941876,0.288823783,0.3400273919,0.3088612076,0.1243540868,0.1091577139
2454,CDS + 3'UTR,14,0.3567107618,0.294243734,0.2766464651,0.2888192751,0.2742870152,0.3080969825,0.09235568345,0.1088400117
2455,CDS + 3'UTR,14,0.2766095698,0.2947371023,0.2707569301,0.2886580914,0.3323834836,0.3079481751,0.120250009,0.1086566341
2456,CDS + 3'UTR,14,0.2753495574,0.2937019709,0.298029989,0.2889201611,0.3092285991,0.3083601121,0.1173918173,0.1090177585
2457,CDS + 3'UTR,14,0.3731325269,0.2950370375,0.2554855049,0.2884605184,0.2773247063,0.3077164974,0.09405725449,0.1087859496
2458,CDS + 3'UTR,14,0.2742099464,0.2953839801,0.3022115827,0.2884232778,0.3183306754,0.3075236361,0.105247803,0.108669109
2459,CDS + 3'UTR,14,0.252838701,0.2942345638,0.3025675118,0.288348588,0.3303971589,0.3083342273,0.1141966209,0.109082624
2460,CDS + 3'UTR,14,0.3600520492,0.2952501882,0.2687198222,0.2881295938,0.2847923338,0.3077811696,0.08643583208,0.1088390514
2461,CDS + 3'UTR,14,0.2669845223,0.2956062032,0.3001085818,0.2881673932,0.3254739344,0.307500457,0.107432954,0.1087259499
2462,CDS + 3'UTR,14,0.265762955,0.294172791,0.2706776261,0.2889465135,0.3388911784,0.3078975566,0.1246682778,0.1089831416
2463,CDS + 3'UTR,14,0.3608334661,0.2956604425,0.2782346308,0.2884834703,0.2628234327,0.3071826775,0.09810848534,0.1086734126
2464,CDS + 3'UTR,14,0.2717984021,0.2964038711,0.2730588317,0.2882276505,0.3365093768,0.3068849683,0.1186334118,0.1084835128
2465,CDS + 3'UTR,14,0.2629806697,0.2952022372,0.2980473042,0.2884334318,0.3209364414,0.3074932434,0.1180355698,0.10887109
2466,CDS + 3'UTR,14,0.4110156596,0.2967794767,0.256421864,0.2880140573,0.2506861985,0.3067399435,0.08187630028,0.1084665257
2467,CDS + 3'UTR,14,0.2701953053,0.2971581791,0.2996355593,0.2882889688,0.3240382373,0.3063948628,0.1061308831,0.1081579922
2468,CDS + 3'UTR,14,0.2803583443,0.2956646344,0.2882208228,0.2888185006,0.3186450303,0.3068405405,0.1127758473,0.1086763276
2469,CDS + 3'UTR,14,0.3696577251,0.2968787177,0.2702399194,0.2884490628,0.2740347981,0.3063371573,0.08606756479,0.1083350644
2470,CDS + 3'UTR,14,0.2850093842,0.2961778406,0.2821266353,0.2886507902,0.3211826682,0.3066454776,0.1116813049,0.1085258937
2471,CDS + 3'UTR,14,0.2378560603,0.2955418652,0.3303812444,0.2885673713,0.3184321523,0.3071114715,0.1133305356,0.108779294
2472,CDS + 3'UTR,14,0.4102522433,0.2964136107,0.2428406924,0.2882542502,0.2599092126,0.3066801567,0.08699786663,0.1086519841
2473,CDS + 3'UTR,14,0.2698937953,0.2965680061,0.2977057397,0.2879050031,0.321095854,0.3067922331,0.1113045812,0.1087347594
2474,CDS + 3'UTR,14,0.2794937193,0.2956192598,0.2828840613,0.2880923007,0.3214708269,0.3073454235,0.1161513552,0.1089430182
2475,CDS + 3'UTR,14,0.3977397382,0.2967011994,0.2488235682,0.2877080191,0.2621577084,0.3067705143,0.09127890319,0.1088202683
2476,CDS + 3'UTR,14,0.2421797365,0.2967305804,0.306085676,0.287587133,0.3324594796,0.3068872176,0.1192751154,0.1087950702
2477,CDS + 3'UTR,14,0.2420088202,0.2948149819,0.3093219101,0.2882760044,0.3287793994,0.3076100625,0.1198898777,0.1092989524
2478,CDS + 3'UTR,14,0.372123301,0.2963604216,0.2663984597,0.2878690053,0.2643547654,0.3067974139,0.09712344408,0.1089731606
2479,CDS + 3'UTR,14,0.2840000093,0.2963304587,0.2944927216,0.2879250325,0.3123118579,0.306772032,0.1091954261,0.1089724787
2480,CDS + 3'UTR,14,0.2734022141,0.295344694,0.2807736695,0.2882130526,0.3230738342,0.3071104273,0.1227503195,0.1093318279
2481,CDS + 3'UTR,14,0.3878455758,0.2964622932,0.2537968159,0.2878546387,0.2696206868,0.3064744078,0.0887368992,0.109208662
2482,CDS + 3'UTR,14,0.2753846645,0.2964686478,0.2909123003,0.287838494,0.3260700405,0.3064820141,0.1076330096,0.1092108455
2483,CDS + 3'UTR,14,0.2638870776,0.2946014391,0.2961820066,0.288584052,0.3274489343,0.307203966,0.112481989,0.1096105444
2484,CDS + 3'UTR,14,0.3487237096,0.2955457686,0.2653687298,0.2882903229,0.291706413,0.3066873021,0.09420110285,0.1094766076
2485,CDS + 3'UTR,14,0.2925194204,0.2958183344,0.2694762647,0.2882453769,0.3208978772,0.3064118139,0.1171064377,0.1095244761
2486,CDS + 3'UTR,14,0.2579018176,0.2946824379,0.3083052039,0.2882210147,0.3205119669,0.3070156448,0.1132810116,0.1100809037
2487,CDS + 3'UTR,14,0.384552896,0.295382417,0.2728669047,0.2882273026,0.2578398883,0.3063488524,0.08474033326,0.1100414294
2488,CDS + 3'UTR,14,0.2617521286,0.2953431811,0.2953865528,0.2879875295,0.3260153234,0.3065700587,0.1168459803,0.1100992323
2489,CDS + 3'UTR,14,0.2616702914,0.294478124,0.2950038016,0.2882166937,0.3240962327,0.3069249302,0.1192296594,0.1103802534
2490,CDS + 3'UTR,14,0.3887225091,0.2950018231,0.2711302638,0.2879064519,0.2565577924,0.3067196332,0.08358942717,0.1103720929
2491,CDS + 3'UTR,14,0.2824279666,0.2948390005,0.290210247,0.2877212204,0.3163768351,0.3069688104,0.1109849662,0.1104709707
2492,CDS + 3'UTR,14,0.2650063038,0.2936652832,0.3078493476,0.2880585782,0.3173672557,0.3074960891,0.1097771302,0.1107800515
2493,CDS + 3'UTR,14,0.3456999362,0.2950590629,0.2882536352,0.2876669873,0.2688986361,0.306817143,0.09714780003,0.1104568089
2494,CDS + 3'UTR,14,0.2884039879,0.2953387545,0.2823842764,0.2877748892,0.3184888661,0.3065855272,0.1107228398,0.110300831
2495,CDS + 3'UTR,14,0.2485653907,0.2941587919,0.3029848933,0.288074014,0.3263499439,0.3071255986,0.1220997497,0.1106415983
2496,CDS + 3'UTR,14,0.369879812,0.2953486132,0.2570473254,0.2878420126,0.2765373886,0.3064989228,0.09653548151,0.110310455
2497,CDS + 3'UTR,14,0.2756470442,0.2951143676,0.3005878925,0.2883266389,0.3118884265,0.3064658009,0.1118766665,0.1100931966
2498,CDS + 3'UTR,14,0.2740144432,0.2935729938,0.2849419117,0.2889029518,0.3199288249,0.3071283184,0.1211148575,0.1103957403
2499,CDS + 3'UTR,14,0.3530947268,0.2950031968,0.2737312019,0.2884807725,0.2763019204,0.3064802025,0.09687217325,0.1100358326
2500,CDS + 3'UTR,14,0.2698169053,0.295059002,0.2995287478,0.2884887241,0.3167161047,0.3064358134,0.1139382944,0.1100164649
2501,CDS + 3'UTR,14,0.2301100641,0.2931690913,0.3254684806,0.2892474253,0.3232111037,0.3071454346,0.121210292,0.1104380527
2502,CDS + 3'UTR,14,0.3747262061,0.2938569602,0.2725443542,0.2892227948,0.2666651309,0.3067129858,0.08606432378,0.1102072632
2503,CDS + 3'UTR,14,0.2693663538,0.2937741511,0.3013440669,0.2895822577,0.313337177,0.3064525239,0.1159523726,0.1101910708
2504,CDS + 3'UTR,14,0.2015744001,0.2919502357,0.3210239112,0.2899440948,0.3460548222,0.3076011464,0.1313468963,0.1105045259
2505,CDS + 3'UTR,14,0.3707900941,0.292416144,0.2681075633,0.2903113939,0.2731358111,0.3069827836,0.08796656877,0.1102896807
2506,CDS + 3'UTR,13,0.2617702186,0.2922103079,0.3214754462,0.2905565668,0.3112309873,0.3069348,0.1055233479,0.1102983275
2507,CDS + 3'UTR,13,0.230921641,0.289516441,0.3148745894,0.2914270286,0.3208868206,0.3080931712,0.1333169788,0.1109633612
2508,CDS + 3'UTR,13,0.32425946,0.2903592849,0.2859127522,0.2912226103,0.2851873338,0.3077155046,0.1046404019,0.1107026025
2509,CDS + 3'UTR,13,0.2154067606,0.2898272356,0.3195146322,0.2917166296,0.3347496688,0.3076728377,0.1303289384,0.1107832991
2510,CDS + 3'UTR,13,0.2381913513,0.2879683308,0.3038855493,0.2924234968,0.3308872879,0.3083728664,0.1270358264,0.1112353074
2511,CDS + 3'UTR,13,0.3297115564,0.2885217343,0.2702379227,0.2928458337,0.2903822362,0.3076375876,0.1096682847,0.1109948461
2512,CDS + 3'UTR,13,0.2877502739,0.2881205006,0.2763760686,0.2929453753,0.3185121417,0.3078797661,0.117361553,0.1110543597
2513,CDS + 3'UTR,13,0.2265319675,0.285502051,0.3072079718,0.2937765134,0.3438424468,0.3089409027,0.1224176362,0.1117805341
2514,CDS + 3'UTR,13,0.3343741298,0.2869441608,0.2709863782,0.2934135852,0.2825268805,0.3081529289,0.1121125594,0.1114893268
2515,CDS + 3'UTR,13,0.2731527984,0.2862031592,0.2867887914,0.2937064463,0.3206513524,0.3084833942,0.1194070727,0.1116070015
2516,CDS + 3'UTR,13,0.2319646925,0.28393663,0.3178117871,0.2944481205,0.3224455714,0.3095311575,0.127777949,0.1120840942
2517,CDS + 3'UTR,13,0.3931671679,0.2851509754,0.2644040287,0.2940572783,0.2570703924,0.3089200117,0.08535842597,0.1118717371
2518,CDS + 3'UTR,13,0.2603490949,0.2850944046,0.3023927212,0.2941335615,0.3170928955,0.3088659089,0.1201652959,0.1119061273
2519,CDS + 3'UTR,13,0.251385808,0.2836280908,0.2976363301,0.2945826586,0.322078824,0.3095413972,0.1288990378,0.112247856
2520,CDS + 3'UTR,13,0.336235851,0.2859454669,0.2800399363,0.2938052062,0.2787182033,0.3084415101,0.1050060317,0.1118078194
2521,CDS + 3'UTR,13,0.2530192137,0.2857141864,0.299179256,0.2941367138,0.3249756992,0.3083556488,0.1228258237,0.1117934526
2522,CDS + 3'UTR,13,0.2695798576,0.2838234834,0.3028781116,0.2951038722,0.3155538142,0.308835502,0.1119882166,0.1122371442
2523,CDS + 3'UTR,13,0.3486838639,0.2851981603,0.2678698599,0.2946635596,0.2776563764,0.308177131,0.1057898924,0.1119611496
2524,CDS + 3'UTR,13,0.270917058,0.2846811363,0.3012743592,0.2950847082,0.308054179,0.3083014067,0.1197543889,0.111932749
2525,CDS + 3'UTR,13,0.2633307278,0.2832068892,0.2893112898,0.2957271006,0.3187894821,0.3087175053,0.1285685003,0.1123485061
2526,CDS + 3'UTR,13,0.319869101,0.2836804891,0.2850307822,0.2960211679,0.2858309746,0.3082895238,0.1092691794,0.1120088202
2527,CDS + 3'UTR,13,0.2635522485,0.2834944492,0.2864476442,0.2960712988,0.3282619715,0.3083226651,0.1217381433,0.1121115875
2528,CDS + 3'UTR,12,0.2678944767,0.2817920661,0.2956353426,0.2965937518,0.3152385056,0.309082628,0.1212316751,0.1125315543
2529,CDS + 3'UTR,12,0.3039408922,0.2826906824,0.2741699517,0.2962315924,0.307284236,0.3087303661,0.1146048903,0.1123473594
2530,CDS + 3'UTR,12,0.2337895036,0.2826124227,0.2897126377,0.2963101748,0.3473611772,0.3088190429,0.1291367263,0.1122583595
2531,CDS + 3'UTR,12,0.2450110465,0.2801223963,0.3045130372,0.2969234098,0.3267315626,0.3101580806,0.123744376,0.1127961131
2532,CDS + 3'UTR,12,0.3620070219,0.2813738555,0.260263592,0.2966160599,0.2773092687,0.3094810508,0.1004201695,0.1125290333
2533,CDS + 3'UTR,12,0.2657996714,0.2809337443,0.3008263409,0.2967601933,0.3214981258,0.30975134,0.1118758544,0.1125547213
2534,CDS + 3'UTR,12,0.2623137534,0.2792221183,0.3005764484,0.2971603394,0.3174927235,0.3105907742,0.1196170673,0.1130267669
2535,CDS + 3'UTR,12,0.3717952669,0.2800617674,0.2521968186,0.2970895506,0.2822494209,0.3100610562,0.09375854582,0.1127876255
2536,CDS + 3'UTR,12,0.2566099167,0.2798088215,0.3368000984,0.2973389942,0.3065788448,0.3100662149,0.1000111401,0.1127859689
2537,CDS + 3'UTR,12,0.2498226166,0.2778920548,0.3015905321,0.2978948295,0.3303261101,0.3109379552,0.1182607487,0.1132751604
2538,CDS + 3'UTR,12,0.388626188,0.2796756594,0.2684372365,0.2972998746,0.2664813995,0.3101134785,0.07645519078,0.1129109877
2539,CDS + 3'UTR,12,0.2573031187,0.2789481433,0.3032036424,0.2978882838,0.3268460333,0.3102456477,0.1126472056,0.1129179247
2540,CDS + 3'UTR,11,0.2088591903,0.2773581529,0.3294159174,0.2985683665,0.3415620327,0.3109287649,0.1201628521,0.1131447149
2541,CDS + 3'UTR,11,0.3220140338,0.2787113195,0.2981381416,0.2980553094,0.2908780277,0.3104438081,0.0889697969,0.1127895616
2542,CDS + 3'UTR,11,0.2591382265,0.2788600029,0.2994346619,0.2979487658,0.318054229,0.3104046147,0.1233728826,0.1127866158
2543,CDS + 3'UTR,11,0.2149202377,0.2772886654,0.3071815968,0.2981863335,0.3547132313,0.3111942545,0.123184897,0.1133307453
2544,CDS + 3'UTR,11,0.309071064,0.2791294703,0.3024427593,0.2973570159,0.2870403528,0.3105585348,0.1014457941,0.1129549786
2545,CDS + 3'UTR,11,0.2465137839,0.2794335609,0.3176611364,0.2972098319,0.3170977533,0.3104356397,0.1187273189,0.1129209657
2546,CDS + 3'UTR,10,0.1955063045,0.2773793394,0.326058805,0.2979299331,0.3433558941,0.3114074465,0.1350789964,0.1132832785
2547,CDS + 3'UTR,10,0.3376228213,0.2795137832,0.2832821012,0.2970702613,0.2938249111,0.3105287574,0.0852701813,0.1128871959
2548,CDS + 3'UTR,11,0.2377943993,0.2796580479,0.327742368,0.2970451089,0.3152316809,0.3106335044,0.1192315742,0.1126633362
2549,CDS + 3'UTR,11,0.2209453434,0.2781682381,0.3267892897,0.2976553338,0.3300370872,0.3113914277,0.122228235,0.1127849984
2550,CDS + 3'UTR,11,0.3292816579,0.2801612865,0.3159135878,0.2970198056,0.2623603642,0.3105653003,0.09244439751,0.1122536057
2551,CDS + 3'UTR,11,0.2057573646,0.280231699,0.338344574,0.2969734924,0.3378064334,0.3106384002,0.118091628,0.1121564064
2552,CDS + 3'UTR,11,0.200776279,0.2789264355,0.3093317449,0.2973750634,0.3448001444,0.3113457009,0.1450918168,0.1123527976
2553,CDS + 3'UTR,11,0.3852625787,0.278742899,0.2686714828,0.2977286441,0.2580579519,0.3111498918,0.088007994,0.112378562
2554,CDS + 3'UTR,11,0.2202135921,0.2786777426,0.3063129485,0.2978195382,0.3479080498,0.3110816319,0.1255653352,0.1124210838
2555,CDS + 3'UTR,11,0.216417402,0.2771280872,0.3081575036,0.298430231,0.3459787667,0.3117557339,0.1294463128,0.112685945
2556,CDS + 3'UTR,11,0.3393273652,0.2781195773,0.2748183012,0.2981779056,0.283567816,0.31121554,0.1022865549,0.1124869735
2557,CDS + 3'UTR,11,0.2374831587,0.2774435561,0.3154245615,0.2985050471,0.3244511783,0.3115536295,0.1226410866,0.1124977629
2558,CDS + 3'UTR,11,0.2548182011,0.2741240645,0.3023262322,0.3002132369,0.3183938265,0.3126268361,0.1244617403,0.1130358581
2559,CDS + 3'UTR,11,0.4693900943,0.2758452183,0.2322965264,0.2999591472,0.2243208885,0.3116984559,0.07399249822,0.1124971744
2560,CDS + 3'UTR,11,0.25489977,0.2749889553,0.3072942793,0.3005721534,0.3162049353,0.3119078999,0.1216009781,0.1125309868
2561,CDS + 3'UTR,11,0.2365893424,0.2732780747,0.331169486,0.3009140389,0.308008939,0.3128255522,0.1242322251,0.1129823293
2562,CDS + 3'UTR,11,0.3853588104,0.2739840932,0.2556872964,0.3008435735,0.2734003663,0.3123817937,0.08555344492,0.1127905352
2563,CDS + 3'UTR,11,0.2225251645,0.2730415931,0.3298738897,0.3014387352,0.3373909891,0.3126121009,0.1102099419,0.1129075659
2564,CDS + 3'UTR,11,0.2307839394,0.2704448385,0.3167601228,0.3027188184,0.3249942958,0.3135073239,0.1274616718,0.1133290149
2565,CDS + 3'UTR,11,0.3304074109,0.2713716051,0.2930016518,0.30253348,0.2866593599,0.3130165583,0.08993156254,0.1130783528
2566,CDS + 3'UTR,11,0.2430186272,0.270053672,0.3123156726,0.3035328539,0.323163271,0.3132215215,0.1215023994,0.1131919488
2567,CDS + 3'UTR,11,0.2483622432,0.2679082921,0.314663142,0.3045651944,0.318636924,0.3140570929,0.1183376759,0.1134694166
2568,CDS + 3'UTR,11,0.3336414397,0.2676520282,0.2664138079,0.3049425067,0.2978343666,0.3138198538,0.1021103859,0.1135856071
2569,CDS + 3'UTR,11,0.2554095089,0.2664845539,0.3012903929,0.3055733347,0.3311903775,0.3141872568,0.1121096686,0.1137548504
2570,CDS + 3'UTR,11,0.1895204037,0.2648166625,0.3201890588,0.3062499316,0.3636808097,0.3147453425,0.1266097128,0.1141880598
2571,CDS + 3'UTR,11,0.3825446963,0.265359504,0.2656222582,0.3065153046,0.262214452,0.3140562633,0.089618586,0.1140689242
2572,CDS + 3'UTR,11,0.229797408,0.2652614798,0.3193800151,0.3069639778,0.3389903903,0.3137989359,0.1118321642,0.113975602
2573,CDS + 3'UTR,11,0.2087698579,0.2628860325,0.3202653229,0.3081692377,0.3360533714,0.3145439478,0.1349114478,0.1144007777
2574,CDS + 3'UTR,11,0.3555759192,0.2644214287,0.2767211795,0.3077963455,0.276111424,0.313609645,0.09159152955,0.1141725767
2575,CDS + 3'UTR,11,0.2283297181,0.2637693154,0.3229403794,0.3083414948,0.3267626464,0.3135753864,0.1219672263,0.1143137998
2576,CDS + 3'UTR,11,0.216538474,0.2610330703,0.3015141487,0.3098069808,0.3462766111,0.3142186357,0.135670796,0.1149413094
2577,CDS + 3'UTR,11,0.418335408,0.2636128673,0.2529914975,0.3086943479,0.2459302843,0.313015952,0.08274285495,0.1146768287
2578,CDS + 3'UTR,11,0.2158131599,0.263127595,0.3320146501,0.3090908093,0.3305023611,0.3129209753,0.121669814,0.1148606162
2579,CDS + 3'UTR,11,0.2258954942,0.2610756366,0.328137815,0.309855389,0.3309513032,0.3135134928,0.1150153875,0.1155554769
2580,CDS + 3'UTR,11,0.3780702353,0.2617549064,0.2584841847,0.3099156728,0.2779195607,0.3128467273,0.08552603424,0.1154826885
2581,CDS + 3'UTR,11,0.2420047373,0.2614470828,0.3169449866,0.3101747954,0.3200756311,0.3126975697,0.1209746301,0.1156805472
2582,CDS + 3'UTR,11,0.2490192056,0.2594924867,0.291549772,0.3107895853,0.329836309,0.3134395577,0.1295946836,0.1162783652
2583,CDS + 3'UTR,11,0.4166307449,0.2610975709,0.2349986583,0.3104972759,0.2624796033,0.3125486312,0.08589103073,0.1158565171
2584,CDS + 3'UTR,11,0.2259016484,0.2609647902,0.3092491925,0.3110034337,0.3362232149,0.3120861946,0.1286258698,0.1159455768
2585,CDS + 3'UTR,11,0.2064523697,0.2589466063,0.325715661,0.3117296221,0.3508803546,0.3128307128,0.1169515923,0.1164930548
2586,CDS + 3'UTR,11,0.4325257242,0.2602652976,0.2527016997,0.3115102401,0.2409358621,0.3121270483,0.07383673638,0.1160974105
2587,CDS + 3'UTR,11,0.2424628139,0.2601937409,0.3128623962,0.3116630761,0.329266578,0.3120452845,0.1154082045,0.1160978953
2588,CDS + 3'UTR,11,0.2050746828,0.2579724442,0.3347307444,0.3126492148,0.3458212018,0.3126220969,0.1143733785,0.1167562406
2589,CDS + 3'UTR,11,0.3748506308,0.2593197104,0.2686723769,0.3124053156,0.2686594725,0.3117959304,0.0878175199,0.1164790398
2590,CDS + 3'UTR,11,0.2438243479,0.2584184935,0.3001804948,0.3129430646,0.3367352784,0.3118869608,0.1192598864,0.1167514773
2591,CDS + 3'UTR,11,0.2252904773,0.2559282338,0.3023636043,0.3137537291,0.3469662964,0.3129845122,0.1253795773,0.1173335207
2592,CDS + 3'UTR,11,0.2730673552,0.2579097889,0.3046625257,0.3131756222,0.3028474152,0.3119107293,0.119422704,0.117003856
2593,CDS + 3'UTR,11,0.2213194519,0.2575810932,0.3144795001,0.3137737701,0.3383816481,0.3117449226,0.1258193851,0.116900211
2594,CDS + 3'UTR,10,0.2104016989,0.2545800276,0.3198418021,0.3149370754,0.3364550471,0.3129196798,0.1333014518,0.1175632133
2595,CDS + 3'UTR,10,0.3524720073,0.2558599405,0.2666027546,0.315126886,0.2774358392,0.3118663097,0.1034893543,0.1171468609
2596,CDS + 3'UTR,10,0.1778829992,0.2553345386,0.3439831138,0.3156390002,0.3494927287,0.3118507719,0.1286410987,0.1171756872
2597,CDS + 3'UTR,10,0.1276078373,0.2534802202,0.4010592103,0.3165030008,0.3429269195,0.3124921018,0.1284060478,0.1175246751
2598,CDS + 3'UTR,10,0.3980413973,0.2540418489,0.2820655406,0.3165719071,0.2428224832,0.3119907664,0.07707059383,0.1173954756
2599,CDS + 3'UTR,10,0.1828847677,0.2531637171,0.3466768265,0.3170760842,0.3388343453,0.3122556316,0.1316040307,0.1175045659
2600,CDS + 3'UTR,10,0.1993654072,0.2489003763,0.3073907793,0.3188284056,0.3521303833,0.3139308004,0.1411134303,0.1183404174
2601,CDS + 3'UTR,10,0.3095006943,0.2503821664,0.2935420275,0.3188482447,0.2894750237,0.3128412116,0.1074822992,0.1179283769
2602,CDS + 3'UTR,10,0.1941798478,0.2497428743,0.3504910469,0.3190122275,0.3339783847,0.3131417394,0.1213506684,0.1181031585
2603,CDS + 3'UTR,10,0.1409434974,0.2465525566,0.3702765107,0.3204643434,0.3492742181,0.314154486,0.1395058185,0.1188286141
2604,CDS + 3'UTR,10,0.3450583816,0.2480065476,0.2864472866,0.3202940663,0.2687929273,0.312999274,0.09970141947,0.1187001121
2605,CDS + 3'UTR,10,0.1578960866,0.2473587487,0.3692612052,0.3209963718,0.3351865411,0.3130992794,0.1376561821,0.1185455988
2606,CDS + 3'UTR,10,0.1482387036,0.2446895179,0.3676180243,0.3221216211,0.3526766896,0.3138386527,0.1314665973,0.1193502073
2607,CDS + 3'UTR,10,0.2430511415,0.2461244454,0.3166326284,0.3219341936,0.3092828393,0.3130531086,0.1310333908,0.1188882519
2608,CDS + 3'UTR,10,0.1744965315,0.2452135083,0.3461015821,0.3225693913,0.344630748,0.313158148,0.1347711384,0.1190589524
2609,CDS + 3'UTR,10,0.1705095768,0.2429574006,0.3282977045,0.3237387618,0.3519310951,0.3137780862,0.1492616385,0.1195257514
2610,CDS + 3'UTR,10,0.2772168219,0.2445958921,0.310942471,0.3235591015,0.292234838,0.3126537209,0.1196058765,0.1191912862
2611,CDS + 3'UTR,10,0.2371691167,0.244181144,0.3404068947,0.3239317356,0.30614537,0.3125017142,0.1162786037,0.1193854072
2612,CDS + 3'UTR,10,0.1719712317,0.2413484548,0.3566843867,0.3248678761,0.336910218,0.3137821937,0.1344342232,0.1200014764
2613,CDS + 3'UTR,10,0.3886313736,0.2425435918,0.2709949613,0.324890455,0.2467539012,0.312862855,0.09361977875,0.1197030993
2614,CDS + 3'UTR,10,0.2101446837,0.2422981567,0.3441883922,0.3252062885,0.3147520423,0.3128200231,0.1309149116,0.1196755333
2615,CDS + 3'UTR,10,0.1528956592,0.2393773398,0.3694356978,0.3264352283,0.3337093592,0.313886389,0.1439593136,0.1203010441
2616,CDS + 3'UTR,10,0.4629936814,0.2407448537,0.2477894723,0.3264853923,0.210364148,0.31289263,0.07885268331,0.1198771255
2617,CDS + 3'UTR,10,0.2110008299,0.2400385662,0.333307445,0.3273450168,0.3227279782,0.3127481215,0.1329637468,0.1198682968
2618,CDS + 3'UTR,10,0.2244695127,0.2367163352,0.3296036124,0.3284998192,0.313882798,0.3141237713,0.1320440471,0.1206600748
2619,CDS + 3'UTR,10,0.3116447031,0.2378772131,0.3080263436,0.3279506633,0.2735047936,0.3135319423,0.1068241373,0.1206401818
2620,CDS + 3'UTR,10,0.1842333078,0.2373203552,0.3501457274,0.3283336734,0.3296294212,0.313498573,0.1359915435,0.1208473983
2621,CDS + 3'UTR,10,0.1656463444,0.2347915775,0.3473213315,0.329275625,0.3502370715,0.3143252637,0.1367952377,0.1216075332
2622,CDS + 3'UTR,10,0.3875449598,0.2350833436,0.276049912,0.3295473,0.2467801124,0.313872407,0.08962503821,0.1214969491
2623,CDS + 3'UTR,10,0.204297781,0.2343892396,0.3476742208,0.3304198207,0.3177182972,0.3137543164,0.1303096712,0.1214366226
2624,CDS + 3'UTR,9,0.1476163566,0.2309516222,0.360537827,0.3320952855,0.346601814,0.3148441195,0.1452440321,0.1221089722
2625,CDS + 3'UTR,9,0.3520090878,0.2323078624,0.3001105785,0.3320495382,0.2608045936,0.3138973497,0.08707577735,0.1217452499
2626,CDS + 3'UTR,9,0.1897817701,0.2316628112,0.3382856846,0.3324203618,0.336814791,0.3139517572,0.1351177841,0.1219650706
2627,CDS + 3'UTR,9,0.1599190831,0.2284745616,0.3621731997,0.3337130364,0.3399699032,0.3151385717,0.1379377991,0.1226738309
2628,CDS + 3'UTR,9,0.3455756903,0.2293622867,0.3082304299,0.3336248387,0.2491383553,0.3143886179,0.09705550969,0.1226242578
2629,CDS + 3'UTR,9,0.1488479972,0.2286879086,0.3698092103,0.3339976583,0.3373195231,0.3144754287,0.1440232396,0.1228390052
2630,CDS + 3'UTR,9,0.1300608814,0.2256610655,0.3807667494,0.3356923688,0.3501644731,0.315263113,0.1390078664,0.1233834532
2631,CDS + 3'UTR,9,0.3642817736,0.2260261211,0.2920960188,0.3355660632,0.2519038022,0.3149261817,0.09171845764,0.1234816339
2632,CDS + 3'UTR,9,0.174480617,0.226050046,0.3571835756,0.3359545607,0.3315356076,0.3145559136,0.1368002146,0.1234394806
2633,CDS + 3'UTR,9,0.1451773345,0.2246002014,0.3617359102,0.3366779733,0.3520385325,0.315136471,0.1410481781,0.1235853553
2634,CDS + 3'UTR,9,0.3226066232,0.2256623738,0.321497798,0.3369081505,0.2636384368,0.3141854346,0.09225714207,0.1232440425
2635,CDS + 3'UTR,9,0.1743852496,0.2255662416,0.349126637,0.3371947359,0.3447357416,0.3140181411,0.1317524165,0.1232208833
2636,CDS + 3'UTR,9,0.1909818947,0.2236631789,0.3439383507,0.3378595166,0.3348742127,0.3148888182,0.1302055866,0.1235884894
2637,CDS + 3'UTR,9,0.2824134529,0.2249127206,0.3209370673,0.3375711981,0.2843443453,0.3140210237,0.1123051271,0.1234950612
2638,CDS + 3'UTR,9,0.1845676601,0.2258408993,0.3426603973,0.3370761804,0.3395830393,0.3136381999,0.1331889629,0.1234447243
2639,CDS + 3'UTR,9,0.1283228248,0.2225726976,0.3724822402,0.338087137,0.3583343923,0.3150483133,0.1408606172,0.1242918549
2640,CDS + 3'UTR,9,0.3734429777,0.2234704283,0.308881402,0.3379164729,0.2290378362,0.3145605,0.08863773942,0.1240526021
2641,CDS + 3'UTR,9,0.1854459792,0.2232930879,0.3442881107,0.3385095473,0.332051158,0.3143114904,0.1382147521,0.1238858782
2642,CDS + 3'UTR,9,0.1301333904,0.2213039995,0.3718565702,0.3394259378,0.3544200957,0.3150889354,0.1435898989,0.1241811303
2643,CDS + 3'UTR,9,0.3388444483,0.2220155763,0.316251725,0.3393024471,0.244974032,0.3145491498,0.09992977977,0.124132831
2644,CDS + 3'UTR,9,0.1789600253,0.2227254047,0.3729445636,0.3390751846,0.3329947293,0.3142631644,0.1151006073,0.1239362503
2645,CDS + 3'UTR,8,0.1168689504,0.2206795135,0.3830215931,0.3396981366,0.3458092213,0.3151805257,0.1543002427,0.1244418274
2646,CDS + 3'UTR,9,0.3578128219,0.2230482168,0.2973214686,0.3390004065,0.2603197396,0.3141186157,0.08454596996,0.1238327639
2647,CDS + 3'UTR,9,0.1754872799,0.2232237277,0.3654789627,0.3392254692,0.3270400763,0.3137627611,0.131993711,0.1237880448
2648,CDS + 3'UTR,9,0.1531528234,0.2225120856,0.3599634469,0.3394524917,0.3474294245,0.3141997332,0.1394543052,0.123835692
2649,CDS + 3'UTR,9,0.3864888251,0.2243878423,0.2869175673,0.3389819574,0.2412411571,0.3131674172,0.08535245806,0.1234627854
2650,CDS + 3'UTR,9,0.1563405544,0.2242117613,0.3499997854,0.3396251086,0.3515202701,0.3130865214,0.1421393901,0.1230766103
2651,CDS + 3'UTR,9,0.1559295654,0.2227078392,0.3405134976,0.3401637197,0.3646528125,0.313816143,0.1389041245,0.1233122998
2652,CDS + 3'UTR,9,0.3254083693,0.2239054809,0.3211863339,0.3398239303,0.2654432952,0.3132238658,0.08796199411,0.1230467246
2653,CDS + 3'UTR,9,0.1891350448,0.2240626688,0.3455320001,0.3399111398,0.3326268196,0.3131042508,0.1327061653,0.1229219416
2654,CDS + 3'UTR,9,0.1219105721,0.220977557,0.3750363588,0.3413970783,0.361420691,0.3142262941,0.141632393,0.123399071
2655,CDS + 3'UTR,9,0.3377308249,0.2226222363,0.3269535005,0.3407766424,0.2472619265,0.313550886,0.08805374056,0.123050235
2656,CDS + 3'UTR,9,0.1600354761,0.2235946926,0.3702841103,0.3401685912,0.3347159326,0.3133238172,0.1349644959,0.1229128979
2657,CDS + 3'UTR,9,0.152556926,0.2195379614,0.3453756869,0.3416944318,0.3559822738,0.3150639206,0.1460850984,0.1237036858
2658,CDS + 3'UTR,9,0.3086833954,0.2201247568,0.2880821824,0.3416952893,0.2831560373,0.3147199728,0.1200783774,0.1234599808
2659,CDS + 3'UTR,9,0.1813468635,0.2196654635,0.3587786257,0.3419406131,0.3282817602,0.314824852,0.1315927058,0.1235690707
2660,CDS + 3'UTR,9,0.1757680178,0.2175808773,0.3338403106,0.3425075103,0.3440548182,0.3157780144,0.1463368237,0.1241335976
2661,CDS + 3'UTR,9,0.2653460205,0.2189113607,0.3386789858,0.3420861609,0.2838470936,0.315168035,0.1121279001,0.1238344431
2662,CDS + 3'UTR,9,0.1934908926,0.218950468,0.3613514304,0.3424001906,0.3203890622,0.3148631983,0.1247685626,0.123786143
2663,CDS + 3'UTR,9,0.1416213512,0.2161621851,0.36903584,0.3435244631,0.3496638536,0.3159701312,0.1396789998,0.1243432204
2664,CDS + 3'UTR,9,0.3344008625,0.2176880457,0.3055894077,0.3431235597,0.2604816258,0.3152158322,0.09952808917,0.1239725624
2665,CDS + 3'UTR,9,0.1548482776,0.2185372337,0.3553815484,0.3427572161,0.355232954,0.3149660679,0.1345372498,0.1237394813
2666,CDS + 3'UTR,9,0.1774657518,0.2163713339,0.356115669,0.3433022421,0.3358810246,0.3159954945,0.1305375546,0.124330928
2667,CDS + 3'UTR,9,0.3134808242,0.217581631,0.3058065772,0.3433254942,0.2692702711,0.3152526779,0.1114423573,0.1238401957
2668,CDS + 3'UTR,8,0.1511244327,0.218324883,0.3645563126,0.342936362,0.3527660668,0.3150537735,0.1315531731,0.1236849807
2669,CDS + 3'UTR,8,0.1327031851,0.2162648736,0.4042492211,0.3434707049,0.3316742182,0.3161456833,0.1313733608,0.1241187384
2670,CDS + 3'UTR,8,0.273028791,0.2183456178,0.2900760472,0.3428223822,0.3097807765,0.3152185785,0.1271143407,0.123613422
2671,CDS + 3'UTR,8,0.2272044718,0.2185807819,0.3334434032,0.3429794069,0.3173448443,0.3150054069,0.1220073104,0.1234344049
2672,CDS + 3'UTR,8,0.1570797861,0.2159893041,0.3625355363,0.3435216341,0.3492920101,0.3163128389,0.1310926825,0.1241762232
2673,CDS + 3'UTR,8,0.3062932491,0.2185425703,0.3328936696,0.3426504958,0.262298733,0.3153033806,0.09851436317,0.1235035535
2674,CDS + 3'UTR,8,0.2027111202,0.2193790653,0.3427686393,0.3421346676,0.3230715692,0.3151188908,0.1314487159,0.1233673764
2675,CDS + 3'UTR,8,0.2002269924,0.2174280868,0.3197852075,0.3425080363,0.3470900059,0.316245514,0.132897839,0.1238183631
2676,CDS + 3'UTR,8,0.2778463364,0.2189915889,0.3209176362,0.3419992164,0.2800691724,0.3155727869,0.1211668476,0.1234364071
2677,CDS + 3'UTR,8,0.2018621266,0.2188640554,0.3614577949,0.3422725961,0.3123010099,0.315488402,0.124379091,0.1233749448
2678,CDS + 3'UTR,8,0.1365852654,0.2175502268,0.3629420698,0.3425505113,0.3556315601,0.3161768815,0.1448410451,0.1237223785
2679,CDS + 3'UTR,8,0.2547032237,0.2191764963,0.3330236971,0.3419234935,0.2998092771,0.3155790584,0.1124638021,0.1233209493
2680,CDS + 3'UTR,8,0.1851781756,0.2200110198,0.3548367321,0.3412523169,0.3322096169,0.3154355863,0.1277755201,0.1233010734
2681,CDS + 3'UTR,8,0.1503736228,0.2175592278,0.366853267,0.3418304451,0.3516706228,0.3167445414,0.1311024725,0.1238657825
2682,CDS + 3'UTR,8,0.251105994,0.2189404412,0.3406117857,0.3413284685,0.2907955348,0.3161728386,0.1174867228,0.123558249
2683,CDS + 3'UTR,8,0.1977297664,0.2196806205,0.3520955145,0.3410385847,0.3263953924,0.3158959698,0.1237793639,0.1233848227
2684,CDS + 3'UTR,8,0.1813870817,0.2172648613,0.3362834454,0.3415129252,0.3421818316,0.3172579089,0.1401475817,0.1239643021
2685,CDS + 3'UTR,8,0.3473923504,0.2205374257,0.3134427965,0.3402566984,0.2502337396,0.3157966897,0.08893110603,0.1234091854
2686,CDS + 3'UTR,8,0.1622795761,0.221785773,0.3856230378,0.3397131938,0.3242083192,0.3154690616,0.1278890669,0.1230319701
2687,CDS + 3'UTR,8,0.1861197799,0.2193850229,0.3347944319,0.3406733871,0.3442406058,0.3163476873,0.1348451674,0.1235939005
2688,CDS + 3'UTR,8,0.324557066,0.2212970378,0.3084588349,0.339930978,0.2620454729,0.3156097975,0.1049386114,0.1231621838
2689,CDS + 3'UTR,8,0.1564230919,0.2216653032,0.3797498047,0.3399196137,0.3454594314,0.3153517157,0.1183676273,0.1230633645
2690,CDS + 3'UTR,8,0.1569030583,0.2191185685,0.3540313542,0.3405903965,0.350604564,0.3166212756,0.1384610385,0.1236697566
2691,CDS + 3'UTR,8,0.332980454,0.2210311037,0.3132237494,0.3400250256,0.2587631941,0.3157325111,0.09503258765,0.1232113569
2692,CDS + 3'UTR,8,0.184546262,0.2219673857,0.3636611402,0.339965209,0.3273410201,0.3150974195,0.1244515851,0.1229699831
2693,CDS + 3'UTR,8,0.1418224275,0.2200604528,0.3898700476,0.3405810438,0.3365173638,0.3157246277,0.1317901313,0.1236338725
2694,CDS + 3'UTR,8,0.3417190313,0.2219864592,0.2945535183,0.3401028093,0.2607193887,0.3148059905,0.1030080318,0.1231047376
2695,CDS + 3'UTR,8,0.2306921631,0.2238270223,0.3207916021,0.339493449,0.3155438602,0.3139063153,0.1329723448,0.1227732099
2696,CDS + 3'UTR,8,0.1384551823,0.2221427549,0.3698567152,0.3394225176,0.3495724201,0.3150873115,0.1421157122,0.1233474128
2697,CDS + 3'UTR,8,0.2579444647,0.2237179575,0.33337605,0.3387313977,0.2952121496,0.3145288607,0.1134673506,0.1230217808
2698,CDS + 3'UTR,8,0.1877260506,0.2244284034,0.3492295146,0.3387012307,0.3222731352,0.3142052384,0.14077124,0.1226651244
2699,CDS + 3'UTR,8,0.1448778063,0.2230481517,0.3533781171,0.3394843154,0.3497577906,0.3147834072,0.151986286,0.1226841228
2700,CDS + 3'UTR,8,0.2906719744,0.225032359,0.3164377809,0.3387075078,0.2808310688,0.3139227936,0.1120591834,0.1223373368
2701,CDS + 3'UTR,8,0.1687749326,0.2261380788,0.3724437058,0.3385134764,0.3258501291,0.3135043627,0.1329312325,0.1218440794
2702,CDS + 3'UTR,8,0.1644823253,0.2249367431,0.3659917116,0.338548151,0.335334748,0.3144779025,0.1341912299,0.1220372009
2703,CDS + 3'UTR,8,0.3263666332,0.22635171,0.3156019449,0.3377137288,0.2573743761,0.3142528282,0.1006570309,0.1216817309
2704,CDS + 3'UTR,8,0.2155513912,0.2266371768,0.3312303424,0.3376581497,0.3266206682,0.3142848184,0.1265975386,0.1214198521
2705,CDS + 3'UTR,8,0.1787371039,0.2244691772,0.3437126577,0.3384360641,0.3431587219,0.3153908236,0.1343915164,0.1217039328
2706,CDS + 3'UTR,8,0.2866055369,0.2260984285,0.3401458561,0.337801782,0.2773894668,0.3147455243,0.09585919976,0.1213542631
2707,CDS + 3'UTR,8,0.2193792462,0.2266536638,0.3310426176,0.337614448,0.3240575492,0.3145291718,0.1255206019,0.1212027145
2708,CDS + 3'UTR,8,0.180774942,0.2247270316,0.3509778678,0.3382901717,0.3364911377,0.3155437229,0.1317561269,0.1214390709
2709,CDS + 3'UTR,8,0.3153075278,0.2276667623,0.3179433942,0.3372376241,0.263151139,0.3142584937,0.1035979241,0.1208371169
2710,CDS + 3'UTR,8,0.1488740146,0.2285943676,0.3933287263,0.3364859737,0.3331107497,0.3142647156,0.1246865019,0.1206549403
2711,CDS + 3'UTR,8,0.1569635421,0.2277702723,0.3354741931,0.3369688004,0.3564983606,0.3147192081,0.1510639191,0.1205417172
2712,CDS + 3'UTR,8,0.37874192,0.2291845508,0.2874925137,0.336464823,0.2507789433,0.3142221747,0.08298663795,0.120128449
2713,CDS + 3'UTR,8,0.2120969296,0.2297070753,0.3204696476,0.3359636851,0.3372793496,0.3141902598,0.1301540136,0.1201389779
2714,CDS + 3'UTR,8,0.1665283442,0.2278946552,0.3513672948,0.3362588067,0.3537682891,0.3153173512,0.128336072,0.1205291851
2715,CDS + 3'UTR,8,0.2994654179,0.2295494659,0.3084210455,0.3356014069,0.2909175754,0.3147556426,0.1011959389,0.1200934821
2716,CDS + 3'UTR,8,0.1807792187,0.2296089785,0.3658087254,0.3357399303,0.3281234205,0.3147998547,0.1252886057,0.1198512337
2717,CDS + 3'UTR,8,0.1773071587,0.228272981,0.3431702852,0.3359616417,0.3394227028,0.3157509489,0.1400998235,0.1200144256
2718,CDS + 3'UTR,8,0.3146692216,0.2307529574,0.292498976,0.3346844375,0.2917571962,0.3150818722,0.1010746211,0.1194807298
2719,CDS + 3'UTR,8,0.1950847059,0.2322615014,0.3187881112,0.3337206889,0.3468566239,0.3148532512,0.1392705441,0.1191645564
2720,CDS + 3'UTR,8,0.1772996187,0.2312044689,0.3551316559,0.3339641381,0.3337542415,0.3154143134,0.133814469,0.1194170778
2721,CDS + 3'UTR,8,0.2959430516,0.232549908,0.304129988,0.333393145,0.2863149345,0.3148871241,0.1136120707,0.1191698207
2722,CDS + 3'UTR,8,0.1893477291,0.2333252048,0.3486658633,0.3329667877,0.3322705925,0.314594459,0.1297158003,0.1191135464
2723,CDS + 3'UTR,8,0.145583719,0.232785874,0.3541989625,0.3327429432,0.353929162,0.3152359484,0.1462881267,0.1192352316
2724,CDS + 3'UTR,8,0.4407651722,0.2343542496,0.2724464238,0.3321353417,0.216097191,0.3145297075,0.07069127262,0.1189806983
2725,CDS + 3'UTR,8,0.2167367339,0.2351222549,0.3395412266,0.3319736991,0.3195989728,0.3141353788,0.124123022,0.1187686645
2726,CDS + 3'UTR,8,0.1657528132,0.2329429843,0.3741369247,0.332630416,0.3306097984,0.3153222753,0.129500404,0.1191043218
2727,CDS + 3'UTR,8,0.3284484744,0.2357427537,0.3060862422,0.3314708561,0.2680088878,0.3141956618,0.09745637327,0.1185907256
2728,CDS + 3'UTR,8,0.1826140583,0.2362661276,0.3590542972,0.3316944886,0.3267828822,0.3137585679,0.1315487623,0.1182808128
2729,CDS + 3'UTR,8,0.1827500463,0.2340970391,0.3405801952,0.3321843721,0.3428059518,0.3149793008,0.1338638216,0.118739285
2730,CDS + 3'UTR,8,0.3093433678,0.237447021,0.304770112,0.3308551468,0.2804191113,0.3135167588,0.1054674163,0.1181810711
2731,CDS + 3'UTR,8,0.2308321297,0.2382769709,0.3357281685,0.3307058327,0.3138454854,0.3131373458,0.1195942163,0.1178798482
2732,CDS + 3'UTR,8,0.1728537381,0.2364959856,0.3704531193,0.331315054,0.3156199455,0.313952136,0.1410731524,0.118236822
2733,CDS + 3'UTR,8,0.343215555,0.2392752038,0.3072732389,0.3304106675,0.2591358423,0.3126884704,0.09037537128,0.1176256556
2734,CDS + 3'UTR,8,0.2691556215,0.2402350832,0.3262875378,0.3298019461,0.2894466817,0.3124705313,0.1151101738,0.1174924371
2735,CDS + 3'UTR,8,0.2029894292,0.2386147499,0.3212789893,0.3305748075,0.3417416215,0.3131602814,0.1339899749,0.1176501593
2736,CDS + 3'UTR,8,0.2860516906,0.2397324974,0.314994514,0.3303749423,0.2900398672,0.312629878,0.1089139357,0.1172626811
2737,CDS + 3'UTR,8,0.2093925923,0.2405993452,0.3429623246,0.3302229695,0.3300924897,0.3122561043,0.1175525859,0.1169215797
2738,CDS + 3'UTR,8,0.1982632577,0.2397270517,0.3507289588,0.33033733,0.3294095397,0.3127086936,0.1215982512,0.1172269231
2739,CDS + 3'UTR,8,0.3400834501,0.2416297978,0.2966340184,0.3297514584,0.2594326735,0.3119783463,0.1038498282,0.1166403974
2740,CDS + 3'UTR,8,0.2642256021,0.2425783511,0.3183178008,0.3294516969,0.310580343,0.311695415,0.1068762317,0.1162745371
2741,CDS + 3'UTR,8,0.1692391634,0.2414019244,0.3414529562,0.3302571632,0.3617302775,0.3119398503,0.1275776178,0.1164010611
2742,CDS + 3'UTR,8,0.3066882491,0.243889082,0.2945976555,0.3291734777,0.3023831248,0.3110767448,0.09633096308,0.1158606933
2743,CDS + 3'UTR,8,0.1644586921,0.2443624554,0.3645895123,0.3290411789,0.3522230685,0.310944129,0.1187286973,0.1156522345
2744,CDS + 3'UTR,8,0.1609608978,0.2431159304,0.3678225577,0.3291343793,0.3489620388,0.3116716834,0.122254543,0.1160780052
2745,CDS + 3'UTR,8,0.2851883769,0.2445410416,0.3046389818,0.3290107429,0.3036090136,0.3107894016,0.1065636724,0.1156588138
2746,CDS + 3'UTR,8,0.2218845785,0.2450075071,0.3411289454,0.3291845251,0.3185728192,0.310423206,0.1184136644,0.1153847613
2747,CDS + 3'UTR,8,0.1593502462,0.2436291089,0.3598644733,0.3293563627,0.3504343629,0.3112401186,0.1303508729,0.1157744084
2748,CDS + 3'UTR,8,0.3863028884,0.245048268,0.2803525031,0.329121663,0.2499477267,0.3104710208,0.08339685202,0.1153590466
2749,CDS + 3'UTR,8,0.2069116086,0.2454930965,0.3441171944,0.3290500991,0.3321719766,0.310159318,0.1167992353,0.1152974836
2750,CDS + 3'UTR,8,0.2071011662,0.2439924736,0.3287021816,0.3293086987,0.3461401761,0.3111744845,0.118056491,0.1155243409
2751,CDS + 3'UTR,8,0.3403467536,0.2460314021,0.2931252122,0.3285623766,0.2775821686,0.310267522,0.08894585073,0.1151386975
2752,CDS + 3'UTR,8,0.1988817453,0.2465342613,0.3224444985,0.3288682576,0.3467388153,0.3098745639,0.1319350004,0.114722915
2753,CDS + 3'UTR,8,0.1612996459,0.2442289665,0.3565033972,0.3296015225,0.3524660468,0.3108856341,0.1297309399,0.1152838746
2754,CDS + 3'UTR,8,0.3350959718,0.2457400069,0.2901766598,0.3293501887,0.2781348825,0.3100684712,0.096592471,0.1148413314
2755,CDS + 3'UTR,8,0.2049880028,0.2463092603,0.3308670819,0.3295443643,0.3506269753,0.3094813684,0.1135179698,0.1146650048
2756,CDS + 3'UTR,8,0.1709665358,0.2450308571,0.3386545479,0.3301229101,0.3561567068,0.3098816955,0.1342221946,0.1149645357
2757,CDS + 3'UTR,8,0.4002602398,0.2473029958,0.2592814565,0.3292679004,0.2587748766,0.3088799482,0.0816834271,0.1145491545
2758,CDS + 3'UTR,8,0.2572687864,0.2475619767,0.2858421803,0.32937521,0.3373418748,0.3087715926,0.1195471734,0.1142912203
2759,CDS + 3'UTR,8,0.170140624,0.2463661928,0.352499634,0.3298359752,0.3446942568,0.3091483483,0.1326655149,0.1146494828
2760,CDS + 3'UTR,8,0.2928133011,0.248506123,0.3091572821,0.3292537969,0.2900344729,0.3080964858,0.1079949513,0.1141435936
2761,CDS + 3'UTR,8,0.2123973668,0.2490409652,0.3327446878,0.3289564762,0.3282574117,0.3080177793,0.1266005337,0.1139847788
2762,CDS + 3'UTR,8,0.2079595327,0.2476329511,0.3227042258,0.3294480659,0.342114687,0.3086788302,0.1272215396,0.1142401512
2763,CDS + 3'UTR,8,0.3231998086,0.2488848642,0.3034873903,0.3291170135,0.2698961198,0.3080522785,0.1034166962,0.1139458423
2764,CDS + 3'UTR,8,0.2428275049,0.249484485,0.3233520389,0.3293752972,0.3106355369,0.3076318817,0.1231848821,0.1135083351
2765,CDS + 3'UTR,8,0.1730507016,0.2463772316,0.3659801483,0.330461622,0.3451854587,0.3089800205,0.115783684,0.1141811243
2766,CDS + 3'UTR,8,0.3862611353,0.2491541035,0.292858243,0.3294651788,0.2340792418,0.3077390423,0.08680137247,0.113641674
2767,CDS + 3'UTR,8,0.2279896885,0.249335528,0.3526850343,0.3293048467,0.3092730939,0.3077550957,0.110052146,0.1136045291
2768,CDS + 3'UTR,8,0.1510299891,0.2478565872,0.3476495147,0.3296767235,0.359704107,0.3084770227,0.1416163892,0.1139896668
2769,CDS + 3'UTR,8,0.4244216383,0.249863429,0.2734117806,0.3290370498,0.2284560651,0.3075809529,0.07371050864,0.1135185689
2770,CDS + 3'UTR,8,0.2232990563,0.250433486,0.3420862257,0.3289446514,0.3202515244,0.3072034514,0.1143632084,0.1134184115
2771,CDS + 3'UTR,8,0.1905016303,0.2489705913,0.3619614542,0.3294199381,0.3239464164,0.3079575451,0.1235904917,0.1136519254
2772,CDS + 3'UTR,8,0.4068837166,0.2500152912,0.291310221,0.3293248665,0.2262477726,0.3072979243,0.07555827498,0.113361918
2773,CDS + 3'UTR,8,0.2186127752,0.2505737917,0.3411723375,0.328966717,0.3190822303,0.3073647099,0.1211326495,0.1130947819
2774,CDS + 3'UTR,8,0.2120923698,0.2486944661,0.3563824296,0.3293808766,0.3158994019,0.3083734812,0.1156258062,0.1135511772
2775,CDS + 3'UTR,8,0.3201119602,0.2488152493,0.304802388,0.3293069448,0.2731115818,0.3084022021,0.1019740924,0.1134756043
2776,CDS + 3'UTR,8,0.2078030109,0.2490634849,0.3576988876,0.3294975817,0.3196705282,0.3080629526,0.1148275957,0.1133759814
2777,CDS + 3'UTR,8,0.1881609857,0.2484393312,0.3425248861,0.3298071697,0.3314192891,0.3082602954,0.1378948241,0.1134932045
2778,CDS + 3'UTR,8,0.3399457335,0.2504472684,0.3023597896,0.3291213162,0.2638453543,0.3073297141,0.09384918958,0.1131017016
2779,CDS + 3'UTR,8,0.220762074,0.2506593117,0.3293972015,0.3291047495,0.3271232843,0.3072116142,0.122717455,0.1130243245
2780,CDS + 3'UTR,8,0.1965578347,0.2489753541,0.3808750808,0.3297255516,0.3003858924,0.3079983225,0.1221811101,0.1133007727
2781,CDS + 3'UTR,8,0.3677475452,0.2494174849,0.2857488692,0.3298761141,0.2568016946,0.3073976958,0.08970180899,0.1133087064
2782,CDS + 3'UTR,8,0.202352196,0.249993841,0.3554078043,0.3297167949,0.3247254789,0.3069784777,0.1175145209,0.1133108865
2783,CDS + 3'UTR,8,0.2266446352,0.2487269931,0.3230579793,0.3304123085,0.3155787289,0.3073069649,0.1347186863,0.1135537338
2784,CDS + 3'UTR,8,0.3295602798,0.2503377236,0.3213394284,0.3300356831,0.2560381293,0.306388413,0.09306222945,0.1132381815
2785,CDS + 3'UTR,8,0.2160543501,0.2510293629,0.3576152325,0.3298127983,0.3138630688,0.3059811799,0.1124673188,0.1131766593
2786,CDS + 3'UTR,8,0.1763336807,0.2501715824,0.3538928628,0.3301754575,0.3427424729,0.3064163012,0.1270309687,0.1132366588
2787,CDS + 3'UTR,8,0.3329119682,0.2515675511,0.3122666478,0.3301985234,0.2625297308,0.3055325417,0.09229165316,0.1127013835
2788,CDS + 3'UTR,8,0.2163612247,0.2517730059,0.3452527523,0.3301796984,0.3115549088,0.3055231245,0.1268310845,0.1125241717
2789,CDS + 3'UTR,8,0.1952576935,0.2493406376,0.3386313617,0.3313059162,0.3443644643,0.3064268311,0.1217465103,0.1129266158
2790,CDS + 3'UTR,8,0.3119882941,0.2507971067,0.3336229622,0.3307144336,0.2605537474,0.3057494836,0.09383503348,0.1127389772
2791,CDS + 3'UTR,8,0.1971922815,0.2505897682,0.3599446714,0.3310621541,0.3250617087,0.3056178043,0.1178013161,0.1127302749
2792,CDS + 3'UTR,8,0.1943183392,0.2487054262,0.3461537063,0.3317983147,0.3316645622,0.3064110538,0.1278634071,0.1130852072
2793,CDS + 3'UTR,8,0.3329801559,0.2509471875,0.3003629446,0.3312929664,0.2719063163,0.3052043425,0.09475055337,0.1125555054
2794,CDS + 3'UTR,8,0.2120686173,0.2519293796,0.3669013381,0.3307897255,0.3068000674,0.304806543,0.1142299473,0.1124743532
2795,CDS + 3'UTR,8,0.1971931607,0.2499043809,0.3547047079,0.3318304621,0.322943747,0.3054488221,0.1251584142,0.112816336
2796,CDS + 3'UTR,8,0.3625503182,0.2511670889,0.2974079549,0.3316861447,0.2479836345,0.3045604626,0.09205810726,0.1125863048
2797,CDS + 3'UTR,8,0.1980256289,0.2518017776,0.3517550528,0.3319140688,0.3307542503,0.3040811526,0.1194650903,0.1122030013
2798,CDS + 3'UTR,8,0.2190065086,0.2496606819,0.3293601871,0.3329116195,0.3218976557,0.3047836298,0.1297356188,0.1126440687
2799,CDS + 3'UTR,8,0.3662791252,0.2508794289,0.2722138464,0.3331021726,0.2627076209,0.303762812,0.09879940748,0.1122555871
2800,CDS + 3'UTR,8,0.2200869918,0.2517692365,0.3313460052,0.3329241145,0.327457726,0.3034242461,0.1211092845,0.1118824036
2801,CDS + 3'UTR,8,0.1833019257,0.2509820396,0.3434571624,0.3331945781,0.3391990066,0.3038475001,0.1340418607,0.1119758839
2802,CDS + 3'UTR,8,0.289500773,0.2517532824,0.3221816719,0.3331714105,0.2821464539,0.3033559611,0.1061710939,0.1117193481
2803,CDS + 3'UTR,8,0.1935533881,0.2517137425,0.3748616576,0.3331850987,0.32029742,0.3034732403,0.1112875491,0.1116279207
2804,CDS + 3'UTR,8,0.1921848953,0.2499636507,0.3593524098,0.3339581765,0.3239482939,0.3042628905,0.1245144084,0.1118152834
2805,CDS + 3'UTR,8,0.4388864934,0.2516435711,0.2598257661,0.3335786615,0.2203207165,0.3034446212,0.08096699417,0.1113331479
2806,CDS + 3'UTR,8,0.1802667677,0.251726668,0.3613103628,0.3336121023,0.3318940699,0.3032823568,0.1265288144,0.1113788748
2807,CDS + 3'UTR,8,0.2101332098,0.2499502279,0.3358363807,0.3339165945,0.3257630467,0.3043348165,0.1282673925,0.1117983628
2808,CDS + 3'UTR,8,0.3431614041,0.2516784651,0.3078804016,0.3332388427,0.2550972998,0.3035189984,0.09386092424,0.1115636962
2809,CDS + 3'UTR,8,0.2283546031,0.2520958839,0.3331883252,0.3332963992,0.312605828,0.30330995,0.1258512288,0.1112977692
2810,CDS + 3'UTR,8,0.1923117936,0.24975401,0.3427930474,0.333882381,0.3407466114,0.3045067247,0.1241485327,0.1118568867
2811,CDS + 3'UTR,8,0.3144081235,0.2502364,0.328122437,0.3334306303,0.2610758245,0.3044268847,0.09639362246,0.1119060873
2812,CDS + 3'UTR,8,0.2175337821,0.2511277644,0.3418011665,0.3325611845,0.3209627867,0.3043999016,0.1197022647,0.1119111521
2813,CDS + 3'UTR,8,0.1928694993,0.2487162339,0.3404060006,0.3328584373,0.3398375511,0.3058597891,0.1268869936,0.1125655424
2814,CDS + 3'UTR,8,0.2788182795,0.2509983316,0.3203729987,0.3320190784,0.2917443514,0.3050367469,0.1090643406,0.1119458464
2815,CDS + 3'UTR,8,0.2228482813,0.2517069682,0.3365299404,0.331605326,0.3146016598,0.3048360916,0.1260201484,0.1118516172
2816,CDS + 3'UTR,8,0.2361193895,0.2502298404,0.3397615552,0.3323071416,0.3058272898,0.3055371339,0.1182917804,0.1119258871
2817,CDS + 3'UTR,8,0.3700275719,0.2510845996,0.2880940437,0.3319780082,0.2556459904,0.3051292365,0.08623235673,0.1118081588
2818,CDS + 3'UTR,8,0.2152267247,0.2519178726,0.3494036198,0.3315647073,0.3199615479,0.304972803,0.1154080778,0.1115446206
2819,CDS + 3'UTR,8,0.205366835,0.2502300717,0.346298188,0.3320720673,0.3223693371,0.3058594326,0.1259656847,0.1118384312
2820,CDS + 3'UTR,8,0.2995960712,0.2512341041,0.3303627968,0.3320239875,0.2625302076,0.3052045876,0.1075109318,0.1115373229
2821,CDS + 3'UTR,8,0.2153476477,0.251499958,0.3287074268,0.3313913807,0.3281928301,0.305584549,0.127752021,0.1115241151
2822,CDS + 3'UTR,8,0.2053404152,0.2498343404,0.3502387404,0.3319729935,0.3286620975,0.306330297,0.1157587543,0.1118623728
2823,CDS + 3'UTR,8,0.2933171391,0.2512431279,0.3344594836,0.3310795724,0.2787389159,0.3060091415,0.09348450601,0.1116681619
2824,CDS + 3'UTR,8,0.2162920386,0.2511970939,0.3499917686,0.3311050531,0.3163833916,0.3062003089,0.1173327714,0.1114975485
2825,CDS + 3'UTR,8,0.2165659368,0.2499875808,0.3336517215,0.3312898748,0.3384187222,0.3069697944,0.1113636345,0.1117527533
2826,CDS + 3'UTR,8,0.3335620761,0.2508620368,0.3429742157,0.3308393002,0.2478720546,0.3067149239,0.07559163868,0.1115837429
2827,CDS + 3'UTR,8,0.1757866293,0.251281083,0.3583584726,0.3308575071,0.34968099,0.3065024884,0.1161739305,0.1113589254
2828,CDS + 3'UTR,8,0.1917134225,0.2501538675,0.3704499304,0.3311183959,0.3222442567,0.3071127946,0.1155923754,0.1116149465
2829,CDS + 3'UTR,8,0.3234291375,0.2512239125,0.2967985868,0.3305525232,0.2779841721,0.3068568269,0.1017881483,0.1113667424
2830,CDS + 3'UTR,8,0.1905140877,0.2516390264,0.3565198183,0.3303947888,0.33560583,0.3067487372,0.1173603088,0.1112174517
2831,CDS + 3'UTR,8,0.1895993948,0.2507384568,0.3520180583,0.3303321403,0.3410421312,0.307535279,0.1173404306,0.111394128
2832,CDS + 3'UTR,8,0.3782226443,0.2519617122,0.2820166349,0.3297708947,0.2502019107,0.3070315959,0.08955886215,0.1112358016
2833,CDS + 3'UTR,8,0.2398750186,0.252322766,0.3162441254,0.3296766579,0.3206420839,0.3068109384,0.1232387647,0.1111896417
2834,CDS + 3'UTR,8,0.1730960757,0.2515828608,0.3734355867,0.3297300532,0.3295172155,0.3072710751,0.1239510924,0.111416015
2835,CDS + 3'UTR,8,0.3060046434,0.2519379249,0.319321692,0.3294572677,0.2795582116,0.3072822681,0.09511547536,0.111322544
2836,CDS + 3'UTR,8,0.2217416316,0.2521843029,0.356888473,0.3290778916,0.3178119063,0.3074002573,0.1035579145,0.1113375522
2837,CDS + 3'UTR,8,0.228972584,0.2512631213,0.3390855193,0.3291811891,0.3149730563,0.3079830067,0.116968818,0.111572687
2838,CDS + 3'UTR,8,0.3547685444,0.2523809478,0.3010864258,0.3284809913,0.2556764483,0.3076732321,0.08846864849,0.1114648324
2839,CDS + 3'UTR,8,0.2413252294,0.2527617611,0.3382549882,0.3281500775,0.3176089823,0.3077574117,0.1028108299,0.1113307535
2840,CDS + 3'UTR,8,0.2298375517,0.2510129262,0.3307943642,0.3289774612,0.3238947988,0.3084575998,0.1154733747,0.1115520171
2841,CDS + 3'UTR,8,0.274096787,0.2532605954,0.3308912814,0.3281216372,0.2889342904,0.3076138182,0.1060776711,0.1110039534
2842,CDS + 3'UTR,8,0.204796344,0.2544259187,0.3237992823,0.3275044225,0.3514970243,0.3073775096,0.1199073493,0.1106921537
2843,CDS + 3'UTR,8,0.1831924617,0.2539923333,0.3653336167,0.3274353664,0.3330681324,0.3079057159,0.1184057072,0.1106665893
2844,CDS + 3'UTR,8,0.3772211373,0.2555180777,0.2929908335,0.3264943834,0.2451739907,0.3075449402,0.08461404592,0.1104426028
2845,CDS + 3'UTR,8,0.1796984524,0.2562078416,0.3686554134,0.3260547254,0.3322043121,0.3075402001,0.1194418371,0.1101972371
2846,CDS + 3'UTR,8,0.2441459298,0.2543843444,0.3172176182,0.3262294326,0.3182760179,0.3088464126,0.1203604117,0.1105398146
2847,CDS + 3'UTR,8,0.3662486672,0.2562318861,0.2984648943,0.3253035694,0.244007647,0.3083057556,0.09127881378,0.1101587928
2848,CDS + 3'UTR,8,0.1844234914,0.2566489274,0.3522540331,0.3249291591,0.3429802358,0.3084806353,0.1203422323,0.1099412818
2849,CDS + 3'UTR,8,0.2370717227,0.2556745199,0.3202903271,0.3248510912,0.3241980374,0.3093145847,0.1184399053,0.110159808
2850,CDS + 3'UTR,8,0.2618902624,0.2568944966,0.3059461713,0.3243119437,0.3138643205,0.30908162,0.1182992607,0.1097119443
2851,CDS + 3'UTR,8,0.2618107796,0.2577067202,0.2924057841,0.3240824405,0.3217877746,0.3087973598,0.1239956766,0.1094134841
2852,CDS + 3'UTR,8,0.2139612734,0.2574024593,0.3150904477,0.3235494606,0.3430387676,0.3094824206,0.1279094964,0.1095656645
2853,CDS + 3'UTR,8,0.4011805952,0.2598256562,0.2740236223,0.3225832976,0.2532388568,0.3086286906,0.07155697048,0.1089623606
2854,CDS + 3'UTR,8,0.2687833011,0.2607689509,0.3232822418,0.3221215326,0.299846977,0.308436282,0.1080874726,0.1086732395
2855,CDS + 3'UTR,8,0.2019417286,0.2613354856,0.3609476388,0.3216685768,0.329194963,0.3084868245,0.1079156846,0.1085091181
2856,CDS + 3'UTR,8,0.2761837542,0.2630611122,0.3313682079,0.320786918,0.2870387435,0.308092938,0.1054093316,0.1080590366
2857,CDS + 3'UTR,8,0.2548228204,0.2633161262,0.3094608188,0.3207024548,0.3189046085,0.3081088234,0.1168117672,0.1078726006
2858,CDS + 3'UTR,8,0.2049216628,0.262358534,0.3429485857,0.3205043506,0.3347757161,0.3090588201,0.1173540354,0.1080783009
2859,CDS + 3'UTR,8,0.3010846674,0.2643645661,0.3255508244,0.3193389274,0.2747356892,0.3085792009,0.09862878919,0.1077173119
2860,CDS + 3'UTR,8,0.2178261429,0.2647263872,0.3302665353,0.3188145354,0.3307828009,0.308856171,0.1211244911,0.1076029123
2861,CDS + 3'UTR,8,0.2344981432,0.2649491047,0.332277894,0.3181803126,0.3164615333,0.309314258,0.116762422,0.1075563306
2862,CDS + 3'UTR,8,0.3150551915,0.267144444,0.2839341164,0.3173005123,0.2990330458,0.3085458647,0.1019776464,0.1070091857
2863,CDS + 3'UTR,8,0.2229619175,0.2678952927,0.3250964284,0.3166187,0.3308721185,0.308466474,0.1210696176,0.1070195403
2864,CDS + 3'UTR,8,0.232799232,0.2675956318,0.3361251652,0.316115316,0.317596972,0.3090923194,0.1134786159,0.1071967395
2865,CDS + 3'UTR,8,0.2860108316,0.2695851892,0.3215692639,0.3149498213,0.2934734225,0.3085950263,0.09894648194,0.1068699707
2866,CDS + 3'UTR,8,0.2098573744,0.2703420129,0.3553494215,0.3142720964,0.3257476389,0.3083322011,0.1090455726,0.1070536963
2867,CDS + 3'UTR,8,0.2427347302,0.2705457322,0.3331377506,0.3129673701,0.3113542199,0.3090642501,0.1127733365,0.107422654
2868,CDS + 3'UTR,8,0.3019648194,0.2735337446,0.2999829352,0.3116067797,0.2910774946,0.3079653043,0.1069747582,0.1068941777
2869,CDS + 3'UTR,8,0.2284668088,0.2744275423,0.3260126114,0.310798201,0.3357172906,0.3079638403,0.1098032594,0.1068104233
2870,CDS + 3'UTR,8,0.2399427295,0.2744632816,0.3286110759,0.3104361799,0.3234770894,0.3082725048,0.107969135,0.1068280396
2871,CDS + 3'UTR,8,0.2950527072,0.2762751931,0.3150450289,0.309129376,0.2847670615,0.307974958,0.1051352024,0.1066204784
2872,CDS + 3'UTR,8,0.2232026458,0.2770596763,0.3386147618,0.3086771853,0.3140119612,0.3077227294,0.1241706163,0.1065404146
2873,CDS + 3'UTR,8,0.2737877369,0.2760313554,0.3046345711,0.3085328616,0.3087172508,0.3086241767,0.1128604189,0.1068116105
2874,CDS + 3'UTR,8,0.2404737473,0.2778536087,0.3450784981,0.3077737942,0.307695508,0.3080735303,0.1067522615,0.1062990706
2875,CDS + 3'UTR,8,0.2169034034,0.2792692382,0.3243546188,0.306451226,0.3323828876,0.3079947717,0.1263590753,0.1062847687
2876,CDS + 3'UTR,8,0.2888557911,0.2790697847,0.3056717515,0.3059340302,0.2946035862,0.3084909644,0.1108688861,0.1065052255
2877,CDS + 3'UTR,8,0.2874517441,0.2811302075,0.2957392335,0.3048098814,0.3059722781,0.3078966126,0.110836722,0.106163304
2878,CDS + 3'UTR,8,0.249471575,0.2813323697,0.3028870821,0.3045300011,0.3286320269,0.3080478493,0.1190093085,0.1060897853
2879,CDS + 3'UTR,8,0.2263723314,0.2806192441,0.3384045362,0.3045115292,0.3187226653,0.3085899223,0.1165004969,0.1062793093
2880,CDS + 3'UTR,8,0.3999005258,0.282027637,0.2628800869,0.3036605507,0.2599551976,0.3082148422,0.07726418972,0.106096975
2881,CDS + 3'UTR,8,0.2765277922,0.2822168354,0.2940799892,0.3034045037,0.3202943206,0.3083708376,0.1090978831,0.1060078265
2882,CDS + 3'UTR,8,0.2548139393,0.2824068233,0.3166571856,0.3028701976,0.3244029582,0.3087719027,0.1041259393,0.1059510795
2883,CDS + 3'UTR,8,0.315612942,0.2839967038,0.2995830178,0.302244148,0.2914353609,0.3081233997,0.09336863458,0.1056357513
2884,CDS + 3'UTR,8,0.2473660111,0.2850884296,0.3241797686,0.3012198649,0.3235690892,0.3081804369,0.1048851535,0.1055112722
2885,CDS + 3'UTR,8,0.2930067182,0.2836710371,0.27380234,0.3016146336,0.3248177171,0.3089794315,0.1083731875,0.1057349016
2886,CDS + 3'UTR,8,0.3280701041,0.2863089824,0.2872413099,0.3004066378,0.2886415124,0.3082006685,0.0960470736,0.1050837149
2887,CDS + 3'UTR,8,0.2434965074,0.286507166,0.3058835566,0.3002992418,0.3397534192,0.3083325844,0.1108665168,0.1048610117
2888,CDS + 3'UTR,8,0.2652088106,0.2856613019,0.3016349673,0.3000694428,0.3218132555,0.3092629932,0.1113430187,0.1050062655
2889,CDS + 3'UTR,8,0.3259527385,0.2878890578,0.2900565267,0.2991454396,0.2939686477,0.3083832294,0.0900221318,0.1045822765
2890,CDS + 3'UTR,8,0.2572896779,0.288186745,0.3244327903,0.2988735694,0.3180058002,0.3085449342,0.1002717167,0.1043947549
2891,CDS + 3'UTR,8,0.2900672555,0.2884108465,0.2854840457,0.29855037,0.315880686,0.3088361327,0.10856805,0.1042026539
2892,CDS + 3'UTR,8,0.4113895297,0.2897334609,0.2645081282,0.2983234394,0.2526643872,0.3082875837,0.0714379549,0.1036555189
2893,CDS + 3'UTR,8,0.2683330774,0.2901789714,0.3034648001,0.2983022757,0.3244448602,0.3081328873,0.1037573069,0.1033858687
2894,CDS + 3'UTR,8,0.3241410553,0.2883788694,0.2841365337,0.2985618804,0.2957877517,0.3091416411,0.09593462944,0.1039176113
2895,CDS + 3'UTR,8,0.3608984053,0.2900979705,0.265997231,0.2979511563,0.2830907404,0.3085065242,0.09001363069,0.1034443512
2896,CDS + 3'UTR,8,0.2565205097,0.2904681413,0.3330045044,0.2976495821,0.3070981205,0.3084405486,0.1033768952,0.1034417303
2897,CDS + 3'UTR,8,0.2934201956,0.290333478,0.2722457051,0.2973889012,0.3316457272,0.3087560598,0.1026883796,0.1035215634
2898,CDS + 3'UTR,8,0.3757092953,0.2912453258,0.2561697662,0.2972751044,0.2815920115,0.3083344538,0.08652896434,0.1031451188
2899,CDS + 3'UTR,8,0.2343125194,0.2913863493,0.3043468297,0.2971750639,0.3445269465,0.3083372347,0.1168137118,0.103101355
2900,CDS + 3'UTR,8,0.3174134791,0.2909210665,0.2796249688,0.2966885731,0.2991771698,0.3089584384,0.1037843972,0.1034319256
2901,CDS + 3'UTR,8,0.3909747899,0.2925030254,0.2583234012,0.2962393049,0.2667213678,0.3082742564,0.08398042619,0.1029834166
2902,CDS + 3'UTR,8,0.2654083073,0.2925533434,0.2956937551,0.2958540887,0.3223108351,0.3087056048,0.1165871248,0.1028869662
2903,CDS + 3'UTR,8,0.2693442702,0.2919625709,0.2941887677,0.2963283263,0.3288065493,0.3088407807,0.1076604426,0.1028683246
2904,CDS + 3'UTR,8,0.3754566312,0.293209143,0.256752193,0.2958270274,0.2765999436,0.3083561148,0.09119126946,0.1026077159
2905,CDS + 3'UTR,8,0.2771118283,0.2931356778,0.2794337273,0.295831269,0.3173927069,0.3084602632,0.1260616779,0.1025727911
2906,CDS + 3'UTR,8,0.3498596251,0.2929424131,0.2385961115,0.2954433169,0.3064359725,0.3089139882,0.1051082537,0.1027002829
2907,CDS + 3'UTR,8,0.414827615,0.2941013074,0.2495112419,0.2948161531,0.261765331,0.3084208004,0.07389582694,0.1026617403
2908,CDS + 3'UTR,8,0.2632172406,0.2937655382,0.3057636321,0.2949110173,0.3221271336,0.3086646903,0.1088920236,0.1026587553
2909,CDS + 3'UTR,8,0.3262882829,0.2932536002,0.2678368986,0.2952359792,0.3026773334,0.3089122094,0.1031974554,0.1025982121
2910,CDS + 3'UTR,8,0.3354670107,0.2945389971,0.2519755065,0.2948764674,0.3118020892,0.3082048714,0.1007554084,0.1023796655
2911,CDS + 3'UTR,8,0.2523580492,0.29446373,0.3158428073,0.2948985454,0.320863843,0.3082027268,0.1109353304,0.1024349992
2912,CDS + 3'UTR,8,0.2959569693,0.2937819358,0.2704707384,0.294686586,0.3223176897,0.3090167824,0.1112545356,0.1025146972
2913,CDS + 3'UTR,8,0.3856552839,0.2948290084,0.2555187345,0.2941877402,0.2765903771,0.3087427307,0.08223557472,0.1022405219
2914,CDS + 3'UTR,8,0.2863464355,0.2943412919,0.2676301301,0.2945982546,0.3232165277,0.3089339811,0.1228069365,0.102126474
2915,CDS + 3'UTR,8,0.2900483608,0.2943613803,0.2779460251,0.2942575775,0.3192536235,0.309184844,0.1127520204,0.1021961997
2916,CDS + 3'UTR,8,0.3865754604,0.2954488106,0.2669565678,0.2939374711,0.2702637613,0.3087463688,0.07620419562,0.1018673516
2917,CDS + 3'UTR,8,0.2451455593,0.2946583914,0.3166950941,0.2941723108,0.3270719945,0.3092350874,0.1110873222,0.1019342124
2918,CDS + 3'UTR,8,0.2977184951,0.2949691733,0.2996086776,0.2939337317,0.2990422845,0.3092644393,0.1036305651,0.1018326574
2919,CDS + 3'UTR,8,0.3539966643,0.2957209876,0.2701767087,0.2937527847,0.2876025736,0.3087966848,0.08822409064,0.1017295453
2920,CDS + 3'UTR,8,0.2449734211,0.2957350919,0.3103106022,0.2936816055,0.3363744318,0.30894752,0.1083414927,0.1016357848
2921,CDS + 3'UTR,8,0.2892958224,0.2945322851,0.2881467938,0.2939633604,0.3210195005,0.3095149193,0.1015379131,0.1019894377
2922,CDS + 3'UTR,8,0.3319867849,0.2950112311,0.2737153172,0.2937813591,0.2996167839,0.3092410877,0.09468109161,0.1019663245
2923,CDS + 3'UTR,8,0.2705305219,0.2947189037,0.283390969,0.2939614616,0.3376311064,0.3092601381,0.1084473804,0.1020594991
2924,CDS + 3'UTR,8,0.2638297379,0.2942093056,0.3245723248,0.2941444617,0.3090935647,0.3095290769,0.1025043949,0.1021171591
2925,CDS + 3'UTR,8,0.3907340765,0.2953393217,0.2720157504,0.2937166359,0.2699032724,0.3089924641,0.0673469007,0.1019515814
2926,CDS + 3'UTR,8,0.2600006163,0.2943089718,0.3086259365,0.2949288812,0.3288292885,0.3088834696,0.1025441587,0.1018786819
2927,CDS + 3'UTR,8,0.2985795438,0.293977529,0.2800809741,0.2948389027,0.3184403479,0.3090953223,0.1028991118,0.1020882501
2928,CDS + 3'UTR,8,0.3626439571,0.2945412865,0.2783337831,0.2949409116,0.2725991309,0.3085751183,0.08642311394,0.1019426879
2929,CDS + 3'UTR,8,0.260886699,0.2940377958,0.2985407114,0.2952355914,0.3371344209,0.3086699318,0.1034381762,0.1020566843
2930,CDS + 3'UTR,8,0.2798183858,0.29332074,0.2800902128,0.2955426317,0.3371601999,0.3089006729,0.1029311866,0.1022359582
2931,CDS + 3'UTR,8,0.3676199317,0.294186718,0.2742513418,0.2950959802,0.2779038548,0.3084095504,0.08022487164,0.1023077548
2932,CDS + 3'UTR,8,0.2496021092,0.2931558784,0.3133973479,0.2953535683,0.3306630552,0.3088473212,0.1063374802,0.1026432349
2933,CDS + 3'UTR,7,0.2571724355,0.2920065135,0.2947919965,0.2952817399,0.3339391649,0.3095072128,0.1140963808,0.1032045369
2934,CDS + 3'UTR,6,0.4063113928,0.2923835274,0.2744243145,0.2950394347,0.2490376234,0.3093452543,0.07022666186,0.1032317856
2935,CDS + 3'UTR,7,0.2315553874,0.2915324289,0.3368217051,0.2953153033,0.3239169121,0.3096249629,0.1077060178,0.103527307
2936,CDS + 3'UTR,7,0.2654106915,0.2900372444,0.3105137348,0.2961750746,0.3122796416,0.3100731738,0.1117959768,0.1037145088
2937,CDS + 3'UTR,7,0.3277706504,0.2915116014,0.3003570735,0.2954592932,0.2851761281,0.3095660545,0.08669620007,0.103463052
2938,CDS + 3'UTR,7,0.2162035406,0.2910185972,0.3349453509,0.2959537584,0.3349981904,0.3094914373,0.113852933,0.103536208
2939,CDS + 3'UTR,7,0.2638620436,0.2896312812,0.2866315544,0.2963693861,0.3244319856,0.3101342935,0.1250744313,0.1038650393
2940,CDS + 3'UTR,7,0.3443828523,0.2912389405,0.2943250835,0.2960485898,0.276048243,0.309264417,0.08524377644,0.1034480529
2941,CDS + 3'UTR,7,0.2385235876,0.2904364608,0.3014605939,0.2965427861,0.350969404,0.3094968788,0.1090463847,0.103523874
2942,CDS + 3'UTR,7,0.2677933872,0.2886197073,0.3218731284,0.2970414035,0.3098471165,0.3105316836,0.1004863232,0.1038072061
2943,CDS + 3'UTR,7,0.3226876855,0.2891490271,0.284992516,0.2970717743,0.29209885,0.3101780135,0.1002209187,0.103601185
2944,CDS + 3'UTR,7,0.2269220203,0.2886612814,0.3364644945,0.2976450272,0.3259288371,0.3100731574,0.1106846333,0.1036205336
2945,CDS + 3'UTR,7,0.270549655,0.287850089,0.2905330956,0.2979183804,0.3297714293,0.3105238073,0.1091458276,0.1037077222
2946,CDS + 3'UTR,7,0.3025689125,0.2883970328,0.3051763177,0.2978688907,0.2862926126,0.3103403252,0.1059621647,0.1033937509
2947,CDS + 3'UTR,7,0.2158731967,0.286989205,0.3407268822,0.2990748201,0.330865413,0.3104893234,0.1125345379,0.1034466512
2948,CDS + 3'UTR,7,0.2610097826,0.285662384,0.3259798884,0.2993302241,0.3108790219,0.3112818968,0.1021312997,0.1037254944
2949,CDS + 3'UTR,7,0.3312985599,0.2863054853,0.2972516716,0.2990965921,0.2791302502,0.3110612545,0.09231953323,0.1035366664
2950,CDS + 3'UTR,7,0.2339213639,0.2847889895,0.3303773105,0.3001483183,0.3233055174,0.3114371229,0.1123958305,0.1036255683
2951,CDS + 3'UTR,7,0.2405091673,0.2844465094,0.2980882823,0.3002730969,0.3498915136,0.3116385035,0.1115110442,0.1036418892
2952,CDS + 3'UTR,7,0.3069684505,0.2858599635,0.2987070978,0.2995680284,0.2920878232,0.3111927371,0.1022365913,0.1033792696
2953,CDS + 3'UTR,7,0.2347704172,0.2851844983,0.3374757171,0.3000048146,0.3240172863,0.3113540776,0.1037365869,0.1034566086
2954,CDS + 3'UTR,7,0.2420808226,0.2841125635,0.3178243339,0.3003778536,0.3277645409,0.3118097037,0.1123303175,0.1036998785
2955,CDS + 3'UTR,7,0.3038978279,0.2844834572,0.298746109,0.3007454704,0.2973048687,0.3114242565,0.1000512242,0.103346815
2956,CDS + 3'UTR,7,0.2256222516,0.2835391272,0.3244589269,0.3016549308,0.3337010741,0.3115291834,0.1162177473,0.1032767563
2957,CDS + 3'UTR,7,0.3123143017,0.2821820784,0.2766529024,0.3020496916,0.3083204329,0.312201957,0.1027123258,0.1035662716
2958,CDS + 3'UTR,7,0.3096167147,0.2829572242,0.2884113193,0.301745731,0.2912116647,0.3118294317,0.1107603386,0.1034676125
2959,CDS + 3'UTR,7,0.2275006771,0.282380883,0.3327102065,0.3019063409,0.3307894766,0.3121399853,0.1089996621,0.1035727906
2960,CDS + 3'UTR,7,0.3036759794,0.2808301991,0.2854204774,0.3026809111,0.3053471446,0.3127082225,0.105556421,0.1037806666
2961,CDS + 3'UTR,7,0.3148434758,0.2824967904,0.2795198858,0.3022107691,0.2983877957,0.3117714316,0.1072488278,0.103521009
2962,CDS + 3'UTR,7,0.231427744,0.2815801496,0.3310653865,0.3028993629,0.3259269893,0.3119148482,0.1115799025,0.1036056393
2963,CDS + 3'UTR,7,0.2748450935,0.2805326298,0.3142230213,0.3034472156,0.3129504621,0.3121817108,0.09798143804,0.1038384435
2964,CDS + 3'UTR,7,0.337767303,0.2811778195,0.2899537086,0.3035843689,0.2806400657,0.3116484269,0.09163893759,0.1035893846
2965,CDS + 3'UTR,7,0.2105787247,0.2807266701,0.3707819581,0.3035174608,0.3160981536,0.3119837143,0.1025412232,0.1037721546
2966,CDS + 3'UTR,7,0.3015546799,0.278807858,0.2800430357,0.3040277366,0.3055897355,0.3128285356,0.112812534,0.1043358698
2967,CDS + 3'UTR,7,0.2885971069,0.2798837878,0.3140442669,0.3039133102,0.2981370986,0.3121092241,0.09922153503,0.1040936788
2968,CDS + 3'UTR,7,0.2249295563,0.2787483012,0.3252093494,0.3046685923,0.329398334,0.3123447258,0.120462738,0.1042383817
2969,CDS + 3'UTR,7,0.2685882747,0.2775600066,0.3146197498,0.3050087038,0.312427938,0.3129611012,0.1043640375,0.1044701898
2970,CDS + 3'UTR,7,0.3265679181,0.2791676244,0.28870067,0.3046740107,0.2787159979,0.3119954884,0.1060154438,0.1041628776
2971,CDS + 3'UTR,7,0.2076000869,0.2787319938,0.3060911,0.305225949,0.3509023488,0.3118807584,0.1354064643,0.1041612993
2972,CDS + 3'UTR,7,0.319440335,0.2774366835,0.258761853,0.305641545,0.3054557145,0.3124585792,0.1163421124,0.1044631923
2973,CDS + 3'UTR,7,0.29849419,0.2783489404,0.2840803862,0.3053595833,0.3114881814,0.3119875893,0.1059372053,0.104303887
2974,CDS + 3'UTR,7,0.2560531795,0.2784084154,0.3062060177,0.3056081403,0.318164438,0.3118554037,0.119576335,0.1041280407
2975,CDS + 3'UTR,7,0.2412836403,0.2777145738,0.3347789347,0.3056367785,0.3189476132,0.3123046484,0.104989782,0.1043439993
2976,CDS + 3'UTR,7,0.3744690716,0.2793818515,0.2757419944,0.3045544032,0.2665285766,0.311928216,0.08326034993,0.104135529
2977,CDS + 3'UTR,7,0.2539798617,0.2793638974,0.3118029237,0.3045226038,0.3256763518,0.3120960403,0.1085408553,0.1040174575
2978,CDS + 3'UTR,7,0.2647240162,0.279041896,0.2894199789,0.3043310337,0.3330205083,0.3126036827,0.1128354743,0.1040233866
2979,CDS + 3'UTR,7,0.3629252613,0.2812641609,0.278683126,0.3034120891,0.274936825,0.3117870919,0.08345479518,0.1035366576
2980,CDS + 3'UTR,7,0.2532151043,0.2812373862,0.31916067,0.3036722023,0.317774117,0.3118569009,0.1098500863,0.1032335098
2981,CDS + 3'UTR,7,0.2456345111,0.2810302638,0.2982127964,0.3034585793,0.3495057523,0.312218041,0.1066469923,0.1032931156
2982,CDS + 3'UTR,7,0.3077538908,0.2828977363,0.2981234193,0.3030031171,0.2940172255,0.3111730881,0.1001054421,0.1029260582
2983,CDS + 3'UTR,7,0.2303246111,0.2826342002,0.3400489986,0.3027917061,0.3204180598,0.3115719792,0.1092083231,0.1030021149
2984,CDS + 3'UTR,7,0.3105612397,0.2826092251,0.2786204517,0.3027103856,0.3126519322,0.3117598858,0.09816636145,0.1029205044
2985,CDS + 3'UTR,7,0.3208673298,0.2841687446,0.2754745483,0.3020682976,0.3027141392,0.3112444073,0.1009439752,0.1025185515
2986,CDS + 3'UTR,7,0.2372334003,0.2843433319,0.335070461,0.3022896718,0.3183558285,0.310990468,0.1093402728,0.1023765294
2987,CDS + 3'UTR,7,0.3086819351,0.284553059,0.2699435651,0.3018090304,0.3251712024,0.3114641447,0.09620328248,0.1021737675
2988,CDS + 3'UTR,7,0.3146653473,0.2857053064,0.2870730758,0.301071566,0.3044757545,0.3111762121,0.09378578514,0.1020469161
2989,CDS + 3'UTR,7,0.2049686164,0.2861767299,0.3519749939,0.3002349585,0.3327468038,0.3115313094,0.1103096083,0.1020570021
2990,CDS + 3'UTR,7,0.3080686033,0.2853400014,0.2619577944,0.3004268043,0.3279125392,0.3120706156,0.102061078,0.1021625781
2991,CDS + 3'UTR,7,0.3654343784,0.2864886599,0.2594373226,0.2998370297,0.285202533,0.3117986791,0.08992576599,0.10187563
2992,CDS + 3'UTR,7,0.2419197559,0.2870920058,0.3054136336,0.2997612827,0.3352249265,0.3113811802,0.1174416542,0.1017655301
2993,CDS + 3'UTR,7,0.299900502,0.2874231189,0.2853618562,0.2992996413,0.3130404651,0.3116025198,0.1016971692,0.1016747191
2994,CDS + 3'UTR,7,0.3160179257,0.2885735698,0.297039479,0.2987188693,0.2923807502,0.3111647945,0.09456185251,0.101542766
2995,CDS + 3'UTR,7,0.2145019621,0.288953873,0.350702852,0.2987643827,0.3276477754,0.3109645385,0.1071473286,0.1013172057
2996,CDS + 3'UTR,7,0.2780115604,0.2891825972,0.2985374331,0.2984656129,0.3240856528,0.3111399192,0.09936542064,0.1012118699
2997,CDS + 3'UTR,7,0.3071572185,0.2906577326,0.2923782468,0.2981335342,0.2972699702,0.3103731923,0.1031945944,0.1008355401
2998,CDS + 3'UTR,7,0.251611203,0.2901955269,0.3124574721,0.2987858996,0.3238865733,0.3102924153,0.1120448112,0.1007261582
2999,CDS + 3'UTR,7,0.2299419492,0.2905274533,0.3321423233,0.2987834308,0.3330615461,0.3103397384,0.1048541665,0.1003493767
3000,CDS + 3'UTR,7,0.3783007264,0.2915340498,0.2726992369,0.2987825572,0.2614311576,0.3096688703,0.08756888658,0.1000145222
3001,CDS + 3'UTR,7,0.2159645557,0.2911781844,0.3432343006,0.2991790909,0.3324928284,0.3097097278,0.1083083376,0.09993299581
3002,CDS + 3'UTR,7,0.2481852025,0.2907889914,0.3175435364,0.2994494203,0.3209657967,0.3100009747,0.1133054271,0.09976061275
3003,CDS + 3'UTR,7,0.3221457005,0.2919774747,0.2943632305,0.2991515283,0.2949683964,0.3094202176,0.08852267265,0.09945077924
3004,CDS + 3'UTR,7,0.2277377844,0.2919712933,0.3192196786,0.2987872627,0.335916549,0.3097202223,0.1171259955,0.09952122141
3005,CDS + 3'UTR,7,0.2372291088,0.2919794483,0.3128378093,0.2985689327,0.3374889791,0.3100016601,0.1124441102,0.09944995809
3006,CDS + 3'UTR,7,0.3460749984,0.2937019527,0.2994718254,0.2972455632,0.2712843716,0.3097097393,0.08316887915,0.09934274275
3007,CDS + 3'UTR,7,0.2077406198,0.2932456128,0.3405035436,0.2975572489,0.3372804821,0.3100341827,0.1144753471,0.099162954
3008,CDS + 3'UTR,7,0.26758039,0.293358051,0.3055427074,0.2972876601,0.3219091594,0.3103017144,0.1049677581,0.09905257262
3009,CDS + 3'UTR,7,0.3894961178,0.294795925,0.2717652619,0.2970023893,0.2598854005,0.3096674107,0.07885320485,0.09853427336
3010,CDS + 3'UTR,7,0.2449679375,0.2947544979,0.3242452741,0.2968404256,0.3279817998,0.3098825179,0.1028049216,0.09852255713
3011,CDS + 3'UTR,7,0.263995111,0.2949486116,0.3074990213,0.296501651,0.3241295218,0.3102012884,0.1043763086,0.09834844694
3012,CDS + 3'UTR,7,0.3225826621,0.2970216496,0.2908404171,0.296117954,0.2929838598,0.3092489254,0.09359306097,0.09761146959
3013,CDS + 3'UTR,7,0.2619304359,0.2967677375,0.314676553,0.2962376416,0.3233643174,0.309440811,0.1000286713,0.09755380806
3014,CDS + 3'UTR,7,0.3508040607,0.2966314828,0.276715368,0.296797936,0.2849771976,0.3092090555,0.08750335127,0.09736152412
3015,CDS + 3'UTR,7,0.3649376035,0.2981411261,0.2502316833,0.2962172326,0.293802321,0.3087806284,0.09102839977,0.09686101172
3016,CDS + 3'UTR,7,0.2639743686,0.2985867307,0.3079697788,0.2957335964,0.3257055879,0.3089208219,0.1023502499,0.09675884992
3017,CDS + 3'UTR,7,0.3020105362,0.2976757679,0.2850314677,0.2958403658,0.3257875144,0.3095931996,0.08717053384,0.09689066578
3018,CDS + 3'UTR,7,0.393984735,0.2992594738,0.2614297867,0.2953734376,0.2696709335,0.3089074485,0.07491461188,0.0964596387
3019,CDS + 3'UTR,7,0.2617200613,0.299364461,0.3074406087,0.2952972319,0.3300167024,0.308916023,0.1008226052,0.09642228289
3020,CDS + 3'UTR,7,0.3278130591,0.2989037506,0.2772352397,0.2952522509,0.3049394488,0.309313504,0.09001224488,0.09653049344
3021,CDS + 3'UTR,7,0.3879213929,0.2995948642,0.2650236189,0.2949424356,0.2673731744,0.3090951499,0.07968179137,0.09636754971
3022,CDS + 3'UTR,7,0.2467104942,0.2999811621,0.3049602509,0.2949819859,0.3417584002,0.3087551098,0.1065708548,0.09628174119
3023,CDS + 3'UTR,7,0.3206896782,0.3001281777,0.2784868777,0.294844225,0.3071313798,0.3088193409,0.09369207919,0.09620825537
3024,CDS + 3'UTR,7,0.3516835868,0.3014616124,0.28509745,0.2942974981,0.2846905589,0.3082785707,0.07852840424,0.09596231775
3025,CDS + 3'UTR,7,0.2845166326,0.3009803895,0.3082430363,0.2946902279,0.3094562888,0.3084203541,0.09778405726,0.09590902785
3026,CDS + 3'UTR,7,0.3193470836,0.3011220571,0.2667250037,0.2945266321,0.3241867423,0.3085315458,0.08974121511,0.09581976384
3027,CDS + 3'UTR,7,0.3080529869,0.3027424283,0.281729728,0.2938667435,0.3078308105,0.3079936258,0.1023864225,0.09539720146
3028,CDS + 3'UTR,7,0.2987236679,0.3025856238,0.2590512931,0.2939867992,0.3392868042,0.3079806015,0.1029381827,0.09544697488
3029,CDS + 3'UTR,7,0.2643602788,0.3023106106,0.3125993311,0.2940368559,0.3222747445,0.3082057908,0.1007656083,0.0954467427
3030,CDS + 3'UTR,7,0.3258140385,0.3039785849,0.2831953466,0.2932240486,0.301550597,0.3076285522,0.08943998814,0.09516881434
3031,CDS + 3'UTR,7,0.2887768447,0.3036499413,0.2920285165,0.2939412825,0.3164916039,0.3073366489,0.1027030498,0.09507212639
3032,CDS + 3'UTR,7,0.3334574997,0.3019599255,0.2617757916,0.2947345641,0.3097949922,0.3080272928,0.09497170895,0.09527821671
3033,CDS + 3'UTR,7,0.3268064857,0.3030129094,0.2910139561,0.2947315082,0.2889992595,0.307349344,0.09318034351,0.09490623754
3034,CDS + 3'UTR,7,0.2725050747,0.3026397947,0.3214654028,0.2949672233,0.3117440641,0.3074201554,0.09428548813,0.09497282533
3035,CDS + 3'UTR,7,0.3221957684,0.3024272941,0.2748445272,0.2946756877,0.3113353252,0.3077287689,0.09162436426,0.09516824838
3036,CDS + 3'UTR,7,0.3436330855,0.3040622717,0.2978926301,0.2937666338,0.2723629177,0.307196632,0.08611136675,0.09497446213
3037,CDS + 3'UTR,7,0.2753378451,0.3036171133,0.3288421333,0.2936766233,0.3018582761,0.3075417712,0.09396176785,0.09516449086
3038,CDS + 3'UTR,7,0.3361708224,0.3034424404,0.2882138193,0.2935900271,0.2949975133,0.3078704897,0.08061782271,0.09509704094
3039,CDS + 3'UTR,7,0.3080283999,0.3047912614,0.3326403201,0.2933622483,0.277120024,0.3071256891,0.08221130073,0.09472079845
3040,CDS + 3'UTR,7,0.2752067447,0.3052313648,0.317143172,0.2929546196,0.3086157441,0.3069341026,0.09903430939,0.09487991063
3041,CDS + 3'UTR,7,0.2837080359,0.3041417193,0.301146239,0.293026711,0.3216875494,0.3076882295,0.09345818311,0.09514333783
3042,CDS + 3'UTR,7,0.3265064061,0.3060085475,0.307234019,0.2918780096,0.2794664204,0.307179749,0.08679322153,0.0949336906
3043,CDS + 3'UTR,7,0.2743505836,0.3059501462,0.285081774,0.2917089816,0.3369508386,0.3075014457,0.1036168113,0.09483942343
3044,CDS + 3'UTR,7,0.3384197056,0.3059246872,0.2724873126,0.2916479953,0.3031550944,0.3075362176,0.08593787253,0.09489109702
3045,CDS + 3'UTR,7,0.3483790755,0.3078220233,0.2649123967,0.2907447657,0.2927444875,0.3069814891,0.09396399558,0.09445171924
3046,CDS + 3'UTR,7,0.2650474906,0.3080386702,0.3049778938,0.290668874,0.3315452039,0.306971382,0.098429434,0.09432107098
3047,CDS + 3'UTR,7,0.2975921631,0.3077231564,0.2924771607,0.2904240558,0.3195396364,0.3073620562,0.09039102495,0.09449072853
3048,CDS + 3'UTR,7,0.3399594724,0.3097236151,0.3023876846,0.2895316312,0.2786540389,0.3065694455,0.07899879664,0.09417530484
3049,CDS + 3'UTR,7,0.2652741075,0.3095061144,0.3016626537,0.2894822499,0.3296365142,0.3067486033,0.1034267396,0.09426302817
3050,CDS + 3'UTR,7,0.3420970142,0.3073421611,0.2615987062,0.2900823912,0.3042176366,0.307860164,0.09208662808,0.09471527981
3051,CDS + 3'UTR,7,0.3734431267,0.3085623296,0.2753953338,0.2896855755,0.2747133076,0.3072453596,0.07644827664,0.09450673312
3052,CDS + 3'UTR,7,0.2991273701,0.3088722786,0.2683368623,0.2896182837,0.3208065629,0.3069449175,0.1117291898,0.09456451777
3053,CDS + 3'UTR,7,0.2875938118,0.3088045852,0.3289039433,0.2896985548,0.2929477394,0.3069768179,0.09055449069,0.09452003986
3054,CDS + 3'UTR,7,0.3768246472,0.3101778796,0.2597497404,0.2891165299,0.2838902771,0.3064130723,0.07953534275,0.09429251635
3055,CDS + 3'UTR,7,0.2769320011,0.3089704143,0.2960880399,0.2894399503,0.3301630914,0.3071340118,0.09681683779,0.09445562186
3056,CDS + 3'UTR,7,0.301592052,0.3077631446,0.2842835486,0.2899311172,0.3203187883,0.3076739866,0.09380561858,0.09463175004
3057,CDS + 3'UTR,7,0.3806763291,0.3085178657,0.274448663,0.2896309456,0.2708162665,0.3073098943,0.07405868918,0.09454129282
3058,CDS + 3'UTR,7,0.2731229961,0.307764606,0.2833235264,0.289662615,0.3337064683,0.3075330928,0.1098470092,0.09503968367
3059,CDS + 3'UTR,7,0.3260684311,0.3066092091,0.2750846446,0.2897955799,0.306735307,0.3082203817,0.09211163968,0.09537482606
3060,CDS + 3'UTR,7,0.308504194,0.307322949,0.2943754494,0.2896807855,0.3003057837,0.307705912,0.09681458771,0.09529035045
3061,CDS + 3'UTR,7,0.2765383422,0.3062747,0.3013768196,0.2902092068,0.3223025501,0.3078890722,0.09978231043,0.09562701853
3062,CDS + 3'UTR,7,0.3195151389,0.3052006455,0.2871025503,0.2906331452,0.2991557121,0.3083564073,0.09422657639,0.09580979962
3063,CDS + 3'UTR,7,0.3369993865,0.3058355253,0.296310842,0.2904525938,0.2771564424,0.3080036774,0.08953331411,0.09570820108
3064,CDS + 3'UTR,7,0.2720634043,0.3051017627,0.3100388348,0.2905552631,0.3239946067,0.3083715152,0.09390316904,0.09597145626
3065,CDS + 3'UTR,7,0.3322007358,0.3045727029,0.2623868883,0.2905631596,0.3116094768,0.3086747721,0.09380285442,0.09618936265
3066,CDS + 3'UTR,7,0.3668631017,0.3057223212,0.2822793722,0.2901342524,0.2753222287,0.3081039149,0.07553528249,0.096039508
3067,CDS + 3'UTR,7,0.2961375713,0.3049893748,0.2795480192,0.2904326467,0.3241292536,0.3081856623,0.1001851559,0.09639231171
3068,CDS + 3'UTR,7,0.2926642895,0.3050577842,0.2910776138,0.2904764162,0.3224909008,0.3081477221,0.09376721084,0.09631807329
3069,CDS + 3'UTR,7,0.3384065628,0.3060173705,0.2869504094,0.2904392684,0.2865677178,0.3074782677,0.08807533979,0.09606508976
3070,CDS + 3'UTR,7,0.2817771137,0.3057395937,0.3193365037,0.2902690792,0.3045602739,0.3077198528,0.09432604164,0.0962714714
3071,CDS + 3'UTR,7,0.2302331179,0.3056689074,0.3228998482,0.2902013863,0.340454042,0.3077946551,0.1064129919,0.0963350486
3072,CDS + 3'UTR,7,0.326158464,0.3064116692,0.3051691651,0.2903112793,0.2809890211,0.3071602765,0.08768332005,0.09611677183
3073,CDS + 3'UTR,7,0.2700513303,0.3053124014,0.3042190671,0.2909357829,0.31870538,0.3074306395,0.1070241928,0.09632117357
3074,CDS + 3'UTR,7,0.2990178764,0.3045406673,0.2737166286,0.2909575762,0.3170698285,0.3079902448,0.1101956964,0.09651150806
3075,CDS + 3'UTR,7,0.3453001678,0.3052247342,0.2779785395,0.2905339791,0.2850768268,0.3077163942,0.09164442867,0.09652488837
3076,CDS + 3'UTR,7,0.2423988879,0.3044548437,0.291336596,0.2906887682,0.3516967893,0.3079828382,0.1145677194,0.09687354602
3077,CDS + 3'UTR,7,0.2931833863,0.3041586213,0.2854505479,0.2902081279,0.32356745,0.3084757421,0.09779860079,0.09715750478
3078,CDS + 3'UTR,7,0.3595168889,0.3045017969,0.2942351699,0.2897342322,0.2643025219,0.3085408077,0.08194541186,0.09722315939
3079,CDS + 3'UTR,7,0.2651502192,0.3034876749,0.2995320261,0.2896215184,0.3177346289,0.3092396028,0.1175831407,0.09765120074
3080,CDS + 3'UTR,7,0.2911290824,0.303068243,0.2784665525,0.2891541148,0.3217613101,0.3097966369,0.1086430624,0.09798100144
3081,CDS + 3'UTR,7,0.365310818,0.3040387601,0.2513381839,0.2887706956,0.2918143868,0.309369237,0.09153655916,0.09782130355
3082,CDS + 3'UTR,7,0.2435130924,0.3037871242,0.3040212989,0.288871848,0.3467015326,0.3093256701,0.1057640538,0.09801535392
3083,CDS + 3'UTR,7,0.3201089799,0.3024270516,0.2894843221,0.2890149673,0.2977501452,0.3101911176,0.09265656024,0.09836685918
3084,CDS + 3'UTR,7,0.379524678,0.303572157,0.2469613105,0.2889665378,0.2915382683,0.309383668,0.08197577298,0.09807763239
3085,CDS + 3'UTR,7,0.254560858,0.3024899982,0.3067664802,0.2894772505,0.3366804123,0.3097052936,0.1019922495,0.0983274526
3086,CDS + 3'UTR,7,0.3208338916,0.3014500134,0.2798863649,0.2900215099,0.3025383055,0.3100837704,0.09674148262,0.09844470164
3087,CDS + 3'UTR,7,0.3677773178,0.302442145,0.2691095769,0.2897655448,0.2738716304,0.3094757307,0.08924145252,0.0983165741
3088,CDS + 3'UTR,7,0.2501803339,0.3018839754,0.301592201,0.2900300601,0.3362417817,0.3094404105,0.1119856238,0.09864554862
3089,CDS + 3'UTR,7,0.2163798511,0.3018822011,0.3197765648,0.2896897556,0.3488102555,0.3096247707,0.115033336,0.09880326763
3090,CDS + 3'UTR,7,0.3425814211,0.3028401352,0.2925000191,0.2895934505,0.2787974477,0.3090010591,0.08612118661,0.09856534991
3091,CDS + 3'UTR,7,0.2887910306,0.3018931672,0.3021156788,0.2903097725,0.3000941575,0.3090569433,0.108999081,0.09874011204
3092,CDS + 3'UTR,7,0.3171671927,0.3013314996,0.2972621024,0.2905380024,0.2955358922,0.3091719028,0.09003482759,0.09895858951
3093,CDS + 3'UTR,7,0.3717939854,0.3023153223,0.2681145668,0.2905254787,0.2782646716,0.308521653,0.08182679117,0.09863753999
3094,CDS + 3'UTR,7,0.2542068362,0.3020708155,0.3025889993,0.2900453148,0.3426523507,0.3089054037,0.1005517915,0.0989784603
3095,CDS + 3'UTR,7,0.2683560252,0.3021897439,0.289525032,0.2899442697,0.3370003104,0.3087970752,0.1051186547,0.09906890541
3096,CDS + 3'UTR,7,0.3243520558,0.3028927367,0.2839560509,0.2896921271,0.2965781987,0.3084139928,0.09511367232,0.09900113726
3097,CDS + 3'UTR,7,0.2417497635,0.3022737101,0.2875650227,0.2901134791,0.3436433971,0.3084614526,0.1270418018,0.09915135195
3098,CDS + 3'UTR,7,0.3015529811,0.30114621,0.2720669806,0.2903963776,0.3246540427,0.3089161772,0.101726003,0.09954122948
3099,CDS + 3'UTR,7,0.3188192546,0.3023728479,0.2982570529,0.2904492883,0.288859129,0.3079339035,0.09406455606,0.0992439541
3100,CDS + 3'UTR,7,0.2439531386,0.3011197612,0.31950894,0.2907912424,0.3195922673,0.3084620029,0.1169456914,0.0996269864
3101,CDS + 3'UTR,7,0.3019970357,0.3015136939,0.2989386916,0.2905750433,0.3047599792,0.3083020169,0.09430427849,0.09960923847
3102,CDS + 3'UTR,7,0.2975008786,0.3027290925,0.2905161381,0.2902350498,0.3135400116,0.3076027799,0.09844297171,0.0994330694
3103,CDS + 3'UTR,7,0.2619886696,0.3022004578,0.2867004275,0.2906955777,0.3365584016,0.3075000085,0.1147524938,0.09960394781
3104,CDS + 3'UTR,7,0.3093588054,0.3015775092,0.2857291698,0.2906773912,0.3089511096,0.3079820264,0.09596091509,0.0997630653
3105,CDS + 3'UTR,7,0.3764860928,0.3030449744,0.2739304602,0.2900080552,0.2637877166,0.3072886884,0.08579568565,0.09965827363
3106,CDS + 3'UTR,7,0.2607113719,0.302215093,0.2905965447,0.2903542405,0.3307265341,0.3075942263,0.117965512,0.09983643228
3107,CDS + 3'UTR,7,0.3135257363,0.3013723366,0.2852312922,0.2903990807,0.304795593,0.3081131078,0.09644734859,0.1001154667
3108,CDS + 3'UTR,7,0.375490576,0.3023893796,0.2560794652,0.2902799545,0.2857304513,0.3073954988,0.08269950002,0.09993515965
3109,CDS + 3'UTR,7,0.2421381325,0.3022356302,0.2989841998,0.2904775942,0.3416015506,0.3072827004,0.1172761396,0.100004067
3110,CDS + 3'UTR,7,0.3201591372,0.3018778961,0.277779907,0.2902241016,0.3075347841,0.3076024435,0.09452616423,0.1002955498
3111,CDS + 3'UTR,7,0.348197788,0.3019166414,0.3008199632,0.289844518,0.2657413185,0.307814499,0.08524090797,0.1004243333
3112,CDS + 3'UTR,7,0.2455160767,0.3027034612,0.3117360771,0.2894295113,0.3314240277,0.3075086504,0.1113238484,0.1003583684
3113,CDS + 3'UTR,7,0.2650677562,0.3024446098,0.2927574217,0.289057293,0.3337676823,0.3080495372,0.1084071025,0.1004485517
3114,CDS + 3'UTR,7,0.3272304237,0.3044074556,0.2875776291,0.2882922746,0.2898360193,0.3072221026,0.09535591304,0.1000781592
3115,CDS + 3'UTR,7,0.2606045306,0.3040630026,0.2872276604,0.2886080019,0.3326508403,0.3073675498,0.1195169762,0.09996143701
3116,CDS + 3'UTR,7,0.319935292,0.3030555943,0.2594414055,0.289282741,0.3117952347,0.3076872248,0.1088280678,0.099974431
3117,CDS + 3'UTR,7,0.3027918935,0.3050400721,0.2909304798,0.2888709769,0.30706352,0.3065691896,0.0992141366,0.09951975336
3118,CDS + 3'UTR,7,0.2550410628,0.3049486211,0.2791967094,0.2889079884,0.3509011269,0.3064811163,0.1148611307,0.09966226593
3119,CDS + 3'UTR,7,0.274473846,0.3039277745,0.2952480316,0.2888939571,0.3216827512,0.3072433621,0.1085953563,0.0999348985
3120,CDS + 3'UTR,7,0.3528481126,0.3058546321,0.2864696383,0.2882995974,0.2744237483,0.3064204216,0.08625847846,0.09942534072
3121,CDS + 3'UTR,7,0.2635771632,0.3057578566,0.3092384338,0.2884770621,0.3182021976,0.3063947719,0.1089822128,0.09937030189
3122,CDS + 3'UTR,7,0.2177006006,0.3057080669,0.3186835647,0.2885020681,0.3487022221,0.3065107327,0.1149136424,0.09927912597
3123,CDS + 3'UTR,7,0.3659590185,0.3075585511,0.2812074125,0.2879914057,0.272354871,0.305521268,0.08047866821,0.09892876912
3124,CDS + 3'UTR,7,0.2518469989,0.3069949817,0.3133443296,0.2880203944,0.328885138,0.3059390638,0.1059234887,0.09904555418
3125,CDS + 3'UTR,7,0.2651802897,0.3062708829,0.3084531426,0.288606515,0.3230226338,0.3060023993,0.1033439189,0.09912019586
3126,CDS + 3'UTR,7,0.3444180191,0.3074913967,0.2845006883,0.2881704962,0.2829020321,0.3054160755,0.08817923069,0.09892202457
3127,CDS + 3'UTR,7,0.2529385984,0.3066887729,0.3136383891,0.2883282049,0.3167140186,0.3060029164,0.1167089865,0.09898009859
3128,CDS + 3'UTR,7,0.339817524,0.3059581675,0.2751633227,0.2885182505,0.2934028506,0.3064461105,0.09161631763,0.09907746464
3129,CDS + 3'UTR,7,0.3419088423,0.307671478,0.2939582467,0.2882261148,0.2797395885,0.3055363748,0.08439332247,0.0985660268
3130,CDS + 3'UTR,7,0.2663395703,0.3085185278,0.3189044595,0.2877652453,0.3086883724,0.305288551,0.1060675979,0.09842767017
3131,CDS + 3'UTR,7,0.3285097182,0.3078876544,0.2936537266,0.2877176708,0.2839100659,0.3057857417,0.09392647445,0.09860892687
3132,CDS + 3'UTR,7,0.3778331876,0.3093195725,0.2673349679,0.2872039286,0.2687865794,0.3052324042,0.08604522794,0.09824408814
3133,CDS + 3'UTR,7,0.2680332661,0.3088048957,0.2904908359,0.2871370574,0.3236477971,0.3057410263,0.1178281158,0.09831701405
3134,CDS + 3'UTR,7,0.3863389194,0.3086882483,0.2516661286,0.2870351808,0.2752240002,0.3059336018,0.08677095175,0.09834296172
3135,CDS + 3'UTR,7,0.3331714272,0.310353405,0.275916636,0.2862315971,0.299516499,0.3052247211,0.09139538556,0.09819027046
3136,CDS + 3'UTR,7,0.2520699203,0.3102427334,0.3179917037,0.2864242505,0.3241155744,0.3051301885,0.1058227941,0.09820282143
3137,CDS + 3'UTR,7,0.2904763222,0.3107400406,0.2970805466,0.2861682277,0.3071942329,0.305051858,0.1052488908,0.09803986847
3138,CDS + 3'UTR,7,0.3712540269,0.3132223956,0.28755638,0.2855884897,0.2551245689,0.3038898438,0.08606497943,0.09729926595
3139,CDS + 3'UTR,7,0.2258214951,0.3128964387,0.3024409711,0.2859677466,0.348983258,0.3039350782,0.1227542236,0.09720073119
3140,CDS + 3'UTR,7,0.3400188088,0.3128162321,0.2770795226,0.2861159457,0.2875069082,0.3039306913,0.09539475292,0.09713712577
3141,CDS + 3'UTR,7,0.373770237,0.3153283548,0.2741773427,0.2851768846,0.266363591,0.3029643381,0.08568878472,0.09653041661
3142,CDS + 3'UTR,7,0.2772243619,0.3150336809,0.3239447773,0.2852881489,0.2909339964,0.3031085765,0.1078968495,0.09656958804
3143,CDS + 3'UTR,6,0.287163496,0.315341901,0.2948559225,0.2851225136,0.315717876,0.3030702719,0.102262713,0.09646530822
3144,CDS + 3'UTR,7,0.3894606233,0.3171163067,0.2564919591,0.2848692881,0.2685275674,0.3020754853,0.08551983535,0.09593891464
3145,CDS + 3'UTR,7,0.2658102214,0.3168203581,0.2900817096,0.2850707231,0.3360525072,0.3021337466,0.1080555469,0.09597516675
3146,CDS + 3'UTR,7,0.2994425893,0.3168431196,0.2858665884,0.2849769032,0.316832751,0.3022432158,0.09785803407,0.09593675649
3147,CDS + 3'UTR,7,0.3775010109,0.3185258314,0.2700179219,0.2844095724,0.2667205334,0.3016601356,0.08576059341,0.09540445609
3148,CDS + 3'UTR,7,0.2803643346,0.3182343204,0.3068887889,0.2843349552,0.3134670258,0.3019773701,0.09927979857,0.09545335006
3149,CDS + 3'UTR,7,0.3097878397,0.317840394,0.2666710019,0.2846487304,0.3121471703,0.3020304138,0.1113939658,0.09548045797
3150,CDS + 3'UTR,7,0.284876734,0.3199916275,0.2889698148,0.2838957839,0.3215247095,0.3011462474,0.1046287194,0.09496633774
3151,CDS + 3'UTR,7,0.2931787074,0.3191566305,0.289699316,0.2845246412,0.3159861565,0.3012905931,0.1011357978,0.09502813229
3152,CDS + 3'UTR,7,0.30545035,0.3183996001,0.2753916979,0.2845708121,0.3242599666,0.3019297613,0.09489798546,0.09509982346
3153,CDS + 3'UTR,7,0.4270789921,0.3200553812,0.243017599,0.2839983542,0.2525106072,0.3012722062,0.07739279419,0.09467405472
3154,CDS + 3'UTR,7,0.2714616358,0.3204944391,0.298974812,0.2838707443,0.3287056088,0.3010097587,0.1008579209,0.09462505449
3155,CDS + 3'UTR,7,0.2647075057,0.3202449363,0.3319576681,0.28408846,0.3106508255,0.3010516519,0.09268394858,0.09461494926
3156,CDS + 3'UTR,7,0.4011571109,0.321310734,0.2583954632,0.2839699611,0.2622539699,0.3004636804,0.07819350809,0.0942556221
3157,CDS + 3'UTR,7,0.2858673036,0.3210204326,0.2884114683,0.2844035033,0.316521585,0.300511376,0.1091996059,0.09406468524
3158,CDS + 3'UTR,7,0.2778491676,0.3208822973,0.2931126654,0.2843382966,0.3252821863,0.3006274505,0.103756018,0.09415195333
3159,CDS + 3'UTR,7,0.4192988276,0.3218056165,0.2519832551,0.2844178017,0.2518993914,0.2999944491,0.07681851834,0.09378212942
3160,CDS + 3'UTR,7,0.2833870351,0.3217003021,0.2926637232,0.2843382049,0.3197093308,0.3002961351,0.1042399555,0.09366535516
3161,CDS + 3'UTR,7,0.3613276482,0.3206488397,0.2533386648,0.2846843243,0.3010912538,0.3008241033,0.08424248546,0.09384273039
3162,CDS + 3'UTR,7,0.3915518224,0.3215810996,0.2631683052,0.2842923958,0.267544359,0.3004908992,0.077735506,0.09363560332
3163,CDS + 3'UTR,7,0.2750234306,0.3222499926,0.2918034196,0.2839326717,0.3311738074,0.3002958803,0.1019993648,0.09352145251
3164,CDS + 3'UTR,7,0.3215967715,0.3213627402,0.2938509583,0.2839126442,0.2966051102,0.3008608753,0.08794710785,0.09386373814
3165,CDS + 3'UTR,7,0.3522019684,0.3226507939,0.2718849778,0.2835694287,0.2897745073,0.3002652714,0.08613854647,0.093514504
3166,CDS + 3'UTR,7,0.2566239834,0.3229327314,0.2925030589,0.2838674314,0.3494855762,0.2998677684,0.1013874039,0.09333206676
3167,CDS + 3'UTR,7,0.3093288839,0.3229611658,0.2843132317,0.2839383826,0.3093271554,0.2997673037,0.09703073651,0.09333314635
3168,CDS + 3'UTR,7,0.3872451782,0.3242024228,0.278221339,0.2832795765,0.2634629309,0.2996007292,0.07107059658,0.09291726975
3169,CDS + 3'UTR,7,0.2841438353,0.3228170305,0.2829070091,0.2838761959,0.32898435,0.3002703415,0.1039648056,0.09303642986
3170,CDS + 3'UTR,7,0.2921115458,0.3224949248,0.2886940539,0.2836576384,0.3185727,0.3005767455,0.1006217226,0.09327068953
3171,CDS + 3'UTR,7,0.4033444822,0.3229431413,0.2610163093,0.2832760587,0.2558271587,0.3005993502,0.07981198281,0.09318144768
3172,CDS + 3'UTR,7,0.2759930491,0.3222561087,0.2919124067,0.2833201043,0.3362256587,0.3010694811,0.09586890042,0.09335430497
3173,CDS + 3'UTR,7,0.3624621928,0.3215943232,0.2599644363,0.2833856862,0.2936707139,0.3015072303,0.08390260488,0.09351275982
3174,CDS + 3'UTR,7,0.3874193728,0.3221210103,0.2383023053,0.2833078075,0.2859418988,0.3012646904,0.08833649009,0.09330649171
3175,CDS + 3'UTR,7,0.2595022917,0.3203805875,0.3049373031,0.2840719055,0.3294377029,0.3020110691,0.1061227322,0.09353643768
3176,CDS + 3'UTR,7,0.3641366363,0.3203429073,0.263474226,0.2842127863,0.2903117537,0.3017924262,0.08207743615,0.09365188079
3177,CDS + 3'UTR,7,0.4403381646,0.3212532014,0.2411859781,0.2836336136,0.2506822646,0.3016736953,0.06779360026,0.09343949109
3178,CDS + 3'UTR,7,0.2754764259,0.3210137188,0.3024075329,0.2839452025,0.3282727897,0.3017142469,0.09384322166,0.09332683338
3179,CDS + 3'UTR,7,0.3124027252,0.3201747004,0.310112983,0.2840610076,0.2885081768,0.3022872919,0.08897612244,0.09347700169
3180,CDS + 3'UTR,7,0.4449229538,0.3217460211,0.2443840504,0.2839601185,0.2422840148,0.3013812864,0.06840895861,0.09291257635
3181,CDS + 3'UTR,7,0.2784231305,0.3209671572,0.3078398407,0.2841297917,0.316299051,0.3018460227,0.09743799269,0.09305703072
3182,CDS + 3'UTR,7,0.3221584857,0.3197221268,0.2772653103,0.2845251631,0.3104756474,0.3025492517,0.09010058641,0.0932034608
3183,CDS + 3'UTR,7,0.4039411247,0.3207301904,0.2664423883,0.2837795548,0.256975472,0.3025779435,0.0726410076,0.09291231446
3184,CDS + 3'UTR,7,0.2856829166,0.3206207842,0.301843971,0.2837145105,0.3136120141,0.3026895599,0.09886108339,0.09297514819
3185,CDS + 3'UTR,7,0.3783070147,0.3202540081,0.2664248645,0.2841695465,0.2725452483,0.3026063906,0.08272286505,0.09297005795
3186,CDS + 3'UTR,7,0.3953283131,0.3212548833,0.2452100813,0.2839926824,0.2840801179,0.3021500794,0.07538148016,0.09260235848
3187,CDS + 3'UTR,7,0.2902048528,0.321269723,0.2792619169,0.283975561,0.3301743567,0.3021844925,0.1003588662,0.09257022776
3188,CDS + 3'UTR,7,0.3439764678,0.3202314846,0.2811814845,0.2846654069,0.2899739444,0.3024001809,0.08486813307,0.09270293135
3189,CDS + 3'UTR,7,0.4142368138,0.3214685634,0.2387484759,0.2839899577,0.2708682418,0.302027897,0.07614652067,0.09251358658
3190,CDS + 3'UTR,7,0.2533593774,0.3209487304,0.3280884922,0.2843569074,0.3190824389,0.3023136148,0.09946972877,0.09238075214
3191,CDS + 3'UTR,7,0.2876353562,0.3206246398,0.3045136333,0.284557325,0.3168747723,0.3024108427,0.090976201,0.09240719667
3192,CDS + 3'UTR,7,0.3779785633,0.3216207623,0.2659394443,0.284268821,0.2788196206,0.301949968,0.07726234943,0.0921604529
3193,CDS + 3'UTR,7,0.3001923859,0.3207592709,0.2825486362,0.2849384453,0.3127718866,0.3020803681,0.1044870839,0.09222191898
3194,CDS + 3'UTR,7,0.3072701991,0.3199603872,0.3049948812,0.285154341,0.2931874692,0.3025568293,0.09454749525,0.09232844524
3195,CDS + 3'UTR,7,0.3458683491,0.3204247048,0.2777477503,0.2850157542,0.2856131196,0.3022172945,0.09077080339,0.09234224968
3196,CDS + 3'UTR,7,0.2967111766,0.3204355301,0.2941247821,0.2845909191,0.3156108856,0.3024474548,0.09355311841,0.09252609983
3197,CDS + 3'UTR,7,0.2917410731,0.3192898082,0.2857139409,0.2845761685,0.3163494766,0.3032090893,0.1061955839,0.09292493723
3198,CDS + 3'UTR,7,0.3289065957,0.3195257584,0.285557121,0.2844780469,0.3002610207,0.3031497845,0.08527521789,0.09284641435
3199,CDS + 3'UTR,7,0.2660486996,0.3197629781,0.2888802886,0.2843245642,0.3458176255,0.3030807028,0.09925341606,0.09283175878
3200,CDS + 3'UTR,7,0.2687311172,0.3187059687,0.3141591847,0.2846258039,0.3166612089,0.3037317118,0.1004484966,0.09293651907
3201,CDS + 3'UTR,7,0.3381579518,0.3195590185,0.2778841555,0.284352812,0.2915458679,0.303428633,0.09241204709,0.09265953954
3202,CDS + 3'UTR,7,0.2712120414,0.3183075307,0.2899056375,0.2848861126,0.3331007063,0.3038408721,0.1057815775,0.09296548609
3203,CDS + 3'UTR,7,0.2949788272,0.3175431771,0.2796052098,0.2851708649,0.3175544739,0.3042719761,0.1078615189,0.09301398406
3204,CDS + 3'UTR,7,0.3548913002,0.3195164023,0.2858870924,0.2846379939,0.2812368274,0.3032459194,0.07798475772,0.09259968586
3205,CDS + 3'UTR,7,0.2877352834,0.3188063817,0.3322933614,0.2843031783,0.2912223935,0.3039954556,0.08874893934,0.09289498748
3206,CDS + 3'UTR,7,0.3466927707,0.3180297555,0.290176779,0.2845794395,0.2748648524,0.3043635378,0.08826559782,0.09302726984
3207,CDS + 3'UTR,7,0.3522391617,0.3201398252,0.2609339058,0.2841292992,0.3033880591,0.3031131355,0.08343885839,0.092617743
3208,CDS + 3'UTR,7,0.2289861441,0.3201271428,0.3228928745,0.2842014067,0.3469718397,0.3031035865,0.1011491269,0.09256786704
3209,CDS + 3'UTR,7,0.3161403835,0.3188639773,0.2764736414,0.2844046637,0.3042519093,0.3037624879,0.1031340957,0.0929688734
3210,CDS + 3'UTR,7,0.3021968901,0.3198016165,0.2883780897,0.2841947652,0.3104967475,0.3033020055,0.09892825037,0.09270161577
3211,CDS + 3'UTR,7,0.2735471129,0.3192672541,0.2971773744,0.2845050916,0.3215205371,0.3035002956,0.1077550575,0.09272736097
3212,CDS + 3'UTR,7,0.3248903453,0.3183121791,0.2725815177,0.2845298972,0.3038065135,0.3042338634,0.09872161597,0.09292406328
3213,CDS + 3'UTR,7,0.3101682365,0.3191819845,0.2842605412,0.2842600681,0.3042446077,0.3037260989,0.1013266668,0.09283185154
3214,CDS + 3'UTR,7,0.2471050918,0.3180741137,0.3127939701,0.2848046977,0.3349342942,0.3040798629,0.105166629,0.09304132927
3215,CDS + 3'UTR,7,0.3301570117,0.3168906456,0.2871870995,0.2854766386,0.282025069,0.3044828603,0.1006308347,0.09314985834
3216,CDS + 3'UTR,7,0.3248934448,0.3176092925,0.2716578841,0.2850400945,0.3146170974,0.3042138165,0.08883161843,0.09313679915
3217,CDS + 3'UTR,7,0.2713177204,0.3165850172,0.3220076561,0.2854216924,0.3104383647,0.3046211066,0.09623627365,0.09337218618
3218,CDS + 3'UTR,7,0.304132551,0.3149091201,0.2968207896,0.2856964514,0.3009681702,0.3055133922,0.0980784446,0.09388103867
3219,CDS + 3'UTR,7,0.3515271544,0.3157382367,0.2943698466,0.2855611287,0.2765028179,0.3049460327,0.077600196,0.09375460446
3220,CDS + 3'UTR,7,0.2777096927,0.3151139146,0.2906533778,0.2857049525,0.324685812,0.3053194677,0.1069511026,0.093861668
3221,CDS + 3'UTR,7,0.2741678059,0.3137434395,0.305807054,0.2861787103,0.3226219118,0.3059673689,0.09740319103,0.09411048368
3222,CDS + 3'UTR,7,0.3578694463,0.3149674909,0.2642961144,0.2858287066,0.2932293415,0.3053440832,0.08460514247,0.09385972107
3223,CDS + 3'UTR,7,0.278411001,0.3144033713,0.2896523774,0.2857486468,0.3246471882,0.3057079606,0.1072894111,0.09414002262
3224,CDS + 3'UTR,7,0.3601185381,0.3138581345,0.2928948402,0.2856761049,0.2618740201,0.3060241278,0.08511261642,0.0944416346
3225,CDS + 3'UTR,7,0.3458802402,0.3148581492,0.2759325802,0.285129426,0.2995476127,0.3057993464,0.07863958925,0.09421307985
3226,CDS + 3'UTR,7,0.3006297648,0.3135905007,0.2844968736,0.2853664249,0.3195858002,0.306559518,0.09528757632,0.09448355809
3227,CDS + 3'UTR,7,0.2944419384,0.3120920835,0.3252055943,0.2859865729,0.2839756012,0.3070630033,0.096376881,0.09485834241
3228,CDS + 3'UTR,7,0.3793306351,0.3126381779,0.2528528571,0.2857439142,0.2836843133,0.3067691695,0.08413221687,0.09484874029
3229,CDS + 3'UTR,7,0.2682012022,0.3115310935,0.2960269749,0.2858524695,0.3350045979,0.3073419798,0.1007672101,0.09527445883
3230,CDS + 3'UTR,7,0.2589494884,0.3103604561,0.3050032258,0.2862888774,0.3293029368,0.3077611811,0.1067442819,0.09558948651
3231,CDS + 3'UTR,7,0.3728685081,0.3116347807,0.2666189969,0.2854510007,0.2791161835,0.307313066,0.08139629662,0.09560115356
3232,CDS + 3'UTR,7,0.2365310341,0.3116661238,0.3289616406,0.2851240085,0.3346919715,0.3074152991,0.09981527179,0.09579457035
3233,CDS + 3'UTR,7,0.3631682992,0.3107274668,0.2602892518,0.2853390725,0.2906275094,0.3077460229,0.08591489494,0.09618743956
3234,CDS + 3'UTR,7,0.3086070418,0.3121519873,0.2878878713,0.2848906416,0.3015428185,0.3071348127,0.1019622758,0.09582256051
3235,CDS + 3'UTR,7,0.2655735314,0.3114324572,0.2979708612,0.2850691967,0.3290636539,0.3075194765,0.1073919609,0.09597887015
3236,CDS + 3'UTR,7,0.3094993532,0.3106004806,0.2572154105,0.2851935066,0.3231847286,0.307907477,0.1101005003,0.09629853619
3237,CDS + 3'UTR,7,0.3047433197,0.3115257548,0.2805617452,0.2849419508,0.3117772043,0.3074033312,0.1029177755,0.09612896433
3238,CDS + 3'UTR,7,0.29682675,0.3112687202,0.280834049,0.2850147285,0.3197556436,0.3076518562,0.1025835723,0.09606469544
3239,CDS + 3'UTR,7,0.3347380757,0.3110977737,0.2760824263,0.2848204009,0.3039801121,0.3078816269,0.08519934118,0.09620019905
3240,CDS + 3'UTR,7,0.3516310155,0.3130418381,0.2708243728,0.2845360585,0.2954630256,0.3066378828,0.08208159357,0.09578422131
3241,CDS + 3'UTR,7,0.2612086236,0.3131884905,0.2960027158,0.2845584005,0.3340703845,0.3063816443,0.108718209,0.09587146463
3242,CDS + 3'UTR,7,0.3304035366,0.3123814704,0.2859484851,0.2849843882,0.3020326793,0.3065201394,0.08161534369,0.09611400142
3243,CDS + 3'UTR,7,0.4328814447,0.3126977896,0.2491737455,0.2853259631,0.2490892708,0.3060691889,0.06885550916,0.09590705847
3244,CDS + 3'UTR,7,0.2647951245,0.3118631892,0.2670657039,0.2854701374,0.3565680087,0.3064779036,0.1115712374,0.09618876958
3245,CDS + 3'UTR,7,0.2900718749,0.3118944943,0.2939858735,0.2849727336,0.3192210793,0.3066340316,0.09672113508,0.09649874065
3246,CDS + 3'UTR,7,0.4254295528,0.3120274574,0.2564918399,0.2845398143,0.2494533956,0.3066990603,0.06862525642,0.09673366826
3247,CDS + 3'UTR,7,0.3083142936,0.3108914733,0.2900818288,0.2844336715,0.3085632324,0.3075590555,0.09304066002,0.09711579978
3248,CDS + 3'UTR,7,0.2861919403,0.3100179859,0.2944819033,0.2849932116,0.3161750436,0.3075490296,0.1031511053,0.09743977375
3249,CDS + 3'UTR,7,0.3591549695,0.3113934927,0.266115129,0.2843088042,0.2921457589,0.3069356367,0.08258419484,0.09736206755
3250,CDS + 3'UTR,7,0.2493625581,0.3104840854,0.3135201633,0.2845471416,0.33443591,0.3073484622,0.1026813388,0.09762031119
3251,CDS + 3'UTR,7,0.3269384801,0.310591724,0.2630007565,0.2844889376,0.3145125806,0.3072587907,0.09554816782,0.09766054833
3252,CDS + 3'UTR,7,0.3455774784,0.3107687769,0.2703260779,0.2846234173,0.2956044972,0.3069423676,0.08849196136,0.09766543796
3253,CDS + 3'UTR,7,0.2738325298,0.3091865413,0.3035348058,0.2854420073,0.3219718337,0.3074352793,0.1006608233,0.09793617157
3254,CDS + 3'UTR,7,0.2927419245,0.3089276697,0.2920575738,0.2854446668,0.3181816936,0.3075355008,0.09701881558,0.09809216186
3255,CDS + 3'UTR,7,0.3169940412,0.3097311858,0.2700137794,0.2851878978,0.3079141974,0.3070630062,0.1050779969,0.09801790873
3256,CDS + 3'UTR,7,0.2821946144,0.3084902966,0.2940020561,0.2853939045,0.3228949606,0.3079397496,0.1009083986,0.09817604776
3257,CDS + 3'UTR,7,0.3062663972,0.3081625121,0.2631666958,0.2857529093,0.322065115,0.3076711975,0.1085017994,0.09841337968
3258,CDS + 3'UTR,7,0.3418057561,0.3088656621,0.2915817201,0.2851901259,0.2828840315,0.3074563451,0.08372848481,0.0984878649
3259,CDS + 3'UTR,7,0.2624569535,0.3081005396,0.3216188848,0.2852479365,0.3183829784,0.3079442356,0.09754120559,0.0987072872
3260,CDS + 3'UTR,7,0.3352849483,0.3075830141,0.282284677,0.2849311739,0.2941161096,0.308316312,0.08831421286,0.09916949812
3261,CDS + 3'UTR,7,0.3763472438,0.3088645617,0.2798395455,0.2846152294,0.2664361894,0.3075624034,0.07737698406,0.09895780422
3262,CDS + 3'UTR,7,0.2770289183,0.308339403,0.270860523,0.2849825256,0.3395858407,0.3075978454,0.1125247106,0.09908022573
3263,CDS + 3'UTR,7,0.3603221774,0.3070471706,0.2606390417,0.2852164838,0.282268852,0.3082525875,0.09676996619,0.09948375737
3264,CDS + 3'UTR,7,0.365684092,0.3079697302,0.258109659,0.285005594,0.2956295013,0.3075621106,0.08057670295,0.09946256476
3265,CDS + 3'UTR,7,0.2768951356,0.3066609396,0.2853847742,0.2849663619,0.3333589733,0.3083934817,0.1043611243,0.09997921539
3266,CDS + 3'UTR,7,0.2754549384,0.3063267371,0.294821918,0.2846289521,0.3243589401,0.3085226737,0.1053642258,0.1005216343
3267,CDS + 3'UTR,7,0.333892405,0.30666683,0.2598492205,0.2844477756,0.3066676557,0.3081541408,0.09959069639,0.1007312512
3268,CDS + 3'UTR,7,0.2554097176,0.3063882461,0.289865911,0.2840356527,0.3357987702,0.3085523117,0.1189256161,0.1010237871
3269,CDS + 3'UTR,7,0.3205858171,0.3053988507,0.2736611068,0.284296676,0.3044043481,0.308834723,0.1013487354,0.1014697477
3270,CDS + 3'UTR,7,0.3553053439,0.3068066066,0.2610583603,0.2839846717,0.2832332253,0.3079361264,0.1004030928,0.1012725933
3271,CDS + 3'UTR,7,0.2901428044,0.306922072,0.2783542573,0.2838554712,0.3250534236,0.3078913879,0.1064495444,0.101331068
3272,CDS + 3'UTR,7,0.3028860092,0.3054052224,0.2831445634,0.2843508692,0.3052775264,0.3084772479,0.1086918861,0.10176666
3273,CDS + 3'UTR,7,0.4141540229,0.3067011204,0.2466741651,0.2839889018,0.2638750672,0.3076999716,0.07529675961,0.1016100072
3274,CDS + 3'UTR,7,0.2497077882,0.3051289547,0.3192792833,0.2843388243,0.3239605725,0.3085522301,0.1070522666,0.1019799928
3275,CDS + 3'UTR,7,0.2793102264,0.3046316266,0.2876925468,0.2844070839,0.3166531622,0.3086665373,0.1163440868,0.1022947541
3276,CDS + 3'UTR,7,0.3707331121,0.3051061541,0.2740003169,0.2843218355,0.2752792239,0.3083095364,0.07998736948,0.1022624755
3277,CDS + 3'UTR,7,0.2711783051,0.3041162807,0.2915361524,0.2846225617,0.3362314701,0.3087635815,0.1010540724,0.1024975778
3278,CDS + 3'UTR,7,0.3152308762,0.3035864305,0.2700109184,0.2848662196,0.3186426759,0.3089048441,0.09611550719,0.1026425073
3279,CDS + 3'UTR,7,0.4215738475,0.3046900734,0.2661328912,0.2850568598,0.2463181019,0.3079015369,0.06597519666,0.1023515312
3280,CDS + 3'UTR,7,0.2804633081,0.303476073,0.3159465492,0.2854348553,0.2961621284,0.3083576163,0.1074279621,0.1027314567
3281,CDS + 3'UTR,7,0.2735963464,0.3026447238,0.3119631708,0.2857407222,0.3026254773,0.3083943686,0.1118149906,0.103220187
3282,CDS + 3'UTR,7,0.2965175807,0.3046428187,0.3172316253,0.2852822034,0.2970246673,0.3072627485,0.08922614157,0.1028122325
3283,CDS + 3'UTR,7,0.2282107919,0.3033857524,0.2911391556,0.2853840245,0.3502516448,0.3078848463,0.1303984076,0.103345379
3284,CDS + 3'UTR,7,0.3573957086,0.3014471039,0.2460947931,0.2860629894,0.2937270701,0.3085920937,0.1027824432,0.1038978152
3285,CDS + 3'UTR,7,0.2983723283,0.3023927577,0.2976598144,0.2861542705,0.2964246869,0.3076364454,0.1075431481,0.1038165278
3286,CDS + 3'UTR,7,0.2558140457,0.3020194117,0.2816853523,0.2862797868,0.3436644673,0.3076729964,0.1188361198,0.1040278076
3287,CDS + 3'UTR,7,0.2823601663,0.3004840106,0.3056971133,0.2864009734,0.3025859892,0.308499204,0.1093567759,0.1046158142
3288,CDS + 3'UTR,7,0.3390266895,0.3006338619,0.2681402862,0.2865410373,0.2979004085,0.3081945084,0.09493263066,0.1046305946
3289,CDS + 3'UTR,7,0.2433878034,0.300082678,0.2955406308,0.2867062107,0.3372779489,0.3084630851,0.1237935871,0.1047480287
3290,CDS + 3'UTR,7,0.3108079731,0.2993709151,0.2837217748,0.286898616,0.3033230305,0.3085919786,0.1021472216,0.1051384924
3291,CDS + 3'UTR,7,0.2877113521,0.3009485148,0.3079357445,0.2865551025,0.2962066829,0.3075144591,0.1081462279,0.1049819261
3292,CDS + 3'UTR,7,0.1983114928,0.2998094141,0.3380687237,0.2870790664,0.3432394564,0.3078896297,0.1203803048,0.1052218919
3293,CDS + 3'UTR,7,0.2894585133,0.2991408136,0.2844733,0.2870638017,0.3122623265,0.308220808,0.1138058901,0.1055745785
3294,CDS + 3'UTR,7,0.3113863766,0.2997306738,0.2922524512,0.2868860684,0.2971347272,0.3079054603,0.0992263779,0.1054777997
3295,CDS + 3'UTR,7,0.2308858782,0.299314056,0.3036676347,0.2868751429,0.3521645367,0.3081027759,0.1132819578,0.1057080273
3296,CDS + 3'UTR,7,0.2986706793,0.298991603,0.300378263,0.2869389828,0.293132931,0.3082899669,0.1078181714,0.1057794492
3297,CDS + 3'UTR,7,0.3275697231,0.2993317306,0.2769849896,0.287033217,0.2932501733,0.3079432795,0.1021950915,0.1056917747
3298,CDS + 3'UTR,7,0.2429227531,0.298553472,0.3014456332,0.2876630601,0.3399994075,0.3079981094,0.1156322286,0.1057853599
3299,CDS + 3'UTR,7,0.3101251125,0.298741113,0.2690288424,0.2866964838,0.3062689304,0.3082968796,0.1145770699,0.1062655254
3300,CDS + 3'UTR,7,0.3802334964,0.2999092568,0.2653778195,0.2859460743,0.2643731236,0.3079462109,0.09001559019,0.1061984589
3301,CDS + 3'UTR,7,0.2321551144,0.2987360576,0.3351907432,0.2860855615,0.3254572749,0.308689549,0.1071969122,0.106488833
3302,CDS + 3'UTR,7,0.2544908524,0.2978853924,0.2830127776,0.2862364357,0.3456087112,0.3090303464,0.1168876737,0.1068478277
3303,CDS + 3'UTR,7,0.3522157669,0.2990357535,0.2727811933,0.2861199545,0.2694090307,0.3083340256,0.1055940017,0.1065102692
3304,CDS + 3'UTR,7,0.2554152906,0.2978097623,0.2897562683,0.2865200924,0.328383714,0.3088743916,0.1264446676,0.1067957559
3305,CDS + 3'UTR,7,0.3191440403,0.2965536179,0.2489397973,0.2870255673,0.3098829687,0.3091698905,0.1220331043,0.1072509268
3306,CDS + 3'UTR,7,0.327837199,0.2973665891,0.2700027525,0.2870481363,0.2901031673,0.308489096,0.1120569259,0.1070961809
3307,CDS + 3'UTR,7,0.2721552253,0.2977435352,0.2922357619,0.2869595626,0.315829277,0.3080837755,0.1197797507,0.1072131286
3308,CDS + 3'UTR,7,0.3001790047,0.2970545622,0.2737347186,0.2874641327,0.3062772155,0.3080788,0.1198090687,0.1074025075
3309,CDS + 3'UTR,7,0.3808216751,0.2983024715,0.2710666358,0.2872122357,0.2631168664,0.3074032674,0.08499485254,0.1070820281
3310,CDS + 3'UTR,7,0.2681867182,0.2978734879,0.2946671844,0.2872732544,0.3257238567,0.3076541612,0.1114222631,0.1071990986
3311,CDS + 3'UTR,7,0.2515205443,0.2969945883,0.3062508404,0.2876573978,0.3259849846,0.3080003882,0.116243653,0.1073476272
3312,CDS + 3'UTR,7,0.340202868,0.2981785668,0.3000042439,0.2873646943,0.2725098729,0.3073914701,0.0872830525,0.1070652698
3313,CDS + 3'UTR,7,0.2373950481,0.2978925223,0.2882830501,0.2874247951,0.3588081896,0.3076508014,0.115513742,0.1070318826
3314,CDS + 3'UTR,7,0.2688207924,0.2966532851,0.2933486402,0.287691896,0.310687393,0.3082528254,0.1271431744,0.1074019953
3315,CDS + 3'UTR,7,0.3035357296,0.2981886918,0.2911509871,0.2872108072,0.3005035818,0.3075906171,0.1048096791,0.1070098869
3316,CDS + 3'UTR,7,0.2303094864,0.2980623914,0.281273514,0.2873713057,0.3595083356,0.3076749353,0.1289086789,0.1068913696
3317,CDS + 3'UTR,7,0.2623552978,0.2972492276,0.3000543714,0.2873738434,0.3230782151,0.3081275256,0.1145121381,0.1072494043
3318,CDS + 3'UTR,7,0.3851181865,0.2987981616,0.2960852683,0.2870717529,0.2394910604,0.3071960503,0.07930548489,0.1069340358
3319,CDS + 3'UTR,7,0.237618044,0.298270152,0.306322068,0.2874283168,0.3404664695,0.307259875,0.1155933812,0.1070416576
3320,CDS + 3'UTR,7,0.28512308,0.2971164597,0.2952937186,0.2874944463,0.2984032035,0.3078778496,0.1211800203,0.1075112458
3321,CDS + 3'UTR,7,0.421056211,0.2978266293,0.2593212128,0.2868657522,0.2435407788,0.3079763966,0.07608184963,0.1073312246
3322,CDS + 3'UTR,7,0.2298382372,0.2980322784,0.2940941751,0.286321925,0.3518005013,0.308332297,0.1242670566,0.1073135024
3323,CDS + 3'UTR,7,0.2777895629,0.2983411705,0.3034909368,0.2856239643,0.3056690693,0.3085703077,0.1130504087,0.1074645606
3324,CDS + 3'UTR,7,0.3404474258,0.3002064399,0.2743681967,0.2851441041,0.2801161408,0.3077648686,0.105068244,0.1068845902
3325,CDS + 3'UTR,7,0.260204196,0.2990350157,0.3040271699,0.2855608091,0.322145164,0.3084162356,0.1136235222,0.1069879415
3326,CDS + 3'UTR,7,0.3025974631,0.2990664095,0.2661867738,0.2852258679,0.3155499995,0.3086970942,0.115665786,0.1070106305
3327,CDS + 3'UTR,7,0.320302397,0.2995837402,0.3012869358,0.2855525427,0.2841875851,0.3082263296,0.09422308952,0.1066373893
3328,CDS + 3'UTR,7,0.2420972288,0.2996924821,0.3076957762,0.2853818331,0.3376611769,0.3083444422,0.112545833,0.106581244
3329,CDS + 3'UTR,7,0.302213937,0.29996856,0.2815075517,0.2852131486,0.3024572432,0.3081114294,0.1138212904,0.1067068628
3330,CDS + 3'UTR,7,0.3755705357,0.3013942605,0.2860390842,0.2850015301,0.2482343465,0.3074429428,0.09015603364,0.1061612672
3331,CDS + 3'UTR,7,0.2358104289,0.3006984411,0.304917872,0.2852522034,0.3445262313,0.3078467647,0.1147454306,0.1062025914
3332,CDS + 3'UTR,7,0.2920894325,0.301117746,0.269104898,0.2844194176,0.3220987618,0.3081085956,0.1167068928,0.106354242
3333,CDS + 3'UTR,7,0.3210213482,0.3026155293,0.2893161476,0.2837782046,0.2967440188,0.3074747289,0.09291851521,0.1061315386
3334,CDS + 3'UTR,7,0.2594124973,0.301931734,0.2911835313,0.2842524888,0.3339669406,0.3075797187,0.1154370233,0.106236059
3335,CDS + 3'UTR,7,0.2911978066,0.3019554082,0.2751209736,0.2840494005,0.322889477,0.3077027531,0.1107917503,0.1062924397
3336,CDS + 3'UTR,7,0.3094048202,0.3042109447,0.301540792,0.2834453875,0.2951599658,0.3064904733,0.09389444441,0.1058531958
3337,CDS + 3'UTR,7,0.2440057099,0.3043782519,0.3135541379,0.2829061175,0.3264515102,0.3069672411,0.1159886122,0.10574839
3338,CDS + 3'UTR,6,0.3568170369,0.304445014,0.2142556161,0.2827772534,0.3067856431,0.3071108041,0.1221417263,0.1056669296
3339,CDS + 3'UTR,7,0.3559084535,0.306254225,0.2615861297,0.2822147245,0.2903294861,0.3062252535,0.09217588603,0.1053057979
3340,CDS + 3'UTR,7,0.241429016,0.3054253288,0.29344365,0.2829488704,0.3535831571,0.3064361496,0.1115441397,0.1051896528
3341,CDS + 3'UTR,7,0.308294028,0.3051399093,0.2919094861,0.2826201348,0.2936999798,0.3068746304,0.1060965583,0.1053653268
3342,CDS + 3'UTR,7,0.3690578043,0.3072848666,0.2615420222,0.2813264107,0.2838801742,0.3063117305,0.08552002907,0.1050769927
3343,CDS + 3'UTR,7,0.2622428834,0.3081303138,0.2926500738,0.2810318908,0.3254981339,0.3059696859,0.1196089014,0.1048681098
3344,CDS + 3'UTR,7,0.2651925385,0.3076363362,0.2985476553,0.281034412,0.3192694187,0.3065522986,0.11699038,0.1047769538
3345,CDS + 3'UTR,7,0.3419328332,0.3101143096,0.2871902883,0.2802197553,0.2788954079,0.305575305,0.09198144823,0.1040906316
3346,CDS + 3'UTR,7,0.3056106269,0.3103656858,0.2877360284,0.2803163821,0.2919332981,0.3056485163,0.1147200465,0.1036694185
3347,CDS + 3'UTR,7,0.2787745595,0.3101900104,0.3002148271,0.2805936607,0.3062696159,0.3057361098,0.114741005,0.103480221
3348,CDS + 3'UTR,6,0.355242461,0.3118245374,0.2697141469,0.2802444393,0.2817561626,0.3050557299,0.09328726679,0.1028752952
3349,CDS + 3'UTR,7,0.2862671316,0.3129977927,0.278542608,0.2799657146,0.3244758546,0.3045808686,0.110714376,0.1024556258
3350,CDS + 3'UTR,7,0.2849933803,0.3118289612,0.2917898297,0.2802709291,0.3109313846,0.3051458297,0.1122853756,0.1027542805
3351,CDS + 3'UTR,7,0.3848610818,0.314270208,0.2549379766,0.2794465404,0.276339978,0.3041375987,0.08386095613,0.1021456531
3352,CDS + 3'UTR,7,0.280002445,0.3151797824,0.2879526317,0.2790801,0.3260240257,0.303792496,0.1060209125,0.1019476212
3353,CDS + 3'UTR,7,0.3150150478,0.3146893468,0.2680422366,0.2791794199,0.3120369911,0.3039573345,0.1049057692,0.1021738982
3354,CDS + 3'UTR,7,0.3725403249,0.3178271301,0.2807921767,0.2784938445,0.2709839046,0.3021774819,0.07568359375,0.1015015424
3355,CDS + 3'UTR,7,0.2692061961,0.3181872111,0.3005324304,0.2783466196,0.3233986199,0.3022699693,0.1068627089,0.1011961996
3356,CDS + 3'UTR,7,0.3056800067,0.3181342769,0.2742033303,0.2783602087,0.3114864528,0.3023876945,0.1086301431,0.1011178204
3357,CDS + 3'UTR,7,0.3950930238,0.320332909,0.2673689127,0.2780570263,0.2617134452,0.3010917371,0.07582459599,0.1005183284
3358,CDS + 3'UTR,7,0.2729901075,0.3207089346,0.2985360324,0.2781356221,0.3237486482,0.3008433832,0.1047252491,0.1003120605
3359,CDS + 3'UTR,7,0.3292784691,0.3197824836,0.2714232504,0.2782664569,0.2957560718,0.3015118182,0.1035422534,0.1004392422
3360,CDS + 3'UTR,7,0.337276876,0.3221346477,0.2656510174,0.2776832199,0.3040458858,0.300355858,0.0930262655,0.09982627551
3361,CDS + 3'UTR,7,0.2900482714,0.3223903948,0.2684569955,0.2774650266,0.3310975134,0.300477837,0.1103972122,0.09966674256
3362,CDS + 3'UTR,7,0.3212289512,0.3211012533,0.261394769,0.2774172539,0.31606552,0.3014019264,0.101310797,0.1000795676
3363,CDS + 3'UTR,7,0.3774323463,0.3231585674,0.2527503371,0.2768319279,0.2858165205,0.3004452484,0.08400077373,0.09956425796
3364,CDS + 3'UTR,7,0.2636817694,0.3231947344,0.2794311941,0.2768751197,0.3458364308,0.3006021162,0.1110505462,0.09932803153
3365,CDS + 3'UTR,7,0.3008838296,0.3225903653,0.2708645165,0.2769383356,0.318893373,0.3012102665,0.1093582734,0.09926103423
3366,CDS + 3'UTR,7,0.297200501,0.3241910543,0.3078193367,0.2767350245,0.3060033023,0.3003914105,0.08897682279,0.0986825122
3367,CDS + 3'UTR,7,0.2910595238,0.3248616133,0.2920403481,0.2767626867,0.3120349944,0.3000263793,0.1048651487,0.09834932205
3368,CDS + 3'UTR,7,0.3611129224,0.3252281278,0.2546455264,0.2761977404,0.2792593837,0.3002119085,0.1049821377,0.0983622245
3369,CDS + 3'UTR,7,0.3574438393,0.3272694506,0.2786111534,0.275526917,0.2837990224,0.2993200427,0.08014594018,0.0978835911
3370,CDS + 3'UTR,7,0.2551424205,0.3274377208,0.3037756383,0.2755798291,0.3356287777,0.2993609844,0.1054531559,0.09762146673
3371,CDS + 3'UTR,7,0.3212557435,0.3267366849,0.2413128763,0.2754521716,0.3171531558,0.2999739528,0.1202782765,0.09783719243
3372,CDS + 3'UTR,7,0.3181341588,0.328717554,0.2867716849,0.2747160198,0.2925301194,0.2993109372,0.1025640294,0.0972554917
3373,CDS + 3'UTR,7,0.2347548902,0.3285459436,0.3224160373,0.2747779856,0.320661515,0.2995150141,0.1221675277,0.09716106025
3374,CDS + 3'UTR,7,0.3132803142,0.3287433997,0.2760053873,0.2742076291,0.3069774806,0.2997915242,0.1037368327,0.0972574499
3375,CDS + 3'UTR,7,0.4113287926,0.3306362607,0.2553465962,0.2738639133,0.255182147,0.2987003304,0.07814244181,0.09679949828
3376,CDS + 3'UTR,7,0.3120552599,0.3305657972,0.2572366595,0.2737461226,0.3312743604,0.2990087707,0.09943371266,0.09667931129
3377,CDS + 3'UTR,7,0.3329106867,0.3305625293,0.2666758597,0.273465593,0.3047352135,0.299181952,0.09567825496,0.0967899269
3378,CDS + 3'UTR,7,0.3876596391,0.3321665362,0.2564433217,0.2725371651,0.2691553533,0.2988787431,0.08674169332,0.09641755666
3379,CDS + 3'UTR,7,0.2438134104,0.3314605951,0.3277605176,0.2732883388,0.3231406212,0.2991187155,0.1052854657,0.09613235095
3380,CDS + 3'UTR,7,0.3573999405,0.3310570717,0.2390789688,0.2734111013,0.2994515896,0.2993656758,0.1040695086,0.09616615181
3381,CDS + 3'UTR,7,0.4037517011,0.3333803965,0.2316928208,0.2727230709,0.2804252803,0.2982575037,0.08413018286,0.09563903031
3382,CDS + 3'UTR,7,0.322126627,0.3329433432,0.2594511807,0.2727208734,0.3182451427,0.2987788085,0.1001770422,0.09555697567
3383,CDS + 3'UTR,7,0.3126975596,0.3322079128,0.2729828954,0.2728910465,0.3160180449,0.2991955802,0.09830152243,0.09570546043
3384,CDS + 3'UTR,7,0.4536531568,0.3346487334,0.2245837301,0.272262723,0.2502242327,0.2982316701,0.07153888792,0.09485687325
3385,CDS + 3'UTR,7,0.3392541409,0.3352378165,0.2566699386,0.2722571824,0.3157398701,0.2979575375,0.08833605796,0.0945474633
3386,CDS + 3'UTR,7,0.3137831688,0.3347798863,0.2921850383,0.2721493583,0.297110647,0.2984075489,0.09692112356,0.09466320649
3387,CDS + 3'UTR,7,0.4029173851,0.3370101029,0.2642980516,0.2714743331,0.2613988817,0.2975434251,0.07138568908,0.09397213887
3388,CDS + 3'UTR,7,0.3940394223,0.3374131234,0.2514367402,0.2713749003,0.2682883143,0.2973898247,0.08623551577,0.09382215077
3389,CDS + 3'UTR,6,0.28731516,0.3365389535,0.2954837978,0.2718160242,0.3083137572,0.2978108805,0.1088872328,0.09383414052
3390,CDS + 3'UTR,6,0.4634864628,0.3388907814,0.2287160903,0.2713619405,0.2450653762,0.2965442903,0.06273207068,0.0932029868
3391,CDS + 3'UTR,6,0.3242864907,0.3389017945,0.2769356072,0.2713357856,0.2983767688,0.2967681471,0.100401096,0.0929942721
3392,CDS + 3'UTR,6,0.3009680212,0.3379296554,0.307949841,0.2716602826,0.2856969535,0.2972459562,0.1053852141,0.09316410548
3393,CDS + 3'UTR,6,0.4884177148,0.3404253783,0.2334370166,0.2709179778,0.2164199799,0.2960823631,0.06172527745,0.09257428045
3394,CDS + 3'UTR,6,0.2976272702,0.3407852175,0.2815706432,0.270586244,0.3180863857,0.2961598793,0.102715753,0.09246865823
3395,CDS + 3'UTR,6,0.2993009984,0.3402599325,0.2922381163,0.2704193864,0.3099215925,0.2966389267,0.09853934497,0.0926817535
3396,CDS + 3'UTR,6,0.4062000513,0.3418121947,0.2570189238,0.2697309377,0.2558317482,0.296144533,0.08094931394,0.09231233443
3397,CDS + 3'UTR,6,0.2924373448,0.3422126221,0.3063420355,0.2696556265,0.3032099009,0.2959439045,0.09801071137,0.09218784734
3398,CDS + 3'UTR,6,0.3110021055,0.341138198,0.3065520525,0.2696420645,0.2929658592,0.2966397041,0.08948002011,0.09258003323
3399,CDS + 3'UTR,6,0.4257911742,0.3424336934,0.259663105,0.2689554624,0.2479896545,0.2963059237,0.06655604392,0.09230492045
3400,CDS + 3'UTR,6,0.3055828512,0.3426310116,0.2778382599,0.2685922194,0.3081615269,0.2964650339,0.1084173843,0.09231173419
3401,CDS + 3'UTR,6,0.3179248869,0.3419041583,0.2554993927,0.269061904,0.3174679279,0.2966792444,0.109107852,0.09235469182
3402,CDS + 3'UTR,6,0.3944233656,0.3438931176,0.2472680956,0.2687406575,0.2752662599,0.2956426306,0.08304228634,0.09172359323
3403,CDS + 3'UTR,6,0.2806829214,0.343939233,0.3069462776,0.2687699663,0.3182184994,0.2955680257,0.0941522941,0.09172277329
3404,CDS + 3'UTR,6,0.2920978963,0.342892771,0.279425472,0.2691882173,0.3287681639,0.2961215833,0.09970846027,0.09179742653
3405,CDS + 3'UTR,6,0.3882593215,0.3450558549,0.2877622843,0.2686417101,0.2566366792,0.2950314762,0.0673417598,0.09127095807
3406,CDS + 3'UTR,6,0.3562421799,0.3450220278,0.2683997452,0.2689264292,0.2863475084,0.2949947705,0.08901057392,0.09105677139
3407,CDS + 3'UTR,6,0.3496235609,0.3454171391,0.2560912371,0.2680537125,0.2990299165,0.2952574847,0.0952552855,0.09127166253
3408,CDS + 3'UTR,6,0.4054030478,0.3462252328,0.2540298998,0.2676310128,0.2663119137,0.2950212156,0.07425516099,0.09112253711
3409,CDS + 3'UTR,6,0.3156755567,0.3458025211,0.2857405245,0.2678690752,0.305732578,0.2953010878,0.09285134077,0.0910273145
3410,CDS + 3'UTR,6,0.3194876611,0.3448178666,0.275826484,0.2678699395,0.2972718179,0.2959450519,0.1074140891,0.09136714125
3411,CDS + 3'UTR,6,0.3942799568,0.3464403758,0.2460257262,0.2672967112,0.2914849818,0.295261942,0.06820937246,0.09100096934
3412,CDS + 3'UTR,6,0.2783606052,0.346330422,0.2740621567,0.2678017199,0.338424921,0.2951532548,0.1091523767,0.09071460105
3413,CDS + 3'UTR,6,0.3368178308,0.3460142432,0.2436876297,0.2677225903,0.3188648224,0.2955801928,0.1006296873,0.09068297185
3414,CDS + 3'UTR,6,0.4108413756,0.3478490798,0.2636862695,0.2673211664,0.2466714382,0.2947320877,0.07880089432,0.09009766541
3415,CDS + 3'UTR,6,0.2855607271,0.3480608782,0.2656977177,0.2670000169,0.3475646973,0.2948705709,0.1011767909,0.09006853271
3416,CDS + 3'UTR,6,0.3091433942,0.3468493553,0.2790984213,0.2671073653,0.3090144694,0.2956541533,0.1027436927,0.09038912505
3417,CDS + 3'UTR,6,0.3723262548,0.3478409717,0.2392799109,0.2669920132,0.302194804,0.294928292,0.08619899303,0.09023872251
3418,CDS + 3'UTR,6,0.3003417552,0.3474687656,0.2743495107,0.2670935914,0.3259834349,0.2951242885,0.09932526946,0.09031335376
3419,CDS + 3'UTR,6,0.3236265779,0.3466934165,0.2714071274,0.2671564769,0.3100863099,0.2956026969,0.09487995505,0.09054740882
3420,CDS + 3'UTR,6,0.4272949994,0.3484283123,0.2384012192,0.2664592247,0.264929384,0.2949566664,0.06937441975,0.09015579503
3421,CDS + 3'UTR,6,0.2733297646,0.3482346036,0.2917336822,0.2666051161,0.3354043663,0.2950454103,0.09953218699,0.09011486843
3422,CDS + 3'UTR,6,0.3102233708,0.3466461413,0.2751558721,0.2673718031,0.3172219098,0.2955876051,0.09739881009,0.09039444933
3423,CDS + 3'UTR,6,0.4575085342,0.3480446599,0.2423841953,0.2673422262,0.2483853251,0.2946773462,0.05172192678,0.08993576681
3424,CDS + 3'UTR,6,0.3123191893,0.3486410294,0.2981044054,0.2668711664,0.2973388135,0.2944376092,0.09223758429,0.09005019413
3425,CDS + 3'UTR,6,0.3052984178,0.3474552173,0.2785643637,0.2671684647,0.3148963153,0.2952195693,0.1012409031,0.09015674815
3426,CDS + 3'UTR,6,0.484027952,0.3470981583,0.2337340117,0.2677672205,0.222803399,0.2950107779,0.05943463743,0.09012384322
3427,CDS + 3'UTR,6,0.311016202,0.3469647538,0.2922601998,0.2675782351,0.2939815819,0.295341799,0.1027419567,0.09011521228
3428,CDS + 3'UTR,6,0.2853088677,0.345684284,0.3050040603,0.2675944677,0.315440625,0.2961819541,0.09424644709,0.09053929448
3429,CDS + 3'UTR,6,0.4744133651,0.3459591486,0.2422159165,0.2673218366,0.223148644,0.2961986788,0.06022207811,0.0905203362
3430,CDS + 3'UTR,6,0.2858744264,0.3462228213,0.2896974385,0.2667162305,0.3288399279,0.296627149,0.09558819979,0.09043379994
3431,CDS + 3'UTR,6,0.3070899546,0.3447058838,0.2808977365,0.2669597659,0.3145647049,0.2974766931,0.09744762629,0.09085765779
3432,CDS + 3'UTR,6,0.4796602726,0.3456967022,0.228568241,0.2664947987,0.232936576,0.2972241635,0.05883491039,0.09058433687
3433,CDS + 3'UTR,6,0.3438021839,0.3457171787,0.2415035367,0.2659733649,0.3182382882,0.2978018718,0.09645599127,0.09050758556
3434,CDS + 3'UTR,6,0.3305175304,0.3437266923,0.2674435675,0.2664316738,0.3093076944,0.2987262361,0.09273121506,0.09111539847
3435,CDS + 3'UTR,6,0.3933871686,0.34482284,0.2454565316,0.2659265228,0.2838471234,0.298286536,0.07730918378,0.09096410158
3436,CDS + 3'UTR,6,0.3377141953,0.3451306991,0.2681784332,0.2655139979,0.2954361737,0.2984138828,0.09867117554,0.09094141987
3437,CDS + 3'UTR,6,0.3091391027,0.3435547039,0.2662839592,0.2662506126,0.3173774183,0.2990264837,0.1071994677,0.09116819906
3438,CDS + 3'UTR,6,0.37662974,0.3453058235,0.2436078638,0.2653366057,0.2970462143,0.2984231655,0.08271622658,0.09093440468
3439,CDS + 3'UTR,6,0.3450639248,0.3454727069,0.2423638105,0.2651452014,0.3084848821,0.2985096361,0.1040873528,0.09087245413
3440,CDS + 3'UTR,6,0.2791286111,0.343655999,0.3032257855,0.2655946126,0.3211827278,0.2993838307,0.0964628756,0.09136555647
3441,CDS + 3'UTR,6,0.4491650164,0.3451804183,0.2427572757,0.2652360998,0.2481684089,0.2987386297,0.05990932509,0.09084485047
3442,CDS + 3'UTR,6,0.3249181807,0.3447418429,0.2637394667,0.2655584678,0.3100971282,0.2989244714,0.1012452021,0.09077521549
3443,CDS + 3'UTR,6,0.2937153876,0.3435982231,0.2862104177,0.2659776198,0.3301011324,0.299472402,0.08997303247,0.09095175308
3444,CDS + 3'UTR,6,0.4367284775,0.344926149,0.2357106209,0.2651486026,0.2586278617,0.2990241557,0.06893306971,0.09090109025
3445,CDS + 3'UTR,6,0.2981776595,0.3452054534,0.2936420441,0.2648602551,0.3159569204,0.2989981286,0.09222333878,0.09093616088
3446,CDS + 3'UTR,6,0.3288094103,0.3442001645,0.2380020022,0.2645306,0.3270204365,0.2999585811,0.1061681136,0.09131065193
3447,CDS + 3'UTR,6,0.3557070196,0.344260259,0.2582243681,0.264368506,0.2931334674,0.3000024058,0.0929351151,0.09136882755
3448,CDS + 3'UTR,6,0.3272959888,0.344042841,0.2736905217,0.2644715013,0.3016491532,0.3000939988,0.0973643288,0.0913916565
3449,CDS + 3'UTR,6,0.2786714733,0.3429286171,0.2786802948,0.2645152094,0.3353161514,0.3008476738,0.1073320806,0.091708497
3450,CDS + 3'UTR,6,0.3849431574,0.3436983347,0.2579173744,0.2640310671,0.280979991,0.3006389167,0.07615940273,0.09163167928
3451,CDS + 3'UTR,6,0.312459439,0.3434780076,0.2817135751,0.2638695519,0.3084581792,0.3011555787,0.09736881405,0.09149685879
3452,CDS + 3'UTR,6,0.292839855,0.3422182966,0.280441314,0.264134015,0.3266851604,0.3016682032,0.100033693,0.09197948226
3453,CDS + 3'UTR,6,0.3815418184,0.3440465949,0.2903021276,0.2635302229,0.2528131008,0.300781095,0.07534301281,0.09164208327
3454,CDS + 3'UTR,6,0.3302241862,0.3432647049,0.250313431,0.2642338702,0.3180561364,0.3008722682,0.1014062166,0.09162915251
3455,CDS + 3'UTR,6,0.3144069612,0.3421575792,0.2639344633,0.2643420579,0.3178687394,0.3015587345,0.1037898287,0.09194162418
3456,CDS + 3'UTR,6,0.3913845718,0.343646244,0.2480084896,0.2640560813,0.2732054591,0.3006832927,0.08740150928,0.09161437885
3457,CDS + 3'UTR,6,0.303134203,0.3434872918,0.2748021185,0.2640769504,0.3204149306,0.3008553311,0.1016487554,0.09158042357
3458,CDS + 3'UTR,6,0.3256317079,0.3427270278,0.2614741623,0.2646149157,0.3074280322,0.3008852866,0.1054660976,0.09177276664
3459,CDS + 3'UTR,6,0.3826050758,0.3434698548,0.2719803452,0.2646509966,0.2714581788,0.300305745,0.0739563629,0.09157340038
3460,CDS + 3'UTR,6,0.3419032395,0.3430023544,0.2507502735,0.2645906428,0.3065510988,0.3006089427,0.1007953808,0.09179805736
3461,CDS + 3'UTR,6,0.2766747177,0.3412667178,0.2930277884,0.2651038121,0.3238008618,0.3013626419,0.1064966545,0.09226682461
3462,CDS + 3'UTR,6,0.4340081215,0.3424525801,0.2570850253,0.2645174745,0.2454244345,0.3008158892,0.06348244101,0.09221405224
3463,CDS + 3'UTR,6,0.360407114,0.3419985075,0.235298112,0.2644076582,0.2968390882,0.3010530792,0.1074557081,0.09254075163
3464,CDS + 3'UTR,5,0.3587881923,0.3392679216,0.2483675927,0.266052413,0.3127810359,0.3013748476,0.08006320894,0.09330481347
3465,CDS + 3'UTR,6,0.3106894195,0.3400575789,0.3045704067,0.265714075,0.2990365624,0.3009117583,0.08570366353,0.09331658399
3466,CDS + 3'UTR,6,0.3031108081,0.3404375946,0.277066201,0.265848187,0.323592335,0.3004815953,0.09623064846,0.09323261892
3467,CDS + 3'UTR,6,0.3004797995,0.3374657605,0.265596658,0.2667923108,0.3286112845,0.3018180393,0.1053122655,0.09392388575
3468,CDS + 3'UTR,6,0.416028589,0.3391461868,0.2296262532,0.2663756665,0.2696262896,0.3010557596,0.08471885324,0.09342238382
3469,CDS + 3'UTR,6,0.3084089756,0.3394595202,0.2470353097,0.2656904861,0.3425913751,0.3012961376,0.1019643322,0.09355385331
3470,CDS + 3'UTR,6,0.3421314657,0.3375299674,0.2481989264,0.2660249764,0.3130289018,0.3023549415,0.09664069861,0.09409011244
3471,CDS + 3'UTR,6,0.403551966,0.3390745632,0.2397382259,0.2653837588,0.2781744003,0.3015441198,0.07853542268,0.0939975562
3472,CDS + 3'UTR,6,0.3026061356,0.3390912507,0.2662351429,0.2656398326,0.3319136202,0.301374992,0.09924510866,0.0938939231
3473,CDS + 3'UTR,6,0.3291788101,0.3373561576,0.2701017261,0.2658139978,0.2903691232,0.3022804154,0.1103503108,0.09454942751
3474,CDS + 3'UTR,6,0.3853190839,0.337323153,0.2411585599,0.2661752578,0.2829103768,0.3019832583,0.09061200172,0.09451832944
3475,CDS + 3'UTR,6,0.3239297271,0.3376615096,0.2592361271,0.2658571837,0.3201093376,0.3018574556,0.09672480822,0.0946238494
3476,CDS + 3'UTR,6,0.2801204324,0.3370637052,0.3159480989,0.2660736684,0.3048398197,0.3018914199,0.09909164906,0.0949712046
3477,CDS + 3'UTR,6,0.4325269163,0.3384770852,0.2332214862,0.2655520538,0.2549444437,0.3012823256,0.07930716127,0.09468853357
3478,CDS + 3'UTR,6,0.324352771,0.3387526214,0.2912397087,0.2655150117,0.2998835146,0.3010777617,0.08452397585,0.09465460354
3479,CDS + 3'UTR,6,0.2804545462,0.3377334695,0.2956160009,0.2661673374,0.3179252148,0.3011199744,0.1060042307,0.09497921667
3480,CDS + 3'UTR,6,0.4275363982,0.3392084323,0.249157235,0.2662388431,0.2565454543,0.3001406044,0.06676090509,0.09441211964
3481,CDS + 3'UTR,6,0.2828388512,0.3398427319,0.2812888324,0.2656274414,0.3323352635,0.2999726508,0.1035370529,0.09455717565
3482,CDS + 3'UTR,6,0.3029337823,0.3382567938,0.2808002532,0.2659284279,0.3191007078,0.3006317481,0.09716529399,0.09518302865
3483,CDS + 3'UTR,6,0.386916995,0.339009643,0.2406249046,0.2657480063,0.2823587954,0.3001327828,0.09009926766,0.09510956695
3484,CDS + 3'UTR,6,0.3144422472,0.3395023998,0.2563576698,0.265242134,0.3266859949,0.2997498013,0.1025141105,0.09550566338
3485,CDS + 3'UTR,6,0.3078362048,0.337940231,0.2613898814,0.2654615235,0.3334728777,0.3005505096,0.09730104357,0.09604773484
3486,CDS + 3'UTR,6,0.3610497415,0.3386357892,0.2554322183,0.2649608772,0.2898534834,0.3001876745,0.0936646238,0.09621565901
3487,CDS + 3'UTR,6,0.3322301209,0.3378985107,0.264330864,0.2656014137,0.3063573539,0.3002070647,0.09708160162,0.0962930114
3488,CDS + 3'UTR,6,0.316265136,0.3368466031,0.2575265467,0.2660744146,0.326605916,0.300503923,0.09960240126,0.09657506049
3489,CDS + 3'UTR,6,0.3772529662,0.3374754965,0.2470091432,0.2661059272,0.2890320122,0.300036734,0.08670592308,0.09638184374
3490,CDS + 3'UTR,6,0.3018614948,0.3373797391,0.2629052699,0.2662595913,0.3386047781,0.2999188423,0.09662844986,0.09644182855
3491,CDS + 3'UTR,6,0.2935030758,0.3359078225,0.2671827674,0.2668692376,0.3324949443,0.3003755845,0.1068192497,0.09684735667
3492,CDS + 3'UTR,6,0.4246244729,0.3365719359,0.225758791,0.26684472,0.2674562633,0.2999316815,0.08216045797,0.09665166317
3493,CDS + 3'UTR,6,0.2742666304,0.3363695256,0.2999794185,0.2673400663,0.3261586726,0.299654793,0.09959522635,0.09663561564
3494,CDS + 3'UTR,6,0.3222713172,0.3348222766,0.2723412812,0.2670221627,0.3015887439,0.3009085082,0.1037986279,0.09724705182
3495,CDS + 3'UTR,6,0.4046539068,0.3352579914,0.2428195924,0.2674628742,0.2775293589,0.3002225976,0.07499716431,0.09705653647
3496,CDS + 3'UTR,6,0.2964272201,0.3348552059,0.2807679474,0.2677145228,0.3227775395,0.3002785303,0.1000272706,0.09715174148
3497,CDS + 3'UTR,6,0.3115051389,0.3334336564,0.2823171318,0.2678652599,0.3045912385,0.3010385066,0.1015864387,0.09766257713
3498,CDS + 3'UTR,6,0.3597679138,0.3340210553,0.2772359848,0.267581629,0.279620111,0.3007399861,0.08337596804,0.09765732959
3499,CDS + 3'UTR,6,0.2862265408,0.3330326419,0.2665788233,0.2678383142,0.3343421221,0.3013599064,0.1128525138,0.09776913757
3500,CDS + 3'UTR,6,0.288444072,0.331868526,0.2794547677,0.2677050393,0.3252253234,0.3020679872,0.1068757996,0.09835844832
3501,CDS + 3'UTR,6,0.3681987524,0.3319063805,0.2448266745,0.2682159774,0.2916641533,0.3015853636,0.09531039745,0.0982922799
3502,CDS + 3'UTR,6,0.2738975585,0.3322272178,0.2663705647,0.2678117648,0.336197108,0.301595182,0.1235347614,0.0983658364
3503,CDS + 3'UTR,6,0.2390616685,0.3301350102,0.3739645779,0.2680309303,0.2741267979,0.3027098356,0.1128468737,0.09912422458
3504,CDS + 3'UTR,6,0.3754917681,0.3299504668,0.27103737,0.2684085986,0.2602916658,0.3026127553,0.09317922592,0.09902817998
3505,CDS + 3'UTR,6,0.3356996775,0.3284737863,0.289293319,0.2689214382,0.2804832757,0.3030825941,0.09452369809,0.09952218123
3506,CDS + 3'UTR,6,0.2462812215,0.3281781141,0.3092639148,0.2686630748,0.3297189176,0.3031949433,0.1147359833,0.0999638672
3507,CDS + 3'UTR,6,0.4454503059,0.3286314487,0.2589286566,0.269188318,0.2329992056,0.3023640146,0.06262180209,0.09981621867
3508,CDS + 3'UTR,6,0.3103755414,0.3284519345,0.2501896322,0.2694919493,0.3346708715,0.3021587225,0.104764007,0.09989739405
3509,CDS + 3'UTR,6,0.3200491369,0.3255560992,0.2689751387,0.2702296795,0.3078529537,0.3035475535,0.103122808,0.1006666682
3510,CDS + 3'UTR,6,0.4094420969,0.3257852672,0.2384000272,0.2707394786,0.2639741898,0.3028218089,0.08818370104,0.1006534454
3511,CDS + 3'UTR,6,0.3084249496,0.3247147357,0.3013836443,0.2711991601,0.3010344803,0.3031471336,0.08915697783,0.1009389702
3512,CDS + 3'UTR,6,0.3408528268,0.3231232362,0.2425014526,0.271663468,0.30537045,0.3037432758,0.1112752631,0.1014700193
3513,CDS + 3'UTR,6,0.3411618173,0.3235511603,0.2704043388,0.2721536048,0.2944657207,0.3028841475,0.09396814555,0.1014110864
3514,CDS + 3'UTR,6,0.357586056,0.3226657161,0.2419976443,0.2726312149,0.29924348,0.3033051146,0.1011728123,0.1013979542
3515,CDS + 3'UTR,6,0.3455628157,0.3213404892,0.2627753019,0.272896892,0.2865642607,0.303953387,0.1050975993,0.1018092304
3516,CDS + 3'UTR,6,0.4507845938,0.322201092,0.2264492661,0.2730128625,0.2467086315,0.303159331,0.07605749369,0.1016267133
3517,CDS + 3'UTR,6,0.331182003,0.3223652599,0.263320595,0.2727969533,0.3010123074,0.3032947699,0.1044850647,0.1015430159
3518,CDS + 3'UTR,6,0.2950975895,0.3195690958,0.2957939208,0.2737942595,0.3004232347,0.3045243235,0.1086852774,0.10211232
3519,CDS + 3'UTR,6,0.4630609453,0.3203897672,0.248084262,0.2733599119,0.2301352769,0.3041161923,0.05871959031,0.1021341274
3520,CDS + 3'UTR,6,0.3298725784,0.3202941136,0.2543136477,0.2732925303,0.3077464402,0.3041687014,0.1080673561,0.102244653
3521,CDS + 3'UTR,6,0.3222899735,0.317874187,0.2668361962,0.2740879266,0.3008961976,0.3051445046,0.1099775657,0.1028933802
3522,CDS + 3'UTR,6,0.3851461112,0.3197025174,0.24930574,0.2738770792,0.2701798975,0.3039126093,0.09536826611,0.1025077919
3523,CDS + 3'UTR,6,0.3331359327,0.3194085849,0.2457406372,0.2740953775,0.2994626164,0.3039224705,0.1216607466,0.1025735648
3524,CDS + 3'UTR,6,0.3117549717,0.3173817955,0.2532617748,0.2747766534,0.3226845264,0.3047158236,0.1122987866,0.1031257256
3525,CDS + 3'UTR,6,0.3538223207,0.3182245795,0.2535903454,0.2750709677,0.286930114,0.3038261419,0.105657272,0.1028783085
3526,CDS + 3'UTR,6,0.2698271275,0.3174198473,0.28924492,0.2757043527,0.3285716474,0.3038612036,0.1123563051,0.1030145938
3527,CDS + 3'UTR,5,0.2715544105,0.3158185489,0.2960644364,0.2763118634,0.3168821335,0.3045050656,0.115499042,0.1033645189
3528,CDS + 3'UTR,5,0.3776074648,0.3168693975,0.27621153,0.2760874389,0.2642740309,0.3038675396,0.08190698922,0.1031756225
3529,CDS + 3'UTR,5,0.2710108757,0.3162896555,0.2909734249,0.2765456541,0.325884819,0.3038302591,0.1121308655,0.1033344301
3530,CDS + 3'UTR,5,0.2671898305,0.3145765783,0.3066890836,0.2771625299,0.3175193667,0.3043656142,0.1086016521,0.1038952758
3531,CDS + 3'UTR,5,0.365588516,0.3149923308,0.2797521651,0.2772726823,0.2729459405,0.3037497452,0.08171333373,0.10398524
3532,CDS + 3'UTR,5,0.2766470313,0.3143695343,0.320069015,0.277583446,0.3045340776,0.3039127881,0.09874989092,0.1041342296
3533,CDS + 3'UTR,5,0.2577618957,0.3120218024,0.264869839,0.2785159659,0.3531103134,0.3048079448,0.1242579073,0.1046542855
3534,CDS + 3'UTR,5,0.3650813699,0.3127955358,0.2855703533,0.2787151523,0.2631832957,0.3040050177,0.08616498858,0.1044842935
3535,CDS + 3'UTR,5,0.282184124,0.3121416338,0.2840663493,0.2790583935,0.3223433495,0.3041904369,0.1114062294,0.1046095351
3536,CDS + 3'UTR,5,0.2776606083,0.3107446715,0.2600674629,0.2791309889,0.3340035677,0.3048390454,0.1282683611,0.1052852931
3537,CDS + 3'UTR,5,0.3501261175,0.3108543169,0.2521116436,0.2788547657,0.2965332866,0.3047745211,0.1012289524,0.1055163959
3538,CDS + 3'UTR,5,0.2465586364,0.3101782195,0.2820089757,0.2788639154,0.3570216596,0.3052535908,0.1144107357,0.1057042745
3539,CDS + 3'UTR,5,0.2894757986,0.3089161489,0.2613183558,0.2790722776,0.328104645,0.3059089096,0.1211012229,0.106102664
3540,CDS + 3'UTR,5,0.3449316025,0.3097701333,0.2916253209,0.2792000122,0.2679412067,0.3050898707,0.09550190717,0.1059399845
3541,CDS + 3'UTR,5,0.3023416996,0.3094231475,0.2606907785,0.2794810601,0.3245863318,0.3049657607,0.1123811752,0.1061300331
3542,CDS + 3'UTR,5,0.2666315138,0.3078581128,0.274618268,0.2803679191,0.3345967233,0.3052978182,0.1241534948,0.1064761515
3543,CDS + 3'UTR,5,0.3456436396,0.3101895556,0.2655115724,0.2803411011,0.2890726626,0.3038340563,0.09977214038,0.1056352883
3544,CDS + 3'UTR,5,0.2406537533,0.3106636642,0.2893947661,0.279276466,0.3503681421,0.3042477528,0.1195833087,0.1058121197
3545,CDS + 3'UTR,5,0.2870356441,0.3096008303,0.2839013338,0.2791253783,0.3080244958,0.3051858997,0.1210385412,0.1060878943
3546,CDS + 3'UTR,5,0.3393775821,0.3099014247,0.3190856576,0.2793141108,0.2571180463,0.3048543582,0.0844187662,0.105930109
3547,CDS + 3'UTR,5,0.2861186564,0.3105344586,0.2898871601,0.2789611779,0.3121879101,0.3047489034,0.1118062958,0.1057554625
3548,CDS + 3'UTR,4,0.1843617707,0.3082728449,0.2886446714,0.27955359,0.3807327747,0.3056245917,0.1462607831,0.1065489762
3549,CDS + 3'UTR,5,0.3267424107,0.3085736353,0.2878192365,0.2796968672,0.2845318019,0.3052325571,0.1009065136,0.1064969427
3550,CDS + 3'UTR,5,0.2564889491,0.3076256957,0.2849734426,0.2803124748,0.3390548825,0.3054056903,0.1194826812,0.1066561408
3551,CDS + 3'UTR,5,0.2762320042,0.3055734463,0.2768828571,0.2810357193,0.3258657753,0.3062430693,0.1210193485,0.1071477665
3552,CDS + 3'UTR,5,0.3368400633,0.306132238,0.3054460883,0.2807580242,0.2631833553,0.3059038198,0.09453047812,0.1072059185
3553,CDS + 3'UTR,5,0.2583432794,0.3050249621,0.3083105385,0.2813791607,0.3240464926,0.306240963,0.1092997342,0.1073549147
3554,CDS + 3'UTR,5,0.2793009281,0.3036917506,0.2624127269,0.2821533795,0.3347721696,0.3065726785,0.1235141009,0.1075821907
3555,CDS + 3'UTR,5,0.3927779496,0.3035986366,0.2685137689,0.2826546295,0.2565848529,0.3062925236,0.08212343603,0.1074542093
3556,CDS + 3'UTR,5,0.2932538688,0.3027278313,0.2986753583,0.282888254,0.3156749308,0.3066978445,0.09239585698,0.1076860696
3557,CDS + 3'UTR,5,0.2088337839,0.3003449319,0.3130059838,0.2836211301,0.3533087373,0.3075918643,0.1248514876,0.1084420731
3558,CDS + 3'UTR,5,0.3900064826,0.3009339465,0.2564918995,0.2835351236,0.2672330141,0.3071574615,0.086268574,0.1083734683
3559,CDS + 3'UTR,5,0.2728022635,0.3006072899,0.290225476,0.2832703359,0.3221259415,0.3075374214,0.1148462743,0.1085849524
3560,CDS + 3'UTR,5,0.2339422703,0.2985586951,0.3127889335,0.283280503,0.3346097171,0.3086749543,0.1186590791,0.109485846
3561,CDS + 3'UTR,5,0.4291052818,0.2984120509,0.2644210458,0.2833813351,0.2337836325,0.3087250236,0.07268999517,0.1094815889
3562,CDS + 3'UTR,5,0.2794191837,0.2977718538,0.298264116,0.2834303636,0.319889605,0.3092023183,0.102427125,0.1095954639
3563,CDS + 3'UTR,5,0.2247738391,0.2961056439,0.2951269746,0.2836156117,0.3458270431,0.3101891205,0.1342721283,0.1100896229
3564,CDS + 3'UTR,5,0.381864965,0.2960258206,0.2799028158,0.2841473337,0.2555114627,0.3099427927,0.08272074163,0.1098840529
3565,CDS + 3'UTR,5,0.2434576303,0.2953138044,0.312060684,0.2846007865,0.3362778127,0.3100881487,0.1082038656,0.1099972593
3566,CDS + 3'UTR,5,0.2329458743,0.2943221567,0.3040330708,0.2851544619,0.3413624465,0.310446487,0.1216586381,0.1100768925
3567,CDS + 3'UTR,5,0.416298002,0.2955579905,0.2463769019,0.2850551788,0.2553552687,0.3097392838,0.08196988702,0.1096475455
3568,CDS + 3'UTR,5,0.2698857784,0.295528133,0.2941837609,0.2849785939,0.3236234784,0.30974443,0.1123070121,0.1097488415
3569,CDS + 3'UTR,5,0.240206793,0.2946350681,0.2963592112,0.2849170025,0.3318604231,0.3102677774,0.1315735728,0.11018015
3570,CDS + 3'UTR,5,0.3351216912,0.2965848515,0.271717459,0.2846697751,0.2893352509,0.309071704,0.1038255915,0.1096736677
3571,CDS + 3'UTR,5,0.2436793596,0.297137787,0.2920438647,0.2843645435,0.3455383778,0.3088988937,0.1187384129,0.1095987744
3572,CDS + 3'UTR,5,0.2368059158,0.2953478916,0.3003603816,0.2853199195,0.3390688002,0.3094434619,0.1237649322,0.1098887259
3573,CDS + 3'UTR,5,0.336165309,0.2967225263,0.3159143329,0.2848880142,0.2619245052,0.3087300042,0.08599586785,0.109659454
3574,CDS + 3'UTR,5,0.2699591517,0.2966772841,0.2998005748,0.2851909503,0.3164222836,0.3086549254,0.1138179526,0.1094768393
3575,CDS + 3'UTR,5,0.2928969264,0.2953200558,0.2486272305,0.2852288678,0.3294180334,0.3094359884,0.1290578097,0.1100150863
3576,CDS + 3'UTR,5,0.3051988482,0.2956285713,0.2586700916,0.2853778988,0.3176155984,0.3090526612,0.1185154915,0.1099408663
3577,CDS + 3'UTR,5,0.257417351,0.295456492,0.2830491066,0.285891635,0.3429168165,0.3090076068,0.1166167259,0.1096442636
3578,CDS + 3'UTR,5,0.2588022649,0.2941834439,0.2939049602,0.2862368289,0.3320456147,0.3096240645,0.1152471304,0.1099556603
3579,CDS + 3'UTR,5,0.3545452952,0.295581973,0.2767975926,0.2862610817,0.2688190043,0.3084712269,0.09983815253,0.1096857161
3580,CDS + 3'UTR,5,0.2606852055,0.2956285518,0.3019385934,0.2865355838,0.3152965307,0.3083499653,0.1220796853,0.1094858967
3581,CDS + 3'UTR,5,0.2429959774,0.2945740245,0.3157753944,0.2865428306,0.3182287514,0.3090640066,0.1229998693,0.1098191348
3582,CDS + 3'UTR,5,0.4604129791,0.2955973666,0.2642251253,0.2869140264,0.219096154,0.3079825323,0.05626570433,0.1095060715
3583,CDS + 3'UTR,5,0.2769903541,0.2958364159,0.2887937725,0.2868105758,0.3072225153,0.3079267569,0.1269933879,0.1094262482
3584,CDS + 3'UTR,5,0.2904650569,0.2946540568,0.2589503527,0.2869360417,0.3353434205,0.3086355198,0.1152411923,0.1097743792
3585,CDS + 3'UTR,5,0.359747231,0.2962867688,0.3043919206,0.2866171576,0.2539599538,0.3076198731,0.08190087974,0.1094761983
3586,CDS + 3'UTR,5,0.2969239354,0.2961841818,0.281029284,0.2867805645,0.3212825358,0.3077917438,0.1007642597,0.1092435077
3587,CDS + 3'UTR,5,0.2645212114,0.2949185461,0.3063216209,0.2867962159,0.3030542731,0.3085697081,0.1261028945,0.1097155266
3588,CDS + 3'UTR,5,0.334438771,0.2957769573,0.261651814,0.2870356839,0.3033080995,0.3078167606,0.1006013304,0.109370595
3589,CDS + 3'UTR,5,0.2442139685,0.2968343614,0.3182237446,0.2873219717,0.3217036128,0.3070318818,0.1158586591,0.1088117818
3590,CDS + 3'UTR,5,0.245262146,0.2957942758,0.296259582,0.2874060713,0.3309645057,0.307642819,0.1275137514,0.1091568319
3591,CDS + 3'UTR,5,0.3531282842,0.2977412775,0.2791680396,0.2870035741,0.2738945186,0.3065320201,0.09380914271,0.1087231273
3592,CDS + 3'UTR,5,0.2522707582,0.2967476573,0.2921923697,0.2877306443,0.3323419094,0.3068255004,0.1231949553,0.1086961971
3593,CDS + 3'UTR,5,0.2345048934,0.2959369853,0.3323418498,0.2873843201,0.3210029602,0.3075978208,0.1121502295,0.1090808735
3594,CDS + 3'UTR,5,0.3501369357,0.2971713044,0.2820976377,0.287123904,0.2768310905,0.30702601,0.09093429893,0.1086787807
3595,CDS + 3'UTR,5,0.275898397,0.2969996862,0.2814652622,0.2874559451,0.3189899325,0.3071321942,0.1236464232,0.108412175
3596,CDS + 3'UTR,5,0.260152638,0.2955773268,0.28507936,0.2875236504,0.3182302117,0.3079426538,0.1365377754,0.1089563696
3597,CDS + 3'UTR,5,0.3783031702,0.2968250521,0.2564400733,0.2872038551,0.2662600875,0.3072225764,0.0989966765,0.1087485163
3598,CDS + 3'UTR,5,0.2689650655,0.297890849,0.2746109068,0.2867571555,0.330820024,0.3068661854,0.1256040037,0.1084858102
3599,CDS + 3'UTR,5,0.2991733551,0.2964847773,0.248897627,0.2870428901,0.3211379051,0.3075138487,0.130791083,0.1089584849
3600,CDS + 3'UTR,5,0.3181410432,0.2970945198,0.2623802125,0.2866885439,0.3117519915,0.3073731158,0.10772679,0.1088438223
3601,CDS + 3'UTR,5,0.2710742056,0.2972751871,0.2707584798,0.286734103,0.3390797675,0.3073332794,0.119087562,0.1086574331
3602,CDS + 3'UTR,5,0.2518493235,0.2954142682,0.2641255856,0.2867590893,0.349124074,0.3086274978,0.1349009871,0.1091991483
3603,CDS + 3'UTR,5,0.3267500699,0.2977022812,0.2882784009,0.2858808752,0.279756397,0.3076259322,0.1052151471,0.1087909144
3604,CDS + 3'UTR,5,0.2547936738,0.2979722252,0.2895379961,0.2860812396,0.3343130052,0.3075183623,0.1213552952,0.1084281757
3605,CDS + 3'UTR,5,0.2744905055,0.2967156509,0.2978843749,0.2860361055,0.3155971766,0.3083786763,0.1120279282,0.1088695706
3606,CDS + 3'UTR,5,0.3686938286,0.2986475784,0.2813022733,0.2855015539,0.2719953954,0.3073280886,0.07800854743,0.1085227823
3607,CDS + 3'UTR,5,0.2691658139,0.299375402,0.2899376452,0.2851713415,0.3172938228,0.3070685815,0.1236027256,0.1083846771
3608,CDS + 3'UTR,5,0.3061622679,0.2974933973,0.2712842226,0.2858168248,0.3061418235,0.3078582317,0.1164116636,0.1088315477
3609,CDS + 3'UTR,5,0.4269935489,0.2981473817,0.2711952329,0.2859838955,0.2301989496,0.3073268384,0.07161228359,0.1085418853
3610,CDS + 3'UTR,5,0.3114246726,0.2992233008,0.2822705507,0.2857555509,0.3036945462,0.3068146057,0.1026101857,0.1082065425
3611,CDS + 3'UTR,5,0.2223968804,0.2984090578,0.3561822474,0.2859535877,0.3165113926,0.3072761696,0.1049094573,0.1083611842
3612,CDS + 3'UTR,5,0.3866178095,0.3002176633,0.2855165899,0.285934395,0.2474574596,0.3060937729,0.08040814102,0.1077541677
3613,CDS + 3'UTR,5,0.2541425228,0.3004465813,0.2891047299,0.2861837227,0.347104013,0.3057523958,0.1096487269,0.1076172986
3614,CDS + 3'UTR,5,0.2565031052,0.2999856787,0.2886037529,0.2858608145,0.325668335,0.3062265053,0.1292247474,0.1079269994
3615,CDS + 3'UTR,5,0.3068653643,0.3012631262,0.2959888279,0.2853814479,0.291677177,0.3057353675,0.1054686308,0.1076200566
3616,CDS + 3'UTR,5,0.2638942599,0.3009037459,0.3011663556,0.2858292313,0.3303992152,0.3058638617,0.1045401469,0.107403159
3617,CDS + 3'UTR,5,0.2482822686,0.3006279005,0.2797271609,0.286206595,0.3458499014,0.3058408815,0.1261406839,0.1073246206
3618,CDS + 3'UTR,5,0.3584409654,0.3020987803,0.2839491963,0.2859485744,0.2647946477,0.3049214989,0.09281520545,0.1070311446
3619,CDS + 3'UTR,5,0.2932021022,0.3025814353,0.2832785249,0.2857034514,0.3184037209,0.3047507692,0.105115667,0.1069643431
3620,CDS + 3'UTR,5,0.2605694234,0.3011708841,0.2922050655,0.2864355816,0.3250645101,0.3052588306,0.1221609563,0.1071347021
3621,CDS + 3'UTR,5,0.3842090666,0.3032239549,0.2903864384,0.2857456272,0.2380683869,0.3045472383,0.08733610809,0.1064831775
3622,CDS + 3'UTR,5,0.2857554555,0.3038176212,0.2663422227,0.2852999544,0.3301346898,0.3046078689,0.117767632,0.1062745526
3623,CDS + 3'UTR,5,0.2510549128,0.3009133138,0.2755488455,0.2861132769,0.3457736969,0.305907122,0.1276226193,0.1070662847
3624,CDS + 3'UTR,5,0.3712707162,0.3017635189,0.2638840377,0.2859453415,0.2691164017,0.3057158981,0.0957288444,0.1065752389
3625,CDS + 3'UTR,5,0.2788286805,0.3012007013,0.2969738841,0.2864108285,0.3217741549,0.3058148012,0.1024232879,0.1065736664
3626,CDS + 3'UTR,5,0.238126725,0.2997297915,0.3203377724,0.2869702825,0.3193551898,0.3063030217,0.1221802831,0.106996902
3627,CDS + 3'UTR,5,0.3547915518,0.3006011194,0.3090445995,0.2865959218,0.2519521117,0.3059162065,0.08421176672,0.1068867495
3628,CDS + 3'UTR,5,0.2689540982,0.3006002041,0.3115476966,0.2864832005,0.3179424703,0.3062364832,0.1015557274,0.1066801094
3629,CDS + 3'UTR,5,0.2435355633,0.2997377796,0.2945472002,0.286816912,0.3334067762,0.3065222453,0.1285105199,0.1069230604
3630,CDS + 3'UTR,5,0.4122490883,0.301593625,0.2527736723,0.2858478999,0.2501909733,0.3059040815,0.08478631079,0.1066543909
3631,CDS + 3'UTR,5,0.1967423856,0.3021072818,0.3350484669,0.2857759902,0.3493441939,0.3058458954,0.1188649312,0.1062708298
3632,CDS + 3'UTR,5,0.2719863057,0.3014744671,0.2777401507,0.2857676966,0.3249689937,0.3062547997,0.1253045946,0.1065030335
3633,CDS + 3'UTR,5,0.3570888042,0.3032477697,0.2874772549,0.2855334075,0.2783016264,0.3053867038,0.07713230699,0.105832116
3634,CDS + 3'UTR,5,0.265571475,0.3038280059,0.2889760137,0.2851097865,0.3432669044,0.3054413423,0.1021856442,0.1056208636
3635,CDS + 3'UTR,5,0.2789891958,0.3031450871,0.273930192,0.2849141756,0.3214216232,0.3060597315,0.1256590039,0.1058810038
3636,CDS + 3'UTR,5,0.3930718899,0.3043775611,0.2730917335,0.2849058976,0.2580687404,0.3053250954,0.0757675916,0.1053914436
3637,CDS + 3'UTR,5,0.2940975428,0.3046994898,0.2772700191,0.2850506393,0.3247974515,0.3052471217,0.1038350016,0.1050027465
3638,CDS + 3'UTR,5,0.277520746,0.302821929,0.2793506682,0.2858493613,0.3190460801,0.3062531635,0.1240825504,0.1050755438
3639,CDS + 3'UTR,5,0.3215816617,0.3040451773,0.2618777752,0.2860240595,0.3108673096,0.3054158404,0.1056732684,0.1045149205
3640,CDS + 3'UTR,5,0.2483956516,0.3033999564,0.3164336681,0.2867887981,0.3314228058,0.3055006754,0.1037479416,0.104310569
3641,CDS + 3'UTR,5,0.2802317739,0.3029177899,0.2664199471,0.28719071,0.3373211026,0.3055541154,0.1160272136,0.1043373842
3642,CDS + 3'UTR,5,0.4624602199,0.3043843551,0.2280069888,0.2873133346,0.2397643626,0.3044443712,0.0697684139,0.1038579385
3643,CDS + 3'UTR,5,0.2463693619,0.3050076405,0.3111561239,0.2872620329,0.3372214437,0.3041873645,0.1052530259,0.1035429615
3644,CDS + 3'UTR,5,0.2813390195,0.3042786932,0.2762920856,0.2874144327,0.3243365884,0.3046707429,0.1180323362,0.10363613
3645,CDS + 3'UTR,5,0.3980118334,0.3055982811,0.2692965567,0.2874285929,0.2522307932,0.3038723003,0.08046080172,0.1031008252
3646,CDS + 3'UTR,5,0.2911717594,0.3055792885,0.2776160836,0.2875411849,0.3206018806,0.3039723177,0.1106102243,0.1029072084
3647,CDS + 3'UTR,5,0.265737623,0.304137739,0.2980155647,0.2877727699,0.3185272813,0.3047236141,0.1177195311,0.1033658767
3648,CDS + 3'UTR,5,0.3222045302,0.3066870784,0.307549417,0.2873688154,0.2811120152,0.3034711696,0.08913402259,0.1024729367
3649,CDS + 3'UTR,5,0.3262803257,0.3064887503,0.2780916393,0.2877679169,0.2908818126,0.3035419822,0.104746148,0.1022013502
3650,CDS + 3'UTR,5,0.2699822485,0.3043827424,0.2875604033,0.2884068143,0.3262603581,0.3045460988,0.1161969304,0.1026643446
3651,CDS + 3'UTR,5,0.3883678019,0.3050776815,0.2905084491,0.2880832173,0.250946641,0.3042602126,0.07017709315,0.1025788884
3652,CDS + 3'UTR,5,0.2551193535,0.3054541124,0.3203065991,0.2875145864,0.3117586374,0.3044137623,0.1128154024,0.1026175383
3653,CDS + 3'UTR,5,0.2992931008,0.3038018042,0.2900816798,0.288000818,0.2998532653,0.3052568736,0.1107719317,0.1029405035
3654,CDS + 3'UTR,5,0.3721549511,0.305329377,0.2614512444,0.2878677301,0.2771312594,0.3042257933,0.08926253021,0.1025770987
3655,CDS + 3'UTR,5,0.2641465068,0.3058168096,0.2844499052,0.2878310986,0.3396975696,0.3040609377,0.1117059961,0.102291154
3656,CDS + 3'UTR,5,0.283131212,0.3050614899,0.2888591886,0.2876462322,0.3157771826,0.3048162056,0.1122324243,0.1024760726
3657,CDS + 3'UTR,5,0.375087738,0.3061043167,0.2624074519,0.2874585204,0.2693662047,0.304142184,0.09313864261,0.1022949796
3658,CDS + 3'UTR,5,0.2974146605,0.3070287801,0.2742951214,0.2872050453,0.3183872402,0.3037198378,0.1099030152,0.1020463374
3659,CDS + 3'UTR,5,0.2417012006,0.3059261993,0.3353680074,0.287702084,0.3094639182,0.3042332215,0.1134668738,0.1021384955
3660,CDS + 3'UTR,5,0.4249308705,0.3063846625,0.2467422485,0.2877468709,0.2583691478,0.3038391383,0.0699577108,0.1020293282
3661,CDS + 3'UTR,5,0.2904892862,0.3065309789,0.2801215649,0.2878591064,0.3230791986,0.303716181,0.1063098758,0.1018937342
3662,CDS + 3'UTR,5,0.2280683815,0.3040957844,0.3292909265,0.288288366,0.3230364025,0.3050095119,0.1196042746,0.1026063381
3663,CDS + 3'UTR,5,0.3450067639,0.3047148837,0.2753589451,0.2887693234,0.2919245958,0.3043068856,0.0877097249,0.102208908
3664,CDS + 3'UTR,5,0.2454396486,0.3050997945,0.2961893082,0.2891136091,0.3432556689,0.3038243473,0.1151153892,0.1019622487
3665,CDS + 3'UTR,5,0.2420744449,0.3034427166,0.3491482437,0.2896925155,0.293017596,0.3047485836,0.1157597303,0.1021161837
3666,CDS + 3'UTR,5,0.3666301668,0.3047669694,0.2510804236,0.2894018319,0.2903373241,0.3040751737,0.09195206314,0.1017560244
3667,CDS + 3'UTR,5,0.2644479871,0.3047505401,0.297303915,0.2892899368,0.3286764026,0.3043237071,0.1095716804,0.1016358158
3668,CDS + 3'UTR,5,0.2654448152,0.3035621453,0.2883487344,0.2889075425,0.3261690736,0.3053466689,0.1200374141,0.1021836425
3669,CDS + 3'UTR,5,0.3926815987,0.3041145962,0.2407027781,0.2886697754,0.2722505033,0.3050673418,0.09436509758,0.1021482865
3670,CDS + 3'UTR,5,0.2863546908,0.3048322557,0.2905068099,0.2884207461,0.3263096213,0.3048982162,0.09682886302,0.1018487815
3671,CDS + 3'UTR,5,0.302503109,0.3030665172,0.2785045505,0.2889397759,0.306606859,0.3058210995,0.1123854369,0.1021726065
3672,CDS + 3'UTR,5,0.3941349685,0.3048799736,0.2734492421,0.2883205559,0.262894243,0.3049472187,0.06952156126,0.1018522514
3673,CDS + 3'UTR,5,0.2809237838,0.3051652087,0.2984521687,0.2883196868,0.325374037,0.3049057517,0.09525003284,0.1016093513
3674,CDS + 3'UTR,5,0.2955034375,0.3036388107,0.266448766,0.2884424657,0.3263022304,0.3057013027,0.1117455214,0.1022174194
3675,CDS + 3'UTR,5,0.3744963109,0.3049354166,0.2808030248,0.2882659428,0.2602190375,0.3047968663,0.0844816044,0.1020017722
3676,CDS + 3'UTR,5,0.2859069407,0.3047241926,0.2966586947,0.2884371057,0.3119923174,0.3049608584,0.1054420024,0.1018778407
3677,CDS + 3'UTR,5,0.2280983031,0.3036606811,0.320337832,0.2883273944,0.3467434347,0.3055923894,0.1048204675,0.1024195331
3678,CDS + 3'UTR,5,0.3668249249,0.3042345311,0.2885867655,0.2880199783,0.2638341784,0.3052229263,0.08075413853,0.102522562
3679,CDS + 3'UTR,5,0.247555688,0.3040479198,0.3100767136,0.2881590035,0.3279246986,0.3053132992,0.1144429594,0.102479774
3680,CDS + 3'UTR,5,0.2795677185,0.3035496116,0.2945331633,0.2888222385,0.3160271943,0.3050776284,0.1098720059,0.1025505178
3681,CDS + 3'UTR,5,0.3883994222,0.3048691429,0.2805684507,0.2881742083,0.2503002286,0.304493672,0.080731906,0.1024629725
3682,CDS + 3'UTR,5,0.3017121553,0.304467679,0.2600214481,0.2887082372,0.3285635412,0.3044089127,0.1097028255,0.1024151663
3683,CDS + 3'UTR,5,0.2684342861,0.3022071423,0.300470382,0.2897741843,0.3184266686,0.3051226739,0.1126686335,0.1028959951
3684,CDS + 3'UTR,5,0.3603607118,0.3036639126,0.2906708121,0.2890559018,0.2704375982,0.3045813169,0.07853090763,0.1026988651
3685,CDS + 3'UTR,5,0.2729710937,0.30311037,0.3068917394,0.2897018634,0.3235985637,0.3047041632,0.0965385884,0.102483599
3686,CDS + 3'UTR,5,0.2533698678,0.3011365985,0.2998290658,0.290131931,0.3320991099,0.3058157116,0.1147020087,0.1029157543
3687,CDS + 3'UTR,5,0.4731129706,0.3032521339,0.2576212883,0.2897901613,0.2170982659,0.3047463687,0.05216752365,0.1022113317
3688,CDS + 3'UTR,5,0.2902960181,0.303746791,0.3032123446,0.2897868883,0.3118068278,0.304619184,0.09468474239,0.1018471324
3689,CDS + 3'UTR,5,0.2585129142,0.3028959135,0.3223070204,0.2899787381,0.3105282784,0.3050995884,0.1086518392,0.1020257561
3690,CDS + 3'UTR,5,0.3670198023,0.303882763,0.2563827932,0.2896620329,0.280823648,0.3048284242,0.09577368945,0.1016267772
3691,CDS + 3'UTR,5,0.2525113523,0.3039427774,0.3106917739,0.2900410622,0.3287953734,0.3045643056,0.1080014482,0.1014518528
3692,CDS + 3'UTR,5,0.2544331551,0.3021062009,0.3244151175,0.2901465073,0.3149063587,0.3056771522,0.1062453538,0.1020701373
3693,CDS + 3'UTR,5,0.3763483465,0.3032344718,0.2784577012,0.2899382748,0.2646175921,0.3050983747,0.08057634532,0.1017288768
3694,CDS + 3'UTR,5,0.2954977155,0.3027172796,0.2856732309,0.2903581783,0.3124798834,0.3052822886,0.1063491702,0.1016422517
3695,CDS + 3'UTR,5,0.2464397848,0.3010139106,0.2811995149,0.29101834,0.352098614,0.3060155557,0.1202621236,0.1019521925
3696,CDS + 3'UTR,5,0.3473204076,0.3023805236,0.2861494124,0.2906187594,0.2764774859,0.3053635517,0.09005270153,0.1016371642
3697,CDS + 3'UTR,5,0.3222393394,0.301703549,0.2594491541,0.290845184,0.3120622039,0.3056942197,0.1062493101,0.1017570463
3698,CDS + 3'UTR,5,0.2702344954,0.3006613398,0.3237122893,0.2909146689,0.3058653474,0.3062751697,0.100187853,0.1021488203
3699,CDS + 3'UTR,5,0.3298791647,0.3019186737,0.2868614793,0.2907873522,0.2868770659,0.3055984346,0.09638228267,0.1016955379
3700,CDS + 3'UTR,5,0.2722747326,0.3024765074,0.3011839092,0.2900411244,0.3152279258,0.3058288867,0.1113134399,0.1016534801
3701,CDS + 3'UTR,4,0.1893935055,0.3001829807,0.3247272074,0.2913978729,0.341534853,0.3062977018,0.1443444192,0.102121443
3702,CDS + 3'UTR,5,0.3352833986,0.3012791231,0.304818809,0.2911244843,0.2739245892,0.3056990126,0.08597322553,0.1018973789
3703,CDS + 3'UTR,5,0.281847775,0.3019190125,0.3030917048,0.2907262482,0.3071706295,0.3055116696,0.1078898683,0.1018430686
3704,CDS + 3'UTR,5,0.2387044877,0.3017784908,0.3101965487,0.2904295597,0.3430553079,0.3055984462,0.1080436483,0.1021935017
3705,CDS + 3'UTR,5,0.3847689033,0.3031518776,0.2737191916,0.2900912803,0.267901361,0.3047544146,0.0736105442,0.102002426
3706,CDS + 3'UTR,5,0.2368123829,0.3033514393,0.311386168,0.28940682,0.3392378688,0.3052360376,0.1125635952,0.1020057017
3707,CDS + 3'UTR,5,0.2597199678,0.3017664351,0.278453052,0.2903749853,0.3337890506,0.3056800952,0.1280378997,0.1021784835
3708,CDS + 3'UTR,5,0.3131501675,0.3032744445,0.2925263345,0.2899603456,0.2955963016,0.3048793634,0.09872724861,0.1018858458
3709,CDS + 3'UTR,5,0.3009483218,0.3033014309,0.2746248543,0.2898579985,0.3198767304,0.3050565535,0.1045501232,0.1017840155
3710,CDS + 3'UTR,5,0.2709900141,0.301661456,0.294296056,0.2911281742,0.3240216374,0.3052693008,0.1106923074,0.1019410675
3711,CDS + 3'UTR,5,0.3418188989,0.3031553265,0.2855108678,0.2906999651,0.2794337273,0.3044440085,0.09323652089,0.1017006981
3712,CDS + 3'UTR,5,0.2948051095,0.3026417889,0.2776706219,0.2911209337,0.3216516376,0.3045885542,0.1058725938,0.1016487221
3713,CDS + 3'UTR,5,0.2349769622,0.3009975892,0.2972995639,0.2915450733,0.3419457078,0.3054048063,0.1257777512,0.1020525297
3714,CDS + 3'UTR,5,0.3692999482,0.3017450448,0.2748541832,0.2912675198,0.2709119916,0.3050436469,0.08493386954,0.1019437869
3715,CDS + 3'UTR,5,0.262091279,0.3016045459,0.2876232266,0.2915473755,0.334540993,0.3049343562,0.1157444865,0.1019137213
3716,CDS + 3'UTR,5,0.3079909682,0.2998674037,0.2643148303,0.2918995745,0.3085912168,0.305877172,0.1191029772,0.1023558489
3717,CDS + 3'UTR,5,0.3400055468,0.3008893138,0.2526767254,0.2917384852,0.2952404022,0.3052932644,0.1120773181,0.1020789367
3718,CDS + 3'UTR,5,0.2625918388,0.3012008371,0.2904726863,0.2918497164,0.3262759149,0.304928465,0.1206595078,0.1020209814
3719,CDS + 3'UTR,5,0.2817170024,0.2999261403,0.3149365783,0.2916251052,0.2920136452,0.3058173919,0.1113327742,0.1026313623
3720,CDS + 3'UTR,5,0.3539581597,0.3022127636,0.2645912468,0.2910624012,0.2847062945,0.304675328,0.09674431384,0.1020495061
3721,CDS + 3'UTR,5,0.2481146604,0.3018811703,0.3091422617,0.2912472166,0.330540359,0.3047968969,0.1122027189,0.1020747134
3722,CDS + 3'UTR,5,0.2816172838,0.2998971049,0.313282758,0.2914686263,0.2968652546,0.3061464444,0.1082347184,0.1024878218
3723,CDS + 3'UTR,5,0.3629109859,0.3007104494,0.253693521,0.2916382033,0.2939128876,0.3055072717,0.08948262781,0.1021440736
3724,CDS + 3'UTR,5,0.2370556146,0.3006344423,0.3279690146,0.2913634486,0.3341642916,0.305818503,0.1008110493,0.1021836047
3725,CDS + 3'UTR,5,0.2401101142,0.2991330737,0.303701967,0.2917533748,0.3411546648,0.3065103073,0.1150332242,0.1026032422
3726,CDS + 3'UTR,5,0.4604145885,0.3008350184,0.2502745092,0.2914435171,0.2350544482,0.3054139988,0.05425641686,0.1023074643
3727,CDS + 3'UTR,5,0.3053101897,0.3011444142,0.2977537215,0.2913548127,0.3083525002,0.3052667582,0.0885835886,0.102234013
3728,CDS + 3'UTR,5,0.2541343272,0.2978954909,0.3228974044,0.2922297802,0.3195443749,0.3068517538,0.1034239158,0.103022972
3729,CDS + 3'UTR,5,0.405228287,0.298891812,0.2527552247,0.2918612495,0.2691886723,0.3062959595,0.07282783836,0.1029509765
3730,CDS + 3'UTR,5,0.2747834027,0.2993094349,0.3178827465,0.2915225759,0.3051308692,0.3062868202,0.1022029743,0.102881166
3731,CDS + 3'UTR,5,0.241441682,0.2977633923,0.298944056,0.2923427239,0.3399743736,0.3067499781,0.1196398586,0.1031439028
3732,CDS + 3'UTR,5,0.3453810215,0.2985211235,0.303647995,0.2920157496,0.2654564381,0.306468753,0.08551456034,0.1029943726
3733,CDS + 3'UTR,5,0.257917732,0.2984535426,0.3236739635,0.2917858042,0.3145663738,0.3067212643,0.1038419232,0.1030393876
3734,CDS + 3'UTR,5,0.2358854264,0.2974164385,0.3142641783,0.2917994779,0.3357926309,0.3073423928,0.1140577942,0.1034416893
3735,CDS + 3'UTR,5,0.3734755516,0.2984894831,0.2524834573,0.2916478802,0.2875372469,0.3066681148,0.08650372922,0.1031945208
3736,CDS + 3'UTR,5,0.2289732397,0.2991917562,0.3069731593,0.2914838467,0.342230618,0.3061424507,0.1218229905,0.1031819451
3737,CDS + 3'UTR,5,0.2917110026,0.2977033082,0.2679662406,0.2922864124,0.3158422112,0.3065513784,0.1244805679,0.1034588998
3738,CDS + 3'UTR,5,0.3980013728,0.2990359455,0.2641097903,0.2921635052,0.2642484307,0.3057993295,0.07364042103,0.1030012186
3739,CDS + 3'UTR,5,0.2863278985,0.2987479664,0.2756697834,0.2918132262,0.3279000819,0.306331796,0.1101022512,0.1031070104
3740,CDS + 3'UTR,5,0.2414487302,0.2978626799,0.3552821279,0.2920644233,0.2958743572,0.3067549625,0.10739474,0.1033179333
3741,CDS + 3'UTR,5,0.3781806827,0.2988015842,0.2582504749,0.2918288579,0.2751840651,0.3064100781,0.08838474751,0.1029594792
3742,CDS + 3'UTR,5,0.2792595327,0.2999611875,0.2974320352,0.2916811893,0.3080489635,0.3058469595,0.1152594537,0.1025106639
3743,CDS + 3'UTR,5,0.3337650299,0.2989600474,0.2516238689,0.2913015483,0.298866719,0.3067163596,0.1157443747,0.1030220442
3744,CDS + 3'UTR,5,0.3553105891,0.3000359843,0.2691269517,0.291317367,0.2757331431,0.3060267793,0.09982933104,0.1026198697
3745,CDS + 3'UTR,5,0.2580393851,0.3007956665,0.2943914235,0.2911419371,0.3315474391,0.3053672494,0.1160217896,0.1026951472
3746,CDS + 3'UTR,5,0.2398298234,0.2993245278,0.3285336494,0.2911666976,0.3258619308,0.3062774034,0.1057746038,0.1032313718
3747,CDS + 3'UTR,5,0.3850887418,0.3012815207,0.2641327381,0.2908990474,0.2646178603,0.305143453,0.08616066724,0.1026759796
3748,CDS + 3'UTR,5,0.2676037252,0.3016687933,0.2801609635,0.2912681358,0.34034428,0.3047045307,0.1118909866,0.1023585415
3749,CDS + 3'UTR,5,0.2614836097,0.300711059,0.3423168361,0.2917659311,0.2892702818,0.3049757933,0.1069292575,0.1025472164
3750,CDS + 3'UTR,5,0.4058643281,0.3015561799,0.2562500834,0.2920160143,0.2602862418,0.3043197861,0.07759930938,0.1021080194
3751,CDS + 3'UTR,5,0.2614201009,0.3013822334,0.312182039,0.2919926936,0.3181705177,0.3044912035,0.1082273573,0.1021338692
3752,CDS + 3'UTR,5,0.2625989914,0.3001769239,0.307380408,0.2925030475,0.3281944096,0.304990978,0.1018261686,0.1023290498
3753,CDS + 3'UTR,5,0.3407202363,0.3010082638,0.2762478888,0.2926594215,0.2964812815,0.3043614959,0.08655060828,0.1019708187
3754,CDS + 3'UTR,5,0.2842635214,0.301287711,0.2888372242,0.2926732035,0.317558974,0.3041973928,0.1093402728,0.1018416929
3755,CDS + 3'UTR,5,0.2355249375,0.3000421241,0.308978945,0.2928331373,0.3356443048,0.3049228514,0.1198518127,0.1022018881
3756,CDS + 3'UTR,5,0.3676597476,0.3011902858,0.2837715447,0.2927967014,0.2652797103,0.3041611867,0.08328902721,0.1018518267
3757,CDS + 3'UTR,5,0.2530201674,0.300776004,0.3292363286,0.2927910713,0.3175594807,0.3045397339,0.1001840457,0.101893191
3758,CDS + 3'UTR,5,0.2648491859,0.299531047,0.2706178725,0.2932578249,0.3349483311,0.3052612113,0.1295846105,0.1019499175
3759,CDS + 3'UTR,5,0.4304855466,0.300623472,0.265060395,0.2932905288,0.2365595847,0.3045056345,0.06789446622,0.1015803662
3760,CDS + 3'UTR,5,0.2530402541,0.3005060952,0.3093183935,0.2929275753,0.3257527053,0.3049819743,0.1118885875,0.1015843577
3761,CDS + 3'UTR,5,0.2296741903,0.300145774,0.2982812226,0.2928944631,0.358264029,0.3052544957,0.1137805805,0.101705269
3762,CDS + 3'UTR,5,0.3667797148,0.3017418424,0.2735876143,0.2925048767,0.2774297297,0.30457567,0.08220296353,0.1011776129
3763,CDS + 3'UTR,5,0.2623537183,0.3018540313,0.2784900069,0.2920767816,0.3433251679,0.30497689,0.1158311218,0.1010922981
3764,CDS + 3'UTR,5,0.2402512282,0.3010725068,0.321864903,0.2921426898,0.3257819414,0.3055276616,0.1121019125,0.1012571425
3765,CDS + 3'UTR,5,0.4091266692,0.3028764121,0.2821031213,0.2915961737,0.2358938903,0.3045228017,0.07287635654,0.1010046133
3766,CDS + 3'UTR,5,0.278121531,0.3032038936,0.2927327156,0.2917868735,0.3203198612,0.3041970911,0.1088258997,0.1008121427
3767,CDS + 3'UTR,5,0.2131991088,0.3008105552,0.3276186883,0.2922597369,0.3438979089,0.305382672,0.1152842492,0.1015470373
3768,CDS + 3'UTR,5,0.3700017035,0.3015793821,0.2737298906,0.2921093,0.2673432827,0.304921801,0.08892510086,0.1013895184
3769,CDS + 3'UTR,5,0.2919227481,0.3014244365,0.2952131331,0.2919632042,0.309797138,0.3050777163,0.1030669957,0.1015346437
3770,CDS + 3'UTR,5,0.2433363944,0.2998324191,0.3219946325,0.2924321542,0.3178762794,0.3058196075,0.1167926341,0.1019158198
3771,CDS + 3'UTR,5,0.3131298423,0.3005979707,0.2845338285,0.2921859974,0.3062973619,0.3054150071,0.09603903443,0.1018010258
3772,CDS + 3'UTR,5,0.249026686,0.3010983665,0.306019485,0.2919328211,0.3351072669,0.3053111739,0.1098465547,0.1016576388
3773,CDS + 3'UTR,5,0.293380022,0.3001579892,0.2795515954,0.29144732,0.3143078685,0.3063480735,0.1127604842,0.102046617
3774,CDS + 3'UTR,5,0.3813412786,0.3009809133,0.2735454142,0.29082196,0.2585376501,0.3062083114,0.08657568693,0.1019888157
3775,CDS + 3'UTR,5,0.3026216328,0.3014845105,0.2680768371,0.2907298328,0.3100454807,0.3060347103,0.1192560643,0.1017509469
3776,CDS + 3'UTR,5,0.2282445729,0.30010793,0.3503546715,0.291475275,0.3091917038,0.3063285623,0.1122090816,0.1020882339
3777,CDS + 3'UTR,5,0.428850323,0.3022430381,0.2496165782,0.2909321839,0.2518982887,0.3052696459,0.06963481009,0.1015551322
3778,CDS + 3'UTR,5,0.2471961677,0.3015485933,0.2956899703,0.2915495714,0.348462671,0.3055763464,0.1086511984,0.1013254886
3779,CDS + 3'UTR,5,0.2590562403,0.3001781641,0.3069572449,0.2920309147,0.3207303882,0.3060735468,0.1132561192,0.1017173743
3780,CDS + 3'UTR,5,0.3473870754,0.3022158911,0.2823386788,0.2915520331,0.2876371741,0.3051489029,0.08263710886,0.1010831724
3781,CDS + 3'UTR,5,0.2821617723,0.3026586065,0.3129137158,0.2905810943,0.2964853644,0.3056390077,0.1084391922,0.1011212911
3782,CDS + 3'UTR,5,0.2551921904,0.3009775659,0.2744475305,0.291593186,0.3434765935,0.306071404,0.1268836558,0.1013578443
3783,CDS + 3'UTR,5,0.3679227233,0.302413529,0.3043572009,0.291147753,0.2520042062,0.3055095844,0.07571590692,0.1009291342
3784,CDS + 3'UTR,5,0.2994790673,0.3016411843,0.2961621583,0.2917353475,0.2902929187,0.3058350179,0.1140658483,0.100788451
3785,CDS + 3'UTR,5,0.2670778036,0.3000466557,0.2757000327,0.2923643658,0.3407136798,0.3066433415,0.1165085062,0.1009456379
3786,CDS + 3'UTR,5,0.3933718204,0.3012325296,0.289974153,0.2921765821,0.2485218346,0.3060503218,0.0681322217,0.1005405667
3787,CDS + 3'UTR,5,0.2907017767,0.3015812784,0.3079801202,0.291972596,0.2986752689,0.3059222493,0.1026428491,0.1005238766
3788,CDS + 3'UTR,5,0.2365314215,0.299762984,0.332349956,0.2923696188,0.3172973096,0.3068859134,0.1138212457,0.1009814834
3789,CDS + 3'UTR,5,0.3685579896,0.3012766648,0.294631511,0.2921777902,0.267396152,0.3060873657,0.06941436231,0.1004581799
3790,CDS + 3'UTR,5,0.2570742965,0.3012043025,0.2924304008,0.2918840339,0.3377350271,0.3066043146,0.1127602905,0.1003073491
3791,CDS + 3'UTR,5,0.2453941405,0.2995677158,0.3263391852,0.2925657487,0.3194156885,0.3072392803,0.1088509709,0.1006272557
3792,CDS + 3'UTR,5,0.3613123,0.3018236689,0.2901805341,0.2922793424,0.2712930739,0.3059061861,0.07721410692,0.09999080286
3793,CDS + 3'UTR,5,0.2573327422,0.3015437109,0.2984021306,0.2926708193,0.328817457,0.305819002,0.1154476851,0.0999664675
3794,CDS + 3'UTR,5,0.2696529925,0.30080551,0.2876488864,0.2928384351,0.3289486766,0.30603771,0.1137494817,0.1003183446
3795,CDS + 3'UTR,5,0.3539442122,0.302433197,0.2847083509,0.292453962,0.2736078203,0.3052094622,0.08773957938,0.09990337812
3796,CDS + 3'UTR,5,0.2748484313,0.3021459837,0.2638644278,0.2923716014,0.3388749957,0.3056588171,0.1224121228,0.09982359693
3797,CDS + 3'UTR,5,0.2404089868,0.3006726267,0.2900170088,0.2924405964,0.3529585898,0.3066748107,0.116615437,0.1002119652
3798,CDS + 3'UTR,5,0.3499858379,0.3015615536,0.2930890024,0.2918442352,0.2658297718,0.3064836657,0.09109540284,0.1001105439
3799,CDS + 3'UTR,5,0.2723268569,0.3020617319,0.2859002948,0.2920199348,0.3301208317,0.3060370592,0.1116520911,0.09988127225
3800,CDS + 3'UTR,5,0.3251324594,0.2997656589,0.2619422674,0.2925737856,0.3065080047,0.307335601,0.1064172164,0.1003249529
3801,CDS + 3'UTR,5,0.3758001328,0.3015856897,0.2779753506,0.2924416458,0.2762342989,0.3063253568,0.06999023259,0.09964730609
3802,CDS + 3'UTR,5,0.2905924022,0.3022942862,0.279035151,0.2928045662,0.3289628625,0.3054695593,0.1014095396,0.09943158636
3803,CDS + 3'UTR,5,0.3003890216,0.3015151711,0.2589661777,0.2927385924,0.3379746079,0.3059165468,0.1026701778,0.09982968736
3804,CDS + 3'UTR,5,0.381368041,0.3026491785,0.2842477262,0.2929617671,0.2537755072,0.3050594127,0.08060871065,0.09932963941
3805,CDS + 3'UTR,5,0.2663086355,0.3023876049,0.3189579546,0.2927807657,0.3150978088,0.3054171285,0.09963557869,0.09941449827
3806,CDS + 3'UTR,5,0.2689475119,0.3009032566,0.2881035805,0.2926656915,0.3299009204,0.3064976137,0.1130479798,0.09993343437
3807,CDS + 3'UTR,5,0.3668163419,0.3020488776,0.2857187688,0.2925198754,0.2714828253,0.305766375,0.07598207891,0.0996648686
3808,CDS + 3'UTR,5,0.241738677,0.3028950218,0.3112097383,0.2920702117,0.3320176005,0.3054211371,0.1150339395,0.09961362649
3809,CDS + 3'UTR,5,0.2778669,0.3012646642,0.2902712226,0.2924503012,0.3285399675,0.3063477974,0.1033219248,0.09993723547
3810,CDS + 3'UTR,5,0.3360275328,0.302263131,0.2981902063,0.2922495788,0.272762835,0.3058430951,0.09301945567,0.09964419277
3811,CDS + 3'UTR,5,0.2814733386,0.3028138256,0.2786899507,0.2917865304,0.3316677213,0.3059524924,0.1081689,0.09944715053
3812,CDS + 3'UTR,5,0.2701508403,0.3021612572,0.2648079097,0.2921818571,0.348408401,0.3060477942,0.1166328192,0.09960908964
3813,CDS + 3'UTR,5,0.3237516582,0.3033730606,0.2736451626,0.2915860603,0.3033854067,0.3056319147,0.09921781719,0.09940896286
3814,CDS + 3'UTR,5,0.2761732042,0.3031899652,0.3068940043,0.2919552932,0.3219045401,0.3054180644,0.09502828866,0.09943667529
3815,CDS + 3'UTR,5,0.2633491158,0.3013116725,0.3121188283,0.2922664577,0.3110454082,0.3065922778,0.1134866923,0.09982958939
3816,CDS + 3'UTR,5,0.3997818828,0.3029872004,0.2635258734,0.2921643278,0.257517308,0.3057352196,0.07917485386,0.09911324941
3817,CDS + 3'UTR,5,0.2361554205,0.3032729678,0.3173572421,0.2917088659,0.3403782547,0.3059583042,0.1061090827,0.09905985808
3818,CDS + 3'UTR,5,0.288367033,0.3007212315,0.3026172519,0.2925434455,0.3040244579,0.3070096161,0.1049912721,0.09972570268
3819,CDS + 3'UTR,5,0.4493460655,0.3023181681,0.2373592556,0.2923033234,0.2539285719,0.3059497923,0.05936609954,0.0994287123
3820,CDS + 3'UTR,5,0.2768659592,0.3018206332,0.2776070237,0.2926790819,0.3350827396,0.3060299695,0.1104442328,0.09947031112
3821,CDS + 3'UTR,5,0.2436974347,0.2999208787,0.3392178118,0.2932070464,0.3097757697,0.3068235025,0.1073090062,0.1000485677
3822,CDS + 3'UTR,5,0.3941365778,0.3007455142,0.2617973983,0.2925561257,0.2631033957,0.3067069054,0.08096264303,0.09999144878
3823,CDS + 3'UTR,5,0.2719774544,0.3002255971,0.2986314297,0.2928986251,0.324901402,0.3066520549,0.1044897214,0.1002237173
3824,CDS + 3'UTR,5,0.2277483046,0.2984404506,0.3194484115,0.292694037,0.3403990269,0.3076482486,0.1124042869,0.1012172577
3825,CDS + 3'UTR,5,0.3529092968,0.2991591441,0.2793687284,0.2922092192,0.2841058671,0.3074952472,0.0836160928,0.1011363838
3826,CDS + 3'UTR,5,0.2677297294,0.2990290815,0.312214762,0.2926240481,0.3156161308,0.3071728192,0.1044393927,0.1011740459
3827,CDS + 3'UTR,5,0.2396251857,0.2970608434,0.2958945632,0.2928876095,0.3417109847,0.3082717266,0.1227692142,0.1017798152
3828,CDS + 3'UTR,5,0.3886981905,0.2983787736,0.2648146749,0.2925428148,0.2764604688,0.3076465447,0.07002670318,0.1014318619
3829,CDS + 3'UTR,5,0.2556946278,0.298461833,0.318816334,0.2922596648,0.3306261897,0.3079390284,0.09486279637,0.1013394696
3830,CDS + 3'UTR,5,0.2749373913,0.2971720653,0.3107872605,0.2923121516,0.3110834956,0.3085608777,0.1031918377,0.1019549014
3831,CDS + 3'UTR,5,0.4418963492,0.2986253953,0.2892695367,0.2921771314,0.2115229815,0.3076351032,0.05731112882,0.1015623661
3832,CDS + 3'UTR,5,0.2402023524,0.2991872588,0.338698566,0.291576872,0.3212196827,0.3075041566,0.09987933934,0.1017317085
3833,CDS + 3'UTR,5,0.2816641629,0.2977302294,0.2896571457,0.2918210045,0.313977927,0.3083485734,0.1147007793,0.1021001888
3834,CDS + 3'UTR,5,0.4144784808,0.2988504056,0.2580793798,0.2917267054,0.2512991428,0.3077152044,0.07614295185,0.1017076802
3835,CDS + 3'UTR,5,0.2125478685,0.2989809521,0.3023900986,0.291855019,0.3715927005,0.3075246423,0.1134693176,0.1016393822
3836,CDS + 3'UTR,5,0.24979119,0.2979696136,0.2892911434,0.2917117082,0.3465591967,0.3082523394,0.1143584847,0.1020663353
3837,CDS + 3'UTR,5,0.32413432,0.2992793571,0.2815274298,0.2919097833,0.3022678792,0.3073088471,0.09207034856,0.1015020096
3838,CDS + 3'UTR,5,0.3048634529,0.2994266532,0.2846738398,0.2919497497,0.2992198169,0.3070740197,0.1112428755,0.1015495741
3839,CDS + 3'UTR,5,0.2467997074,0.2981629429,0.3093684614,0.2922890034,0.3404429257,0.3076697428,0.1033889204,0.1018783071
3840,CDS + 3'UTR,5,0.3986427188,0.2990833456,0.2987472117,0.2926227663,0.2449331731,0.306871644,0.05767684057,0.1014222397
3841,CDS + 3'UTR,5,0.286361903,0.2973739749,0.3273148537,0.2932712153,0.2898002267,0.3075262845,0.09652300179,0.1018285215
3842,CDS + 3'UTR,5,0.3044505119,0.2951580312,0.2683097124,0.293250481,0.3131887317,0.3086908653,0.114051044,0.1029006187
3843,CDS + 3'UTR,5,0.3530743122,0.2945271157,0.2963439822,0.2938151874,0.2747544348,0.308593215,0.07582728565,0.1030644787
3844,CDS + 3'UTR,5,0.2193253338,0.2937684137,0.307384789,0.2943344407,0.3543992043,0.3085409503,0.1188906208,0.1033561923
3845,CDS + 3'UTR,5,0.290378809,0.2911806289,0.2728971839,0.2949094236,0.32233271,0.3097387128,0.1143912449,0.1041712316
3846,CDS + 3'UTR,5,0.3697712123,0.290749375,0.281067431,0.2951612581,0.2618207633,0.3098296195,0.08734063804,0.1042597448
3847,CDS + 3'UTR,5,0.2808906436,0.2896062518,0.2916455865,0.2960462451,0.3162788749,0.3100758173,0.1111848801,0.1042716823
3848,CDS + 3'UTR,5,0.2395730913,0.2868893573,0.3041370511,0.2970031921,0.3414761126,0.3110492788,0.1148138195,0.105058168
3849,CDS + 3'UTR,5,0.3718000948,0.2878238508,0.2791553438,0.2966711294,0.2694209516,0.3107534729,0.07962357998,0.1047515429
3850,CDS + 3'UTR,5,0.2873919606,0.2863651007,0.284950763,0.2973055877,0.3266280591,0.3111562327,0.1010292545,0.1051730745
3851,CDS + 3'UTR,5,0.2609243691,0.2847106026,0.3161599636,0.2975637384,0.3139215112,0.3119663469,0.1089941636,0.1057593073
3852,CDS + 3'UTR,5,0.3459709585,0.2858203268,0.2583557367,0.2976097573,0.3018369079,0.3110872015,0.09383641183,0.1054827104
3853,CDS + 3'UTR,5,0.2787323892,0.2845249487,0.3090902269,0.2985365734,0.2971998453,0.311319539,0.114977479,0.1056189354
3854,CDS + 3'UTR,5,0.2310778648,0.2824633148,0.2984385788,0.299738859,0.3524747193,0.3117302418,0.1180088148,0.1060675801
3855,CDS + 3'UTR,5,0.436663866,0.2826596916,0.259906441,0.2994188488,0.2414808273,0.3116306297,0.06194886565,0.1062908247
3856,CDS + 3'UTR,5,0.2511059642,0.28164586,0.3139177263,0.2997341335,0.3270384669,0.311929401,0.1079377756,0.1066906001
3857,CDS + 3'UTR,5,0.2247114182,0.2790352745,0.3163829446,0.3009410981,0.3360032439,0.3127512299,0.1229023784,0.1072723933
3858,CDS + 3'UTR,5,0.3749510944,0.2816401066,0.2764801979,0.3003769487,0.2636767626,0.3112264847,0.08489196748,0.1067564559
3859,CDS + 3'UTR,5,0.2192534506,0.2800263723,0.3370179236,0.3009352539,0.3271445632,0.3119592657,0.1165840253,0.1070791046
3860,CDS + 3'UTR,5,0.19540672,0.2763969349,0.3245758414,0.3018627267,0.3511198163,0.3134733411,0.1288976371,0.1082669936
3861,CDS + 3'UTR,5,0.3481326103,0.276585356,0.2608400583,0.3022548992,0.2871575952,0.3129027484,0.1038696766,0.1082569931
3862,CDS + 3'UTR,5,0.2135988176,0.2761545578,0.3018474877,0.3022911839,0.3390885592,0.3131856835,0.1454651356,0.1083685712
3863,CDS + 3'UTR,5,0.2251110077,0.2728690309,0.2879901528,0.3037910748,0.3316996992,0.3142790323,0.1551991403,0.1090608581
3864,CDS + 3'UTR,5,0.3569745421,0.2722853431,0.2573767304,0.3047703654,0.2780528069,0.3140518529,0.1075959355,0.1088924347
3865,CDS + 3'UTR,5,0.2566727996,0.2718907295,0.3088863492,0.3047564365,0.3149194419,0.314228194,0.1195214763,0.1091246358
3866,CDS + 3'UTR,5,0.23591277,0.2692775654,0.3110590577,0.3052144483,0.3364344239,0.3155208969,0.1165937632,0.1099870856
3867,CDS + 3'UTR,5,0.3961361945,0.2695568273,0.2803965509,0.3051813129,0.2486607134,0.3152382402,0.07480658591,0.1100236158
3868,CDS + 3'UTR,5,0.2431761771,0.2681187421,0.3096979558,0.3061984684,0.340696007,0.3155523771,0.10642986,0.1101304092
3869,CDS + 3'UTR,5,0.2653765678,0.265204181,0.2988304496,0.3070543356,0.3171440959,0.3166280048,0.118648909,0.1111134748
3870,CDS + 3'UTR,5,0.3733406961,0.2665077304,0.2816287875,0.3068641037,0.2636730671,0.3156430589,0.08135746419,0.1109851039
3871,CDS + 3'UTR,5,0.290343225,0.2651827076,0.278318435,0.3075011723,0.3089399636,0.3160569029,0.1223983616,0.111259215
3872,CDS + 3'UTR,5,0.2447499484,0.2617271533,0.3097111285,0.308289694,0.3388464153,0.3177480426,0.1066925302,0.112235108
3873,CDS + 3'UTR,5,0.3469468355,0.2627554569,0.2908582091,0.3075986359,0.2781479359,0.3173528008,0.08404699713,0.1122931047
3874,CDS + 3'UTR,5,0.2800967097,0.2614059512,0.2979139686,0.3077615883,0.3137037158,0.3181008507,0.1082856432,0.112731608
3875,CDS + 3'UTR,5,0.2730371356,0.2586190715,0.2732434869,0.3081459291,0.3318235874,0.3194515463,0.1218958274,0.1137834518
3876,CDS + 3'UTR,5,0.3796279132,0.2596891992,0.2797104418,0.3081474427,0.2633956075,0.3184698626,0.07726606727,0.1136934943
3877,CDS + 3'UTR,5,0.2521926761,0.2591077846,0.2932143211,0.3087145291,0.3341723979,0.3183374155,0.1204205975,0.1138402696
3878,CDS + 3'UTR,5,0.2488890141,0.2568584083,0.3202292919,0.3098371461,0.3134876192,0.318886536,0.117394045,0.1144179088
3879,CDS + 3'UTR,4,0.3459590673,0.2577772385,0.3126013279,0.3098265935,0.2662729323,0.3183873437,0.07516670227,0.1140088241
3880,CDS + 3'UTR,4,0.1883828044,0.2570834994,0.3138181865,0.3098401137,0.3588792384,0.318723543,0.1389197558,0.1143528439
3881,CDS + 3'UTR,4,0.198524639,0.2542904828,0.276316613,0.3101030815,0.3694007695,0.3202414921,0.1557580084,0.1153649445
3882,CDS + 3'UTR,4,0.2401191592,0.2540923402,0.324211657,0.3098089781,0.3211508393,0.3204338925,0.1145183444,0.1156647911
3883,CDS + 3'UTR,4,0.2396928668,0.2530689087,0.3005064428,0.3100444146,0.3337934315,0.3209765544,0.1260072589,0.115910125
3884,CDS + 3'UTR,4,0.1743452549,0.2507237643,0.3302463591,0.3107879288,0.3495965004,0.3217475364,0.1458118558,0.1167407729
3885,CDS + 3'UTR,4,0.2318083197,0.2509360321,0.339104712,0.3104554869,0.3223703504,0.3217613837,0.1067166403,0.1168471002
3886,CDS + 3'UTR,4,0.1774976552,0.2497314651,0.3589025438,0.3109939665,0.3495967388,0.3220414164,0.1140029728,0.1172331549
3887,CDS + 3'UTR,4,0.1494647861,0.2471342508,0.3622745275,0.3114233147,0.3493597507,0.3234988054,0.1389009356,0.1179436311
3888,CDS + 3'UTR,4,0.3164981604,0.2477585334,0.2846447229,0.311083569,0.308353126,0.3232566578,0.09050393105,0.1179012422
3889,CDS + 3'UTR,4,0.1611668915,0.2467975531,0.3410278857,0.3114553727,0.3607607484,0.3236683579,0.1370444596,0.1180787174
3890,CDS + 3'UTR,4,0.2036676854,0.2440615587,0.318842262,0.3122635152,0.3375719786,0.3248619745,0.139918074,0.1188129529
3891,CDS + 3'UTR,4,0.3702512681,0.2448883533,0.2823714614,0.3121102218,0.2613360882,0.3243987208,0.08604115248,0.1186027049
3892,CDS + 3'UTR,4,0.1665205956,0.2441450337,0.338953197,0.3121926326,0.3669953942,0.3248348033,0.1275308132,0.1188275309
3893,CDS + 3'UTR,4,0.158820942,0.2417901512,0.3698280156,0.3133907113,0.3362416327,0.325412097,0.1351093948,0.1194070406
3894,CDS + 3'UTR,4,0.2918833494,0.2425992485,0.2812931836,0.3130092967,0.3139355779,0.3252825433,0.1128878593,0.119108912
3895,CDS + 3'UTR,4,0.1822425872,0.2415887436,0.3373416066,0.3136619885,0.3349471092,0.3255699223,0.1454687268,0.1191793468
3896,CDS + 3'UTR,4,0.1909350455,0.2383720182,0.3600830436,0.3146697342,0.3232636154,0.3268467622,0.1257183105,0.1201114869
3897,CDS + 3'UTR,4,0.4445419908,0.2395093851,0.2722252905,0.3143441927,0.2183986455,0.3263977749,0.06483408809,0.1197486497
3898,CDS + 3'UTR,4,0.1592682898,0.2389086559,0.3472816646,0.314640858,0.3626469374,0.3266485943,0.1308031678,0.1198018947
3899,CDS + 3'UTR,4,0.1589910686,0.2366040077,0.3115570843,0.3150661401,0.3750545979,0.3278253315,0.1543972194,0.1205045229
3900,CDS + 3'UTR,4,0.291939646,0.2381537184,0.3089808226,0.3143333562,0.2894353271,0.3272944698,0.1096441895,0.120218458
3901,CDS + 3'UTR,4,0.209233582,0.2383358065,0.3421205878,0.3144238263,0.332410574,0.3270078631,0.1162352562,0.1202325054
3902,CDS + 3'UTR,4,0.1312944293,0.2362467149,0.381788671,0.3152298991,0.3505713046,0.3279547805,0.1363455951,0.1205686077
3903,CDS + 3'UTR,4,0.2252824306,0.2384417979,0.3769746721,0.3147964202,0.3067270517,0.3270913562,0.09101585299,0.1196704278
3904,CDS + 3'UTR,4,0.1961792111,0.238096082,0.3183341026,0.3150465786,0.3545063138,0.3274678325,0.1309803724,0.119389509
3905,CDS + 3'UTR,4,0.1438561678,0.2361329881,0.3160096705,0.316067921,0.3875221014,0.3282566501,0.1526120752,0.1195424436
3906,CDS + 3'UTR,4,0.2900706828,0.2373031465,0.3095639348,0.3154628474,0.2930035889,0.3280144321,0.1073618084,0.1192195764
3907,CDS + 3'UTR,4,0.1245783716,0.2366335539,0.3772670031,0.3158701021,0.3668419421,0.3282206105,0.1313126832,0.1192757355
3908,CDS + 3'UTR,4,0.1555332989,0.2339250954,0.3332840502,0.316480042,0.3625106812,0.3296151286,0.1486719549,0.1199797357
3909,CDS + 3'UTR,4,0.3599785864,0.2346840009,0.3035977781,0.3163472492,0.2518305182,0.3290535325,0.08459312469,0.1199152186
3910,CDS + 3'UTR,4,0.1689355671,0.2336696979,0.3617527485,0.316965751,0.3441910148,0.3294524537,0.1251207292,0.1199120991
3911,CDS + 3'UTR,4,0.1654520035,0.2310839195,0.3523512781,0.3177575383,0.3468141556,0.3306735119,0.1353825629,0.120485032
3912,CDS + 3'UTR,4,0.3224666417,0.2321910527,0.2834139168,0.3175831653,0.2896003425,0.3302034361,0.1045190766,0.1200223487
3913,CDS + 3'UTR,4,0.1737037003,0.2315933192,0.3026933372,0.31771366,0.3738219142,0.3304013254,0.1497810483,0.1202916979
3914,CDS + 3'UTR,4,0.1915281117,0.2296243405,0.2888266444,0.3179469518,0.359354794,0.3312828125,0.1602904499,0.1211458979
3915,CDS + 3'UTR,4,0.2981580794,0.230473697,0.3025111854,0.3174251035,0.293058008,0.3309158014,0.1062727198,0.1211854005
3916,CDS + 3'UTR,4,0.20327802,0.2295565089,0.3346580565,0.3181289181,0.335963428,0.3311248632,0.1261005104,0.1211897116
3917,CDS + 3'UTR,4,0.1441842169,0.2272774393,0.3713367879,0.3193298135,0.3461975157,0.331689612,0.1382814795,0.1217031363
3918,CDS + 3'UTR,4,0.3783698678,0.2288144885,0.2838296294,0.3189378932,0.2592844367,0.3310161153,0.07851610333,0.1212315037
3919,CDS + 3'UTR,4,0.1913005859,0.2278021149,0.3104500771,0.3194261566,0.367338866,0.3315217523,0.1309105009,0.1212499774
3920,CDS + 3'UTR,4,0.1752013862,0.225632662,0.3197846413,0.3197090473,0.3663690984,0.3326250276,0.138644889,0.1220332636
3921,CDS + 3'UTR,4,0.2705104947,0.2280836057,0.3037865758,0.3188675394,0.3051922619,0.3315804923,0.1205107346,0.1214683633
3922,CDS + 3'UTR,4,0.2225759923,0.2276226956,0.2871446311,0.3198217912,0.3566016853,0.331445845,0.1336777508,0.1211096685
3923,CDS + 3'UTR,4,0.1654627621,0.2268092446,0.3558251262,0.3203476647,0.3364329934,0.3316870904,0.1422791183,0.1211560009
3924,CDS + 3'UTR,4,0.2363067567,0.228982807,0.2807894349,0.3198070766,0.3555069864,0.3307880504,0.1273968071,0.1204220667
3925,CDS + 3'UTR,4,0.1940134466,0.2298162019,0.3159755468,0.3199355053,0.3447353244,0.3303872487,0.1452756226,0.1198610453
3926,CDS + 3'UTR,4,0.1619940698,0.229225694,0.315415293,0.3200489288,0.3784118891,0.3306669133,0.1441787332,0.1200584648
3927,CDS + 3'UTR,4,0.3308332562,0.2321105372,0.2644659281,0.3188864278,0.2969070673,0.329525465,0.1077937633,0.1194775717
3928,CDS + 3'UTR,4,0.1626946628,0.2323475583,0.3338813484,0.3188565345,0.3744121194,0.3296655623,0.1290118396,0.1191303468
3929,CDS + 3'UTR,4,0.1529205441,0.2307463432,0.3438067436,0.319309078,0.3649102747,0.3302210359,0.1383624226,0.1197235459
3930,CDS + 3'UTR,4,0.353535533,0.2327196162,0.2726872861,0.3185430599,0.2895677686,0.3294009881,0.08420941234,0.1193363388
3931,CDS + 3'UTR,4,0.2014587969,0.2328224586,0.3227528334,0.3184401879,0.3488081098,0.3297012972,0.1269802451,0.1190360592
3932,CDS + 3'UTR,4,0.1575803608,0.2304401198,0.3542020321,0.3193114253,0.3480204046,0.3307555838,0.1401971877,0.1194928745
3933,CDS + 3'UTR,4,0.3434601724,0.2321111368,0.2785770595,0.3185161395,0.2868355513,0.3300795784,0.09112718701,0.1192931489
3934,CDS + 3'UTR,4,0.1502374709,0.2326395247,0.3506539166,0.3181403911,0.3754650354,0.330179237,0.1236435995,0.1190408509
3935,CDS + 3'UTR,4,0.1793258339,0.2311060829,0.340526104,0.3187735768,0.3436280191,0.3308368081,0.1365200728,0.1192835363
3936,CDS + 3'UTR,4,0.3420953155,0.2326912131,0.2878744006,0.318156136,0.2911194861,0.3305015074,0.07891079783,0.118651147
3937,CDS + 3'UTR,4,0.1766530871,0.233319803,0.340116173,0.31789765,0.35606879,0.3304196885,0.1271619797,0.1183628617
3938,CDS + 3'UTR,4,0.1905792356,0.2296755802,0.3105027676,0.3191658409,0.3578157425,0.3319998499,0.1411022246,0.1191587312
3939,CDS + 3'UTR,4,0.3432303071,0.2328167133,0.2783952057,0.3180350432,0.2846756279,0.3306714807,0.09369883686,0.1184767643
3940,CDS + 3'UTR,4,0.2099737674,0.233347851,0.3318134546,0.3182852143,0.3281912804,0.3303775806,0.1300214231,0.1179893561
3941,CDS + 3'UTR,4,0.1810052842,0.2322571794,0.3253258765,0.3187613891,0.3629109859,0.3309036251,0.1307578683,0.1180778081
3942,CDS + 3'UTR,4,0.3892054558,0.2342265913,0.2671691775,0.3181089802,0.2700146139,0.3301130567,0.07361073792,0.1175513729
3943,CDS + 3'UTR,4,0.1974537373,0.2352849344,0.3080028296,0.3172956271,0.361817807,0.3301102635,0.1327256411,0.1173091762
3944,CDS + 3'UTR,4,0.199927032,0.2347010817,0.3390841186,0.316891993,0.3411582112,0.3306798313,0.1198306978,0.1177270947
3945,CDS + 3'UTR,4,0.3502854705,0.2371488575,0.2604804635,0.3163799969,0.2955420017,0.3295233708,0.09369210154,0.1169477754
3946,CDS + 3'UTR,4,0.1823453605,0.2384756513,0.3436394334,0.3161327874,0.3529286981,0.328893026,0.1210864931,0.1164985358
3947,CDS + 3'UTR,4,0.1794595122,0.2371504007,0.3291917443,0.3161075154,0.3602221608,0.3298918258,0.1311265975,0.1168502581
3948,CDS + 3'UTR,4,0.3038886189,0.2392948572,0.2990745306,0.3149329105,0.2957683206,0.3290949091,0.1012684926,0.1166773235
3949,CDS + 3'UTR,4,0.1842323244,0.2399513694,0.3483105898,0.3147747302,0.3490577936,0.3289989647,0.1183993518,0.1162749365
3950,CDS + 3'UTR,4,0.1664784253,0.2381907124,0.344971776,0.3147239497,0.3613577187,0.3302286755,0.1271920949,0.116856663
3951,CDS + 3'UTR,4,0.3789138794,0.2396196559,0.2643685937,0.3138968745,0.2713339031,0.3298701085,0.08538369834,0.1166133611
3952,CDS + 3'UTR,4,0.1969312727,0.2396661896,0.3201507032,0.313515876,0.3546775579,0.3303112902,0.1282404661,0.1165066441
3953,CDS + 3'UTR,4,0.1894285381,0.2386796214,0.3095215559,0.3136917142,0.3486669064,0.330872713,0.1523829997,0.1167559515
3954,CDS + 3'UTR,4,0.3480452299,0.241185433,0.2561661005,0.313384944,0.2843428254,0.3295449216,0.1114458516,0.1158847013
3955,CDS + 3'UTR,4,0.1996620893,0.2414592411,0.3295486569,0.3140948625,0.3485485315,0.3292597275,0.1222407147,0.1151861692
3956,CDS + 3'UTR,4,0.1973023415,0.2401550688,0.3757820725,0.3145241058,0.308575511,0.3299241006,0.1183400452,0.1153967259
3957,CDS + 3'UTR,4,0.3751566112,0.2419999151,0.2618606985,0.3137991348,0.28029266,0.3293598227,0.08268998563,0.1148411284
3958,CDS + 3'UTR,4,0.1678991318,0.2437729087,0.3592903614,0.312623558,0.3539385796,0.3291448336,0.1188719422,0.1144587002
3959,CDS + 3'UTR,4,0.1724028289,0.2412708294,0.3352325857,0.3138714688,0.3545349538,0.3299789373,0.1378296018,0.1148787641
3960,CDS + 3'UTR,4,0.3844583035,0.2444332013,0.2464975566,0.3132154802,0.2753164172,0.3282231353,0.09372773021,0.1141281821
3961,CDS + 3'UTR,4,0.1616518348,0.245700583,0.3526567519,0.3127665425,0.3586289883,0.3278675035,0.127062425,0.1136653697
3962,CDS + 3'UTR,4,0.1750430763,0.2441252746,0.3662815392,0.3150729852,0.3404504657,0.3273386482,0.1182249337,0.1134630893
3963,CDS + 3'UTR,4,0.4135778546,0.2465968627,0.2572593987,0.3147016721,0.2618702352,0.326077655,0.06729252636,0.1126238067
3964,CDS + 3'UTR,4,0.2410168499,0.2468640219,0.3405206501,0.3147399182,0.3175323606,0.3262250021,0.1009301394,0.112171054
3965,CDS + 3'UTR,4,0.1845676899,0.246779033,0.3481785953,0.3154751459,0.34474352,0.3256241601,0.1225102022,0.1121216571
3966,CDS + 3'UTR,4,0.4082851112,0.2495945809,0.2659024596,0.3147689437,0.2582808733,0.3245069671,0.06753152609,0.1111295055
3967,CDS + 3'UTR,4,0.168426469,0.2503747949,0.35988307,0.3148903066,0.3605675399,0.3241058871,0.1111229435,0.1106290092
3968,CDS + 3'UTR,4,0.188400954,0.2486175599,0.3208481967,0.315978664,0.3527910113,0.3247595262,0.1379598528,0.1106442476
3969,CDS + 3'UTR,4,0.3190287352,0.251706106,0.279746443,0.3150928805,0.2951569259,0.3232704889,0.1060678959,0.1099305222
3970,CDS + 3'UTR,4,0.2118950784,0.2533343447,0.3106124997,0.314250466,0.3615967035,0.3228864834,0.1158957034,0.1095287045
3971,CDS + 3'UTR,4,0.1796641648,0.2514068639,0.3520704508,0.3153138021,0.3456790149,0.3235092357,0.122586377,0.109770097
3972,CDS + 3'UTR,4,0.3002019525,0.2535386659,0.2753303349,0.3146760689,0.3129149675,0.322529541,0.1115527675,0.1092557231
3973,CDS + 3'UTR,4,0.201091975,0.2542365825,0.3397681415,0.3143305914,0.3442143202,0.3226080943,0.1149255559,0.1088247298
3974,CDS + 3'UTR,4,0.1692080051,0.2521139275,0.3319480419,0.3155187761,0.3665412664,0.3232616358,0.1323026866,0.1091056585
3975,CDS + 3'UTR,4,0.3090530038,0.2542615492,0.2879463434,0.3149357101,0.3081230521,0.3221951831,0.09487758577,0.1086075554
3976,CDS + 3'UTR,4,0.2412222326,0.2545445157,0.3394041657,0.3149987163,0.3167181015,0.3222521525,0.1026554853,0.1082046133
3977,CDS + 3'UTR,4,0.1530041695,0.2526723025,0.3736805618,0.3158499638,0.3448115587,0.3228347905,0.1285036504,0.1086429408
3978,CDS + 3'UTR,4,0.410558939,0.2542361436,0.2568178475,0.3153536068,0.256377399,0.3222293243,0.07624581456,0.1081809225
3979,CDS + 3'UTR,4,0.2014820874,0.2550198091,0.3315707743,0.3151945869,0.351542592,0.3219706293,0.1154045612,0.1078149727
3980,CDS + 3'UTR,4,0.2046859115,0.2537271129,0.3470748067,0.3157671785,0.3315188885,0.3225603215,0.1167203486,0.1079453851
3981,CDS + 3'UTR,4,0.3667865396,0.2562979765,0.28992787,0.3149263537,0.2691650987,0.3216058321,0.07412043959,0.1071698367
3982,CDS + 3'UTR,4,0.2159618735,0.2575069899,0.3167204261,0.3147654245,0.3503478467,0.321021276,0.1169698611,0.1067063082
3983,CDS + 3'UTR,4,0.1785742193,0.2552482178,0.3446839452,0.3157394605,0.3522924781,0.3218822595,0.124449335,0.1071300603
3984,CDS + 3'UTR,4,0.3920012712,0.2562876524,0.2773744166,0.3155069022,0.2619894743,0.3215078041,0.06863483042,0.1066976394
3985,CDS + 3'UTR,4,0.2499996722,0.2563289406,0.296232909,0.3156285962,0.3370945156,0.321519148,0.1166729033,0.1065233127
3986,CDS + 3'UTR,4,0.1840506345,0.2551812524,0.3075421751,0.31596871,0.3729075789,0.3220685489,0.1354995966,0.1067814854
3987,CDS + 3'UTR,4,0.2961348891,0.2574140346,0.2832986116,0.3152935131,0.3030886054,0.3210133068,0.1174779162,0.1062791423
3988,CDS + 3'UTR,4,0.2080542743,0.2580180475,0.3206296265,0.3154134749,0.3548351228,0.3206320655,0.1164809912,0.105936409
3989,CDS + 3'UTR,4,0.2191260308,0.2567899821,0.2995353341,0.3161204318,0.3502073884,0.3211869527,0.1311312467,0.1059026307
3990,CDS + 3'UTR,4,0.2832510471,0.2599293189,0.295586735,0.3146995259,0.3155056536,0.3200149063,0.1056565791,0.1053562456
3991,CDS + 3'UTR,4,0.169174701,0.2608854018,0.3218713999,0.3139675187,0.3821086884,0.3199759983,0.1268451959,0.105171078
3992,CDS + 3'UTR,4,0.2435411811,0.259348296,0.2974809706,0.3146635482,0.3345141709,0.320630775,0.12446367,0.1053573762
3993,CDS + 3'UTR,4,0.3741686344,0.2618234303,0.2781517208,0.3140445208,0.2675985992,0.3194925115,0.08008103818,0.104639533
3994,CDS + 3'UTR,4,0.213432759,0.2624224067,0.3456201255,0.3142826928,0.3365392685,0.3192788716,0.1044078767,0.104016024
3995,CDS + 3'UTR,4,0.1938242912,0.2610872211,0.3368506432,0.3152041035,0.3462078571,0.319724562,0.1231172532,0.1039841084
3996,CDS + 3'UTR,4,0.3508657217,0.2629344938,0.2766603827,0.3148246048,0.2908211946,0.3189003903,0.0816527158,0.1033405063
3997,CDS + 3'UTR,4,0.2860237062,0.2634238226,0.2772906423,0.3142289279,0.3289983869,0.3191011693,0.10768722,0.1032460753
3998,CDS + 3'UTR,4,0.1782035232,0.2614255909,0.383662492,0.3148349324,0.3260127306,0.3201192774,0.112121217,0.1036201953
3999,CDS + 3'UTR,4,0.4442903399,0.2635058705,0.2579709888,0.3144218629,0.2268747091,0.3189712197,0.07086393982,0.103101043
4000,CDS + 3'UTR,4,0.2765919268,0.26452609,0.2838696241,0.3142437981,0.3379185498,0.3185854834,0.1016198993,0.102644625
4001,CDS + 3'UTR,4,0.1444858164,0.2624677442,0.4883019924,0.3155011725,0.262883842,0.3192049518,0.1043283045,0.1028261282
4002,CDS + 3'UTR,4,0.4203030467,0.265893623,0.2574395835,0.3141915727,0.2557222247,0.317832377,0.06653513759,0.1020824242
4003,CDS + 3'UTR,4,0.1868354976,0.2666656872,0.3588848114,0.3137101311,0.3482207656,0.3176157,0.106058903,0.102008479
4004,CDS + 3'UTR,4,0.22950764,0.2652168507,0.339607656,0.3138544474,0.3074396253,0.3184580212,0.1234450564,0.1024706777
4005,CDS + 3'UTR,4,0.4192572832,0.267258428,0.2594793737,0.3128217701,0.2553598881,0.3178455284,0.06590349227,0.1020742706
4006,CDS + 3'UTR,4,0.2244111896,0.2676296685,0.3251243234,0.3127820943,0.3463254869,0.3178952636,0.10413903,0.1016929703
4007,CDS + 3'UTR,4,0.1902544498,0.2649231415,0.3515345156,0.3136240445,0.3491981924,0.3192713955,0.1090128347,0.1021814152
4008,CDS + 3'UTR,4,0.4097783566,0.2678421384,0.2630186677,0.3125870362,0.2552891374,0.3179896737,0.07191380858,0.1015811483
4009,CDS + 3'UTR,4,0.2831796408,0.268346254,0.2764135897,0.3123648193,0.3341898322,0.318019102,0.1062170118,0.1012698203
4010,CDS + 3'UTR,4,0.1993370652,0.2673328053,0.3577541709,0.3130360667,0.3393879533,0.3183929162,0.1035208106,0.1012382071
4011,CDS + 3'UTR,4,0.3720029593,0.2702443667,0.2717341781,0.3121161781,0.2704325318,0.3170203032,0.08583033085,0.1006191476
4012,CDS + 3'UTR,4,0.2134136856,0.2713666875,0.3265638351,0.3113352999,0.3543046713,0.3169540061,0.1057177261,0.1003440027
4013,CDS + 3'UTR,4,0.1736477762,0.2702778086,0.373631835,0.3123359498,0.3391188681,0.3171888465,0.1136014834,0.1001973911
4014,CDS + 3'UTR,4,0.3220472038,0.2723596994,0.3040086329,0.3117212817,0.2901488245,0.316219653,0.08379534632,0.09969936246
4015,CDS + 3'UTR,4,0.2019631565,0.2731224194,0.3455666006,0.3118674383,0.348185569,0.3156996233,0.1042847112,0.09931051573
4016,CDS + 3'UTR,4,0.1923182607,0.2718445122,0.3559741974,0.3121350445,0.3377305269,0.3163244048,0.1139769927,0.09969603522
4017,CDS + 3'UTR,4,0.3017603755,0.2729268119,0.3004076183,0.3116554037,0.3076314926,0.3158440234,0.0902005136,0.09957375806
4018,CDS + 3'UTR,4,0.2532724738,0.2742947605,0.2977811694,0.3104911957,0.3371201456,0.3157781245,0.111826241,0.09943591692
4019,CDS + 3'UTR,4,0.2398146093,0.2717633631,0.3242025375,0.3116850108,0.3318510056,0.3167404586,0.1041318327,0.09981116503
4020,CDS + 3'UTR,4,0.4156428576,0.2739039171,0.2645474672,0.3109145772,0.2518321276,0.3157936161,0.06797754765,0.09938788647
4021,CDS + 3'UTR,4,0.2777263522,0.2741430441,0.3124515414,0.3106554896,0.316146493,0.3158408968,0.09367559105,0.09936056705
4022,CDS + 3'UTR,4,0.2085036933,0.2717631435,0.3450920582,0.3118667077,0.3388932943,0.31665454,0.1075109094,0.09971560724
4023,CDS + 3'UTR,4,0.280608505,0.2750699999,0.2893981636,0.3109267808,0.3318613768,0.315047333,0.09813196212,0.09895588481
4024,CDS + 3'UTR,4,0.203230083,0.2759534966,0.3488196433,0.3107397661,0.3420657218,0.3146083817,0.1058845669,0.09869835456
4025,CDS + 3'UTR,4,0.2584704161,0.2736829322,0.2876895666,0.3117593337,0.3394940794,0.3154420007,0.1143459156,0.09911573217
4026,CDS + 3'UTR,4,0.3609679341,0.2755476005,0.2896236777,0.3115352932,0.2685093284,0.3144135483,0.08089904487,0.09850355736
4027,CDS + 3'UTR,4,0.2277805507,0.2765499054,0.3387886882,0.3114954885,0.3297228515,0.3137770951,0.1037079319,0.09817751083
4028,CDS + 3'UTR,4,0.2056433856,0.2756745329,0.3556310833,0.3124236662,0.340159297,0.3140051194,0.09856623411,0.0978966814
4029,CDS + 3'UTR,4,0.4353792667,0.2785411401,0.2346381247,0.3115578771,0.2552940845,0.3126928128,0.07468853891,0.09720816985
4030,CDS + 3'UTR,4,0.2429650575,0.2792276535,0.286411196,0.3116274595,0.3582450747,0.3122858271,0.1123786867,0.09685905976
4031,CDS + 3'UTR,4,0.2559454143,0.2786642406,0.3200509548,0.3116413198,0.3237160444,0.3128291819,0.1002875566,0.09686525716
4032,CDS + 3'UTR,4,0.3949420154,0.2803635303,0.2706285119,0.3115004595,0.2636164725,0.3118123848,0.07081300765,0.09632362546
4033,CDS + 3'UTR,4,0.2373466492,0.2806567095,0.3285753131,0.3119196948,0.3315757215,0.3114737481,0.102502279,0.09594984753
4034,CDS + 3'UTR,4,0.2412303835,0.2788228024,0.3298789561,0.3125654906,0.3199980557,0.3122750532,0.1088926047,0.09633665411
4035,CDS + 3'UTR,4,0.3474439085,0.281119059,0.2991887629,0.3118681896,0.2826147974,0.3111886745,0.07075254619,0.09582407633
4036,CDS + 3'UTR,4,0.2364486456,0.2818162519,0.3281279206,0.3118039608,0.3246378303,0.3108921817,0.1107855663,0.09548760401
4037,CDS + 3'UTR,4,0.2152980715,0.2800906062,0.3103410602,0.3126972027,0.3617413044,0.3114364864,0.1126195863,0.09577570288
4038,CDS + 3'UTR,4,0.3343214989,0.2817610592,0.3262448013,0.3124495868,0.2620939612,0.3105079683,0.07733976096,0.09528138461
4039,CDS + 3'UTR,4,0.2540203929,0.2825227583,0.3209874034,0.3118327226,0.3236760497,0.3105805503,0.1013161615,0.09506396763
4040,CDS + 3'UTR,4,0.2197906375,0.2793887947,0.3470875025,0.3130343173,0.3248738945,0.3121425355,0.1082479879,0.0954343521
4041,CDS + 3'UTR,4,0.4357221425,0.2809827559,0.2478887737,0.3127632063,0.248823002,0.3111854797,0.06756610423,0.09506855737
4042,CDS + 3'UTR,4,0.2368082106,0.2818308394,0.3277662098,0.3111485489,0.3231163025,0.3119346349,0.1123093143,0.09508597683
4043,CDS + 3'UTR,4,0.2976709306,0.2794682264,0.2688046992,0.3119466547,0.3292559385,0.3130207973,0.1042684242,0.09556432227
4044,CDS + 3'UTR,4,0.4043430388,0.2823452637,0.2579064667,0.3108597361,0.2685329318,0.3117876943,0.06921757013,0.0950073068
4045,CDS + 3'UTR,4,0.2142669261,0.2826190783,0.3450045288,0.3104516864,0.3487223387,0.3121760737,0.09200617671,0.09475316275
4046,CDS + 3'UTR,4,0.191762954,0.2801814742,0.3332584798,0.3111309577,0.3683714271,0.3134013679,0.1066071168,0.09528620038
4047,CDS + 3'UTR,4,0.4019462168,0.2814481549,0.2769224048,0.3110979557,0.2580297887,0.3124336783,0.06310159713,0.09502021121
4048,CDS + 3'UTR,4,0.2287302017,0.2825803041,0.3030708432,0.3111622956,0.3551452756,0.3115504775,0.1130536124,0.09470692305
4049,CDS + 3'UTR,4,0.2379528433,0.2797830053,0.3334462345,0.3118845697,0.3250620663,0.3130396094,0.103538841,0.09529281622
4050,CDS + 3'UTR,4,0.4448199868,0.2798200082,0.2370214164,0.3127675828,0.2517876625,0.312332774,0.0663709417,0.09507963462
4051,CDS + 3'UTR,4,0.2694498301,0.2803447334,0.2896001935,0.312944638,0.3403752446,0.3117987461,0.100574784,0.09491188228
4052,CDS + 3'UTR,4,0.2130916417,0.2781231351,0.3553823233,0.3137890812,0.3317022026,0.3129080385,0.09982383996,0.095179745
4053,CDS + 3'UTR,4,0.3676432371,0.2796949726,0.290594697,0.3137087084,0.2666788399,0.3118634801,0.07508326322,0.09473283952
4054,CDS + 3'UTR,4,0.2302256078,0.2807933478,0.3436405659,0.3130601514,0.3249388933,0.3115223579,0.101194948,0.0946241444
4055,CDS + 3'UTR,4,0.2068204284,0.2792039558,0.3093548417,0.3137584638,0.3581055701,0.3122474302,0.1257191449,0.09479015181
4056,CDS + 3'UTR,4,0.3278062046,0.2815189008,0.3010329008,0.3132081427,0.2782875896,0.3109744221,0.09287331253,0.09429853614
4057,CDS + 3'UTR,4,0.2624400556,0.2825066678,0.2805439234,0.3131602708,0.3395396471,0.3104188491,0.117476359,0.09391421443
4058,CDS + 3'UTR,4,0.2080471516,0.2812156871,0.3523230553,0.3138404496,0.3333641291,0.3108070303,0.1062656641,0.09413683498
4059,CDS + 3'UTR,4,0.3727264106,0.2828960486,0.2699360847,0.3136764936,0.2757951915,0.3097571477,0.08154227585,0.09367031176
4060,CDS + 3'UTR,4,0.223816067,0.2827517262,0.3263477981,0.3137306895,0.3353013396,0.3098711252,0.1145347953,0.09364646133
4061,CDS + 3'UTR,4,0.1763944924,0.2800460698,0.3868253231,0.3141283888,0.3342565596,0.3115574747,0.1025236547,0.09426806858
4062,CDS + 3'UTR,4,0.4805103838,0.2804966437,0.2415262759,0.3142303709,0.2217712849,0.3110650949,0.05619206652,0.09420789285
4063,CDS + 3'UTR,4,0.2492539585,0.281443028,0.3297227621,0.3137057789,0.3171763718,0.3106970683,0.1038469151,0.09415412741
4064,CDS + 3'UTR,4,0.2103561163,0.2805376461,0.3589398265,0.3139591679,0.3286789954,0.3110001512,0.1020250395,0.0945030367
4065,CDS + 3'UTR,4,0.3991731405,0.2812629474,0.2783096731,0.3135961615,0.2548183203,0.3106876813,0.06769891828,0.09445321169
4066,CDS + 3'UTR,4,0.2642350197,0.281284195,0.3043577969,0.3144550283,0.3219913244,0.3101389024,0.1094158739,0.09412187655
4067,CDS + 3'UTR,4,0.226105094,0.2788269553,0.3575528264,0.3154442683,0.3213305473,0.3112909749,0.09501156211,0.09443780426
4068,CDS + 3'UTR,4,0.4373828471,0.2800780751,0.2513664961,0.3149678249,0.249850601,0.3107461471,0.06140006706,0.09420795515
4069,CDS + 3'UTR,4,0.2740471065,0.2805111241,0.3051019311,0.314958087,0.31764853,0.3103720397,0.1032024398,0.09415875161
4070,CDS + 3'UTR,4,0.2381780148,0.2774511743,0.2966955602,0.31638407,0.3589740396,0.3116152268,0.1061523706,0.09454953158
4071,CDS + 3'UTR,4,0.3051178753,0.2786128467,0.3106025755,0.3167029757,0.3007649183,0.3105203826,0.0835146606,0.09416379677
4072,CDS + 3'UTR,4,0.2669955194,0.278451523,0.331019789,0.3167746514,0.307423234,0.3105859529,0.09456143528,0.09418787435
4073,CDS + 3'UTR,4,0.227456063,0.2763021132,0.3298153877,0.3174669802,0.3317030072,0.3116073929,0.1110255644,0.09462351482
4074,CDS + 3'UTR,4,0.3971332908,0.2776376707,0.2898360491,0.3173090599,0.249628976,0.31068363,0.06340165436,0.09436964113
4075,CDS + 3'UTR,4,0.249599725,0.2784919154,0.3317123353,0.3164978992,0.3224884272,0.3105872378,0.09619946778,0.09442294911
4076,CDS + 3'UTR,4,0.2128140628,0.2777364388,0.3481197357,0.3162323248,0.3343655765,0.3111821972,0.1047006249,0.09484904064
4077,CDS + 3'UTR,4,0.4196599424,0.2787312396,0.2574813664,0.3159619294,0.2547169328,0.3106797844,0.06814175844,0.09462704826
4078,CDS + 3'UTR,4,0.2391394526,0.2794483026,0.3343133628,0.3162505161,0.3318192959,0.3099629972,0.0947278589,0.09433818543
4079,CDS + 3'UTR,4,0.1935732514,0.2781075697,0.3540985584,0.3162325568,0.3518335223,0.3109447688,0.1004946977,0.09471510639
4080,CDS + 3'UTR,4,0.4041088223,0.2791610345,0.2621807456,0.3160232075,0.2613540888,0.3103002019,0.07235632092,0.09451555759
4081,CDS + 3'UTR,4,0.212332502,0.2796802435,0.3591293991,0.3158130288,0.3228162527,0.3101047892,0.1057218611,0.0944019394
4082,CDS + 3'UTR,4,0.2312940061,0.2765122017,0.3212880492,0.3170294341,0.342615217,0.311600847,0.1048027724,0.09485751763
4083,CDS + 3'UTR,4,0.4169984758,0.2782146694,0.2719313204,0.3167835601,0.2495725304,0.3107607165,0.06149766594,0.09424105352
4084,CDS + 3'UTR,4,0.2514128089,0.277885888,0.3069636822,0.3173096914,0.3385099769,0.3106746478,0.1031135321,0.09412977314
4085,CDS + 3'UTR,4,0.2242489606,0.2755053757,0.3138210773,0.3186476339,0.3533834219,0.3114240622,0.1085465029,0.09442292871
4086,CDS + 3'UTR,4,0.3257456422,0.2782154953,0.3224841654,0.3177489899,0.2689103186,0.3100755699,0.08285989612,0.093959946
4087,CDS + 3'UTR,4,0.2808263898,0.279186794,0.3566817045,0.3176844966,0.2785421312,0.3092289757,0.08394978195,0.09389973562
4088,CDS + 3'UTR,4,0.1859944463,0.2776977381,0.3208006024,0.3175349176,0.3744196892,0.3101347268,0.1187852621,0.09463261878
4089,CDS + 3'UTR,4,0.2861398757,0.2791983237,0.3470546305,0.3177294254,0.2776429951,0.3089582682,0.08916248381,0.09411398442
4090,CDS + 3'UTR,4,0.2413150817,0.2787287485,0.3719185889,0.3177931067,0.2966657281,0.3092851821,0.09010062367,0.09419296524
4091,CDS + 3'UTR,4,0.1942750961,0.2764226235,0.3392896354,0.3185884248,0.3591759205,0.310183588,0.107259348,0.09480536589
4092,CDS + 3'UTR,4,0.3391606808,0.2780784968,0.3201340139,0.3181719597,0.2707400024,0.3092784662,0.06996528804,0.09447107892
4093,CDS + 3'UTR,4,0.2615177929,0.2787210241,0.3217472732,0.3175162364,0.3118290901,0.309142898,0.1049058735,0.09461984318
4094,CDS + 3'UTR,4,0.1948958486,0.2770047668,0.3598736227,0.318435191,0.3481546044,0.309530431,0.09707593918,0.09502961198
4095,CDS + 3'UTR,4,0.3871587515,0.2788529588,0.3015409112,0.317608064,0.246344924,0.3088291377,0.06495545805,0.09470983995
4096,CDS + 3'UTR,4,0.2713396251,0.2790169707,0.3521444499,0.3177017119,0.2932846844,0.3087849319,0.08323125541,0.09449638641
4097,CDS + 3'UTR,4,0.1984819174,0.2777657447,0.3548219204,0.3181437414,0.3386859894,0.3094749805,0.1080101579,0.09461553376
4098,CDS + 3'UTR,4,0.3877013922,0.2792895408,0.2846646905,0.3177854229,0.2531295419,0.3087648679,0.07450438291,0.09416016908
4099,CDS + 3'UTR,4,0.2282688171,0.2807933031,0.3285382092,0.3167563837,0.3409692049,0.3083293166,0.1022237986,0.09412099756
4100,CDS + 3'UTR,4,0.1991903484,0.2785160933,0.2963634133,0.3179455444,0.3867400885,0.3092248946,0.1177061275,0.09431346916
4101,CDS + 3'UTR,4,0.3137722611,0.2810957447,0.320610106,0.3170011345,0.2767561078,0.3081950285,0.08886153251,0.09370809337
4102,CDS + 3'UTR,4,0.284214437,0.2823539253,0.303124696,0.315793376,0.3094511628,0.3081927989,0.1032096744,0.09365990022
4103,CDS + 3'UTR,4,0.208177954,0.2786869248,0.309669286,0.3175789382,0.3561080098,0.3094495011,0.1260447055,0.0942846362
4104,CDS + 3'UTR,4,0.2612541914,0.2808228245,0.3197791278,0.3169671375,0.3170681298,0.3085029837,0.1018985659,0.09370705481
4105,CDS + 3'UTR,4,0.2601702213,0.2807927242,0.3563989103,0.3168056689,0.2955917716,0.3086456507,0.08783910424,0.09375595707
4106,CDS + 3'UTR,4,0.1643887609,0.2792768357,0.3687628806,0.3166385293,0.3606751263,0.3095790505,0.106173262,0.0945055841
4107,CDS + 3'UTR,4,0.3278701305,0.2801887846,0.3006732166,0.3163875688,0.2861366272,0.3091530424,0.08532000333,0.09427060359
4108,CDS + 3'UTR,4,0.2402873039,0.2799331078,0.3548520505,0.3159249295,0.3102307022,0.3095785007,0.09462995082,0.0945634604
4109,CDS + 3'UTR,4,0.1905832887,0.2784124335,0.3487167656,0.3160975475,0.3547490537,0.3102058552,0.1059509367,0.09528416209
4110,CDS + 3'UTR,4,0.3358988464,0.2792058693,0.3119236529,0.3158266921,0.2706575394,0.3098020636,0.08151990175,0.09516537394
4111,CDS + 3'UTR,4,0.2430395186,0.279453058,0.3257850111,0.3161346182,0.3289616704,0.3092407934,0.1022137627,0.09517152961
4112,CDS + 3'UTR,4,0.2229892313,0.2784195732,0.3260148168,0.3162741043,0.3453316689,0.3097251128,0.1056642458,0.09558120817
4113,CDS + 3'UTR,4,0.3441912532,0.2801128902,0.3159416914,0.3152428158,0.2576746941,0.3092194609,0.08219238371,0.09542483231
4114,CDS + 3'UTR,4,0.3095699549,0.2801758822,0.2649860978,0.3150224302,0.312286675,0.3093416609,0.1131572425,0.0954600255
4115,CDS + 3'UTR,4,0.2870057821,0.2779289762,0.2779428065,0.3156825032,0.33021155,0.3103452114,0.1048398688,0.09604330882
4116,CDS + 3'UTR,4,0.3160327077,0.279874537,0.3064962924,0.314853387,0.284444809,0.3095065387,0.0930261761,0.09576553712
4117,CDS + 3'UTR,4,0.2726631165,0.2804699967,0.3334279954,0.3142432902,0.3043983281,0.3093709121,0.08951056004,0.0959158008
4118,CDS + 3'UTR,4,0.2270628661,0.2784229646,0.3248080611,0.3157276977,0.3406356871,0.3094546141,0.1074934378,0.09639472319
4119,CDS + 3'UTR,4,0.3382975757,0.280152797,0.3042394519,0.3149816673,0.2721107006,0.3086957457,0.08535225689,0.09616979053
4120,CDS + 3'UTR,4,0.2613273561,0.2803278884,0.330273211,0.3148894969,0.3092408776,0.3084491471,0.09915853292,0.09633346796
4121,CDS + 3'UTR,4,0.182278797,0.2780880285,0.3452011943,0.3160876945,0.3685076237,0.3090626201,0.1040123627,0.09676165814
4122,CDS + 3'UTR,4,0.3730056286,0.2807939056,0.3080962896,0.3150805574,0.2559058666,0.3079221072,0.06299218535,0.09620343121
4123,CDS + 3'UTR,4,0.2713684142,0.280931396,0.3108952045,0.3147881839,0.3223704398,0.3079920506,0.09536599368,0.09628837062
4124,CDS + 3'UTR,4,0.2139020562,0.2785099953,0.3649418652,0.3148863934,0.3284860849,0.3095251478,0.09267001599,0.0970784652
4125,CDS + 3'UTR,4,0.4310764968,0.2793484356,0.2731130123,0.3150912087,0.2408429533,0.3087458286,0.05496755987,0.09681452885
4126,CDS + 3'UTR,4,0.2694668472,0.2795359652,0.3280990124,0.3152596857,0.3006438911,0.3082464434,0.1017902866,0.09695790857
4127,CDS + 3'UTR,4,0.2828217447,0.2783256756,0.2649560869,0.3150740907,0.3304898739,0.3092050802,0.1217322499,0.0973951567
4128,CDS + 3'UTR,4,0.3487770557,0.2806394717,0.3186314702,0.3140328016,0.2610285878,0.3082845975,0.07156286389,0.09704313236
4129,CDS + 3'UTR,4,0.2003868222,0.2813793262,0.3385407329,0.3141146667,0.3512151837,0.3075579185,0.1098573059,0.09694809136
4130,CDS + 3'UTR,4,0.2603299916,0.280321778,0.3006468713,0.3140430223,0.3236601353,0.3084292915,0.1153629944,0.09720591134
4131,CDS + 3'UTR,4,0.4019196928,0.2823272059,0.2562829852,0.3130485456,0.2679654956,0.3077561446,0.07383182645,0.09686810724
4132,CDS + 3'UTR,4,0.2644938231,0.2829830006,0.3029244542,0.3128341913,0.32085675,0.3073320653,0.1117249802,0.09685074617
4133,CDS + 3'UTR,4,0.2303426564,0.2813388642,0.3641110659,0.3133818381,0.2976814806,0.3078760296,0.1078647673,0.09740327154
4134,CDS + 3'UTR,4,0.3780809641,0.2825482782,0.2774704099,0.3134304155,0.2688354254,0.3071378432,0.07561318576,0.0968834667
4135,CDS + 3'UTR,4,0.2199413776,0.2835037345,0.3168466687,0.3126002632,0.3545691073,0.3068142891,0.1086428612,0.09708171659
4136,CDS + 3'UTR,4,0.2277081311,0.2810371825,0.3363952637,0.3131615352,0.3334914744,0.3079721887,0.1024051011,0.09782909662
4137,CDS + 3'UTR,4,0.3843437433,0.2814370116,0.2518784404,0.3128142405,0.282730639,0.3077819604,0.08104718477,0.09796679006
4138,CDS + 3'UTR,4,0.32834813,0.2821514314,0.2699999213,0.3117806714,0.2985200286,0.3079793889,0.1031319425,0.0980885115
4139,CDS + 3'UTR,4,0.1905496269,0.2800404167,0.3650689423,0.3120684475,0.3474414349,0.3092709951,0.09694000334,0.09862014367
4140,CDS + 3'UTR,4,0.430188179,0.2808464594,0.2507950068,0.3117851172,0.2529120445,0.3087152909,0.06610473245,0.09865313559
4141,CDS + 3'UTR,4,0.2770489454,0.2814786483,0.2902046442,0.3122957673,0.3340781927,0.3076520611,0.09866820276,0.09857352641
4142,CDS + 3'UTR,4,0.1871503443,0.2806620624,0.3843712509,0.3119632199,0.3223074675,0.3083962269,0.1061709449,0.09897849387
4143,CDS + 3'UTR,4,0.4201259315,0.2821207859,0.2807787061,0.3118112646,0.2414549738,0.3075515967,0.05764040351,0.09851635625
4144,CDS + 3'UTR,4,0.2079480886,0.2820122935,0.3460223377,0.312281907,0.340092361,0.3071825705,0.1059372202,0.09852323201
4145,CDS + 3'UTR,4,0.2779020667,0.2816154022,0.2649385035,0.3122267343,0.329490304,0.3074761171,0.1276690811,0.09868174898
4146,CDS + 3'UTR,4,0.3371909261,0.283290666,0.2842809558,0.3112544205,0.28791067,0.3068906469,0.09061743319,0.09856426897
4147,CDS + 3'UTR,4,0.2056509554,0.2844686596,0.3205416799,0.3104742043,0.3553672135,0.3063824223,0.1184401065,0.0986747161
4148,CDS + 3'UTR,4,0.3157289028,0.2822085878,0.2651759386,0.311493941,0.3000389636,0.3072230062,0.1190562025,0.09907446797
4149,CDS + 3'UTR,4,0.3375219703,0.283660925,0.283433497,0.3108587626,0.2853451967,0.3066012966,0.09369938821,0.09887901857
4150,CDS + 3'UTR,4,0.2579531074,0.283674404,0.3213296533,0.3108852938,0.3140724301,0.3064980237,0.1066448241,0.09894228107
4151,CDS + 3'UTR,4,0.2224390954,0.2826823432,0.3217614591,0.3105664749,0.3395104706,0.3073168589,0.1162889451,0.09943432608
4152,CDS + 3'UTR,4,0.4024608731,0.2835973661,0.2485167086,0.3103124935,0.2669710815,0.3068173977,0.08205136657,0.09927274673
4153,CDS + 3'UTR,4,0.2324954271,0.2834674899,0.3121845424,0.3101078898,0.3414790034,0.3069923641,0.1138410196,0.09943226115
4154,CDS + 3'UTR,4,0.2173808068,0.2822405264,0.34264189,0.3098239869,0.3299130201,0.3080832852,0.1100643203,0.0998522067
4155,CDS + 3'UTR,4,0.4052445889,0.2821023658,0.2653830349,0.3102651924,0.2553946078,0.3079224704,0.07397773117,0.0997099766
4156,CDS + 3'UTR,4,0.26045084,0.2818556756,0.2993119955,0.3101088289,0.323515445,0.3082545424,0.1167217195,0.09978095866
4157,CDS + 3'UTR,4,0.255897373,0.2806727752,0.3762339652,0.3100838624,0.2614130974,0.3091174169,0.1064555496,0.1001259512
4158,CDS + 3'UTR,4,0.3775260448,0.2814070433,0.274630934,0.3100842942,0.2711098194,0.3085149279,0.07673324645,0.09999374016
4159,CDS + 3'UTR,4,0.2075805664,0.2822601331,0.3467249274,0.3092726994,0.3321056366,0.3085166393,0.1135888919,0.09995053303
4160,CDS + 3'UTR,4,0.2249200344,0.2806326626,0.3580365479,0.3097567935,0.3104319274,0.309316442,0.106611535,0.1002941071
4161,CDS + 3'UTR,4,0.428802669,0.2817846792,0.2785584331,0.3089782998,0.2315752208,0.3090023724,0.06106370687,0.1002346535
4162,CDS + 3'UTR,4,0.2422932386,0.2821254615,0.2978981733,0.3092881482,0.3482106924,0.3084037768,0.1115979254,0.1001826185
4163,CDS + 3'UTR,4,0.2232864201,0.2801436489,0.2797880769,0.3096600402,0.3722203076,0.3094620032,0.1247052327,0.1007343135
4164,CDS + 3'UTR,4,0.3184880316,0.2814895371,0.3233489096,0.309411433,0.2761644423,0.3086945934,0.08199862391,0.1004044416
4165,CDS + 3'UTR,4,0.2392513305,0.2810860891,0.3272992373,0.3092198096,0.3134326041,0.3090898784,0.1200168803,0.1006042274
4166,CDS + 3'UTR,4,0.2289224714,0.2791467529,0.307636559,0.3091753244,0.3456012607,0.3101958696,0.1178397462,0.1014820577
4167,CDS + 3'UTR,4,0.4659300745,0.279784932,0.2733785808,0.3090817776,0.2049035132,0.3097904664,0.05578783527,0.1013428282
4168,CDS + 3'UTR,4,0.2451828122,0.2793126483,0.3273498118,0.3097485989,0.3162853718,0.3098159965,0.1111819819,0.1011227604
4169,CDS + 3'UTR,4,0.2015360147,0.2772275032,0.3413230777,0.311022893,0.3473528326,0.310215636,0.1097880825,0.1015339722
4170,CDS + 3'UTR,4,0.4017493129,0.2796527123,0.2923604548,0.3101127464,0.2428139746,0.3091463663,0.06307629496,0.1010881787
4171,CDS + 3'UTR,4,0.2467386723,0.2791643659,0.3221412897,0.3105521917,0.3252495825,0.3093739346,0.105870463,0.1009095113
4172,CDS + 3'UTR,4,0.20762977,0.2768783707,0.3639457524,0.3112804174,0.3142571449,0.3104054775,0.1141673177,0.1014357378
4173,CDS + 3'UTR,4,0.3582709134,0.2777513284,0.3256334662,0.3114288852,0.252774179,0.3097456984,0.06332148612,0.1010740917
4174,CDS + 3'UTR,4,0.2713323534,0.27799282,0.293461442,0.3108830445,0.3222702742,0.3101940259,0.1129359305,0.1009301135
4175,CDS + 3'UTR,4,0.1898345947,0.2761097834,0.3464426696,0.3111894045,0.3389768898,0.3113001317,0.1247458607,0.1014006851
4176,CDS + 3'UTR,4,0.3033259511,0.2778627746,0.3243608773,0.3109142609,0.2780664265,0.3101377461,0.09424673021,0.1010852227
4177,CDS + 3'UTR,4,0.2556355,0.2791367922,0.2721363902,0.3103819832,0.3544802666,0.3096126225,0.1177478731,0.1008686066
4178,CDS + 3'UTR,4,0.2188202143,0.2771055287,0.3076867759,0.3116476346,0.3564580381,0.3101333462,0.1170349568,0.1011134951
4179,CDS + 3'UTR,4,0.2927522361,0.277542212,0.3058717847,0.312025122,0.296512872,0.3096276365,0.1048631519,0.1008050339
4180,CDS + 3'UTR,4,0.2497654557,0.2781076044,0.3372154236,0.3117491748,0.3016816974,0.3094070811,0.1113373935,0.100736144
4181,CDS + 3'UTR,4,0.2484453917,0.2758165432,0.2940063179,0.3125450764,0.336289376,0.3104062937,0.1212589294,0.1012320911
4182,CDS + 3'UTR,4,0.4009123147,0.2762326768,0.2909682691,0.3130021706,0.2418807447,0.3097932186,0.06623866409,0.1009719387
4183,CDS + 3'UTR,4,0.199498564,0.2769092137,0.3473206758,0.312171568,0.3265859187,0.3100016009,0.126594767,0.1009176217
4184,CDS + 3'UTR,4,0.2295028865,0.2745099865,0.3153653145,0.3127463739,0.3405518532,0.3111179067,0.1145799235,0.101625737
4185,CDS + 3'UTR,4,0.3941913247,0.2771358658,0.2786138058,0.311682013,0.2487541586,0.3099683227,0.07844070345,0.1012138022
4186,CDS + 3'UTR,4,0.2586282492,0.2772277247,0.306345582,0.3119141527,0.320017159,0.3098984102,0.1150090322,0.1009597164
4187,CDS + 3'UTR,4,0.1470643878,0.2757738832,0.3822521567,0.3124187853,0.3533833325,0.3105782045,0.1173001528,0.1012291308
4188,CDS + 3'UTR,4,0.3564742804,0.2776603308,0.3040377796,0.3119612578,0.2604939342,0.3096205393,0.07899399847,0.1007578768
4189,CDS + 3'UTR,4,0.1916616112,0.2770063795,0.3508392572,0.3126562133,0.3464872241,0.3098677715,0.1110119373,0.10046964
4190,CDS + 3'UTR,4,0.2565339804,0.2752512626,0.2864181399,0.3136245862,0.3361643553,0.3106045576,0.1208835021,0.1005195975
4191,CDS + 3'UTR,4,0.3162413538,0.2766790435,0.3054665029,0.3131873325,0.2890047729,0.3100534996,0.08928741515,0.1000801276
4192,CDS + 3'UTR,4,0.2125991285,0.2771746239,0.309646517,0.3132378861,0.3593289852,0.3097925311,0.1184253991,0.09979496258
4193,CDS + 3'UTR,4,0.2460341752,0.2750221997,0.2932294607,0.3141616326,0.3449483812,0.3108072067,0.1157880276,0.1000089642
4194,CDS + 3'UTR,4,0.298517108,0.2777097672,0.3002825379,0.313499926,0.2994214892,0.3094973657,0.1017788351,0.09929294395
4195,CDS + 3'UTR,4,0.267270565,0.2783564622,0.2654337287,0.3131728563,0.3567773104,0.3093106646,0.1105184332,0.09916001917
4196,CDS + 3'UTR,4,0.2214006782,0.2759382321,0.3044989705,0.3141256135,0.353474766,0.3104255829,0.1206255779,0.09951057457
4197,CDS + 3'UTR,4,0.3314045668,0.2779552126,0.3334625363,0.3140307918,0.2561992109,0.3092349755,0.07893367857,0.09877902311
4198,CDS + 3'UTR,4,0.2953100502,0.2778421728,0.2598804832,0.3133211251,0.340772599,0.3100686861,0.1040368676,0.09876801879
4199,CDS + 3'UTR,4,0.2080999315,0.275944715,0.3429669738,0.3145993523,0.3360949159,0.3105278293,0.1128381789,0.09892810551
4200,CDS + 3'UTR,4,0.3534886837,0.2784681454,0.2679937184,0.3135393672,0.2841153145,0.3096394604,0.09440224618,0.09835302881
4201,CDS + 3'UTR,4,0.2095413804,0.2787657533,0.3699890673,0.3133676153,0.3206199706,0.3095413523,0.09984956682,0.09832528005
4202,CDS + 3'UTR,4,0.2144606262,0.2761272946,0.3378476501,0.3142257143,0.3405639827,0.3107441245,0.1071277857,0.09890286741
4203,CDS + 3'UTR,4,0.3790394664,0.2781204196,0.2910066247,0.3142521195,0.2609776556,0.3094044581,0.06897623837,0.09822300277
4204,CDS + 3'UTR,4,0.1816262156,0.278361888,0.3496119976,0.3149803899,0.3601088822,0.3086427107,0.1086528823,0.09801501087
4205,CDS + 3'UTR,4,0.2759296,0.2765454279,0.2695541978,0.3154053606,0.3293222487,0.3096169543,0.1251939833,0.09843225735
4206,CDS + 3'UTR,4,0.3205211759,0.2788927637,0.3206152618,0.3149873223,0.268211633,0.3085362632,0.09065192193,0.09758365029
4207,CDS + 3'UTR,4,0.2450390458,0.2795225928,0.3183017969,0.3154886771,0.3325322866,0.3077302326,0.1041268334,0.09725849633
4208,CDS + 3'UTR,4,0.1819654554,0.2768998189,0.4205749929,0.3155104853,0.2929997444,0.3095559787,0.1044598073,0.09803371588
4209,CDS + 3'UTR,4,0.394403547,0.2774454812,0.2657290101,0.3161202155,0.2656736076,0.3088138741,0.07419382036,0.09762042854
4210,CDS + 3'UTR,4,0.2212622762,0.2779394038,0.3358024955,0.3159943104,0.3418655992,0.3085458644,0.1010696068,0.09752042135
4211,CDS + 3'UTR,4,0.2190400809,0.2756954595,0.3145410419,0.317267435,0.3504889309,0.3091020405,0.1159299463,0.09793506432
4212,CDS + 3'UTR,4,0.3343304396,0.2776818108,0.3148018718,0.3166007429,0.2680744231,0.3081947207,0.08279328793,0.09752272498
4213,CDS + 3'UTR,4,0.2496619821,0.2787989527,0.320443809,0.3153848264,0.3335476816,0.3083460465,0.09634651244,0.09747017408
4214,CDS + 3'UTR,4,0.2274380326,0.2769773681,0.301979214,0.315269462,0.357323885,0.3097404309,0.1132589132,0.0980127384
4215,CDS + 3'UTR,4,0.360180676,0.2781964257,0.29483518,0.3149211764,0.2615782619,0.3091634169,0.08340586722,0.097718981
4216,CDS + 3'UTR,4,0.3296295404,0.2791393459,0.2938130498,0.3144314181,0.2914815843,0.3089839917,0.085075818,0.09744524388
4217,CDS + 3'UTR,4,0.2218426615,0.2777307618,0.3531305492,0.3148623712,0.3243885338,0.3098289073,0.1006382629,0.09757796004
4218,CDS + 3'UTR,4,0.3632827997,0.28024594,0.3001989126,0.3147481348,0.2580632567,0.3081345316,0.07845504582,0.09687139401
4219,CDS + 3'UTR,4,0.235781014,0.2812789667,0.34299317,0.3144740272,0.3297969997,0.3076398119,0.09142881632,0.09660719493
4220,CDS + 3'UTR,4,0.2469032854,0.2804131871,0.3144671321,0.3148805968,0.3328490555,0.3080688994,0.1057804972,0.09663731679
4221,CDS + 3'UTR,4,0.3103396297,0.2819404839,0.3267721832,0.3142401557,0.2850321829,0.3075856436,0.07785601169,0.09623371791
4222,CDS + 3'UTR,4,0.2412732989,0.2821577651,0.3179230392,0.3145423282,0.3389780521,0.3073504049,0.10182558,0.09594950229
4223,CDS + 3'UTR,4,0.2281877548,0.2793414278,0.3267631829,0.3155865595,0.3307594359,0.3085293852,0.1142896339,0.09654262764
4224,CDS + 3'UTR,4,0.4180184305,0.2817712916,0.2608734667,0.3143943164,0.2481256425,0.3079605956,0.07298243046,0.09587379741
4225,CDS + 3'UTR,4,0.285250783,0.282029753,0.2835096717,0.314431091,0.3238973022,0.3077847824,0.1073422208,0.09575437475
4226,CDS + 3'UTR,4,0.2208836079,0.2800891042,0.3246515691,0.3144821748,0.3422942162,0.3092585409,0.1121705845,0.09617018132
4227,CDS + 3'UTR,4,0.356566757,0.2809900723,0.2839394808,0.3148398157,0.2787539959,0.308491121,0.08073978871,0.09567899145
4228,CDS + 3'UTR,4,0.2634128034,0.2822537296,0.3207723796,0.3140873455,0.319817543,0.3082360333,0.09599725902,0.09542289153
4229,CDS + 3'UTR,4,0.1971126199,0.2807671383,0.3609033227,0.314327563,0.3442880809,0.309098131,0.09769598395,0.09580716733
4230,CDS + 3'UTR,4,0.3721755743,0.2825567236,0.2863493562,0.3133930493,0.2699877918,0.3084697345,0.07148723304,0.09558049235
4231,CDS + 3'UTR,4,0.2620855272,0.2823546531,0.3258057535,0.3134255949,0.3186329901,0.3087347237,0.09347574413,0.09548502862
4232,CDS + 3'UTR,4,0.2302669436,0.2813142588,0.3224164248,0.313623628,0.3481451273,0.3092888443,0.09917149693,0.09577326942
4233,CDS + 3'UTR,4,0.4475008249,0.2823486352,0.2592480183,0.3134657178,0.2366917282,0.308580252,0.05655939877,0.09560539527
4234,CDS + 3'UTR,4,0.2691164017,0.2823645871,0.3164763153,0.3139484774,0.3149769306,0.3082357598,0.09943033755,0.09545117561
4235,CDS + 3'UTR,4,0.2117861807,0.2808807489,0.3416036069,0.3143551648,0.3445880711,0.3091357758,0.1020221636,0.09562831055
4236,CDS + 3'UTR,4,0.4218092859,0.2827076472,0.2917262614,0.3143767498,0.2282668501,0.3078172928,0.05819760263,0.09509830959
4237,CDS + 3'UTR,4,0.2468541861,0.2829033826,0.3194606304,0.314980831,0.3281099498,0.3073226379,0.1055752039,0.09479314797
4238,CDS + 3'UTR,4,0.2257294208,0.2810081854,0.3768891096,0.315184195,0.3078412712,0.3085830553,0.08954018354,0.09522456387
4239,CDS + 3'UTR,4,0.4094550014,0.2822570581,0.2619261146,0.3157093145,0.2610361278,0.3073183419,0.06758275628,0.09471528474
4240,CDS + 3'UTR,4,0.2487286627,0.2820296645,0.3442963958,0.315826543,0.3025832772,0.3075025948,0.1043916345,0.09464119626
4241,CDS + 3'UTR,4,0.2177259773,0.2801440157,0.3472063541,0.3169860996,0.3277969956,0.3080199277,0.1072706953,0.09484995641
4242,CDS + 3'UTR,4,0.4017432332,0.2831174031,0.3000105917,0.3154491622,0.2410373837,0.3069626706,0.05720875412,0.09447076386
4243,CDS + 3'UTR,4,0.242603898,0.2832889181,0.3380497098,0.3154305559,0.3112805188,0.3068553528,0.1080658808,0.09442517199
4244,CDS + 3'UTR,4,0.1731712222,0.2806295445,0.3573465645,0.3167541895,0.3541039228,0.3076967312,0.1153783426,0.09491953338
4245,CDS + 3'UTR,4,0.4270381927,0.283409581,0.2938561738,0.3155861545,0.2269773185,0.3064604213,0.05212831497,0.09454384111
4246,CDS + 3'UTR,4,0.2793087959,0.2828952681,0.3477449417,0.3165711306,0.2811188102,0.3064008342,0.09182742983,0.09413276454
4247,CDS + 3'UTR,4,0.2561081648,0.281269951,0.2751232386,0.3171751507,0.3509632051,0.3071820347,0.117805399,0.09437286109
4248,CDS + 3'UTR,4,0.2888357937,0.2828837631,0.3761282265,0.3169867069,0.2569169998,0.3061589113,0.07811899483,0.09397061616
4249,CDS + 3'UTR,4,0.2410498261,0.2832967889,0.3312506676,0.3160071716,0.3259120584,0.3067719994,0.1017875075,0.09392403746
4250,CDS + 3'UTR,4,0.2222337723,0.2816755705,0.394210428,0.3166154943,0.2873080671,0.3073497193,0.09624773264,0.09435921339
4251,CDS + 3'UTR,4,0.4056467712,0.2833326861,0.2688059211,0.3158854451,0.2526639998,0.3065994574,0.07288331538,0.09418240963
4252,CDS + 3'UTR,4,0.2970011234,0.2831705255,0.2666724324,0.3161623184,0.3263632059,0.3065181503,0.1099632457,0.09414900402
4253,CDS + 3'UTR,4,0.2125441432,0.2820980059,0.3164043128,0.3162542138,0.3643249273,0.3072510226,0.1067266315,0.09439675547
4254,CDS + 3'UTR,4,0.3688569665,0.2836255213,0.2655985951,0.3157021992,0.276109159,0.3064969996,0.08943533897,0.09417527774
4255,CDS + 3'UTR,4,0.2652682066,0.2837060442,0.3072620034,0.3161784932,0.3246228695,0.3061501687,0.1028468907,0.09396529095
4256,CDS + 3'UTR,4,0.1906392276,0.2828744976,0.3588371277,0.315969789,0.3456596732,0.307004082,0.1048640236,0.09415162848
4257,CDS + 3'UTR,4,0.4568497539,0.2833203098,0.2629974782,0.3156865153,0.2189302146,0.3068233998,0.06122259051,0.09416977204
4258,CDS + 3'UTR,4,0.3014623523,0.2839182656,0.2857581675,0.3152194206,0.3168804646,0.3067579696,0.09589903057,0.09410434095
4259,CDS + 3'UTR,4,0.2234898657,0.28175522,0.3383973539,0.3156000573,0.3308398724,0.3080939485,0.1072729006,0.09455077108
4260,CDS + 3'UTR,4,0.3719491959,0.2828774827,0.2859801352,0.3150410917,0.2630212307,0.3077077499,0.07904948294,0.09437367264
4261,CDS + 3'UTR,4,0.2658278942,0.2821300171,0.318180114,0.3156584758,0.3174702823,0.3077428618,0.09852167964,0.09446864221
4262,CDS + 3'UTR,4,0.1756053269,0.2818049643,0.3745067716,0.3151196834,0.3361991644,0.3082213098,0.1136886925,0.09485403998
4263,CDS + 3'UTR,4,0.3938876688,0.283553368,0.2519412339,0.314833254,0.2810827494,0.3070840845,0.07308834791,0.09452929161
4264,CDS + 3'UTR,4,0.2501797974,0.2835159119,0.3183072805,0.3147420786,0.3264867961,0.3073036728,0.105026111,0.09443833455
4265,CDS + 3'UTR,4,0.2389394194,0.2805909131,0.2827005088,0.3159369405,0.3666548431,0.3086261155,0.1117052287,0.09484602874
4266,CDS + 3'UTR,4,0.3307057023,0.282117198,0.3349568546,0.315868054,0.2586235702,0.3077122329,0.07571384311,0.09430251317
4267,CDS + 3'UTR,4,0.2481569648,0.2826599628,0.3220545352,0.3160224173,0.3329763114,0.3072072377,0.09681215882,0.09411038077
4268,CDS + 3'UTR,4,0.2375469804,0.281498225,0.3232551813,0.3162704948,0.3294617534,0.30784571,0.1097360626,0.09438556833
4269,CDS + 3'UTR,4,0.3348284364,0.2833058659,0.2760781646,0.3157638419,0.2962155044,0.3069131183,0.09287793934,0.09401717205
4270,CDS + 3'UTR,4,0.2403683364,0.2834745701,0.28902179,0.3156509951,0.3573634923,0.3068107283,0.1132464036,0.09406370521
4271,CDS + 3'UTR,4,0.2330098152,0.2811177507,0.3213091493,0.3162827354,0.3333344162,0.3079454025,0.112346679,0.09465411035
4272,CDS + 3'UTR,4,0.2953492403,0.2814187665,0.2970137,0.3160784945,0.3026416004,0.3078704054,0.1049954668,0.09463233212
4273,CDS + 3'UTR,4,0.2473103255,0.2808290759,0.3318502307,0.3164759099,0.3173890114,0.3080888266,0.1034504548,0.09460618598
4274,CDS + 3'UTR,4,0.1798100471,0.2785753069,0.3328175247,0.3171544004,0.3714227676,0.3091755591,0.1159496307,0.09509473145
4275,CDS + 3'UTR,4,0.4134224355,0.2806907186,0.2671605349,0.3166202985,0.251298666,0.3080662373,0.06811835617,0.0946227435
4276,CDS + 3'UTR,4,0.2370595038,0.2815193197,0.3528254628,0.315992989,0.3139023781,0.3079874597,0.09621264786,0.09450022969
4277,CDS + 3'UTR,4,0.1797887981,0.2796598507,0.3497316539,0.3165888514,0.3570325971,0.30889298,0.1134469509,0.0948583154
4278,CDS + 3'UTR,4,0.3952198625,0.2818682911,0.3018900454,0.315979201,0.2395955324,0.3078503719,0.06329453737,0.09430213375
4279,CDS + 3'UTR,4,0.1899084449,0.2824585527,0.352345258,0.3153449744,0.3508351445,0.3080104159,0.1069111004,0.09418605473
4280,CDS + 3'UTR,4,0.2026367784,0.2807117999,0.360758245,0.316192697,0.3255019486,0.3086355774,0.1111030579,0.09445992364
4281,CDS + 3'UTR,4,0.4474123716,0.2825833708,0.2470340729,0.3154227655,0.2360394001,0.3080383359,0.06951416284,0.09395552594
4282,CDS + 3'UTR,4,0.2281818241,0.2833009789,0.3363591433,0.3151606541,0.3319785595,0.3079259006,0.1034804359,0.09361246368
4283,CDS + 3'UTR,4,0.1662895828,0.2812784612,0.396897316,0.3152608607,0.3282879293,0.3093081784,0.1085251495,0.09415249759
4284,CDS + 3'UTR,4,0.4040291309,0.2829098359,0.2561691999,0.3144271124,0.2612040937,0.3089406669,0.07859750092,0.09372238265
4285,CDS + 3'UTR,4,0.2347845733,0.284885814,0.3483522832,0.3136598982,0.3245552778,0.3082372669,0.09230785817,0.09321701797
4286,CDS + 3'UTR,4,0.190495804,0.2825232293,0.3689368665,0.314237877,0.3307076693,0.3095972609,0.1098596454,0.09364163
4287,CDS + 3'UTR,4,0.3741440177,0.2844472185,0.3032262921,0.3131554082,0.2506824136,0.3091833469,0.07194723934,0.09321402428
4288,CDS + 3'UTR,4,0.2150075138,0.2856326252,0.3422121704,0.3130590525,0.3420467973,0.3085265115,0.1007335111,0.0927818093
4289,CDS + 3'UTR,4,0.2647060752,0.2849815486,0.3143948317,0.3124456275,0.3118911982,0.3096271515,0.109007895,0.09294567113
4290,CDS + 3'UTR,4,0.3538315296,0.2871324366,0.2773985565,0.3116102591,0.2818446457,0.3088781297,0.08692530543,0.0923791728
4291,CDS + 3'UTR,4,0.2060672343,0.2893020181,0.3366909027,0.3099307381,0.3439843655,0.3086891182,0.1132574975,0.09207812408
4292,CDS + 3'UTR,4,0.248528868,0.2871659389,0.3221535087,0.3105965629,0.3267042041,0.3099080492,0.1026134044,0.09232944734
4293,CDS + 3'UTR,4,0.3718632162,0.2879563911,0.2762826383,0.3107619498,0.2732258439,0.3094121363,0.07862829417,0.09186952086
4294,CDS + 3'UTR,4,0.2338798642,0.2894034659,0.3400827348,0.3102628194,0.3295774162,0.3087985724,0.09645996988,0.09153514011
4295,CDS + 3'UTR,4,0.2936569452,0.288762421,0.2781388462,0.3101603419,0.329891324,0.3094726183,0.09831286967,0.0916046151
4296,CDS + 3'UTR,4,0.3652945161,0.2902078578,0.2711511552,0.3094832532,0.2770270109,0.3089868598,0.08652730286,0.09132202566
4297,CDS + 3'UTR,4,0.2696791291,0.2920933446,0.3157629669,0.3082696632,0.3191541135,0.3085251577,0.09540377557,0.09111182978
4298,CDS + 3'UTR,4,0.1902391464,0.2895248635,0.3306498528,0.3090443335,0.3649415672,0.3099317405,0.1141694561,0.09149905704
4299,CDS + 3'UTR,4,0.3255620301,0.2911740756,0.2982759178,0.3087356169,0.2989011109,0.3090835465,0.07726094127,0.09100675532
4300,CDS + 3'UTR,4,0.1871060431,0.292747983,0.3638578653,0.3078126822,0.3356580138,0.3086689727,0.1133780628,0.09077035678
4301,CDS + 3'UTR,4,0.2843354046,0.2912909929,0.2836687863,0.308060937,0.3233080208,0.3097099939,0.108687833,0.09093807
4302,CDS + 3'UTR,4,0.3811455965,0.2931894463,0.2950086892,0.3073143944,0.2480000257,0.3089102978,0.07584571093,0.09058585572
4303,CDS + 3'UTR,4,0.2251912653,0.2942534409,0.3194691539,0.3067067128,0.3483265042,0.3088523628,0.1070130691,0.09018747765
4304,CDS + 3'UTR,4,0.1840185225,0.2936164685,0.356462419,0.3069421157,0.3539210558,0.3089922616,0.1055979654,0.09044914846
4305,CDS + 3'UTR,4,0.40735358,0.2955913909,0.2779987454,0.3063745111,0.2507866919,0.3080448603,0.06386097521,0.08998923223
4306,CDS + 3'UTR,4,0.2643047869,0.2967097344,0.3370006382,0.3065637782,0.3018946052,0.307057024,0.09679999202,0.08966945806
4307,CDS + 3'UTR,4,0.2636277378,0.2958689267,0.3037856817,0.3058995824,0.329831779,0.3082116289,0.1027547941,0.090019857
4308,CDS + 3'UTR,4,0.4080240726,0.2982961847,0.2802401483,0.3050979398,0.2452102005,0.3069636589,0.06652555615,0.08964221184
4309,CDS + 3'UTR,4,0.2106089592,0.2994861426,0.3518755734,0.3043721166,0.3360968828,0.3068795381,0.1014186367,0.08926219833
4310,CDS + 3'UTR,4,0.1836300194,0.2987515384,0.3368885815,0.3048104022,0.3607617319,0.3072889315,0.1187196448,0.08914912208
4311,CDS + 3'UTR,4,0.2861667871,0.3002218554,0.3094664812,0.3047625806,0.3126332164,0.3064321699,0.09173348546,0.08858338785
4312,CDS + 3'UTR,4,0.1830917001,0.3012401881,0.3542096615,0.3045311287,0.365618825,0.3060903022,0.09707980603,0.08813837417
4313,CDS + 3'UTR,4,0.2671993077,0.3013750808,0.3135272563,0.3043620389,0.3236303329,0.3062430365,0.09564303607,0.08801983683
4314,CDS + 3'UTR,4,0.4383493364,0.303399099,0.2737481594,0.3034882355,0.2262311876,0.3054970874,0.06167130172,0.08761557094
4315,CDS + 3'UTR,4,0.2780742645,0.3052674193,0.2914188504,0.3028638359,0.3382858634,0.3047688464,0.09222105891,0.08709989139
4316,CDS + 3'UTR,4,0.2730517685,0.3028820714,0.3393952549,0.3035659306,0.3007084727,0.3061532279,0.08684445918,0.08739876295
4317,CDS + 3'UTR,4,0.4235294163,0.3061740929,0.2706885934,0.3017435277,0.2447012961,0.3052901179,0.06108067185,0.08679225468
4318,CDS + 3'UTR,4,0.2729503512,0.3071484251,0.3261509836,0.3012325292,0.3206447959,0.30508302,0.08025386184,0.08653601841
4319,CDS + 3'UTR,4,0.2697147727,0.3069518095,0.3297439218,0.3002844086,0.3110490441,0.3057997826,0.08949226886,0.08696399215
4320,CDS + 3'UTR,4,0.3984543383,0.3099680105,0.2827018797,0.2988781249,0.2548039556,0.3044968963,0.06403981894,0.08665696201
4321,CDS + 3'UTR,4,0.2751346231,0.3119153963,0.3262374401,0.297682965,0.3188021779,0.3041171487,0.07982571423,0.08628448364
4322,CDS + 3'UTR,4,0.2399418205,0.3098033102,0.3080271184,0.2985638721,0.3516196012,0.3050697781,0.1004114673,0.08656303291
4323,CDS + 3'UTR,4,0.3731138706,0.3117935937,0.2713498473,0.2976906111,0.2818796039,0.3043063998,0.07365668565,0.08620938999
4324,CDS + 3'UTR,4,0.3312494755,0.3126036715,0.2959694266,0.2969829945,0.2978319228,0.3044315096,0.07494916767,0.0859818188
4325,CDS + 3'UTR,4,0.2380314171,0.31149626,0.3400944769,0.2970945073,0.3357768357,0.3051684678,0.0860972777,0.08624076038
4326,CDS + 3'UTR,4,0.4332279265,0.3132954773,0.2611474395,0.2959598368,0.2480056882,0.3047556128,0.05761897191,0.08598906812
4327,CDS + 3'UTR,4,0.3509407043,0.3151679019,0.2674147785,0.2947475659,0.2984163761,0.3044478957,0.08322820067,0.08563663182
4328,CDS + 3'UTR,4,0.2367496639,0.3140616858,0.3270542324,0.2947310502,0.3449681997,0.3053980619,0.09122794122,0.08580919788
4329,CDS + 3'UTR,4,0.4131208658,0.3168422876,0.2644211948,0.2934065443,0.2659903169,0.3042964496,0.05646764114,0.08545471434
4330,CDS + 3'UTR,4,0.3958002925,0.3169734849,0.2598487437,0.2934355903,0.2721871436,0.3045089591,0.07216383517,0.0850819618
4331,CDS + 3'UTR,4,0.2347604334,0.3157339366,0.3220719099,0.2941012207,0.3501784801,0.3050662324,0.09298917651,0.08509860584
4332,CDS + 3'UTR,4,0.3602373004,0.3180078881,0.2799033821,0.2931828246,0.2866901755,0.3042785622,0.07316912711,0.08453072035
4333,CDS + 3'UTR,4,0.328310132,0.3184376149,0.2764738798,0.2930368107,0.3152398169,0.3043311495,0.07997617126,0.08419442005
4334,CDS + 3'UTR,4,0.3175733685,0.3165472517,0.2574003935,0.2939913541,0.3300328255,0.3051855382,0.09499333799,0.08427585182
4335,CDS + 3'UTR,4,0.3809031546,0.3193380466,0.2530949116,0.2926077751,0.2857621908,0.3042300601,0.08023973554,0.08382411399
4336,CDS + 3'UTR,4,0.341478169,0.3195277063,0.2617499232,0.2930122362,0.3087235093,0.3038499445,0.08804835379,0.08361010873
4337,CDS + 3'UTR,4,0.2513712645,0.3189195497,0.3249711096,0.2932703225,0.33145684,0.3042355739,0.09220077097,0.08357454953
4338,CDS + 3'UTR,4,0.4333993196,0.3216377186,0.2610608339,0.2925483944,0.2490249425,0.3028309036,0.05651489273,0.08298297906
4339,CDS + 3'UTR,4,0.3494024575,0.3220008722,0.264562577,0.2926053451,0.2976739705,0.3028203681,0.08836101741,0.08257341078
4340,CDS + 3'UTR,4,0.2553899884,0.321596895,0.3058405221,0.2925611643,0.3463029265,0.3030870147,0.09246654063,0.08275492247
4341,CDS + 3'UTR,4,0.417704165,0.3252936883,0.258456707,0.2911234118,0.2534945905,0.3015650826,0.0703445375,0.08201781386
4342,CDS + 3'UTR,4,0.2607249022,0.3244359689,0.3258922398,0.291859825,0.3315643668,0.3019680588,0.08181844652,0.08173614391
4343,CDS + 3'UTR,4,0.3429298699,0.32348694,0.2707734704,0.2915647049,0.2922746539,0.3031323021,0.09402201325,0.08181604859
4344,CDS + 3'UTR,4,0.4081735909,0.3266596263,0.2728989124,0.2904174371,0.2506946921,0.3016453741,0.06823281199,0.08127755825
4345,CDS + 3'UTR,4,0.3284069002,0.3288410718,0.2978418767,0.289290913,0.2876279354,0.3007837588,0.08612329513,0.08108425247
4346,CDS + 3'UTR,4,0.2634410858,0.3273519689,0.2818211913,0.2893648414,0.3509919643,0.3017637881,0.1037457585,0.08151939786
4347,CDS + 3'UTR,4,0.4423376024,0.3290021768,0.2579231262,0.2886986734,0.2331387103,0.3012224199,0.06660054624,0.0810767259
4348,CDS + 3'UTR,4,0.3327436149,0.3301892402,0.2651893198,0.2880654013,0.322732091,0.300944815,0.07933498174,0.08080053995
4349,CDS + 3'UTR,4,0.2760601044,0.3285657065,0.3111410141,0.288279731,0.3289669752,0.3021356544,0.08383183926,0.08101890502
4350,CDS + 3'UTR,4,0.3579936922,0.3314740309,0.2851960659,0.2867723614,0.2888225615,0.301134018,0.06798766553,0.08061958584
4351,CDS + 3'UTR,4,0.3144764304,0.3337309448,0.3027929962,0.2858154524,0.3059850037,0.3003306219,0.07674558461,0.08012297773
4352,CDS + 3'UTR,4,0.3061406612,0.3345396208,0.2834865153,0.2855943188,0.3148603439,0.2999080086,0.09551247954,0.07995804925
4353,CDS + 3'UTR,4,0.409231782,0.3374897474,0.2619459629,0.2840777181,0.2577130795,0.298821857,0.07110918313,0.07961067497
4354,CDS + 3'UTR,4,0.3292756677,0.3374213541,0.2828655541,0.2839451302,0.3131634891,0.2991666118,0.07469526678,0.07946690223
4355,CDS + 3'UTR,4,0.2225946039,0.3348940184,0.3233281076,0.2846041165,0.3620491922,0.3006461674,0.09202808142,0.07985569625
4356,CDS + 3'UTR,4,0.500421226,0.3374805851,0.2070332319,0.2841201544,0.2448535711,0.2991085107,0.04769198596,0.07929074713
4357,CDS + 3'UTR,4,0.2577353716,0.3375740154,0.3088517785,0.2838594802,0.3404647708,0.2994126877,0.09294804931,0.07915381468
4358,CDS + 3'UTR,4,0.3794906139,0.3351959947,0.2260403931,0.2846808925,0.2969365418,0.3005966371,0.09753243625,0.07952647381
4359,CDS + 3'UTR,4,0.4312045276,0.3370421395,0.2398425639,0.2838000793,0.246604234,0.2999250902,0.08234868944,0.07923268918
4360,CDS + 3'UTR,4,0.3584276438,0.3371135466,0.2651454508,0.2830100007,0.2951221466,0.300517117,0.08130478859,0.07935933359
4361,CDS + 3'UTR,4,0.2784454823,0.3370134726,0.3175066411,0.282006231,0.3122497499,0.3013025196,0.09179810435,0.07967777448
4362,CDS + 3'UTR,4,0.3874045014,0.3390307151,0.2664982677,0.2808058752,0.2709082961,0.3005344419,0.07518900186,0.0796289661
4363,CDS + 3'UTR,4,0.2310958058,0.3395798178,0.3402879834,0.2807157909,0.3382967114,0.3003611563,0.09031945467,0.07934323382
4364,CDS + 3'UTR,4,0.3154362142,0.3385645049,0.2650902271,0.2812418459,0.3201607466,0.3006071372,0.09931282699,0.07958651101
4365,CDS + 3'UTR,4,0.3787219524,0.3389732538,0.2575786412,0.2808637945,0.2915268838,0.300667196,0.07217247784,0.07949575428
4366,CDS + 3'UTR,4,0.3402897716,0.3400134025,0.2719551921,0.2804595897,0.3060902953,0.3001462532,0.08166474104,0.07938075271
4367,CDS + 3'UTR,4,0.2856467366,0.3378931927,0.301905036,0.2808879299,0.3266957104,0.3013633104,0.08575252444,0.07985556428
4368,CDS + 3'UTR,4,0.4374556541,0.3379648721,0.2362516969,0.2807983207,0.2539178133,0.3013318645,0.07237482816,0.07990493956
4369,CDS + 3'UTR,4,0.2752018571,0.3387344483,0.3167185187,0.2801110348,0.3288919628,0.3012451934,0.07918769121,0.07990931966
4370,CDS + 3'UTR,4,0.2546676695,0.3366851371,0.3306489885,0.2804387348,0.326426506,0.3025110522,0.08825682849,0.080365072
4371,CDS + 3'UTR,4,0.3879833519,0.3374015864,0.2632192075,0.2800399469,0.2809707522,0.3023655599,0.06782665849,0.0801929025
4372,CDS + 3'UTR,4,0.2829070091,0.3380235016,0.310472399,0.2801208152,0.3309111893,0.30185252,0.07570938021,0.08000315968
4373,CDS + 3'UTR,4,0.2206341624,0.3368523948,0.3526461124,0.2802690154,0.3415769339,0.3026499065,0.08514283597,0.08022868037
4374,CDS + 3'UTR,4,0.4571434557,0.3380287379,0.2293964177,0.2799688851,0.253139168,0.3020558869,0.06032094359,0.0799464873
4375,CDS + 3'UTR,4,0.3088297248,0.3371432448,0.3104957342,0.2803869961,0.2994820774,0.3024553487,0.08119244874,0.08001440875
4376,CDS + 3'UTR,4,0.3166419864,0.3371005462,0.2917980552,0.2799270744,0.3078773618,0.302793294,0.08368256688,0.08017908381
4377,CDS + 3'UTR,4,0.4871326387,0.3372838611,0.2580087185,0.2795424206,0.2067804933,0.3030933267,0.04807813838,0.08008039044
4378,CDS + 3'UTR,4,0.2192914337,0.3376202973,0.3352059126,0.2792245245,0.3640987277,0.3031916311,0.08140399307,0.07996354662
4379,CDS + 3'UTR,4,0.2932438552,0.3363666454,0.2947414517,0.2794861605,0.3202328384,0.3038329285,0.09178187698,0.08031426524
4380,CDS + 3'UTR,4,0.4828495085,0.3375198601,0.2488376647,0.2788512556,0.213903442,0.3035657488,0.05440937355,0.08006313504
4381,CDS + 3'UTR,4,0.2157178521,0.3384174449,0.3425818384,0.2784627615,0.3555461168,0.3032342881,0.08615423739,0.07988550519
4382,CDS + 3'UTR,4,0.3052232862,0.3373429054,0.2713990808,0.2785095641,0.3411394954,0.3040095884,0.08223808557,0.08013794175
4383,CDS + 3'UTR,4,0.4790061712,0.3395939512,0.2276877314,0.2772931656,0.229372263,0.3030660439,0.06393384188,0.08004683931
4384,CDS + 3'UTR,4,0.3585341573,0.3400134692,0.2663404942,0.2769699024,0.2849918306,0.3031228345,0.09013350308,0.07989379414
4385,CDS + 3'UTR,4,0.2882253528,0.3383027626,0.2839130163,0.2774111269,0.3291890323,0.3042527284,0.09867260605,0.08003338189
4386,CDS + 3'UTR,4,0.3963214159,0.3396308204,0.2837072015,0.2766584544,0.258585155,0.3040885668,0.06138623506,0.07962215785
4387,CDS + 3'UTR,4,0.3585928082,0.34050774,0.2531239092,0.2767628239,0.3076233864,0.3034078293,0.08065991849,0.07932160636
4388,CDS + 3'UTR,4,0.2781413794,0.3380220747,0.2973865271,0.2776252666,0.3404773474,0.3048340045,0.08399476111,0.07951865382
4389,CDS + 3'UTR,4,0.4432749152,0.3397967814,0.2312860042,0.2775014782,0.2559659779,0.3035385393,0.06947310269,0.07916320018
4390,CDS + 3'UTR,4,0.3641831279,0.3410130961,0.2603358626,0.2768887753,0.2964900434,0.3028516777,0.07899099588,0.07924645101
4391,CDS + 3'UTR,4,0.3508608639,0.3401137801,0.2917757928,0.2770911047,0.2788241506,0.3031882703,0.07853920758,0.07960684435
4392,CDS + 3'UTR,4,0.4191018343,0.341897616,0.2328816056,0.2761032492,0.278726697,0.3024438761,0.06928986311,0.07955525783
4393,CDS + 3'UTR,4,0.2617278397,0.3411560139,0.3029202223,0.2767713875,0.3512107134,0.3026175842,0.08414121717,0.07945501269
4394,CDS + 3'UTR,4,0.2361624837,0.3395620046,0.326467067,0.2773960207,0.3445956409,0.3032539845,0.09277482331,0.07978798873
4395,CDS + 3'UTR,4,0.4849995971,0.3411209201,0.2527018785,0.2770792779,0.2152733207,0.3022905156,0.0470251292,0.07950928551
4396,CDS + 3'UTR,4,0.280526191,0.3424464304,0.3185413182,0.2765376769,0.3250426352,0.3015271302,0.07588986307,0.0794887614
4397,CDS + 3'UTR,4,0.2332877666,0.3392157881,0.3364015818,0.2781835256,0.339417249,0.3025661903,0.0908934027,0.08003449538
4398,CDS + 3'UTR,4,0.4206419289,0.3414038492,0.2556859255,0.2774683615,0.2669210434,0.3014337515,0.05675109103,0.07969403774
4399,CDS + 3'UTR,4,0.2754273415,0.3409196613,0.2665376365,0.277775245,0.3584111929,0.3017112656,0.09962382168,0.07959382818
4400,CDS + 3'UTR,4,0.3904484212,0.3398440631,0.2024002969,0.277630741,0.317636162,0.3027327532,0.08951508999,0.07979244203
4401,CDS + 3'UTR,4,0.43651402,0.3393809868,0.2302089781,0.2781488916,0.2573559582,0.3027308865,0.07592104375,0.0797392339
4402,CDS + 3'UTR,4,0.2838700414,0.3395888647,0.3008203804,0.277724239,0.337756753,0.302999649,0.07755288482,0.0796872458
4403,CDS + 3'UTR,4,0.291888833,0.3381540792,0.3134342432,0.2784201181,0.3015580773,0.3035708549,0.09311886132,0.07985494589
4404,CDS + 3'UTR,4,0.3639493883,0.3406514499,0.2657253146,0.2772010095,0.3026366234,0.3025699163,0.06768862903,0.0795776228
4405,CDS + 3'UTR,4,0.3212433159,0.3399322849,0.3077580929,0.2778562903,0.2941014171,0.3027618179,0.07689715177,0.07944960487
4406,CDS + 3'UTR,4,0.2636111379,0.3386692706,0.2954146564,0.2782265879,0.3453702629,0.3033341615,0.09560389817,0.07976997891
4407,CDS + 3'UTR,4,0.3566750586,0.3392400268,0.2602460384,0.278571751,0.2959007025,0.3027666626,0.08717822284,0.07942155837
4408,CDS + 3'UTR,4,0.2983157635,0.3398431268,0.2720713615,0.2785207152,0.3380345106,0.3023244234,0.09157834947,0.07931173402
4409,CDS + 3'UTR,4,0.2491759658,0.3382032014,0.2906371951,0.2794242082,0.3672590256,0.3028226281,0.09292782843,0.07954996196
4410,CDS + 3'UTR,4,0.4531162381,0.3403324142,0.2279457152,0.2783008363,0.2605477571,0.3019852569,0.05839027464,0.07938149148
4411,CDS + 3'UTR,4,0.2845136523,0.3405735914,0.3285413682,0.2782543655,0.309135288,0.3018211985,0.07780975103,0.07935084389
4412,CDS + 3'UTR,4,0.2665487528,0.3388303457,0.2917594016,0.2792169105,0.3504810929,0.3022676138,0.09121078253,0.07968512974
4413,CDS + 3'UTR,4,0.4224175811,0.3407096123,0.25246346,0.2786160082,0.2677182555,0.3012521606,0.05740072578,0.07942221914
4414,CDS + 3'UTR,4,0.2467339188,0.3416019192,0.2908492684,0.2779279634,0.3619897664,0.3010315854,0.1004270539,0.07943853145
4415,CDS + 3'UTR,4,0.377487272,0.3398627961,0.216301173,0.278607898,0.3127978146,0.3015996978,0.0934137404,0.07992960797
4416,CDS + 3'UTR,4,0.3561433554,0.3409992838,0.2309776247,0.2779735094,0.3327261209,0.3011945013,0.08015288413,0.07983270609
4417,CDS + 3'UTR,4,0.278286159,0.34114653,0.299539417,0.2778029704,0.3393211961,0.3012080204,0.08285326511,0.0798424806
4418,CDS + 3'UTR,4,0.3331071734,0.3385505429,0.2819917202,0.2786601448,0.3003287315,0.3024750363,0.08457238227,0.08031427721
4419,CDS + 3'UTR,4,0.4416596293,0.3405507933,0.2137701809,0.2781441232,0.2762995958,0.3011915673,0.06827060133,0.08011351721
4420,CDS + 3'UTR,4,0.3271967769,0.3410231426,0.2747609913,0.2777716821,0.3197860718,0.3011571579,0.07825615257,0.08004801851
4421,CDS + 3'UTR,4,0.3317410052,0.3389819331,0.2622009218,0.2783746973,0.3155186176,0.3021928111,0.09053946286,0.08045055973
4422,CDS + 3'UTR,4,0.4408085644,0.3407939255,0.2285803556,0.2772239432,0.2560808063,0.3014509631,0.07453025132,0.08053116933
4423,CDS + 3'UTR,4,0.3764913082,0.3401867151,0.2449124157,0.2776915491,0.2968178988,0.3014239399,0.08177839965,0.08069779775
4424,CDS + 3'UTR,4,0.2713170648,0.3387899235,0.3081968725,0.2778099587,0.3410862088,0.3023349265,0.07939983159,0.08106519324
4425,CDS + 3'UTR,4,0.4346515238,0.3394889727,0.2376280725,0.2774283631,0.2744950056,0.3021917569,0.05322537199,0.08089090926
4426,CDS + 3'UTR,4,0.33359465,0.3399220295,0.290170759,0.2773041645,0.2965329587,0.3020044813,0.07970163971,0.08076932668
4427,CDS + 3'UTR,4,0.2434843779,0.3387618665,0.3269185424,0.2770965567,0.3472327292,0.3028934011,0.08236434311,0.08124817773
4428,CDS + 3'UTR,3,0.4747201502,0.3390669916,0.2552862465,0.2772529049,0.2190948725,0.302532175,0.05089868978,0.08114793072
4429,CDS + 3'UTR,4,0.373365283,0.3403617352,0.2621247768,0.276686245,0.2740180492,0.3019660013,0.09049190581,0.08098602029
4430,CDS + 3'UTR,4,0.2860484123,0.3384566993,0.3013824224,0.2774994496,0.3157499731,0.3028935766,0.09681913257,0.08115027719
4431,CDS + 3'UTR,4,0.4571833014,0.3383998826,0.2237645537,0.2773406813,0.2464334667,0.3030068779,0.07261866331,0.08125256137
4432,CDS + 3'UTR,4,0.2468124926,0.3377278123,0.3369375765,0.2771897459,0.328756988,0.3037603071,0.0874928683,0.08132213741
4433,CDS + 3'UTR,4,0.2817110419,0.337737919,0.3119166195,0.2769442409,0.308625102,0.3036989992,0.09774726629,0.08161884374
4434,CDS + 3'UTR,4,0.4539889097,0.3390637577,0.2575261295,0.2761884082,0.2360859811,0.3031944683,0.05239900947,0.08155336906
4435,CDS + 3'UTR,4,0.3286354244,0.3401836224,0.280000031,0.2756964792,0.3009783626,0.302816706,0.09038615227,0.0813031957
4436,CDS + 3'UTR,4,0.2419698387,0.3380240358,0.338701129,0.2763161048,0.3279783726,0.3039504798,0.09135070443,0.08170938357
4437,CDS + 3'UTR,4,0.4327802658,0.3395840015,0.2516386509,0.2756167598,0.2498696744,0.3033207214,0.06571143866,0.08147852062
4438,CDS + 3'UTR,4,0.3407555819,0.3408082793,0.2505910695,0.2751147348,0.3191376626,0.3026789909,0.08951567113,0.08139799829
4439,CDS + 3'UTR,4,0.3451566696,0.3397244254,0.228282243,0.2749333017,0.328323245,0.3035502223,0.09823779762,0.08179205414
4440,CDS + 3'UTR,4,0.3213815391,0.340485681,0.306597501,0.2750114392,0.2949728072,0.3030106531,0.07704813778,0.08149222964
4441,CDS + 3'UTR,4,0.2950757146,0.3400993271,0.2835344374,0.2755283458,0.3337507546,0.3028140524,0.08763905615,0.0815582783
4442,CDS + 3'UTR,4,0.2726216614,0.3388433436,0.3221685886,0.2758391287,0.3166047633,0.3035950622,0.08860500902,0.08172246935
4443,CDS + 3'UTR,4,0.430885464,0.3407767566,0.2427593023,0.274990206,0.2582216263,0.3025749287,0.06813360751,0.08165811161
4444,CDS + 3'UTR,4,0.2579030097,0.3409684962,0.317512691,0.27441404,0.3355128765,0.303134804,0.08907139301,0.08148266254
4445,CDS + 3'UTR,4,0.2776808143,0.3407518087,0.2872024477,0.2744074052,0.3373143673,0.3030443935,0.09780240059,0.08179639624
4446,CDS + 3'UTR,4,0.3859502673,0.3423035407,0.2995682359,0.2736384461,0.2606903911,0.302512409,0.0537910983,0.08154560807
4447,CDS + 3'UTR,4,0.3338947296,0.3439353114,0.2978221774,0.2730931742,0.2913165689,0.3016111868,0.07696657628,0.08136033206
4448,CDS + 3'UTR,4,0.3062616289,0.3436926989,0.3085311353,0.273157954,0.2937741876,0.3018387189,0.09143306315,0.08131063203
4449,CDS + 3'UTR,4,0.4455388784,0.3448380327,0.2268487662,0.273143941,0.2619022727,0.3010518814,0.06571005285,0.0809661496
4450,CDS + 3'UTR,4,0.2739618421,0.3463502122,0.3269313276,0.2728727831,0.3133018315,0.3001270594,0.08580502123,0.08064994956
4451,CDS + 3'UTR,4,0.2485236973,0.3444634354,0.3402228057,0.2735156896,0.3166839778,0.3010690333,0.09456952661,0.08095184616
4452,CDS + 3'UTR,4,0.4332483411,0.3459214481,0.2624002099,0.2727404682,0.2496749312,0.3005948691,0.05467653275,0.08074321747
4453,CDS + 3'UTR,4,0.2920187116,0.3470800975,0.2976025343,0.2723581033,0.3239309192,0.2999662792,0.08644782007,0.08059552237
4454,CDS + 3'UTR,4,0.3180136085,0.3460533978,0.2837911844,0.2727178013,0.2985881567,0.3003399616,0.09960706532,0.08088884158
4455,CDS + 3'UTR,4,0.3997487426,0.3476635218,0.2597446442,0.2720553203,0.2670663595,0.2997253628,0.07344029844,0.080555797
4456,CDS + 3'UTR,4,0.3284216821,0.3472797427,0.2781549394,0.2727928432,0.3089588881,0.299617702,0.08446452767,0.08030971456
4457,CDS + 3'UTR,4,0.279453665,0.3466239054,0.3265826702,0.2728740614,0.308141768,0.3000898464,0.08582186699,0.08041218929
4458,CDS + 3'UTR,4,0.3793114722,0.3492081638,0.2939241827,0.2717647923,0.2614212036,0.2990709035,0.06534319371,0.07995614316
4459,CDS + 3'UTR,4,0.3310317993,0.3491657376,0.2649461627,0.2715002598,0.3174800873,0.2994507665,0.0865419805,0.07988323933
4460,CDS + 3'UTR,4,0.3195527494,0.3477839626,0.2970788777,0.2718657149,0.2967557013,0.3003003763,0.08661267161,0.08004994914
4461,CDS + 3'UTR,4,0.3606772423,0.3486787248,0.2505215108,0.2715845851,0.2961982787,0.299979472,0.09260300547,0.07975722067
4462,CDS + 3'UTR,4,0.2566464543,0.3496631294,0.3088075519,0.2712733159,0.3389776349,0.2995927719,0.0955683589,0.0794707858
4463,CDS + 3'UTR,4,0.3672628403,0.3484411314,0.2371605039,0.2718425175,0.3022511899,0.3002445837,0.09332548082,0.07947177086
4464,CDS + 3'UTR,4,0.414458096,0.3485882286,0.2358128428,0.2719184292,0.2735382617,0.3003280243,0.07619078457,0.07916532117
4465,CDS + 3'UTR,4,0.3228698969,0.3497960802,0.2739771307,0.2710534608,0.3142069876,0.3000341037,0.08894599974,0.07911635856
4466,CDS + 3'UTR,4,0.3035083711,0.3488350078,0.2670985758,0.2709290836,0.3296987414,0.3008097412,0.09969431907,0.07942617079
4467,CDS + 3'UTR,4,0.3830028176,0.3498905081,0.2656317651,0.2705016758,0.2787252963,0.3003466902,0.07264015824,0.0792611287
4468,CDS + 3'UTR,4,0.3817208707,0.3517528992,0.2520537376,0.2692975799,0.29518345,0.2998387871,0.07104192674,0.07911073677
4469,CDS + 3'UTR,4,0.2908720374,0.350847239,0.2963423729,0.2691064263,0.3301720023,0.300650722,0.08261365443,0.07939561564
4470,CDS + 3'UTR,4,0.3596377969,0.3522476166,0.247634396,0.2683573008,0.3055541515,0.300474445,0.08717373013,0.07892064038
4471,CDS + 3'UTR,4,0.2970952392,0.3527605474,0.2797009647,0.2678033974,0.3390984833,0.3008173885,0.08410529047,0.07861867002
4472,CDS + 3'UTR,4,0.4199103713,0.3520946331,0.2132412046,0.2679828515,0.2738220692,0.3013411717,0.09302636981,0.07858134671
4473,CDS + 3'UTR,4,0.3677949309,0.3544680469,0.2424536049,0.266749474,0.3108482361,0.3006684495,0.07890324295,0.07811403344
4474,CDS + 3'UTR,4,0.3257516623,0.3560827807,0.2871127427,0.2654124688,0.3143746555,0.300638132,0.0727609545,0.07786662248
4475,CDS + 3'UTR,4,0.3122326732,0.3545727193,0.3022719324,0.2653077189,0.3059752285,0.3020269515,0.07952015847,0.07809261396
4476,CDS + 3'UTR,4,0.4053234458,0.3561457228,0.2625937164,0.2645315534,0.2746619582,0.3016499074,0.05742082745,0.0776728204
4477,CDS + 3'UTR,4,0.3312299848,0.3580571828,0.2962395847,0.2631694499,0.2880788147,0.3013938876,0.08445161581,0.07737948322
4478,CDS + 3'UTR,4,0.3339336216,0.3575824728,0.2411712706,0.2629983624,0.336619556,0.3019791098,0.08827555925,0.07744005802
4479,CDS + 3'UTR,4,0.3363277912,0.3595721019,0.2727886438,0.2624399127,0.3152456582,0.3010697063,0.07563786209,0.07691828283
4480,CDS + 3'UTR,4,0.3595401049,0.3600327222,0.2437528223,0.2625481257,0.3019081056,0.3008258976,0.09479898214,0.07659325851
4481,CDS + 3'UTR,4,0.336035341,0.3604117429,0.2550716102,0.2619241806,0.3198367357,0.301173025,0.08905632794,0.07649105582
4482,CDS + 3'UTR,4,0.4385430813,0.3623941263,0.2329065651,0.2612162629,0.2561460733,0.3003664088,0.0724042654,0.07602320667
4483,CDS + 3'UTR,4,0.307227999,0.3638464479,0.2673409581,0.2600008084,0.3463481069,0.3003777076,0.07908293605,0.07577504087
4484,CDS + 3'UTR,4,0.3466143906,0.3627576923,0.2651945353,0.2600869065,0.2954037786,0.3013839766,0.09278732538,0.07577142948
4485,CDS + 3'UTR,4,0.4453818798,0.3656561224,0.2462413609,0.2587216331,0.2515426576,0.3003686536,0.05683409795,0.07525359602
4486,CDS + 3'UTR,4,0.3941527903,0.3672915554,0.2517929077,0.2581612643,0.2732724845,0.2997929402,0.08078181744,0.07475424479
4487,CDS + 3'UTR,4,0.3372660577,0.3674535533,0.2654284239,0.2569451835,0.3141032755,0.300624777,0.0832022205,0.07497649095
4488,CDS + 3'UTR,4,0.3899424672,0.3698857164,0.2709503174,0.2555674562,0.2750875056,0.3000070756,0.06401975453,0.07453975626
4489,CDS + 3'UTR,4,0.3701503277,0.3708802434,0.2689445615,0.2545641655,0.2932732701,0.3002901005,0.0676318258,0.07426549518
4490,CDS + 3'UTR,4,0.3021740913,0.3699541124,0.2793782353,0.2545703428,0.3359056711,0.3011458563,0.0825420022,0.0743296931
4491,CDS + 3'UTR,4,0.4011546671,0.3723236756,0.2665236592,0.2531559758,0.271202147,0.3006952507,0.06111945584,0.07382510137
4492,CDS + 3'UTR,4,0.3592407107,0.3742465232,0.2611702085,0.2516568789,0.3001939058,0.3006598325,0.07939517498,0.07343676891
4493,CDS + 3'UTR,4,0.3402816057,0.3735912528,0.281239301,0.2509237725,0.2976128459,0.301861392,0.08086626232,0.0736235857
4494,CDS + 3'UTR,4,0.3755438328,0.3753438782,0.2378507853,0.2499182153,0.3128218651,0.3015352484,0.07378348708,0.07320266077
4495,CDS + 3'UTR,4,0.3467849493,0.3762465376,0.2753030062,0.2492805593,0.3041849434,0.3016832329,0.07372714579,0.07278967286
4496,CDS + 3'UTR,4,0.3036763668,0.3761843089,0.2374750823,0.2489559421,0.3704976737,0.302197561,0.08835086226,0.07266219063
4497,CDS + 3'UTR,4,0.4850268364,0.3782322966,0.210797891,0.247952822,0.2578057647,0.3016719736,0.04636957496,0.07214291068
4498,CDS + 3'UTR,4,0.3297130764,0.3800855976,0.2608291209,0.2464382432,0.3307177722,0.3015838049,0.07874007523,0.07189235827
4499,CDS + 3'UTR,4,0.33111763,0.3800125398,0.243006587,0.2459352348,0.3442683816,0.3021391649,0.08160738647,0.07191306427
4500,CDS + 3'UTR,4,0.3987777531,0.3805711057,0.2522706091,0.2454166291,0.2941137254,0.3022743192,0.05483787507,0.07173794946
4501,CDS + 3'UTR,4,0.4104933739,0.3814400624,0.2372993827,0.2447030401,0.2845826149,0.3023342647,0.06762467325,0.07152263597
4502,CDS + 3'UTR,4,0.3430487216,0.3816758361,0.2741164863,0.2448311443,0.3082257509,0.3022155281,0.07460905612,0.07127749389
4503,CDS + 3'UTR,4,0.388259083,0.3851843167,0.2509853542,0.2433473404,0.3034931421,0.3007171873,0.05726242438,0.07075115815
4504,CDS + 3'UTR,4,0.3679451942,0.3861655828,0.2389993966,0.2431739748,0.3175725639,0.3002758954,0.07548282295,0.07038454935
4505,CDS + 3'UTR,4,0.3577657342,0.3855700489,0.2276778966,0.2429366948,0.3365460038,0.3010861672,0.07801035047,0.07040709089
4506,CDS + 3'UTR,4,0.4180346727,0.387506162,0.2559781373,0.2422244616,0.2594888806,0.3001679569,0.06649827212,0.07010142114
4507,CDS + 3'UTR,4,0.3924756646,0.3887794532,0.230590865,0.2416796744,0.3066004813,0.2998452581,0.0703329891,0.06969561568
4508,CDS + 3'UTR,4,0.4022673368,0.3882119413,0.2399939597,0.2417191111,0.28404966,0.3003073409,0.07368899882,0.06976160835
4509,CDS + 3'UTR,4,0.4853954911,0.3881960038,0.2021947354,0.2414133243,0.2599158883,0.3006942946,0.05249388516,0.06969637861
4510,CDS + 3'UTR,4,0.3270828724,0.3886126805,0.257070154,0.2411426537,0.3431854546,0.3006536368,0.07266150415,0.0695910302
4511,CDS + 3'UTR,4,0.4039101601,0.3892870944,0.2381208837,0.240917404,0.288336128,0.3004271537,0.06963279843,0.06936834855
4512,CDS + 3'UTR,4,0.4366855919,0.3907884497,0.238267377,0.2401905773,0.2749392092,0.2998940874,0.05010780692,0.06912688632
4513,CDS + 3'UTR,4,0.4108897448,0.391072008,0.2049562037,0.2403986242,0.3061996996,0.2997006997,0.07795438915,0.06882866863
4514,CDS + 3'UTR,4,0.3331840038,0.3915805012,0.2491461337,0.2398288157,0.3471915424,0.2998597387,0.07047832757,0.06873094533
4515,CDS + 3'UTR,4,0.4544757009,0.3926677298,0.217906788,0.2394296858,0.270814836,0.29941075,0.05680266768,0.06849183436
4516,CDS + 3'UTR,4,0.3948866427,0.3929242048,0.2297328562,0.2387744702,0.3074967861,0.2999108531,0.06788372993,0.06839047209
4517,CDS + 3'UTR,4,0.3948034644,0.3928280637,0.2379516512,0.2383282408,0.296687454,0.3003256865,0.07055742294,0.06851801001
4518,CDS + 3'UTR,4,0.4999259114,0.3949787714,0.2059150934,0.237138244,0.2463853806,0.2998279158,0.0477736555,0.06805506991
4519,CDS + 3'UTR,4,0.3820062876,0.3959120702,0.2369392812,0.2368278688,0.3088185489,0.2994983897,0.07223585248,0.06776167173
4520,CDS + 3'UTR,4,0.3517031968,0.3962652732,0.2566818893,0.2361169374,0.3227429986,0.2998896215,0.06887192279,0.06772816824
4521,CDS + 3'UTR,4,0.453666389,0.3967226271,0.2269010246,0.2359473972,0.2692214549,0.3000201903,0.05021112412,0.06730978554
4522,CDS + 3'UTR,4,0.3888073862,0.3978338655,0.2249322236,0.2353914458,0.3175086677,0.2997438405,0.06875174493,0.06703084828
4523,CDS + 3'UTR,4,0.3437850177,0.3976658057,0.2496471554,0.2352193376,0.3387231529,0.3001775358,0.06784469634,0.0669373217
4524,CDS + 3'UTR,4,0.489777416,0.3988822065,0.2082908154,0.2346705306,0.2542870343,0.2997183699,0.04764471576,0.06672889423
4525,CDS + 3'UTR,4,0.4085154533,0.3993561551,0.242372945,0.2344801124,0.291257292,0.2997571137,0.05785430223,0.06640662001
4526,CDS + 3'UTR,4,0.3989101052,0.3978900209,0.2022817731,0.2344044156,0.3272373378,0.3009138964,0.0715707913,0.06679166867
4527,CDS + 3'UTR,4,0.5284677744,0.3996698063,0.1876039952,0.2337204013,0.2419004589,0.3001774702,0.04202780128,0.06643232345
4528,CDS + 3'UTR,4,0.3858237863,0.4000772249,0.2282678783,0.2333555399,0.3164161742,0.3002538484,0.06949217618,0.06631338806
4529,CDS + 3'UTR,4,0.3714483976,0.3996329971,0.2273429483,0.233019335,0.3303627372,0.3009534016,0.07084588706,0.06639426681
4530,CDS + 3'UTR,4,0.4635269046,0.4007098652,0.2137819678,0.2321387142,0.2772533894,0.3009524036,0.04543768242,0.06619901764
4531,CDS + 3'UTR,4,0.4023514986,0.4024281725,0.2202950567,0.2311276838,0.313850522,0.3003189791,0.0635029301,0.06612516488
4532,CDS + 3'UTR,4,0.3808267117,0.4036525454,0.2037516981,0.2298923129,0.3457996845,0.3001803454,0.06962187588,0.06627479745
4533,CDS + 3'UTR,4,0.432228744,0.4047556903,0.2171579599,0.229243283,0.297839433,0.2999206282,0.05277382582,0.06608039914
4534,CDS + 3'UTR,4,0.3902263641,0.4049270961,0.2327786982,0.2287435746,0.3104269207,0.3003656335,0.06656803191,0.0659636966
4535,CDS + 3'UTR,4,0.3947704434,0.4050253455,0.233775273,0.2286877699,0.3082126081,0.3003353868,0.0632417202,0.06595149888
4536,CDS + 3'UTR,4,0.4922606945,0.4062531065,0.1979053319,0.2279636115,0.2669118941,0.3000209864,0.04292213172,0.06576229595
4537,CDS + 3'UTR,4,0.4277177453,0.4065223221,0.2054163665,0.2282198066,0.3010882735,0.2996815458,0.06577767432,0.06557632601
4538,CDS + 3'UTR,4,0.3734668493,0.4050879922,0.2536835074,0.2283988578,0.3058499992,0.3005648516,0.06699967384,0.06594829829
4539,CDS + 3'UTR,4,0.3757170737,0.4064967379,0.223457709,0.2278089434,0.3282924294,0.2999412674,0.07253279537,0.06575305052
4540,CDS + 3'UTR,4,0.389069289,0.4069184776,0.2399917543,0.2276463393,0.301551342,0.2997362852,0.06938759238,0.06569889728
4541,CDS + 3'UTR,4,0.3795391321,0.4068392143,0.2607698441,0.2275175437,0.2866993546,0.2997167643,0.07299163938,0.06592647722
4542,CDS + 3'UTR,4,0.5373249054,0.4077674627,0.1901032478,0.2271377973,0.2191103697,0.2993386466,0.05346149951,0.06575609217
4543,CDS + 3'UTR,4,0.4457641244,0.40862852,0.2232912481,0.2264701217,0.2669478357,0.299039349,0.06399677694,0.06586200832
4544,CDS + 3'UTR,4,0.3668153882,0.4083778821,0.2168304473,0.2263134258,0.3383600116,0.2991761774,0.0779941082,0.06613251334
4545,CDS + 3'UTR,4,0.477758944,0.4090680119,0.2169984728,0.2264728775,0.2407501638,0.2985770758,0.06449241936,0.06588203395
4546,CDS + 3'UTR,4,0.405371666,0.4093889724,0.2235156,0.2265633255,0.3038828373,0.2981362935,0.06722988188,0.06591140786
4547,CDS + 3'UTR,4,0.3376018703,0.4086415309,0.2687866986,0.2263243433,0.3156919181,0.2989957456,0.07791957259,0.06603838
4548,CDS + 3'UTR,4,0.3804458678,0.4084620245,0.2275907993,0.2269190094,0.3261397481,0.2986768521,0.06582354754,0.06594211366
4549,CDS + 3'UTR,4,0.3242061734,0.4080241047,0.2746887207,0.2268322907,0.3269193769,0.2991055004,0.07418578118,0.06603810489
4550,CDS + 3'UTR,4,0.4135909081,0.40706641,0.2296144217,0.2269383112,0.2874355018,0.2995320216,0.06935919821,0.06646325709
4551,CDS + 3'UTR,4,0.4172036648,0.4076542147,0.2215548307,0.2263362527,0.2964531779,0.2994378928,0.06478831172,0.06657164013
4552,CDS + 3'UTR,4,0.4425950348,0.4065439831,0.2298849523,0.2267915376,0.2583510578,0.2999505918,0.06916895509,0.06671388792
4553,CDS + 3'UTR,4,0.4084743857,0.4054521486,0.1968689263,0.2268499644,0.3235713542,0.3004781153,0.07108537853,0.067219772
4554,CDS + 3'UTR,4,0.4127299488,0.4058440167,0.2551823556,0.2273166312,0.2784555554,0.2999329545,0.05363207683,0.06690639709
4555,CDS + 3'UTR,4,0.3327506781,0.4068871204,0.2498546839,0.2269585093,0.3459834754,0.2991111968,0.07141117752,0.06704317289
4556,CDS + 3'UTR,4,0.3976321518,0.4059988689,0.2268953621,0.2269691214,0.3078486323,0.2996462107,0.06762386113,0.06738579855
4557,CDS + 3'UTR,4,0.5032866001,0.4064442188,0.2010398358,0.2267649194,0.2482571602,0.299435633,0.04741640761,0.06735522836
4558,CDS + 3'UTR,4,0.4085975289,0.4059543662,0.2163412571,0.2274198391,0.3102574646,0.2993628036,0.06480370462,0.06726299156
4559,CDS + 3'UTR,4,0.3645840287,0.4039971374,0.2159141302,0.2278259169,0.3465442061,0.3004869701,0.07295758277,0.06768997535
4560,CDS + 3'UTR,4,0.3961284161,0.4042268269,0.2301896065,0.2285549589,0.312353611,0.2997383889,0.0613283664,0.06747982595
4561,CDS + 3'UTR,4,0.424934417,0.4039096154,0.2105955034,0.2282245796,0.2977287471,0.3000797264,0.06674134731,0.06778607937
4562,CDS + 3'UTR,4,0.4250983,0.4031488419,0.219137907,0.2281520378,0.2908416986,0.3003160581,0.06492213905,0.06838306319
4563,CDS + 3'UTR,4,0.404540062,0.4037701946,0.2234364003,0.2278794417,0.3096148372,0.2997772429,0.06240873784,0.06857312117
4564,CDS + 3'UTR,4,0.3845302761,0.4035659883,0.2499610782,0.2284681909,0.2985032797,0.2993055105,0.06700538844,0.06866031066
4565,CDS + 3'UTR,4,0.3280911446,0.4018039521,0.2401856184,0.2286597736,0.3440852761,0.3004387453,0.08763799071,0.0690975294
4566,CDS + 3'UTR,4,0.5365356207,0.4026871696,0.1970717609,0.2284860352,0.2143583894,0.2998087872,0.05203419924,0.06901800842
4567,CDS + 3'UTR,4,0.3698595464,0.403057681,0.2362395078,0.2287105249,0.3202135265,0.2992513105,0.07368738949,0.06898048404
4568,CDS + 3'UTR,4,0.3544042408,0.400707338,0.24405393,0.2294797117,0.3310517669,0.3004378943,0.07049005479,0.0693750557
4569,CDS + 3'UTR,4,0.4562997818,0.4011167258,0.1984948963,0.2294400387,0.2931934297,0.3001265781,0.0520118922,0.06931665712
4570,CDS + 3'UTR,4,0.4396386743,0.4018086359,0.1984958053,0.2290151592,0.2852317095,0.2997591009,0.07663378119,0.0694171038
4571,CDS + 3'UTR,4,0.4991044998,0.4011707999,0.1676939875,0.2286737306,0.2601114511,0.3001771798,0.07309006155,0.06997828986
4572,CDS + 3'UTR,4,0.4474923015,0.4014947627,0.2092478126,0.2287943631,0.2794165313,0.2996314133,0.06384330988,0.07007946121
4573,CDS + 3'UTR,4,0.3539940715,0.401608146,0.2412626296,0.2289355705,0.3332132697,0.2992397217,0.07153005898,0.07021656204
4574,CDS + 3'UTR,4,0.3834037781,0.4004383456,0.2333864123,0.2292670572,0.3104021251,0.2997297319,0.07280766964,0.07056486616
4575,CDS + 3'UTR,4,0.4450058341,0.4012395404,0.2173703313,0.2290110428,0.2790329158,0.2992617359,0.05859091133,0.07048768173
4576,CDS + 3'UTR,4,0.3252136111,0.4014544718,0.2579706907,0.2290120909,0.3433424234,0.2989867443,0.07347326726,0.07054669405
4577,CDS + 3'UTR,4,0.3702804446,0.4001725357,0.2251219898,0.2296124483,0.3284702301,0.2992286021,0.07612735778,0.07098641354
4578,CDS + 3'UTR,4,0.442412734,0.4002682764,0.2136359662,0.2303434134,0.280831039,0.2985865377,0.06312025338,0.07080177208
4579,CDS + 3'UTR,4,0.3648568094,0.4002852093,0.2299982607,0.2304116502,0.3278698027,0.2985218275,0.07727512717,0.07078131186
4580,CDS + 3'UTR,4,0.3924366832,0.4003903806,0.2419669628,0.2303971166,0.2925520539,0.2982681114,0.07304427028,0.07094439007
4581,CDS + 3'UTR,4,0.4847532511,0.4014675077,0.2069196701,0.2303163202,0.2543331981,0.2973804967,0.05399386957,0.07083567497
4582,CDS + 3'UTR,4,0.4119333029,0.4019901868,0.2207024395,0.2299087398,0.2842819393,0.2973001951,0.08308234811,0.07080087806
4583,CDS + 3'UTR,4,0.3682080507,0.4004024457,0.2384496778,0.2303932903,0.3144394159,0.2980735758,0.07890282571,0.0711306876
4584,CDS + 3'UTR,4,0.423155576,0.4008927215,0.2517555356,0.2304579796,0.2696444392,0.2976963857,0.05544447154,0.07095291344
4585,CDS + 3'UTR,4,0.3834425807,0.4005189467,0.2349137366,0.2314046845,0.3012834191,0.297248658,0.08036026359,0.07082771137
4586,CDS + 3'UTR,4,0.3582393527,0.3998485882,0.23685956,0.2314968549,0.3282450438,0.2974690912,0.07665604353,0.07118546683
4587,CDS + 3'UTR,4,0.3781151474,0.4008139063,0.2781641483,0.231308011,0.2810890079,0.2967747698,0.06263168156,0.07110331412
4588,CDS + 3'UTR,4,0.3672337532,0.4015695401,0.2330564708,0.2312753782,0.3183415234,0.2962192057,0.08136829734,0.07093587723
4589,CDS + 3'UTR,4,0.4087799191,0.4020567078,0.2106763721,0.2311167916,0.2940375805,0.2955839878,0.08650606126,0.07124251435
4590,CDS + 3'UTR,4,0.3741072416,0.4033047829,0.2089054734,0.2307169674,0.3356551528,0.2947624916,0.08133214712,0.07121575922
4591,CDS + 3'UTR,4,0.3150916398,0.4035440605,0.2745436728,0.2308517428,0.329352051,0.2943996051,0.08101262152,0.07120459275
4592,CDS + 3'UTR,4,0.3493388295,0.4035037231,0.2429415286,0.231047822,0.3171410859,0.294174538,0.09057853371,0.07127391864
4593,CDS + 3'UTR,4,0.4422391951,0.4041363548,0.2422895432,0.2308980517,0.262586832,0.2940297453,0.05288439617,0.07093584985
4594,CDS + 3'UTR,4,0.4166322947,0.4041330174,0.2204963863,0.2315087061,0.2814509273,0.2934482204,0.0814203918,0.07091005743
4595,CDS + 3'UTR,4,0.3834155798,0.4040730726,0.2187557518,0.230926328,0.313615948,0.2936677301,0.08421272039,0.07133287149
4596,CDS + 3'UTR,4,0.4305146337,0.4057933409,0.2133966982,0.2304732086,0.2906505764,0.2924612127,0.06543811411,0.07127223979
4597,CDS + 3'UTR,4,0.3556152582,0.4058428049,0.2903452218,0.2309207274,0.2908611,0.2919308584,0.06317847967,0.07130561159
4598,CDS + 3'UTR,4,0.343347609,0.4049055398,0.2384013236,0.2312717224,0.3363187015,0.2921657659,0.08193235844,0.07165697394
4599,CDS + 3'UTR,4,0.4003814459,0.4045416825,0.2952626348,0.2316521943,0.2489320487,0.2923255119,0.05542390049,0.07148061316
4600,CDS + 3'UTR,4,0.3263262808,0.4049630634,0.2302515507,0.2321870241,0.3500500023,0.2913843825,0.09337219596,0.07146553271
4601,CDS + 3'UTR,4,0.3928045034,0.4050207429,0.2210976779,0.232281306,0.2881279886,0.2910329051,0.09796983004,0.07166504902
4602,CDS + 3'UTR,4,0.4385156035,0.4068921346,0.2031245381,0.231936736,0.2744034529,0.2897966016,0.08395638317,0.07137453007
4603,CDS + 3'UTR,4,0.3274485171,0.4064539492,0.2967470884,0.2321055103,0.3009845614,0.2900073957,0.07481985539,0.0714331462
4604,CDS + 3'UTR,4,0.3488145173,0.4062234953,0.2236174345,0.2322812727,0.3449458182,0.2899491433,0.08262221515,0.07154608965
4605,CDS + 3'UTR,4,0.4791728556,0.4072088048,0.2284738719,0.2319488933,0.240860641,0.2895448472,0.05149262398,0.07129745539
4606,CDS + 3'UTR,4,0.4285510182,0.4076490205,0.2202409506,0.2321621107,0.2826392055,0.2890494857,0.06856884062,0.0711393835
4607,CDS + 3'UTR,4,0.3404403329,0.4064161662,0.2491389364,0.2326191651,0.3368271589,0.2895744801,0.07359353453,0.07139018988
4608,CDS + 3'UTR,4,0.41857481,0.4079272348,0.2250940353,0.2320328994,0.29151088,0.2889985155,0.06482028961,0.07104135146
4609,CDS + 3'UTR,4,0.4268012047,0.4080061175,0.193352595,0.2321992153,0.3009645641,0.2886987582,0.07888162136,0.07109591076
4610,CDS + 3'UTR,4,0.4125000238,0.407394819,0.1864676774,0.2323391842,0.3106997013,0.288792982,0.09033256769,0.07147301687
4611,CDS + 3'UTR,4,0.428268522,0.4072190452,0.2299456596,0.232754506,0.2701891959,0.2886035874,0.07159663737,0.07142286329
4612,CDS + 3'UTR,4,0.3898973763,0.4063469972,0.2150482833,0.233511333,0.3144643605,0.2886661362,0.08058994263,0.07147553572
4613,CDS + 3'UTR,4,0.3386447132,0.4058731504,0.2436769009,0.2335948037,0.3370402455,0.2887486905,0.08063815534,0.07178335786
4614,CDS + 3'UTR,4,0.4543219507,0.4074020538,0.2122975439,0.2333330078,0.2729872465,0.2875984928,0.06039327756,0.07166644763
4615,CDS + 3'UTR,4,0.4119649529,0.4076867003,0.2338591218,0.233437215,0.2862132788,0.2871563436,0.06796270609,0.07171974368
4616,CDS + 3'UTR,4,0.389705807,0.4071549188,0.2459339201,0.233493414,0.2862605155,0.287305096,0.07809969038,0.07204657355
4617,CDS + 3'UTR,4,0.4353770018,0.4089712318,0.2638935745,0.2331312494,0.2497231215,0.2860084997,0.05100635812,0.07188902167
4618,CDS + 3'UTR,4,0.3748214841,0.4093689233,0.2591424584,0.2335981328,0.3006731868,0.2851873109,0.06536285579,0.07184563535
4619,CDS + 3'UTR,4,0.3841307759,0.4088185862,0.2222950161,0.2337830896,0.3079951406,0.2851581013,0.08557905257,0.07224022499
4620,CDS + 3'UTR,4,0.4752394557,0.4095693741,0.2335280478,0.2338051187,0.230542168,0.2844702723,0.06069038436,0.07215523678
4621,CDS + 3'UTR,4,0.4213534594,0.4101534974,0.2281634063,0.2335858645,0.2802752256,0.284074265,0.0702078864,0.07218637508
4622,CDS + 3'UTR,4,0.4103056192,0.4092137948,0.2288672924,0.2340028754,0.2809808254,0.2843400782,0.07984626293,0.07244325355
4623,CDS + 3'UTR,4,0.484986186,0.4101019148,0.2284663916,0.2342552252,0.2367726266,0.2836522378,0.0497748442,0.07199062342
4624,CDS + 3'UTR,4,0.3369134068,0.4107524749,0.2925668359,0.2345104543,0.3025417924,0.2829342626,0.06797794253,0.07180281021
4625,CDS + 3'UTR,4,0.4241302609,0.410330493,0.2243721038,0.2343003208,0.2583848238,0.2832491495,0.09311285615,0.07212003926
4626,CDS + 3'UTR,4,0.4825971127,0.410454125,0.2084080875,0.2343561629,0.2483371198,0.2831833873,0.06065766513,0.07200632747
4627,CDS + 3'UTR,4,0.3980525732,0.4100131921,0.2661760747,0.2346307965,0.2712467909,0.2833235737,0.06452462077,0.07203243989
4628,CDS + 3'UTR,4,0.4194192886,0.4105538163,0.2149038762,0.233799921,0.2753223181,0.2834569421,0.0903545171,0.07218932305
4629,CDS + 3'UTR,4,0.4240521789,0.4113187123,0.2427027822,0.2339308953,0.261199683,0.2828228448,0.07204537094,0.07192754932
4630,CDS + 3'UTR,4,0.4327331185,0.4110962134,0.2403964549,0.2340662632,0.2584045827,0.2830912638,0.06846588105,0.07174626216
4631,CDS + 3'UTR,4,0.4139766693,0.4107493225,0.2372411638,0.2342247965,0.2784478068,0.2832326125,0.07033438236,0.07179327076
4632,CDS + 3'UTR,4,0.4932055771,0.4119696125,0.2179033309,0.2338732937,0.2467676401,0.2826426402,0.04212345183,0.07151445649
4633,CDS + 3'UTR,4,0.4082073867,0.4124852128,0.2457212806,0.2341205643,0.2770493627,0.282062345,0.06902198493,0.07133188131
4634,CDS + 3'UTR,4,0.4079343677,0.4121778436,0.2085921019,0.2337121991,0.2960163355,0.2823639125,0.08745720237,0.07174604833
4635,CDS + 3'UTR,4,0.4703721404,0.4125496086,0.2136051357,0.2339958254,0.249462083,0.2820408095,0.06656064093,0.07141376045
4636,CDS + 3'UTR,4,0.4015892744,0.4124102097,0.2626968622,0.2340249503,0.2654202878,0.2821400952,0.07029360533,0.07142474931
4637,CDS + 3'UTR,4,0.4283053875,0.4114135351,0.229119435,0.2341750022,0.2670497596,0.282733091,0.07552539557,0.0716783762
4638,CDS + 3'UTR,4,0.379488945,0.4123176929,0.2467790097,0.2334217904,0.3230371475,0.2826535102,0.05069484189,0.07160701039
4639,CDS + 3'UTR,4,0.3982945085,0.4131263629,0.2587005198,0.2333081214,0.271253854,0.2820319604,0.07175114751,0.07153355959
4640,CDS + 3'UTR,4,0.4007427692,0.4130932596,0.2377321571,0.2324651143,0.2842354178,0.282664972,0.07728967071,0.07177665816
4641,CDS + 3'UTR,4,0.5746457577,0.4140884653,0.183029905,0.2326641219,0.1988244653,0.2818528404,0.04349983111,0.07139457562
4642,CDS + 3'UTR,4,0.3900434673,0.4140336469,0.2326398492,0.2330339966,0.3077052236,0.2818311354,0.06961143017,0.07110122428
4643,CDS + 3'UTR,4,0.3861037493,0.4132629447,0.2374973893,0.2331568651,0.304954648,0.2823323308,0.07144421339,0.07124786326
4644,CDS + 3'UTR,4,0.4633550346,0.4138966519,0.2233707309,0.23270965,0.2661595941,0.2821409149,0.04711464792,0.07125278614
4645,CDS + 3'UTR,4,0.3633083999,0.414777977,0.2572430074,0.2325625338,0.3044563532,0.2814208871,0.07499223948,0.07123860545
4646,CDS + 3'UTR,4,0.4379072785,0.4138406057,0.233636111,0.2327738583,0.2563579381,0.2817661183,0.07209870964,0.07161942055
4647,CDS + 3'UTR,4,0.4907450378,0.4135399021,0.1893382519,0.2334300812,0.2741363645,0.2814818813,0.045780316,0.07154813805
4648,CDS + 3'UTR,4,0.3607148528,0.4143338934,0.2573592067,0.2331869574,0.3070711792,0.2808417318,0.07485479861,0.07163742068
4649,CDS + 3'UTR,4,0.4073958993,0.4145047337,0.2096924037,0.2329210836,0.3007313311,0.2806922713,0.08218038082,0.07188191456
4650,CDS + 3'UTR,4,0.4255767763,0.4145546436,0.2317215502,0.2336536998,0.2700801492,0.2801423689,0.07262149453,0.07164929104
4651,CDS + 3'UTR,4,0.4293406606,0.4138514243,0.2282401472,0.2342624865,0.2651153505,0.2803173827,0.07730385661,0.07156870975
4652,CDS + 3'UTR,4,0.409584552,0.4134353723,0.21592547,0.234047519,0.286020875,0.2806805911,0.08846908063,0.07183652106
4653,CDS + 3'UTR,4,0.476306349,0.4142907456,0.2203189582,0.2338532422,0.2411974519,0.2800608641,0.06217724085,0.07179515227
4654,CDS + 3'UTR,4,0.4061754942,0.4147780355,0.2417229861,0.2338738179,0.2750301957,0.2795971105,0.07707135379,0.0717510398
4655,CDS + 3'UTR,4,0.4024633169,0.4137840603,0.22186625,0.2340949653,0.2909331024,0.2800415805,0.08473730087,0.07207939774
4656,CDS + 3'UTR,4,0.4705186486,0.4145288873,0.2289975286,0.2338856306,0.2396147251,0.2796649953,0.06086911634,0.07192048915
4657,CDS + 3'UTR,4,0.4020957649,0.4147255857,0.2624726593,0.2337293355,0.2627751231,0.2796876574,0.07265645266,0.07185742464
4658,CDS + 3'UTR,4,0.3983857632,0.4135563552,0.2284325063,0.233489264,0.2784942687,0.2806769297,0.0946874246,0.07227745387
4659,CDS + 3'UTR,4,0.4249198437,0.413774088,0.2317605913,0.2339587735,0.2728434801,0.280032753,0.07047607005,0.07223438825
4660,CDS + 3'UTR,4,0.4391665459,0.4138471551,0.2244266272,0.2340117808,0.26087147,0.2800526602,0.07553533465,0.07208840698
4661,CDS + 3'UTR,4,0.4095770419,0.4122562036,0.2402805388,0.2339386761,0.2755982578,0.2813793227,0.07454414666,0.07242579996
4662,CDS + 3'UTR,4,0.4829829037,0.4121163584,0.2408904284,0.2342941469,0.2292547077,0.281316318,0.04687193781,0.07227317952
4663,CDS + 3'UTR,4,0.4202528596,0.4117082238,0.2588680089,0.2347320179,0.2570014,0.2813051119,0.06387776881,0.07225464936
4664,CDS + 3'UTR,4,0.3893970251,0.4106022798,0.2349448502,0.2347354172,0.2948353887,0.2820860684,0.08082279563,0.07257623603
4665,CDS + 3'UTR,4,0.393333137,0.4120104373,0.2393811047,0.234067327,0.296022445,0.2815051362,0.07126332074,0.07241710131
4666,CDS + 3'UTR,4,0.3229647279,0.4116523325,0.2588302493,0.2341880454,0.3394599557,0.2819899589,0.07874503732,0.07216966473
4667,CDS + 3'UTR,4,0.4213650823,0.4098791678,0.2116941065,0.2346973998,0.2917584777,0.2829792012,0.07518233359,0.07244423334
4668,CDS + 3'UTR,4,0.4284254313,0.4105069678,0.243534416,0.2341823339,0.2676137388,0.2828419834,0.06042639911,0.07246871605
4669,CDS + 3'UTR,4,0.3909800053,0.4093863878,0.2215058059,0.2348404942,0.3155111074,0.2835004039,0.07200308889,0.07227271493
4670,CDS + 3'UTR,4,0.3463559747,0.4087006241,0.2215881348,0.2347150011,0.346963048,0.2841739789,0.08509283513,0.07241039691
4671,CDS + 3'UTR,4,0.412714839,0.4089734081,0.2464234531,0.2346862698,0.2821542621,0.2840838481,0.05870747939,0.07225647434
4672,CDS + 3'UTR,4,0.390586853,0.4090176057,0.2627231777,0.2345492547,0.2707174718,0.2841236643,0.07597251981,0.07230947488
4673,CDS + 3'UTR,4,0.4176496565,0.4074171685,0.2096203268,0.2347085504,0.2867122293,0.2851612113,0.08601775765,0.07271307013
4674,CDS + 3'UTR,4,0.4463734925,0.4078371387,0.2431864887,0.2346371157,0.2556026876,0.285012928,0.05483736098,0.07251281827
4675,CDS + 3'UTR,4,0.37226367,0.4073890243,0.2210857421,0.23519518,0.3215588033,0.2851466484,0.0850918293,0.07226914805
4676,CDS + 3'UTR,4,0.3507806659,0.4065912861,0.2254008502,0.2353311425,0.338090241,0.2856930548,0.08572826535,0.07238451769
4677,CDS + 3'UTR,4,0.4279478788,0.4076259445,0.2300882787,0.2346341344,0.2844946384,0.2856009046,0.05746921524,0.07213901794
4678,CDS + 3'UTR,4,0.408041209,0.4068207707,0.2293078005,0.2346875241,0.2865947187,0.286367608,0.07605629414,0.07212409889
4679,CDS + 3'UTR,4,0.3977331817,0.4068867106,0.2278220654,0.2346084796,0.2995729744,0.2860585654,0.07487178594,0.07244624658
4680,CDS + 3'UTR,4,0.4059427381,0.4078595828,0.2461721599,0.2340721738,0.2850794792,0.2858758701,0.06280559301,0.07219237527
4681,CDS + 3'UTR,4,0.3884190321,0.4076625507,0.2506876588,0.2342209795,0.2863915861,0.2859617976,0.07450172305,0.07215467365
4682,CDS + 3'UTR,4,0.3768594265,0.4051371157,0.2129540145,0.2345345281,0.3144990802,0.2876233971,0.09568750113,0.07270496166
4683,CDS + 3'UTR,4,0.3781450987,0.4056909759,0.2609698772,0.2342149239,0.2856712937,0.2873571696,0.07521368563,0.07273693322
4684,CDS + 3'UTR,4,0.4193205237,0.4058694854,0.2118481398,0.2342269268,0.2873435915,0.2870290203,0.08148775995,0.07287457031
4685,CDS + 3'UTR,4,0.4041831493,0.4050782975,0.2453798354,0.2342939312,0.2684791386,0.2873813039,0.08195783198,0.0732464693
4686,CDS + 3'UTR,4,0.4044947326,0.4061078418,0.2727387846,0.2338534929,0.2599002421,0.2870355574,0.06286624074,0.07300310954
4687,CDS + 3'UTR,4,0.4039596319,0.4059248608,0.2296890318,0.2338257007,0.2856152058,0.2872404693,0.08073614538,0.07300897045
4688,CDS + 3'UTR,4,0.4322420359,0.4042233389,0.2038241327,0.2345892588,0.2795540392,0.2877924992,0.08437979966,0.07339490494
4689,CDS + 3'UTR,4,0.4307940006,0.4058022786,0.2519618869,0.2342016775,0.2569723725,0.2869399825,0.06027173996,0.07305606268
4690,CDS + 3'UTR,4,0.3562424779,0.4056809146,0.2351706177,0.234397758,0.3247008026,0.2870278468,0.08388606459,0.07289348133
4691,CDS + 3'UTR,4,0.3949843645,0.4053212374,0.2127482593,0.234310683,0.2992458642,0.2874979569,0.09302154183,0.07287012292
4692,CDS + 3'UTR,4,0.4583272338,0.4058723733,0.1995061338,0.234018207,0.2648862004,0.2876305891,0.07728043944,0.07247883091
4693,CDS + 3'UTR,4,0.3776279092,0.405734076,0.2453229576,0.2341315502,0.2999399602,0.2878147183,0.07710915804,0.07231965559
4694,CDS + 3'UTR,4,0.3748039305,0.4046571288,0.2299893349,0.2339756474,0.3085448444,0.2888792716,0.0866619125,0.07248795265
4695,CDS + 3'UTR,4,0.4715511203,0.4052198183,0.2171123475,0.2334623881,0.2560864687,0.2891017862,0.05525001884,0.07221600739
4696,CDS + 3'UTR,4,0.4054416716,0.4047172755,0.2334303111,0.233745816,0.2880734801,0.2893992476,0.07305452973,0.07213766156
4697,CDS + 3'UTR,4,0.3418385684,0.403829081,0.2446878552,0.2336988185,0.3288649023,0.290156918,0.0846086964,0.07231518296
4698,CDS + 3'UTR,4,0.3922401071,0.4039137259,0.2967032194,0.2336102773,0.2491390556,0.2902362879,0.06191760674,0.07223970969
4699,CDS + 3'UTR,4,0.3899761438,0.4039802644,0.2265356034,0.2338401236,0.3095877171,0.2902163871,0.0739005506,0.07196322693
4700,CDS + 3'UTR,4,0.3479633331,0.4031216528,0.2276796699,0.2341316249,0.3366751671,0.290569932,0.08768182248,0.07217679215
4701,CDS + 3'UTR,4,0.4101658463,0.4027042493,0.2566010654,0.2342116147,0.2752348483,0.2909826636,0.05799825117,0.07210147413
4702,CDS + 3'UTR,4,0.3776548505,0.402332959,0.2638969719,0.2343419697,0.2800843418,0.2913169332,0.07836385071,0.07200814034
4703,CDS + 3'UTR,4,0.3965106606,0.4010930814,0.2287383378,0.2345512534,0.2992491424,0.2920312943,0.07550177723,0.07232437334
4704,CDS + 3'UTR,4,0.4495660067,0.4014875192,0.2391196191,0.2340124622,0.2560672164,0.2922001572,0.05524716526,0.07229986312
4705,CDS + 3'UTR,4,0.3954818845,0.4012187537,0.2340295762,0.2340075683,0.297170639,0.2924537933,0.0733179301,0.07231988544
4706,CDS + 3'UTR,4,0.3407439291,0.4009929046,0.2491564453,0.2337808371,0.3274765015,0.2927527593,0.08262315392,0.07247349955
4707,CDS + 3'UTR,4,0.4482765794,0.4021032188,0.2249708027,0.2336484887,0.2602693737,0.2919890957,0.06648323685,0.07225919729
4708,CDS + 3'UTR,4,0.3297728896,0.4016199511,0.2675566971,0.2344424224,0.3279959559,0.2917449893,0.07467442751,0.07219263762
4709,CDS + 3'UTR,4,0.3691910803,0.4010560419,0.2326633334,0.2342953278,0.3150856793,0.2922534177,0.08305992931,0.07239521286
4710,CDS + 3'UTR,4,0.4545558393,0.4018865488,0.2380979508,0.234284058,0.2511941195,0.2916857595,0.05615207553,0.07214363385
4711,CDS + 3'UTR,4,0.4175124764,0.4025425114,0.2262799591,0.2341886392,0.2816331089,0.291257135,0.07457442582,0.07201171517
4712,CDS + 3'UTR,4,0.365170598,0.4021824703,0.2306469828,0.2338095481,0.3297713995,0.2916785309,0.07441107184,0.07232945119
4713,CDS + 3'UTR,4,0.4418050051,0.4029241886,0.2400065064,0.2332900533,0.2651866972,0.2916192153,0.05300183594,0.07216654313
4714,CDS + 3'UTR,4,0.3720852137,0.4021816432,0.2532372475,0.2336090637,0.3067139685,0.292260302,0.06796358526,0.07194899158
4715,CDS + 3'UTR,4,0.4065530896,0.4016297791,0.224482134,0.2334717942,0.2931745946,0.2926850704,0.07579021156,0.07221335624
4716,CDS + 3'UTR,4,0.4843619466,0.4031932827,0.2069362104,0.2331218952,0.2580482662,0.2919124143,0.05065362528,0.071772407
4717,CDS + 3'UTR,4,0.3638914824,0.4038351882,0.2333906144,0.2330092253,0.3283860385,0.2914845208,0.07433187217,0.07167106578
4718,CDS + 3'UTR,4,0.3847641349,0.4035123926,0.2404554486,0.2327427896,0.2983137369,0.2916626813,0.07646665722,0.07208213587
4719,CDS + 3'UTR,4,0.4761242867,0.4041222092,0.2157960534,0.2326412046,0.2566382289,0.2913792891,0.05144144222,0.07185729626
4720,CDS + 3'UTR,4,0.3849802017,0.4037068658,0.2496366203,0.2328527477,0.2911096215,0.2915090149,0.07427354157,0.07193137133
4721,CDS + 3'UTR,4,0.3726109564,0.4034965426,0.2081137896,0.2326814771,0.3317524195,0.2915901927,0.08752287179,0.07223178805
4722,CDS + 3'UTR,4,0.4343522787,0.4043226656,0.2070715129,0.2322198294,0.2864070237,0.291378046,0.07216915488,0.07207945953
4723,CDS + 3'UTR,4,0.4003845155,0.4047348227,0.2384576201,0.232539924,0.2787027061,0.2909832222,0.08245518059,0.07174203168
4724,CDS + 3'UTR,4,0.400059998,0.404397871,0.2287310809,0.2324261708,0.2943422794,0.2914537171,0.07686656713,0.07172224275
4725,CDS + 3'UTR,4,0.4456719458,0.4055545982,0.2220079452,0.2321653336,0.276796639,0.2910473371,0.05552345887,0.07123273201
4726,CDS + 3'UTR,4,0.423268795,0.4054521937,0.2314127386,0.2322126543,0.2727508843,0.291264469,0.07256758213,0.07107068356
4727,CDS + 3'UTR,4,0.3546232879,0.4049496979,0.250422895,0.2319226593,0.3182987571,0.2919301091,0.07665507495,0.07119753482
4728,CDS + 3'UTR,4,0.4870300293,0.4059481069,0.2263527066,0.2315560451,0.2388698459,0.2916592618,0.04774741828,0.07083658669
4729,CDS + 3'UTR,4,0.3976867795,0.4054829706,0.2253788412,0.2319551339,0.3077604771,0.2918049822,0.06917387247,0.07075691437
4730,CDS + 3'UTR,4,0.3968026042,0.4046390701,0.2247555554,0.2312617429,0.3076889515,0.2929460088,0.07075282186,0.07115317984
4731,CDS + 3'UTR,4,0.4734315276,0.4054180868,0.2048420608,0.2314999176,0.2757259309,0.2922794027,0.04600049555,0.07080259523
4732,CDS + 3'UTR,4,0.3985207677,0.405461878,0.2249929309,0.2317538723,0.3007512093,0.2923129244,0.07573505491,0.07047132696
4733,CDS + 3'UTR,4,0.3901505768,0.404523037,0.2078467309,0.2319562038,0.3263617158,0.2930826535,0.07564100623,0.07043810771
4734,CDS + 3'UTR,4,0.4511906505,0.4051936276,0.2006622404,0.2316080695,0.2928313613,0.2930679785,0.05531573296,0.07013032655
4735,CDS + 3'UTR,4,0.3622598946,0.4057154741,0.2445404828,0.2316844657,0.3147300184,0.2927132992,0.07846963406,0.06988676353
4736,CDS + 3'UTR,4,0.3994630873,0.4049299318,0.2252377272,0.2315191271,0.3002283573,0.2934044128,0.0750708282,0.07014653091
4737,CDS + 3'UTR,4,0.4088673592,0.4055592265,0.2553893626,0.2315922026,0.2691247165,0.2929326197,0.06661859155,0.06991595388
4738,CDS + 3'UTR,4,0.4037088454,0.4062760152,0.2468202114,0.2312274754,0.2769021988,0.2927455859,0.07256880403,0.06975092585
4739,CDS + 3'UTR,4,0.3562309146,0.4065115653,0.2550806999,0.2303198515,0.3011270761,0.2933387816,0.08756128699,0.06982980436
4740,CDS + 3'UTR,4,0.4057742655,0.4077966116,0.2308258116,0.2301306238,0.2938899994,0.2925672803,0.06950989366,0.06950548622
4741,CDS + 3'UTR,4,0.3798738122,0.4085532732,0.2507089376,0.2302851206,0.3023398221,0.2918819383,0.067077443,0.06927966974
4742,CDS + 3'UTR,4,0.3837926984,0.4081517499,0.2576331198,0.229863851,0.2864035964,0.2923698448,0.07217057794,0.06961455643
4743,CDS + 3'UTR,4,0.4518078864,0.4092977941,0.2157647163,0.2292953987,0.2705104351,0.2920296691,0.06191695109,0.06937714024
4744,CDS + 3'UTR,4,0.367895782,0.409633987,0.2345533371,0.2290855197,0.3151262701,0.2918869328,0.08242458105,0.06939356318
4745,CDS + 3'UTR,4,0.3752652109,0.4087250751,0.2212426066,0.2288790425,0.3199397326,0.2925098684,0.08355244994,0.06988601675
4746,CDS + 3'UTR,4,0.4117898643,0.4092304159,0.2482423782,0.2290776828,0.2783668637,0.2919786673,0.06160085648,0.06971323574
4747,CDS + 3'UTR,4,0.3827036619,0.4098371845,0.275208801,0.2289905369,0.2722299695,0.2914865505,0.0698575601,0.0696857295
4748,CDS + 3'UTR,4,0.3833127022,0.4083770458,0.2317668498,0.229798379,0.308288008,0.2920120854,0.07663241774,0.06981249154
4749,CDS + 3'UTR,4,0.4574205577,0.4102760214,0.220604226,0.2290288998,0.2700984478,0.2910991959,0.05187676847,0.06959588481
4750,CDS + 3'UTR,4,0.3988329768,0.4109534387,0.2139546275,0.2290014351,0.3126730919,0.2906815175,0.07453934103,0.06936360989
4751,CDS + 3'UTR,4,0.38391155,0.41021276,0.2160961628,0.2289206229,0.3158659339,0.2913791291,0.08412636071,0.06948748929
4752,CDS + 3'UTR,4,0.44992432,0.4110979866,0.2211636007,0.2288803881,0.2659722269,0.290879114,0.06293987483,0.06914251246
4753,CDS + 3'UTR,4,0.3582460284,0.4116275821,0.2351411581,0.2290113758,0.3379991651,0.2903497025,0.06861363351,0.0690113395
4754,CDS + 3'UTR,4,0.4022243619,0.4114111673,0.232204929,0.2285816064,0.2895841599,0.29062806,0.07598653436,0.06937916516
4755,CDS + 3'UTR,4,0.4973439574,0.4127127975,0.1930938214,0.2280780314,0.2597463131,0.290067016,0.04981588945,0.06914215428
4756,CDS + 3'UTR,4,0.4021331072,0.4120346963,0.216387257,0.228163065,0.303858757,0.2907229919,0.07762096822,0.0690792453
4757,CDS + 3'UTR,4,0.4021242261,0.4107886732,0.2087734193,0.2284421857,0.2987474799,0.2913376458,0.09035482258,0.06943149297
4758,CDS + 3'UTR,4,0.4568265378,0.4125507735,0.2211810052,0.2280122999,0.263923347,0.2903920908,0.05806912482,0.06904483405
4759,CDS + 3'UTR,4,0.3645057082,0.4129046887,0.2447455078,0.2279111583,0.3099510372,0.2902206562,0.08079779148,0.06896349541
4760,CDS + 3'UTR,4,0.3891168833,0.4115189731,0.2324705124,0.2280090122,0.2915737033,0.2912342235,0.08683893085,0.06923779035
4761,CDS + 3'UTR,4,0.4545088708,0.4117787391,0.213755846,0.22785274,0.2694198489,0.2912530769,0.06231544167,0.06911544334
4762,CDS + 3'UTR,4,0.4098320007,0.4121964093,0.2385615855,0.2285150534,0.2829131782,0.2904575389,0.06869327277,0.06883099712
4763,CDS + 3'UTR,4,0.3511889577,0.4117249209,0.2518696189,0.2287639007,0.3233108819,0.2906154491,0.07363057137,0.06889572898
4764,CDS + 3'UTR,4,0.5118587017,0.4130458459,0.1909811646,0.2283819303,0.2548331916,0.290145706,0.04232690111,0.06842651754
4765,CDS + 3'UTR,4,0.3959907889,0.412874224,0.2491654903,0.228298822,0.2858496904,0.2903653283,0.06899395585,0.06846162598
4766,CDS + 3'UTR,4,0.3642950654,0.4123568092,0.2495391816,0.2281631643,0.313151449,0.2906926882,0.07301434129,0.06878733914
4767,CDS + 3'UTR,4,0.4838323593,0.412278628,0.2003598958,0.2279827492,0.2639474273,0.2909806922,0.05186029524,0.06875793198
4768,CDS + 3'UTR,4,0.3950311244,0.4132139072,0.2357512414,0.2279919034,0.2912116647,0.2902293339,0.07800601423,0.06856485656
4769,CDS + 3'UTR,4,0.3632819653,0.4121081337,0.1964906007,0.2278171754,0.3482545018,0.2911077484,0.09197297692,0.06896694372
4770,CDS + 3'UTR,4,0.418563813,0.4130594168,0.2542245984,0.2277829066,0.2713723183,0.2904333126,0.05583929643,0.06872436544
4771,CDS + 3'UTR,4,0.3984876573,0.4131490659,0.2330646366,0.2281234652,0.3019275963,0.2900563121,0.06652007997,0.06867115926
4772,CDS + 3'UTR,4,0.3832199574,0.4119366989,0.2156926543,0.2283296727,0.3264645338,0.2905748829,0.07462289929,0.06915874798
4773,CDS + 3'UTR,4,0.4312751591,0.4130003661,0.2174722105,0.2281657357,0.2987659574,0.2899906527,0.05248666555,0.06884324886
4774,CDS + 3'UTR,4,0.4165516496,0.4131151203,0.2361010313,0.2284435583,0.2801705003,0.2895763725,0.067176871,0.06886495212
4775,CDS + 3'UTR,4,0.4087077379,0.4126055803,0.2038852572,0.2284155708,0.3113755584,0.2897059388,0.0760314092,0.06927291388
4776,CDS + 3'UTR,4,0.4557852447,0.4133541495,0.2392763495,0.2282600151,0.2503300309,0.2892610408,0.05460836738,0.06912479782
4777,CDS + 3'UTR,4,0.399181664,0.41290689,0.2155096829,0.2283693165,0.3139021993,0.2896183267,0.07140645385,0.06910547055
4778,CDS + 3'UTR,4,0.4110841155,0.4126653831,0.2240933031,0.2277084526,0.2965947092,0.2901138607,0.06822788715,0.06951230681
4779,CDS + 3'UTR,4,0.492779851,0.4126670826,0.2113973945,0.2272264391,0.247867614,0.2905294664,0.04795509949,0.06957701379
4780,CDS + 3'UTR,4,0.4084962606,0.4136517365,0.2400394082,0.2264284838,0.2818478048,0.2903787456,0.06961650401,0.06954103662
4781,CDS + 3'UTR,4,0.3780439794,0.4136606358,0.2228994966,0.2261167567,0.3142673671,0.2905551128,0.08478918672,0.06966749746
4782,CDS + 3'UTR,4,0.4693383873,0.4140247948,0.2184207886,0.2257938793,0.2528702915,0.2905284893,0.05937055498,0.06965283938
4783,CDS + 3'UTR,4,0.4234060943,0.4139189187,0.2119480222,0.2257484393,0.2878302336,0.2906058073,0.07681561261,0.06972683724
4784,CDS + 3'UTR,4,0.3768530488,0.4128557939,0.2226014435,0.2255366929,0.3059020638,0.2913582008,0.09464345127,0.07024931549
4785,CDS + 3'UTR,4,0.435909152,0.4135118727,0.2499208003,0.2258609407,0.2546745539,0.2906752493,0.05949544907,0.0699519407
4786,CDS + 3'UTR,4,0.3892854154,0.4138692349,0.2421847731,0.2261503957,0.2881071568,0.2901842289,0.08042265475,0.06979614468
4787,CDS + 3'UTR,4,0.3314654827,0.4131934356,0.2895981669,0.2266615052,0.3023121655,0.2901513807,0.07662419975,0.0699936836
4788,CDS + 3'UTR,4,0.4816909432,0.4148828935,0.2059983611,0.2256289026,0.2549647987,0.2897878822,0.05734588951,0.06970032696
4789,CDS + 3'UTR,4,0.4233844578,0.4146102041,0.2304661572,0.2257141476,0.2816714048,0.2899549339,0.06447793543,0.06972072003
4790,CDS + 3'UTR,4,0.3953015506,0.4138160728,0.2316329777,0.2257567419,0.307003051,0.2903373875,0.06606242806,0.07008980429
4791,CDS + 3'UTR,4,0.4883306026,0.4148578547,0.2230611742,0.2257589405,0.2416318953,0.2895745594,0.04697627947,0.06980865104
4792,CDS + 3'UTR,4,0.4075382352,0.4152602885,0.2411260009,0.2257073544,0.2874184847,0.2892969619,0.06391723454,0.06973540084
4793,CDS + 3'UTR,4,0.4244918227,0.414686276,0.2056249529,0.2252994562,0.2874552906,0.290049405,0.08242788911,0.06996486811
4794,CDS + 3'UTR,4,0.4762156308,0.4152335335,0.2129512429,0.2254606476,0.2618304491,0.2894508611,0.04900271446,0.06985496324
4795,CDS + 3'UTR,4,0.3523049951,0.4148604814,0.231284827,0.2255002216,0.3456526697,0.2898588795,0.07075749338,0.06978042317
4796,CDS + 3'UTR,4,0.3846800923,0.4133907985,0.2292658687,0.2261142768,0.3072205782,0.2903930821,0.07883343846,0.07010184862
4797,CDS + 3'UTR,4,0.5048595071,0.4138663169,0.1989997476,0.2261654144,0.2527416348,0.2900911212,0.04339915887,0.06987715224
4798,CDS + 3'UTR,4,0.4130773544,0.4143547606,0.2323641181,0.2260009654,0.2845989764,0.2899158884,0.069959566,0.06972839125
4799,CDS + 3'UTR,4,0.3652670383,0.4135486424,0.2236243635,0.2259566359,0.3377236128,0.2905373126,0.07338503748,0.06995741352
4800,CDS + 3'UTR,4,0.4057614803,0.4148750506,0.2371348441,0.2255888205,0.2926178873,0.289897975,0.06448578089,0.06963815806
4801,CDS + 3'UTR,4,0.4060245752,0.4148670714,0.2610988617,0.2257087976,0.2681093812,0.2900195409,0.06476717442,0.06940459381
4802,CDS + 3'UTR,4,0.3966332078,0.4140484467,0.2269793004,0.225931422,0.2990398407,0.2904389806,0.07734770328,0.06958115404
4803,CDS + 3'UTR,4,0.5060585141,0.4141146347,0.2078999877,0.2260371277,0.2411232591,0.2904165972,0.04491826519,0.06943164319
4804,CDS + 3'UTR,4,0.3863302469,0.4147675648,0.2220824212,0.2255890071,0.3119120598,0.2901232842,0.0796752423,0.06952014593
4805,CDS + 3'UTR,4,0.4042787552,0.4138343949,0.2111553252,0.2254605744,0.3029854298,0.2906044304,0.08158051223,0.07010060358
4806,CDS + 3'UTR,4,0.4170143008,0.4142625764,0.2169795334,0.2249788756,0.2957912087,0.2907018442,0.07021500915,0.07005670811
4807,CDS + 3'UTR,4,0.4294456244,0.4144066904,0.2511552274,0.2246358598,0.2581900954,0.2908274136,0.06120904163,0.07013004008
4808,CDS + 3'UTR,4,0.3985681534,0.4131100323,0.2123744637,0.224789501,0.3091430068,0.2916438673,0.07991439104,0.07045660284
4809,CDS + 3'UTR,4,0.4737894237,0.4134625904,0.2226373404,0.2247502845,0.2538056076,0.2915120009,0.04976760969,0.07027512728
4810,CDS + 3'UTR,4,0.4039745331,0.4140210178,0.2520002425,0.225141271,0.2775289118,0.2907797627,0.06649632752,0.07005795115
4811,CDS + 3'UTR,4,0.3764421642,0.4134526663,0.2213386595,0.2246724874,0.3172115982,0.29144428,0.08500759304,0.07043056926
4812,CDS + 3'UTR,4,0.4836141467,0.4136901509,0.2118779719,0.2249691768,0.2540127933,0.2910026468,0.05049512535,0.07033802895
4813,CDS + 3'UTR,4,0.399330914,0.4138514616,0.230072543,0.2254335742,0.2932192981,0.2904942829,0.07737726718,0.07022068407
4814,CDS + 3'UTR,4,0.4104274511,0.4133839935,0.1984232366,0.2252935618,0.3031966686,0.290671242,0.08795267344,0.07065120535
4815,CDS + 3'UTR,4,0.4221454263,0.4138393089,0.2320960313,0.2253494449,0.2791381776,0.2903988581,0.06662034988,0.07041238984
4816,CDS + 3'UTR,4,0.3636823297,0.413364432,0.2339818329,0.225962393,0.3288112283,0.2902484406,0.07352464646,0.07042473722
4817,CDS + 3'UTR,4,0.3895468116,0.412694272,0.2025202513,0.2259323172,0.3087674379,0.290730596,0.09916549176,0.07064281777
4818,CDS + 3'UTR,4,0.4038448036,0.4136843529,0.2082591355,0.2257978745,0.3101506531,0.2901328605,0.07774536312,0.07038491499
4819,CDS + 3'UTR,4,0.435003221,0.4138369162,0.1912442744,0.2258019174,0.2890694141,0.2897495478,0.0846831128,0.07061162088
4820,CDS + 3'UTR,4,0.4064862132,0.4125933375,0.2058876455,0.2258591909,0.3079993725,0.2905406799,0.07962676138,0.07100679479
4821,CDS + 3'UTR,4,0.409006536,0.4134574663,0.2248787433,0.225709516,0.3002099395,0.2901041728,0.06590479612,0.07072884855
4822,CDS + 3'UTR,4,0.3753226101,0.4133385785,0.2539979219,0.2259906506,0.2925890386,0.29001076,0.07809040695,0.07066001431
4823,CDS + 3'UTR,4,0.3667578995,0.4123572122,0.1988250017,0.2263227068,0.3307019174,0.2904324494,0.1037152112,0.07088763448
4824,CDS + 3'UTR,4,0.4203820825,0.4132181495,0.2604931593,0.2263060909,0.2604901493,0.2899149738,0.05863459781,0.07056078925
4825,CDS + 3'UTR,4,0.4038541913,0.4133322917,0.2443990111,0.2265430702,0.2806580961,0.2898829311,0.07108876854,0.07024171012
4826,CDS + 3'UTR,4,0.3577259183,0.4125343725,0.2891311347,0.2262340462,0.2757390141,0.2907065082,0.07740397006,0.07052507657
4827,CDS + 3'UTR,4,0.5178602934,0.4135536168,0.192600593,0.2258891273,0.2431500852,0.2903998386,0.04638902843,0.07015742077
4828,CDS + 3'UTR,4,0.3614975512,0.4145296928,0.2385864556,0.2251028316,0.3216521442,0.2901596066,0.07826386392,0.0702078721
4829,CDS + 3'UTR,4,0.393890053,0.413058237,0.2240117639,0.2253614206,0.3006947339,0.2910194978,0.08140350878,0.07056084755
4830,CDS + 3'UTR,4,0.482175529,0.4131729901,0.2141305208,0.2252092397,0.2516468465,0.2909140054,0.05204708129,0.07070376812
4831,CDS + 3'UTR,4,0.4161062539,0.4128551375,0.2119692713,0.2251787618,0.2936581373,0.2909713436,0.07826634496,0.07099476005
4832,CDS + 3'UTR,4,0.4040033221,0.4119686302,0.1885317415,0.2249315238,0.3261676729,0.291583981,0.08129725605,0.07151586879
4833,CDS + 3'UTR,4,0.4020266235,0.4117178876,0.248036474,0.2248641541,0.2901156545,0.2916824248,0.05982124433,0.07173553752
4834,CDS + 3'UTR,4,0.372380197,0.4119330261,0.2353708446,0.225057302,0.3222256303,0.2915064193,0.07002332807,0.0715032571
4835,CDS + 3'UTR,4,0.3797693253,0.4109389666,0.2422182411,0.2249429017,0.3024825156,0.291964224,0.07552992553,0.07215391193
4836,CDS + 3'UTR,4,0.4401745796,0.4116577793,0.2204782665,0.2245572653,0.2797018886,0.2915324818,0.05964525789,0.07225247789
4837,CDS + 3'UTR,4,0.4411997199,0.4117854599,0.195617497,0.2243032446,0.2847288549,0.291636337,0.07845394313,0.07227496328
4838,CDS + 3'UTR,4,0.3923370838,0.4099039074,0.2176346481,0.2247535994,0.3136372864,0.2924769044,0.07639090717,0.07286559348
4839,CDS + 3'UTR,4,0.4706183672,0.4099289786,0.2153202742,0.2248111101,0.2588040233,0.2923556339,0.05525735393,0.07290428202
4840,CDS + 3'UTR,4,0.3884785473,0.4101250585,0.2420686781,0.2251731925,0.3012989759,0.291838488,0.06815379113,0.07286326536
4841,CDS + 3'UTR,4,0.3890188932,0.4101573188,0.2315658033,0.2251746895,0.3029750288,0.2916813146,0.07644025981,0.07298668087
4842,CDS + 3'UTR,4,0.415127039,0.4106927384,0.2470180392,0.2246296838,0.2811225057,0.2918151837,0.05673240498,0.07286239807
4843,CDS + 3'UTR,4,0.4034233689,0.4109185208,0.2160199732,0.2246877778,0.2998458445,0.2916159116,0.08071079105,0.07277779346
4844,CDS + 3'UTR,4,0.437205106,0.4095494565,0.1807065457,0.2250037728,0.2933248878,0.2922614448,0.08876351267,0.07318532863
4845,CDS + 3'UTR,4,0.4302453101,0.4102220569,0.2106295824,0.2247635316,0.2936427891,0.2920397285,0.0654823184,0.07297468591
4846,CDS + 3'UTR,4,0.3758241832,0.4101951964,0.2220979184,0.2249325518,0.3231970072,0.2920271002,0.07888089865,0.07284515402
4847,CDS + 3'UTR,4,0.3800997138,0.4093784131,0.2126511931,0.2253592689,0.3292637169,0.2921100564,0.07798531651,0.0731522637
4848,CDS + 3'UTR,4,0.423235774,0.4090779647,0.2326139212,0.2249658817,0.2806623578,0.2926283076,0.06348796934,0.07332784822
4849,CDS + 3'UTR,4,0.4079561532,0.4088020846,0.2277695239,0.2251802349,0.2896754444,0.2927401051,0.07459888607,0.07327757729
4850,CDS + 3'UTR,4,0.3730956912,0.4077243093,0.2167219073,0.2253451001,0.3245337009,0.2933031794,0.0856487453,0.0736274133
4851,CDS + 3'UTR,4,0.4174864292,0.4091766838,0.2567997873,0.2246424424,0.2665969431,0.2927954771,0.05911685526,0.07338539851
4852,CDS + 3'UTR,4,0.39612481,0.4091619499,0.2528444529,0.2251343703,0.2857954204,0.292542379,0.0652353093,0.0731613019
4853,CDS + 3'UTR,4,0.3938777149,0.4078312181,0.2062712163,0.2252525484,0.3129226863,0.2932837281,0.08692836761,0.07363250577
4854,CDS + 3'UTR,4,0.4529768825,0.4092706345,0.2405716777,0.2247450277,0.2583797872,0.2926897012,0.0480716303,0.07329463693
4855,CDS + 3'UTR,4,0.3707175851,0.4086905826,0.2529211044,0.2252821308,0.2993421555,0.2927664079,0.07701919973,0.07326087835
4856,CDS + 3'UTR,4,0.4021724463,0.4077817213,0.2368702888,0.225223754,0.2889024615,0.2933761187,0.07205481082,0.07361840555
4857,CDS + 3'UTR,4,0.4783881307,0.4084955085,0.2047542632,0.2252241559,0.2660833597,0.2926972643,0.05077423155,0.07358306986
4858,CDS + 3'UTR,4,0.4232891798,0.40866029,0.2244167328,0.225511523,0.2659296989,0.2924696073,0.08636435866,0.07335857819
4859,CDS + 3'UTR,4,0.3932935596,0.4089854874,0.2159792781,0.2252895314,0.3111581802,0.2922456998,0.07956901193,0.07347928057
4860,CDS + 3'UTR,4,0.4776265621,0.4099305503,0.2280654162,0.2253092073,0.2469272316,0.2917373132,0.04738080502,0.07302292837
4861,CDS + 3'UTR,4,0.3685329556,0.4100124232,0.2453902662,0.225691713,0.3067943454,0.2912983026,0.0792824477,0.07299756007
4862,CDS + 3'UTR,4,0.3908290863,0.4092900168,0.2449852824,0.2255545361,0.2866054475,0.2918728784,0.07758016884,0.07328256741
4863,CDS + 3'UTR,4,0.4922810793,0.4096790895,0.2106187493,0.2252744781,0.2464321852,0.2918483023,0.05066799372,0.07319812905
4864,CDS + 3'UTR,4,0.3859844208,0.4095597155,0.2415597886,0.2259413628,0.3033386469,0.2916070383,0.0691171214,0.07289188113
4865,CDS + 3'UTR,4,0.3720756173,0.4094406001,0.2251988798,0.2255595176,0.3205607235,0.2918201752,0.0821647644,0.07317970558
4866,CDS + 3'UTR,4,0.4708249569,0.4100548875,0.2145912647,0.22527788,0.2635735869,0.2917907637,0.05101019144,0.07287646676
4867,CDS + 3'UTR,4,0.4095515609,0.4100727256,0.2266945094,0.2248997657,0.2830936015,0.2921631601,0.08066030592,0.07286434597
4868,CDS + 3'UTR,4,0.3639744818,0.4086720351,0.2266854793,0.2251668809,0.3237560987,0.2927313976,0.08558392525,0.07342968411
4869,CDS + 3'UTR,4,0.4325647056,0.4093985885,0.218291685,0.2251958176,0.273232013,0.292136576,0.07591158152,0.07326901513
4870,CDS + 3'UTR,4,0.3698733449,0.4098374616,0.2291947454,0.2248746932,0.3115901053,0.2920768876,0.08934178203,0.07321095406
4871,CDS + 3'UTR,4,0.4174100161,0.4085793111,0.2032821327,0.2251165139,0.2906428874,0.2928426132,0.08866497874,0.07346155881
4872,CDS + 3'UTR,4,0.3874788284,0.4095377691,0.2357364297,0.2249569423,0.2952939868,0.2924093612,0.08149073273,0.07309592445
4873,CDS + 3'UTR,4,0.4417029023,0.4093787022,0.2210767865,0.225402905,0.2733748555,0.2921585772,0.06384545565,0.07305981233
4874,CDS + 3'UTR,4,0.3966908753,0.4092008028,0.2037992179,0.2247558467,0.2984548211,0.2927198395,0.1010551006,0.07332350779
4875,CDS + 3'UTR,4,0.4098100066,0.4099723816,0.2004339099,0.22445294,0.3111132979,0.2923518408,0.07864277065,0.0732228341
4876,CDS + 3'UTR,4,0.3948945403,0.4104651757,0.2089442164,0.2243186938,0.3155289888,0.2919643357,0.08063226938,0.07325179097
4877,CDS + 3'UTR,4,0.3543353081,0.4096532315,0.2350281328,0.2243774533,0.3199870288,0.2923393063,0.090649575,0.07363000498
4878,CDS + 3'UTR,4,0.4150830507,0.4100383487,0.2369649708,0.224368231,0.274897337,0.2920638308,0.07305464894,0.07352958578
4879,CDS + 3'UTR,4,0.3809534311,0.4098561671,0.2525909543,0.2243755303,0.2963519394,0.2921210486,0.07010370493,0.07364725056
4880,CDS + 3'UTR,4,0.4083423018,0.4083931383,0.2372546047,0.22469946,0.2800440192,0.2929411709,0.07435902208,0.07396622729
4881,CDS + 3'UTR,4,0.4488581419,0.4094047811,0.2174984068,0.2242762616,0.2788189054,0.2925567094,0.0548245497,0.07376224436
4882,CDS + 3'UTR,4,0.4146957994,0.4093406741,0.2316268235,0.2244058322,0.2830980718,0.2924797073,0.07057933509,0.0737737841
4883,CDS + 3'UTR,4,0.39653337,0.4091723461,0.2331795841,0.2237468522,0.2927659154,0.2928784408,0.07752107829,0.07420235914
4884,CDS + 3'UTR,4,0.4401382804,0.409661128,0.202863127,0.2237003278,0.2941747606,0.2925389569,0.06282382458,0.07409958593
4885,CDS + 3'UTR,4,0.4021299183,0.4089238465,0.2246769369,0.2244179247,0.3019751608,0.2926482219,0.07121796161,0.07401000415
4886,CDS + 3'UTR,4,0.3516716361,0.4081883918,0.2511169016,0.225051252,0.3024277091,0.2925607741,0.09478378296,0.07419957952
4887,CDS + 3'UTR,4,0.4054097533,0.4097537845,0.2196842581,0.2248845696,0.2996501923,0.2914034126,0.07525580376,0.07395823128
4888,CDS + 3'UTR,4,0.3764977455,0.4096167348,0.22952272,0.2253916256,0.318086803,0.2909909932,0.07589271665,0.07400064557
4889,CDS + 3'UTR,4,0.3875674009,0.4090751722,0.2358265519,0.2252113359,0.2988515496,0.2913433822,0.07775449008,0.07437010859
4890,CDS + 3'UTR,4,0.5201644897,0.4095549945,0.1957876235,0.2252682501,0.2369127274,0.2910284722,0.04713514447,0.07414828213
4891,CDS + 3'UTR,4,0.3752634525,0.4097717747,0.2606928945,0.2256212762,0.2969637513,0.2906286312,0.06707986444,0.0739783165
4892,CDS + 3'UTR,4,0.377155602,0.4093591653,0.2213322222,0.2254756039,0.3133207262,0.2908051608,0.08819143474,0.07436006851
4893,CDS + 3'UTR,4,0.5144842267,0.4101745099,0.1894708872,0.2248202039,0.2456971407,0.2906224994,0.05034776032,0.07438278515
4894,CDS + 3'UTR,4,0.364023298,0.4102585122,0.24139148,0.2248337969,0.3093332052,0.2906248977,0.08525198698,0.07428279165
4895,CDS + 3'UTR,4,0.3494365215,0.4091712695,0.2274258882,0.2247319857,0.3279150426,0.2913613817,0.0952225253,0.07473536171
4896,CDS + 3'UTR,4,0.4207853079,0.4099361181,0.2340139896,0.2242412038,0.2745028734,0.2911292328,0.07069779187,0.07469344353
4897,CDS + 3'UTR,4,0.4027293324,0.4101145536,0.2255096138,0.2240191203,0.2905548811,0.2911429061,0.0812061578,0.07472341834
4898,CDS + 3'UTR,4,0.4298605919,0.4089192562,0.1904998124,0.2239905594,0.2922380567,0.291790281,0.08740155399,0.07529990198
4899,CDS + 3'UTR,4,0.5106082559,0.4099302143,0.1928183436,0.2236605093,0.2483984828,0.2915879434,0.04817493632,0.07482133163
4900,CDS + 3'UTR,4,0.4130360484,0.4100011677,0.2364881039,0.2235313708,0.2728785276,0.2915519463,0.07759729773,0.07491551405
4901,CDS + 3'UTR,4,0.3512140214,0.4092726476,0.2139045894,0.22309379,0.3461759984,0.2921809712,0.08870538324,0.07545258999
4902,CDS + 3'UTR,4,0.4064484239,0.4098304369,0.231593281,0.2225785865,0.2906229496,0.2921100149,0.07133533806,0.07548096096
4903,CDS + 3'UTR,4,0.3572079837,0.4099088512,0.2521757782,0.2220558992,0.3114008009,0.292414592,0.07921537757,0.07562065674
4904,CDS + 3'UTR,4,0.4108528495,0.4085340887,0.2299455404,0.2220084708,0.277541101,0.2932972571,0.08166055381,0.07616018225
4905,CDS + 3'UTR,4,0.4529971778,0.4095667209,0.2218680084,0.221704288,0.2783051729,0.2926557804,0.04682966322,0.07607320985
4906,CDS + 3'UTR,4,0.3591529727,0.4097512722,0.2588819861,0.2216184698,0.3055307269,0.2925148895,0.0764343068,0.07611536821
4907,CDS + 3'UTR,4,0.4058050513,0.408886271,0.2139698118,0.2214948017,0.2886090875,0.2928444369,0.09161607921,0.07677448969
4908,CDS + 3'UTR,4,0.4196218252,0.4095421977,0.2409013957,0.2212872935,0.2740664184,0.2925672935,0.06541034579,0.07660321435
4909,CDS + 3'UTR,4,0.4289999008,0.4103741143,0.1983218044,0.220986288,0.2959196568,0.2920511002,0.07675862312,0.07658849703
4910,CDS + 3'UTR,4,0.38152349,0.4093081892,0.2334761769,0.2212625664,0.3129048944,0.2926268404,0.07209546119,0.07680240376
4911,CDS + 3'UTR,4,0.4927828908,0.4117539309,0.1992035508,0.2205743879,0.2589979768,0.2914396884,0.04901559651,0.07623199262
4912,CDS + 3'UTR,4,0.3912779689,0.4112467028,0.2242087573,0.2209682325,0.3061049581,0.2916161397,0.07840828598,0.07616892457
4913,CDS + 3'UTR,4,0.3877946734,0.4115727458,0.196271807,0.2209417446,0.335016638,0.2913610267,0.08091688156,0.0761244826
4914,CDS + 3'UTR,4,0.434106499,0.4111842878,0.211138308,0.2212668447,0.2927857339,0.291417042,0.06196943298,0.07613182496
4915,CDS + 3'UTR,4,0.4191928506,0.4114801023,0.2314785421,0.2216811663,0.27148211,0.2910943149,0.07784647495,0.07574441629
4916,CDS + 3'UTR,4,0.3752190471,0.4112323608,0.2251790315,0.2218902662,0.3096995354,0.2909563923,0.08990237862,0.07592098014
4917,CDS + 3'UTR,4,0.4720090926,0.4114601795,0.1948797107,0.2222503738,0.2626908123,0.2905880963,0.07042040676,0.0757013496
4918,CDS + 3'UTR,4,0.3777625561,0.4120176263,0.2182185948,0.222146981,0.3182147145,0.290203937,0.0858040899,0.0756314544
4919,CDS + 3'UTR,4,0.3535760641,0.4119603045,0.2412346452,0.2220165526,0.3244138062,0.2903288169,0.08077549189,0.07569432463
4920,CDS + 3'UTR,4,0.4694099724,0.4128312372,0.2082128078,0.2214361487,0.2705420554,0.2899938958,0.05183515698,0.0757387165
4921,CDS + 3'UTR,4,0.3838903308,0.4125163782,0.2419314533,0.2214134071,0.2968148589,0.2901767028,0.0773634389,0.07589351097
4922,CDS + 3'UTR,4,0.4016608,0.412412991,0.1942996383,0.2211150842,0.313021183,0.2900390556,0.09101840854,0.07643286814
4923,CDS + 3'UTR,4,0.4425259233,0.4129494112,0.2122980207,0.220677093,0.2726871371,0.290134242,0.0724889338,0.07623925209
4924,CDS + 3'UTR,4,0.3782225847,0.412942883,0.2381142974,0.2204551686,0.3020660877,0.2903221497,0.08159697056,0.07627979778
4925,CDS + 3'UTR,4,0.3714089394,0.4120349955,0.2612957656,0.2205222411,0.2866469622,0.2907233974,0.08064834774,0.07671936462
4926,CDS + 3'UTR,4,0.5010555983,0.4123170488,0.2087633312,0.2205649612,0.2306080908,0.2903375542,0.05957303941,0.07678043433
4927,CDS + 3'UTR,4,0.3691357374,0.4128428556,0.2532156706,0.2201269159,0.2962701619,0.2904667156,0.08137845993,0.07656351086
4928,CDS + 3'UTR,4,0.3799107671,0.4126728825,0.2181907445,0.2198398529,0.3088534772,0.2908358863,0.09304501116,0.07665137639
4929,CDS + 3'UTR,4,0.4463419318,0.4133260265,0.2323226631,0.2199097473,0.2644826472,0.2903012248,0.05685276911,0.07646299996
4930,CDS + 3'UTR,4,0.3904381096,0.413484288,0.2449639887,0.2198979707,0.2925464213,0.2901538337,0.07205149531,0.07646390623
4931,CDS + 3'UTR,4,0.384477675,0.4117721349,0.2451460063,0.2202474281,0.28071931,0.2909453193,0.0896570161,0.07703511617
4932,CDS + 3'UTR,4,0.4613523781,0.4122672521,0.2004124522,0.2197740017,0.2711825073,0.2907976782,0.06705264002,0.07716106665
4933,CDS + 3'UTR,4,0.4005979002,0.4124276716,0.2073586583,0.2198334688,0.3131145537,0.2907125482,0.07892888784,0.07702631042
4934,CDS + 3'UTR,4,0.3659974635,0.4107921649,0.2324267775,0.2201751618,0.3172985017,0.2915264288,0.08427723497,0.07750624367
4935,CDS + 3'UTR,4,0.4319054782,0.4116082586,0.2136585563,0.2198981982,0.2807702422,0.2911184585,0.07366574556,0.07737508458
4936,CDS + 3'UTR,4,0.4164472818,0.4125432834,0.2191036046,0.2196659705,0.289996326,0.2905856105,0.07445279509,0.07720513665
4937,CDS + 3'UTR,4,0.3827643394,0.4123876467,0.2024693936,0.2194310438,0.3178733587,0.2908221575,0.09689292312,0.0773591531
4938,CDS + 3'UTR,4,0.5041658282,0.4124345392,0.1980127245,0.2192802949,0.2497426867,0.2909295591,0.0480787307,0.07735560755
4939,CDS + 3'UTR,4,0.3989698291,0.4120265558,0.2056481987,0.2194053372,0.3082784116,0.2912739398,0.08710360527,0.07729416774
4940,CDS + 3'UTR,4,0.4193449616,0.4104621083,0.1930589527,0.2195472736,0.2972492278,0.2921981001,0.09034688026,0.07779251803
4941,CDS + 3'UTR,4,0.4131560922,0.4106217287,0.2041739821,0.2192532016,0.3011178374,0.292393331,0.08155212551,0.07773173917
4942,CDS + 3'UTR,4,0.3971022367,0.4111782778,0.2031702995,0.2194978397,0.3109716177,0.2917681606,0.08875583112,0.07755572163
4943,CDS + 3'UTR,4,0.3823000789,0.4110324357,0.2068244815,0.2193538424,0.3170453906,0.2920157248,0.09383003414,0.07759799724
4944,CDS + 3'UTR,4,0.4685949981,0.4117301248,0.2172251642,0.2192772621,0.2520205081,0.2916910382,0.06215932965,0.0773015759
4945,CDS + 3'UTR,4,0.3868397176,0.4115697615,0.2183334231,0.2191959444,0.3092894554,0.2920989064,0.08553743362,0.07713538827
4946,CDS + 3'UTR,4,0.4016248584,0.4109080471,0.2046978176,0.219221345,0.289937377,0.292271507,0.1037399098,0.07759910142
4947,CDS + 3'UTR,4,0.462025702,0.4121416282,0.2100938559,0.2186589673,0.2609221339,0.2916586379,0.06695827842,0.07754076775
4948,CDS + 3'UTR,4,0.4305278063,0.412455143,0.2026050389,0.2187935542,0.2824606299,0.2914776096,0.0844065398,0.07727369405
4949,CDS + 3'UTR,4,0.3472906947,0.4117500402,0.2403939515,0.2186776562,0.319291234,0.2921214661,0.09302411973,0.07745083869
4950,CDS + 3'UTR,4,0.5655326843,0.4119217813,0.1741404682,0.2187709104,0.2166179419,0.2918742942,0.04370889068,0.07743301531
4951,CDS + 3'UTR,4,0.3768317699,0.412157103,0.2347896993,0.2185039079,0.3047589958,0.2918407233,0.08361953497,0.07749826713
4952,CDS + 3'UTR,4,0.413562268,0.4112651348,0.2336173952,0.2186149912,0.2748849392,0.2922466436,0.07793537527,0.07787323128
4953,CDS + 3'UTR,4,0.4106262624,0.4118988823,0.2470847964,0.2182593253,0.2778560817,0.2919062765,0.06443284452,0.07793551693
4954,CDS + 3'UTR,4,0.4203560352,0.4120863702,0.2369449437,0.2184492193,0.272636652,0.2915849103,0.07006240636,0.07787950197
4955,CDS + 3'UTR,4,0.3899906874,0.4116728313,0.2171619087,0.2184761014,0.3000794947,0.2917381128,0.09276787937,0.07811295609
4956,CDS + 3'UTR,4,0.4131200314,0.4115228079,0.237752825,0.2183930118,0.2860653102,0.2921052365,0.06306182593,0.07797894557
4957,CDS + 3'UTR,4,0.3989310563,0.4119399756,0.2267567068,0.2181872737,0.2892542779,0.292086125,0.08505795896,0.07778662727
4958,CDS + 3'UTR,4,0.4104973078,0.4109710101,0.2265307009,0.218532091,0.2848877311,0.2925645689,0.07808426768,0.07793233148
4959,CDS + 3'UTR,4,0.4506280422,0.4118795175,0.206158638,0.2182181336,0.2695582509,0.2922122227,0.07365505397,0.07769012838
4960,CDS + 3'UTR,4,0.3831535876,0.4120897144,0.2354352772,0.2181716628,0.2946685851,0.2919603674,0.08674257994,0.07777825803
4961,CDS + 3'UTR,4,0.440587163,0.410580932,0.1936325729,0.2184502238,0.267807126,0.2926709147,0.09797312319,0.07829793212
4962,CDS + 3'UTR,4,0.4576094151,0.4110461704,0.1965875328,0.2182662848,0.2907129824,0.2925383223,0.05509005114,0.07814922384
4963,CDS + 3'UTR,4,0.3960111141,0.4108813353,0.2154256254,0.2188807631,0.3077985346,0.2923669709,0.08076473325,0.07787093245
4964,CDS + 3'UTR,4,0.3675072789,0.4104225412,0.2082289308,0.2190063521,0.3262745738,0.2925585425,0.09798917174,0.07801256557
4965,CDS + 3'UTR,4,0.4246941805,0.4117490698,0.228094548,0.2184473999,0.2711077034,0.2920640929,0.07610353827,0.07773943921
4966,CDS + 3'UTR,4,0.3937361836,0.4123589661,0.2160732746,0.2180411011,0.3127606213,0.2919665417,0.07742990553,0.07763339276
4967,CDS + 3'UTR,4,0.3918119073,0.4111645412,0.1967192143,0.2185401253,0.3291838467,0.2923926227,0.08228504658,0.07790271132
4968,CDS + 3'UTR,4,0.4287492633,0.4130636495,0.2351142764,0.2177121446,0.275313884,0.2917117521,0.06082260236,0.07751245452
4969,CDS + 3'UTR,4,0.4002283216,0.4129501574,0.234884426,0.2178628502,0.2870602608,0.2918468576,0.07782699168,0.07734013507
4970,CDS + 3'UTR,4,0.3831922412,0.411596065,0.2237442136,0.2181263803,0.300231576,0.2926271293,0.09283193946,0.07765042535
4971,CDS + 3'UTR,4,0.4148728251,0.4127584111,0.222818777,0.2177996706,0.2851524651,0.2920433154,0.07715590298,0.07739860304
4972,CDS + 3'UTR,4,0.3899891675,0.413126497,0.2260895967,0.2178022489,0.3065103292,0.2917823935,0.07741093636,0.07728886111
4973,CDS + 3'UTR,4,0.3836436868,0.4126377102,0.2168063223,0.2178347562,0.3108075857,0.2920260152,0.08874242008,0.07750151949
4974,CDS + 3'UTR,4,0.4293107986,0.4131065432,0.219234392,0.2181365725,0.2766955793,0.291343786,0.07475925982,0.07741309907
4975,CDS + 3'UTR,4,0.424238503,0.4135183752,0.2088476717,0.2181925489,0.2852872014,0.2909434455,0.08162669092,0.07734563164
4976,CDS + 3'UTR,4,0.4083343744,0.4136282321,0.2152198553,0.2179357368,0.2934266329,0.2909044156,0.08301910758,0.07753161639
4977,CDS + 3'UTR,4,0.4064807296,0.4134764399,0.2134497017,0.2179674136,0.2991470098,0.2909854012,0.0809225142,0.077570746
4978,CDS + 3'UTR,4,0.3972219229,0.4136111613,0.2005032003,0.2178715916,0.3197885156,0.2910394108,0.08248636872,0.0774778368
4979,CDS + 3'UTR,4,0.3854524493,0.4121863134,0.204173252,0.2177398931,0.3223313093,0.2920484824,0.08804295957,0.07802531142
4980,CDS + 3'UTR,4,0.4258056879,0.412614885,0.2129623443,0.21773651,0.2884970009,0.2919127652,0.07273498923,0.07773583941
4981,CDS + 3'UTR,4,0.395737946,0.4127568655,0.2334756404,0.2180518437,0.2961623669,0.2916851291,0.07462397963,0.07750616139
4982,CDS + 3'UTR,4,0.3947810531,0.4127161056,0.2200734913,0.2182841603,0.3104280829,0.2914581904,0.07471738756,0.07754154261
4983,CDS + 3'UTR,4,0.4130231142,0.4125420198,0.2460493594,0.2184152147,0.2854258716,0.2916613946,0.05550166965,0.07738137059
4984,CDS + 3'UTR,4,0.3980237842,0.4123039097,0.2234401256,0.2188779471,0.3101705611,0.2917314226,0.06836554408,0.07708672006
4985,CDS + 3'UTR,4,0.4000600278,0.4106683642,0.2239000499,0.2191693699,0.2921132147,0.2927661387,0.08392671496,0.07739612674
4986,CDS + 3'UTR,4,0.4578394592,0.412472656,0.2138917744,0.2188242303,0.2565011978,0.2917581767,0.07176761329,0.07694493677
4987,CDS + 3'UTR,4,0.4308862388,0.4122446589,0.224736765,0.2187919427,0.2741268277,0.2922652211,0.07025018334,0.07669817735
4988,CDS + 3'UTR,4,0.3632135987,0.4111406252,0.2316295505,0.2191284552,0.3255749345,0.292943335,0.07958191633,0.07678758516
4989,CDS + 3'UTR,4,0.4427391887,0.4120676152,0.2057821453,0.2189992616,0.2761459053,0.2926040702,0.07533275336,0.07632905315
4990,CDS + 3'UTR,4,0.4003492296,0.4123407315,0.2121159732,0.2191815343,0.3102192283,0.2924312547,0.07731560618,0.07604647945
4991,CDS + 3'UTR,4,0.421425432,0.4102560367,0.2080902159,0.2199056486,0.2914716005,0.2934122015,0.07901272923,0.07642611316
4992,CDS + 3'UTR,4,0.4419777691,0.4125134196,0.1957554817,0.2191316305,0.2788755894,0.2924953839,0.08339113742,0.07585956692
4993,CDS + 3'UTR,4,0.4027937055,0.4128383834,0.2114633322,0.2190421483,0.3093073368,0.2922949402,0.07643568516,0.07582452861
4994,CDS + 3'UTR,4,0.4010233879,0.4120021105,0.2132888734,0.2189246271,0.305041939,0.2930377739,0.08064576238,0.07603548891
4995,CDS + 3'UTR,4,0.4071909785,0.4120697185,0.2248313725,0.2186662247,0.3008520007,0.2931465654,0.06712563336,0.07611749149
4996,CDS + 3'UTR,4,0.4085924625,0.412360264,0.2087199837,0.2189349182,0.3081706166,0.2928761823,0.07451691478,0.07582863602
4997,CDS + 3'UTR,4,0.3944918513,0.4113745727,0.2224650979,0.2191246293,0.3009663224,0.2934189064,0.08207674325,0.07608189243
4998,CDS + 3'UTR,4,0.4504431486,0.4121915873,0.1931020021,0.2191862291,0.2900270224,0.2928538276,0.06642784178,0.07576835663
4999,CDS + 3'UTR,4,0.3703918159,0.411443235,0.2375169843,0.2194874754,0.3042653799,0.2933640605,0.08782586455,0.07570522972
5000,CDS + 3'UTR,4,0.3487073779,0.4108172946,0.2304976881,0.2198471032,0.3273858428,0.2935675295,0.09340908378,0.07576807276
5001,CDS + 3'UTR,4,0.4211094081,0.4122459639,0.2272163332,0.2194142612,0.2862074673,0.2929362364,0.06546677649,0.0754035383
5002,CDS + 3'UTR,4,0.3884739876,0.4117662057,0.2434578985,0.2201072298,0.2993130684,0.2931050546,0.06875509769,0.07502150922
5003,CDS + 3'UTR,4,0.4058223963,0.4103915624,0.2223451436,0.2207912285,0.2880128622,0.2934261717,0.08381958306,0.07539103758
5004,CDS + 3'UTR,4,0.4843448699,0.4115721192,0.193398118,0.2208640393,0.2625101209,0.2925831936,0.05974686146,0.07498064805
5005,CDS + 3'UTR,4,0.4202006459,0.4117946614,0.2287918627,0.2210725754,0.2788428664,0.292307068,0.07216463238,0.07482569618
5006,CDS + 3'UTR,4,0.4055016041,0.4115583967,0.2486852705,0.2210541135,0.2646945715,0.2924473882,0.08111852407,0.07494010311
5007,CDS + 3'UTR,4,0.5210644007,0.412832908,0.1869772077,0.2210909994,0.2418005168,0.2915170044,0.0501579158,0.07455908973
5008,CDS + 3'UTR,4,0.3708314002,0.4128586445,0.2302471995,0.2216468055,0.3196619153,0.2910114646,0.0792594552,0.07448308654
5009,CDS + 3'UTR,4,0.3380145431,0.4122600053,0.2534050643,0.2227277435,0.3269043863,0.2904716564,0.08167599142,0.07454059557
5010,CDS + 3'UTR,4,0.483425796,0.4135708082,0.2188272178,0.2222099604,0.2458413094,0.2900253391,0.05190571025,0.07419389351
5011,CDS + 3'UTR,4,0.413924545,0.4135707036,0.2453522682,0.2226284565,0.2598455548,0.2898697319,0.08087766171,0.07393110986
5012,CDS + 3'UTR,4,0.4222494364,0.4133265078,0.2030130327,0.2225825451,0.2906722426,0.2900856996,0.08406531066,0.07400524993
5013,CDS + 3'UTR,4,0.4381045401,0.4134333149,0.2315039635,0.2226886824,0.2585362196,0.2898870012,0.07185525447,0.07399100368
5014,CDS + 3'UTR,4,0.3989440203,0.4134216048,0.2369048893,0.2231889382,0.2852712572,0.2896091172,0.07887984067,0.07378034149
5015,CDS + 3'UTR,4,0.4406940341,0.4130432822,0.1931135952,0.2231315108,0.2776478529,0.2898795253,0.08854452521,0.07394568329
5016,CDS + 3'UTR,4,0.4043039083,0.4128882505,0.2216377407,0.2234576503,0.296475172,0.2898622343,0.07758316398,0.07379186512
5017,CDS + 3'UTR,4,0.3935420513,0.4124303825,0.1948036402,0.2238288248,0.3221941292,0.2900076473,0.08946018666,0.07373314579
5018,CDS + 3'UTR,4,0.390177995,0.411985876,0.1874768436,0.2243174061,0.3304684162,0.2899805764,0.09187670052,0.07371614208
5019,CDS + 3'UTR,4,0.4332555532,0.4132226631,0.2053775489,0.2244670011,0.2974210382,0.2889275467,0.06394584477,0.07338278936
5020,CDS + 3'UTR,4,0.4307034016,0.4133162118,0.21828565,0.2247395016,0.2790383399,0.2887235222,0.07197263837,0.07322076559
5021,CDS + 3'UTR,4,0.4098953009,0.412777669,0.2227593064,0.2248610383,0.2829627395,0.2889989482,0.08438262343,0.07336234553
5022,CDS + 3'UTR,4,0.3831753731,0.4149780527,0.2136546522,0.2242176171,0.3272279501,0.2877897454,0.07594206929,0.07301458614
5023,CDS + 3'UTR,4,0.3632512689,0.414506942,0.2438430786,0.2246935133,0.3226476312,0.2877655359,0.07025799155,0.07303400962
5024,CDS + 3'UTR,4,0.3377513587,0.4149788097,0.2405389845,0.2240552368,0.3347977996,0.2875420911,0.08691186458,0.07342386367
5025,CDS + 3'UTR,4,0.531183064,0.4153722912,0.1907222569,0.2239597294,0.2286524922,0.28716504,0.04944223538,0.07350294022
5026,CDS + 3'UTR,4,0.383385092,0.4151693206,0.2021148056,0.2241127927,0.3305009305,0.2873105558,0.08399915695,0.07340733139
5027,CDS + 3'UTR,4,0.3737030029,0.4141196042,0.2370148599,0.2245526519,0.3151712418,0.28788148,0.07411090285,0.07344626384
5028,CDS + 3'UTR,4,0.5046870112,0.414845432,0.1922695488,0.2243992718,0.2553194463,0.2875249768,0.04772397876,0.073230319
5029,CDS + 3'UTR,4,0.3691399992,0.4147890978,0.2549757659,0.224632697,0.3054659963,0.2874394318,0.07041822374,0.07313877307
5030,CDS + 3'UTR,4,0.3987571001,0.4143357515,0.2320696115,0.2248904716,0.2950936854,0.2875794133,0.07407958806,0.07319436213
5031,CDS + 3'UTR,4,0.5574223995,0.4152597506,0.1728682518,0.2250106109,0.2314135879,0.2868918175,0.03829583526,0.07283781944
5032,CDS + 3'UTR,4,0.4395593703,0.4149403714,0.2264588177,0.2252832832,0.258849442,0.2869492056,0.07513231039,0.07282713847
5033,CDS + 3'UTR,4,0.3437244296,0.4143477578,0.2376831025,0.2263958098,0.3372827768,0.2866528241,0.08130966872,0.07260360736
5034,CDS + 3'UTR,3,0.4257646799,0.4157582369,0.2162727565,0.226051916,0.2813399732,0.2859117022,0.07662261277,0.07227814356
5035,CDS + 3'UTR,4,0.4132343233,0.4156986978,0.2386573851,0.2267120173,0.2784488499,0.2855339581,0.06965944171,0.07205532594
5036,CDS + 3'UTR,4,0.3342647254,0.4149990942,0.2529297173,0.2267532967,0.3294832408,0.2859520664,0.08332233876,0.07229554206
5037,CDS + 3'UTR,4,0.4642922282,0.415989406,0.2316846848,0.2267858451,0.2440479696,0.285201793,0.05997509509,0.07202295512
5038,CDS + 3'UTR,4,0.3506291211,0.4161918696,0.2506304085,0.2269506449,0.3257063627,0.2848845003,0.07303411514,0.07197298417
5039,CDS + 3'UTR,4,0.4005528092,0.4152464278,0.2349288613,0.2276669594,0.2858357728,0.2849675773,0.07868249714,0.07211903436
5040,CDS + 3'UTR,4,0.4974471331,0.4168246303,0.2008079141,0.2272114687,0.2441651374,0.284315245,0.05757982284,0.0716486542
5041,CDS + 3'UTR,4,0.4022065103,0.4170431912,0.2490700632,0.2275038861,0.2813125849,0.2841012532,0.06741079688,0.07135166773
5042,CDS + 3'UTR,4,0.3476379514,0.416771083,0.2513074279,0.2276445329,0.3164023459,0.2841560638,0.08465231955,0.07142831846
5043,CDS + 3'UTR,4,0.4904556572,0.4180014085,0.2212504894,0.2271330969,0.2403602898,0.2835761512,0.04793357104,0.07128934017
5044,CDS + 3'UTR,4,0.3853106499,0.4181966059,0.2249118239,0.2271488775,0.3041845262,0.2834496478,0.08559302241,0.07120486586
5045,CDS + 3'UTR,4,0.4057930112,0.4172828007,0.2266175896,0.227487977,0.2823333144,0.2837394873,0.08525609225,0.0714897322
5046,CDS + 3'UTR,4,0.4956970811,0.4173991863,0.2190241516,0.2274761522,0.2383299172,0.2835395953,0.04694883525,0.07158506322
5047,CDS + 3'UTR,4,0.3938708305,0.4176866293,0.2411836982,0.2272677515,0.2887406647,0.2835990829,0.07620479167,0.07144653401
5048,CDS + 3'UTR,4,0.3808581233,0.4160360023,0.3215893209,0.2277395099,0.2321292311,0.2845095502,0.0654233247,0.07171493443
5049,CDS + 3'UTR,4,0.5050925612,0.4168261152,0.1934617758,0.2275668766,0.2513548732,0.284136028,0.05009082705,0.07147097751
5050,CDS + 3'UTR,4,0.3831838667,0.4171233837,0.2572239041,0.2275067158,0.2877829969,0.2839871755,0.07180924714,0.07138272333
5051,CDS + 3'UTR,4,0.3953371644,0.4158085082,0.2191458642,0.2276425134,0.3024298847,0.2847115833,0.08308710903,0.07183739273
5052,CDS + 3'UTR,4,0.3985337317,0.4170898683,0.2345805764,0.227140378,0.2906144559,0.284329303,0.07627123594,0.07144044852
5053,CDS + 3'UTR,4,0.3827068806,0.4167579368,0.2568267882,0.2273929333,0.2885768712,0.2845659625,0.07188944519,0.07128316564
5054,CDS + 3'UTR,4,0.3990449905,0.4155138575,0.2146402001,0.2277253838,0.2983282208,0.2853149187,0.08798660338,0.07144583827
5055,CDS + 3'UTR,4,0.4118359685,0.4166189946,0.2349388301,0.2273627536,0.2839039266,0.2848685473,0.0693212375,0.07114970228
5056,CDS + 3'UTR,4,0.371704936,0.4161757603,0.2449138165,0.2276563987,0.3050596714,0.2850662764,0.07832156122,0.07110156231
5057,CDS + 3'UTR,4,0.3709202111,0.4157425631,0.2525362074,0.227779102,0.2969813347,0.2852087412,0.079562217,0.07126959115
5058,CDS + 3'UTR,4,0.4961648881,0.4180691,0.2124707997,0.2273055302,0.2355461419,0.2837853715,0.05581815168,0.07083999589
5059,CDS + 3'UTR,4,0.3929363489,0.4183132987,0.2259732932,0.2274795514,0.3060093522,0.2835086577,0.07508105785,0.07069849018
5060,CDS + 3'UTR,4,0.3827222586,0.4171602238,0.2226852775,0.2278309267,0.3105310798,0.2840602897,0.0840613842,0.07094855709
5061,CDS + 3'UTR,4,0.5717686415,0.4185225543,0.1820019484,0.2273991907,0.1994261444,0.2834334269,0.04680322856,0.07064482532
5062,CDS + 3'UTR,4,0.3570922017,0.4190247241,0.2581451833,0.2273914995,0.3084913194,0.2831932351,0.07627126575,0.07039053924
5063,CDS + 3'UTR,4,0.4507725239,0.4189437747,0.1949872375,0.2273922358,0.2675502896,0.2831745192,0.08668999374,0.07048946694
5064,CDS + 3'UTR,4,0.4295023084,0.4197874136,0.2157995403,0.2270744678,0.2800064683,0.2826328132,0.07469166815,0.07050530305
5065,CDS + 3'UTR,4,0.3838223815,0.4199566375,0.2361451089,0.2270147825,0.3037544787,0.2827724148,0.07627800852,0.07025616243
5066,CDS + 3'UTR,4,0.3738621473,0.4178558309,0.2490805089,0.2278395539,0.3021751344,0.2836749678,0.0748822093,0.07062964388
5067,CDS + 3'UTR,4,0.4889524579,0.418671409,0.2124663591,0.2281986598,0.2456065714,0.2828940047,0.05297459662,0.07023592335
5068,CDS + 3'UTR,4,0.3587068617,0.4194003958,0.2503035665,0.2278824564,0.3187313378,0.2825298993,0.07225824147,0.07018724461
5069,CDS + 3'UTR,4,0.4064714909,0.4178569052,0.2264041156,0.2283058314,0.2873444259,0.2833121592,0.07977987826,0.07052510181
5070,CDS + 3'UTR,4,0.4742691517,0.4199348584,0.2217271179,0.2273062918,0.2552115619,0.282485518,0.04879219085,0.07027332983
5071,CDS + 3'UTR,4,0.3958750963,0.4202471927,0.229903996,0.2273043793,0.2960626483,0.2822022112,0.07815825194,0.0702462153
5072,CDS + 3'UTR,4,0.3945686817,0.4183689266,0.2847576141,0.2278559092,0.2551650703,0.2829858113,0.06550864875,0.07078935043
5073,CDS + 3'UTR,4,0.5156320333,0.4185072295,0.1839518249,0.2279471874,0.2500175834,0.2829870928,0.05039858073,0.07055848902
5074,CDS + 3'UTR,4,0.3962602615,0.418716599,0.2660969794,0.2282586316,0.2748224139,0.2826744702,0.06282035261,0.07035029819
5075,CDS + 3'UTR,4,0.3512226939,0.4180093024,0.2281337231,0.2286513835,0.334300667,0.2830059454,0.08634292334,0.07033336824
5076,CDS + 3'UTR,4,0.4878174067,0.4191498153,0.2113238573,0.2283239333,0.2481487393,0.2824722849,0.05270995945,0.07005396537
5077,CDS + 3'UTR,4,0.4106889367,0.4197644133,0.2356490791,0.228195766,0.2755829096,0.2822975311,0.07807906717,0.06974228793
5078,CDS + 3'UTR,4,0.3748078048,0.4186650973,0.2504071593,0.2281982278,0.2966731787,0.2831538253,0.07811185718,0.06998284827
5079,CDS + 3'UTR,4,0.4966480136,0.420143114,0.2010777295,0.2278294832,0.2520788014,0.2821631741,0.05019545183,0.06986422711
5080,CDS + 3'UTR,4,0.3661922514,0.4203922957,0.2538910806,0.2278312922,0.3102664948,0.282047978,0.06965016574,0.06972843376
5081,CDS + 3'UTR,4,0.3993407488,0.4186928216,0.2384680808,0.2282511458,0.2905923128,0.2831292512,0.07159883529,0.06992678107
5082,CDS + 3'UTR,4,0.4869000316,0.4198190056,0.2025430202,0.2275486032,0.2529200613,0.2829758046,0.05763683468,0.06965658735
5083,CDS + 3'UTR,4,0.4214381874,0.4205642257,0.2236075848,0.2275066432,0.2778925896,0.2825480716,0.07706163824,0.06938105938
5084,CDS + 3'UTR,4,0.4112404585,0.419232554,0.2205260843,0.227678502,0.2856972814,0.2834030988,0.0825361684,0.06968584494
5085,CDS + 3'UTR,4,0.4295114875,0.4201149225,0.2278458774,0.2275127625,0.2628515065,0.2829674883,0.07979111373,0.06940482534
5086,CDS + 3'UTR,4,0.4284970462,0.4203060798,0.2320132107,0.2271871554,0.2694535851,0.2832553079,0.07003618777,0.06925145551
5087,CDS + 3'UTR,4,0.3890142441,0.4185694292,0.2247178853,0.2273727972,0.3146378994,0.2844930252,0.07162994891,0.06956474711
5088,CDS + 3'UTR,4,0.4340404272,0.4192007128,0.2164365351,0.2271101307,0.2897801399,0.2843745084,0.05974290147,0.06931464728
5089,CDS + 3'UTR,4,0.3617960215,0.4197669633,0.2485921979,0.2256723512,0.3149961829,0.2851889342,0.07461565733,0.06937175067
5090,CDS + 3'UTR,4,0.3782357574,0.4186183471,0.2296910286,0.2260845069,0.303793937,0.2856784571,0.08827926219,0.06961868796
5091,CDS + 3'UTR,4,0.5164333582,0.4198712721,0.2051814348,0.2254193025,0.2292631269,0.2853153314,0.04912212491,0.06939409319
5092,CDS + 3'UTR,4,0.3956949115,0.4201619551,0.2232174575,0.2252033586,0.3096050024,0.2853758492,0.07148268074,0.069258836
5093,CDS + 3'UTR,4,0.3385781944,0.4204995226,0.258100003,0.2247909086,0.3184527159,0.2854211003,0.08486906439,0.06928846762
5094,CDS + 3'UTR,4,0.4873549938,0.4219285008,0.2078944743,0.2241655301,0.2495615482,0.2849466003,0.05518896133,0.06895936783
5095,CDS + 3'UTR,4,0.4052352905,0.4224623825,0.2166052014,0.2242449196,0.2934661806,0.2846968241,0.08469332755,0.06859587231
5096,CDS + 3'UTR,4,0.3696481287,0.4219636176,0.2314539999,0.224303438,0.307872355,0.2849457107,0.09102547169,0.06878723311
5097,CDS + 3'UTR,4,0.5796650052,0.4226528961,0.1569178998,0.2240255648,0.2083245516,0.2846735194,0.05509256572,0.06864801957
5098,CDS + 3'UTR,4,0.4097138941,0.4228593152,0.2013985366,0.2239123585,0.3083313107,0.2847545959,0.08055624366,0.06847373075
5099,CDS + 3'UTR,4,0.3410095572,0.4214708526,0.2334875762,0.2239207828,0.3415516019,0.2858346444,0.08395119756,0.06877372097
5100,CDS + 3'UTR,4,0.5396898389,0.4230269399,0.18374677,0.2234076809,0.2288893163,0.2851965901,0.04767409712,0.06836878881
5101,CDS + 3'UTR,4,0.450068891,0.4234195389,0.2221440077,0.2235640617,0.2637473941,0.2849223413,0.06403973699,0.06809405806
5102,CDS + 3'UTR,4,0.3766994178,0.4210914306,0.2137135565,0.2240991604,0.3257306814,0.2863438945,0.08385628462,0.06846551541
5103,CDS + 3'UTR,4,0.430742383,0.4223397642,0.218421638,0.2234985031,0.2793111503,0.285908265,0.07152488083,0.06825346895
5104,CDS + 3'UTR,4,0.3512892723,0.421925788,0.2357641608,0.2238724582,0.3459659219,0.2861811802,0.06698061526,0.0680205747
5105,CDS + 3'UTR,4,0.3631185293,0.4214275125,0.2567039728,0.2240591528,0.3008567393,0.2865211334,0.07932075113,0.06799220215
5106,CDS + 3'UTR,4,0.4486313462,0.4229843307,0.2308432758,0.2236498192,0.2680238783,0.2857957548,0.05250151455,0.06757009602
5107,CDS + 3'UTR,4,0.4320219457,0.4237430468,0.2117185891,0.2233162342,0.2860428095,0.2855654286,0.07021660358,0.06737529077
5108,CDS + 3'UTR,4,0.3812077641,0.4224226542,0.2261395454,0.2236204846,0.3179002404,0.2863258751,0.0747525543,0.06763098715
5109,CDS + 3'UTR,4,0.5353762507,0.4239930052,0.1750126034,0.2230655665,0.2393347025,0.2854821334,0.05027646571,0.06745929574
5110,CDS + 3'UTR,4,0.423743844,0.4238891024,0.2319166064,0.2230417624,0.2724291384,0.2856959252,0.07191042602,0.0673732121
5111,CDS + 3'UTR,4,0.4071611166,0.4229809288,0.2169906497,0.223071406,0.2941015959,0.2862259915,0.08174664527,0.0677216751
5112,CDS + 3'UTR,4,0.4506236017,0.4239907153,0.2337610722,0.2226747196,0.258951962,0.2858713308,0.0566633977,0.06746323616
5113,CDS + 3'UTR,4,0.3604739904,0.4239632614,0.2625986338,0.2225154791,0.3122729659,0.2860855473,0.06465440243,0.067435714
5114,CDS + 3'UTR,4,0.3691809475,0.4221254136,0.2476929128,0.2230993278,0.3078579903,0.2869476268,0.07526821643,0.06782763326
5115,CDS + 3'UTR,4,0.5044753551,0.4234017231,0.2124613672,0.222437294,0.2357560098,0.2865231421,0.04730721191,0.06763784224
5116,CDS + 3'UTR,4,0.3834325671,0.4233494885,0.2426763326,0.2228358708,0.3155029416,0.2863334857,0.05838814378,0.06748115625
5117,CDS + 3'UTR,4,0.3763469458,0.422425032,0.2318816334,0.2229947777,0.3125514984,0.2867071733,0.07921992242,0.06787301777
5118,CDS + 3'UTR,4,0.468870461,0.4237913463,0.221130833,0.2223808728,0.2464542687,0.286344506,0.06354442239,0.06748327566
5119,CDS + 3'UTR,4,0.4204873443,0.4240170196,0.2350735813,0.2222104684,0.27662009,0.2863718444,0.06781902909,0.06740066847
5120,CDS + 3'UTR,4,0.3614892066,0.4224727318,0.2343962044,0.2226836104,0.3306669891,0.2871284472,0.07344760746,0.067715212
5121,CDS + 3'UTR,4,0.4923012257,0.4236855414,0.1928666532,0.2227490906,0.2690368593,0.2861528125,0.04579529911,0.06741255708
5122,CDS + 3'UTR,4,0.4072555602,0.4236182164,0.2479506284,0.2226751642,0.2821837068,0.2862654071,0.06261008233,0.06744121416
5123,CDS + 3'UTR,4,0.3839219213,0.4227698531,0.2349991947,0.2228088994,0.3087624609,0.2866746034,0.07231641561,0.0677466467
5124,CDS + 3'UTR,4,0.4559001327,0.4233224377,0.2116526663,0.222513542,0.2693356872,0.2866347779,0.06311145425,0.06752924519
5125,CDS + 3'UTR,4,0.4210855961,0.4231790595,0.2005690187,0.222885404,0.3053588867,0.286700657,0.07298650593,0.06723488201
5126,CDS + 3'UTR,4,0.3567650318,0.4227508113,0.2338754982,0.2228389077,0.3373472989,0.2872247532,0.0720121637,0.06718553039
5127,CDS + 3'UTR,4,0.4443735182,0.4237824742,0.2201703787,0.2224881921,0.2792593241,0.2868673991,0.05619680509,0.0668619364
5128,CDS + 3'UTR,4,0.42615816,0.4234176762,0.2065669596,0.2230296686,0.2972832918,0.2867340468,0.06999159604,0.06681861081
5129,CDS + 3'UTR,4,0.4132032692,0.4231773041,0.2264342308,0.2229264148,0.2905167043,0.2868331693,0.06984581053,0.06706311479
5130,CDS + 3'UTR,4,0.4834178686,0.4239923887,0.2040075511,0.222848572,0.2587329447,0.286307906,0.05384166539,0.06685113562
5131,CDS + 3'UTR,4,0.4185917974,0.4246228695,0.201870352,0.222996865,0.3072713017,0.2857725132,0.07226653397,0.0666077544
5132,CDS + 3'UTR,4,0.4255391359,0.4228935808,0.2015845776,0.2236110471,0.294234544,0.2865716945,0.07864176482,0.06692367876
5133,CDS + 3'UTR,4,0.4970251322,0.4243345626,0.206796512,0.2234028922,0.2506168783,0.2855949197,0.04556146264,0.06666762629
5134,CDS + 3'UTR,4,0.4417555332,0.4247382622,0.2209913582,0.2233396886,0.2783461213,0.2855158754,0.05890696123,0.06640617498
5135,CDS + 3'UTR,4,0.3719347715,0.4236504156,0.2396202981,0.2234813627,0.3038148582,0.2861816749,0.08463010192,0.06668654843
5136,CDS + 3'UTR,4,0.4268472195,0.4246106058,0.2226839662,0.2234431827,0.2832843661,0.285630258,0.06718447804,0.06631595492
5137,CDS + 3'UTR,4,0.3874337375,0.4248640243,0.2434796989,0.2233580399,0.3034674525,0.2856775323,0.06561911106,0.06610040534
5138,CDS + 3'UTR,4,0.3850878775,0.4225737929,0.2131447494,0.2241910072,0.3219500184,0.2868790856,0.07981736958,0.06635611597
5139,CDS + 3'UTR,4,0.5174233317,0.4230502423,0.184925139,0.224458921,0.2549650073,0.2863434045,0.04268648475,0.06614743406
5140,CDS + 3'UTR,4,0.4141301811,0.4239450645,0.2351957411,0.2242610941,0.2885911763,0.2857457148,0.06208292395,0.06604812937
5141,CDS + 3'UTR,4,0.3855199814,0.4218335345,0.2248098403,0.2250966754,0.3131504059,0.2866648233,0.07651981711,0.06640496952
5142,CDS + 3'UTR,4,0.45695889,0.4225725628,0.2100926042,0.2247361688,0.2736409605,0.2864387469,0.05930754915,0.06625252459
5143,CDS + 3'UTR,4,0.4176544249,0.4229669597,0.2249036431,0.2247363603,0.2893835008,0.28617894,0.0680584535,0.06611774368
5144,CDS + 3'UTR,4,0.3896402717,0.4228986289,0.2307351083,0.2248153133,0.3072027266,0.2861247933,0.07242186368,0.06616126746
5145,CDS + 3'UTR,4,0.5083678365,0.4247403201,0.2033984214,0.2245193474,0.2457241863,0.2848656217,0.04250951856,0.0658747144
5146,CDS + 3'UTR,4,0.4345594347,0.4254463539,0.2223937064,0.2240430368,0.2837490439,0.2847796263,0.05929778889,0.06573098665
5147,CDS + 3'UTR,4,0.3833210468,0.424844265,0.2368063927,0.2239529172,0.3064422905,0.2851429721,0.07343030721,0.06605984932
5148,CDS + 3'UTR,4,0.4843349457,0.4252499852,0.2059101164,0.2239018617,0.2512319982,0.2848987015,0.05852292851,0.06594945574
5149,CDS + 3'UTR,4,0.3981592655,0.425085846,0.2244997919,0.2242401874,0.3044477701,0.2848132046,0.0728931874,0.06586076459
5150,CDS + 3'UTR,4,0.401615262,0.4226409461,0.2240986079,0.225158353,0.2976168692,0.2858787863,0.07666923106,0.06632191679
5151,CDS + 3'UTR,4,0.4766580164,0.4234352138,0.1981690824,0.2250178952,0.2676897943,0.2854210822,0.05748313665,0.06612581117
5152,CDS + 3'UTR,4,0.3923723698,0.4231815197,0.272018373,0.2251822839,0.2723023891,0.2854696935,0.06330687553,0.06616650485
5153,CDS + 3'UTR,4,0.368604213,0.4218515471,0.2306597233,0.2253948918,0.3189839423,0.2862617793,0.08175212145,0.06649178336
5154,CDS + 3'UTR,4,0.4983650148,0.423141421,0.2131342739,0.2248977702,0.2408636361,0.2855856465,0.04763707146,0.06637516348
5155,CDS + 3'UTR,4,0.3470439315,0.4238298602,0.2600198686,0.2246855952,0.3191281557,0.2851455597,0.0738080442,0.06633898495
5156,CDS + 3'UTR,4,0.4138608873,0.4224005152,0.2240364105,0.2249984197,0.2780437469,0.2859915545,0.08405888081,0.0666095112
5157,CDS + 3'UTR,4,0.5199940801,0.4233659677,0.1865366846,0.2247388734,0.2465695292,0.2852682786,0.04689969867,0.06662688046
5158,CDS + 3'UTR,4,0.3928616643,0.4236792691,0.2367748022,0.2245900735,0.2988602519,0.2851712098,0.07150328159,0.06655944823
5159,CDS + 3'UTR,4,0.3731049895,0.4229600288,0.2389290929,0.2244074909,0.3126070201,0.2858358761,0.0753589347,0.06679660561
5160,CDS + 3'UTR,3,0.46321702,0.4227001756,0.2591294944,0.2241407475,0.2322157174,0.2863595029,0.04543777183,0.0667995743
5161,CDS + 3'UTR,4,0.3939547539,0.4231104713,0.2325539738,0.2240381122,0.2995998859,0.2860624248,0.07389140129,0.06678899131
5162,CDS + 3'UTR,4,0.4190309644,0.421645347,0.2132418305,0.2248320952,0.2856557667,0.2864183633,0.08207143843,0.06710419296
5163,CDS + 3'UTR,4,0.4656449556,0.4232097667,0.1999789923,0.2241243031,0.2747065425,0.2857907066,0.05966951698,0.06687522177
5164,CDS + 3'UTR,4,0.3997702003,0.4235811878,0.2502750456,0.2240615556,0.2909676135,0.2853993287,0.05898711458,0.06695792601
5165,CDS + 3'UTR,4,0.3952516317,0.422979698,0.224126175,0.2240014441,0.3047792017,0.2858866295,0.07584298402,0.0671322274
5166,CDS + 3'UTR,4,0.5110300779,0.4225899376,0.2039559633,0.2242557464,0.2408652604,0.2858993413,0.04414866865,0.06725497385
5167,CDS + 3'UTR,4,0.3598304093,0.4226283375,0.2680360079,0.2244950004,0.3039697111,0.2856319962,0.06816390157,0.06724466514
5168,CDS + 3'UTR,4,0.4148106575,0.422109111,0.2081762254,0.224534867,0.2977099419,0.2859356223,0.07930321991,0.06742039802
5169,CDS + 3'UTR,4,0.4270027876,0.4228690952,0.2423647791,0.2245066958,0.272975117,0.2853645919,0.05765732378,0.06725961571
5170,CDS + 3'UTR,4,0.428674221,0.4225406442,0.2415544689,0.2248713749,0.2609625161,0.2851749146,0.06880876422,0.0674130647
5171,CDS + 3'UTR,4,0.3780902624,0.4210595522,0.2543160021,0.2252295246,0.2931976318,0.2858473668,0.07439607382,0.06786355437
5172,CDS + 3'UTR,4,0.5109734535,0.4216064434,0.2065650672,0.2253138393,0.2314630151,0.2852928014,0.05099848285,0.06778691295
5173,CDS + 3'UTR,4,0.3708741665,0.4207295749,0.2530437112,0.2260753945,0.3121291697,0.2854231803,0.06395296007,0.06777184778
5174,CDS + 3'UTR,4,0.4003272653,0.41903685,0.2192284018,0.2263224687,0.3028255105,0.2863620704,0.07761883736,0.06827860908
5175,CDS + 3'UTR,3,0.4820505083,0.419287074,0.213550806,0.2263821401,0.2493528277,0.2860622874,0.05504584685,0.06826849668
5176,CDS + 3'UTR,4,0.3899216056,0.4202761669,0.2246425748,0.2261129154,0.3116542995,0.285513352,0.07378150523,0.06809756323
5177,CDS + 3'UTR,4,0.3964464962,0.4197447307,0.2235552818,0.2262890844,0.3044488132,0.285698493,0.07554941624,0.0682676896
5178,CDS + 3'UTR,4,0.4478298426,0.4210735805,0.2228316367,0.2256904805,0.2654768229,0.2850278208,0.06386169046,0.0682081155
5179,CDS + 3'UTR,4,0.4125953317,0.4211355623,0.2176614255,0.2260538954,0.293736428,0.2845997827,0.07600682229,0.06821075692
5180,CDS + 3'UTR,4,0.3707674444,0.4196689423,0.2505932748,0.2266450439,0.3024179935,0.2850694789,0.0762213096,0.06861653295
5181,CDS + 3'UTR,4,0.5091911554,0.4202167455,0.1933034807,0.2263975689,0.2456612885,0.2848871676,0.05184414238,0.06849851576
5182,CDS + 3'UTR,4,0.4082511663,0.420428855,0.2137288749,0.226413909,0.3049461246,0.2847042015,0.07307381183,0.06845303257
5183,CDS + 3'UTR,4,0.4252759218,0.4192953058,0.2247378826,0.2268800799,0.2749794126,0.2851517485,0.07500678301,0.06867286377
5184,CDS + 3'UTR,4,0.4986245632,0.4195436336,0.2120868862,0.2268371705,0.2452321947,0.2850443644,0.04405637085,0.06857482903
5185,CDS + 3'UTR,4,0.4196012318,0.4196938645,0.2185991257,0.2265798826,0.2939771116,0.28496907,0.06782253087,0.06875718031
5186,CDS + 3'UTR,4,0.4004642367,0.4177721705,0.2236337066,0.2270711653,0.2970915437,0.2858457208,0.07881052792,0.06931094173
5187,CDS + 3'UTR,4,0.4644795656,0.4183673672,0.207634151,0.2269709548,0.2665011585,0.2854627706,0.06138511747,0.06919890563
5188,CDS + 3'UTR,4,0.3680766225,0.4192526102,0.2532055974,0.2263785247,0.3110604882,0.2852127504,0.06765726209,0.06915611285
5189,CDS + 3'UTR,4,0.3397842646,0.4180061493,0.2484658509,0.2264876271,0.3245812356,0.2860926494,0.08716864139,0.06941357246
5190,CDS + 3'UTR,4,0.4872852564,0.4186458044,0.2206799835,0.2266665963,0.235812813,0.2855057709,0.05622197688,0.06918182601
5191,CDS + 3'UTR,4,0.386865586,0.4187671378,0.230141744,0.226657342,0.2979905009,0.2853817973,0.08500213921,0.06919372031
5192,CDS + 3'UTR,4,0.3442257941,0.4179793756,0.2507697046,0.2270305576,0.3223188221,0.2856227811,0.0826856792,0.06936728242
5193,CDS + 3'UTR,4,0.4636639059,0.4192817803,0.2228289098,0.2259481229,0.2581823468,0.2855404768,0.05532481149,0.06922961678
5194,CDS + 3'UTR,4,0.4242560863,0.4196952172,0.2307189107,0.2257776048,0.2726510465,0.2854326587,0.07237393409,0.06909451615
5195,CDS + 3'UTR,4,0.3901277483,0.4183741037,0.237487331,0.2258430088,0.3034355938,0.2863714056,0.06894931197,0.06941147852
5196,CDS + 3'UTR,4,0.4606687725,0.4200294945,0.2219126225,0.2253770165,0.2576408684,0.28548098,0.05977768451,0.06911250539
5197,CDS + 3'UTR,4,0.4014110565,0.4201776523,0.2199776471,0.2255255384,0.3047859967,0.2854840798,0.07382534444,0.06881272662
5198,CDS + 3'UTR,4,0.4113312364,0.4188852672,0.2065242231,0.2258238859,0.2996275723,0.2861833919,0.08251701295,0.06910745213
5199,CDS + 3'UTR,4,0.3996990919,0.4195013091,0.2137341052,0.2255581457,0.3185102344,0.2860140681,0.0680565238,0.06892647417
5200,CDS + 3'UTR,4,0.3943128586,0.4199994966,0.2261853814,0.2256416552,0.3069007397,0.285623813,0.07260096818,0.06873503239
5201,CDS + 3'UTR,4,0.3750912845,0.4187862799,0.2563852966,0.2255167121,0.2975119352,0.2865687432,0.07101143152,0.06912826244
5202,CDS + 3'UTR,4,0.5324091315,0.4197006665,0.1913272589,0.2257296652,0.2319711745,0.2858108386,0.04429238662,0.06875882698
5203,CDS + 3'UTR,4,0.4136356115,0.419470831,0.2299793959,0.2259619726,0.2774522305,0.2859275784,0.0789327547,0.06863961471
5204,CDS + 3'UTR,4,0.4077809453,0.4189558551,0.2068437487,0.2264527634,0.3083197474,0.2858302072,0.07705556601,0.06876117047
5205,CDS + 3'UTR,4,0.3899047673,0.4203134865,0.2209132016,0.2256309217,0.3063758314,0.2853405919,0.08280622214,0.06871499694
5206,CDS + 3'UTR,4,0.3598370254,0.4202397339,0.2530158162,0.2259627938,0.315959692,0.2851546466,0.07118746638,0.0686428227
5207,CDS + 3'UTR,4,0.4028353989,0.4187821649,0.223359704,0.2263159303,0.3035494089,0.285897984,0.070255436,0.06900391816
5208,CDS + 3'UTR,4,0.4869568944,0.4204131756,0.2043132633,0.2257507326,0.2516008615,0.2850974506,0.05712901056,0.06873863745
5209,CDS + 3'UTR,4,0.3869271874,0.4200909797,0.2556085587,0.2265052645,0.2753425241,0.2848198937,0.08212172985,0.06858385787
5210,CDS + 3'UTR,4,0.3649305105,0.4196891904,0.2326595336,0.2264781382,0.3125291169,0.2850131897,0.08988083899,0.06881947764
5211,CDS + 3'UTR,4,0.4623430967,0.4199456397,0.2086155266,0.2262607787,0.2629060745,0.2851021128,0.06613522023,0.06869146484
5212,CDS + 3'UTR,4,0.3553896546,0.4203830872,0.2625089884,0.2257806895,0.3046648502,0.2851724138,0.07743655145,0.06866380624
5213,CDS + 3'UTR,4,0.3616071343,0.4188863687,0.2265624553,0.2257404178,0.3257280886,0.2863071544,0.08610236645,0.06906605531
5214,CDS + 3'UTR,4,0.4617734551,0.419323276,0.2257650644,0.225183389,0.2543634772,0.2862481868,0.05809796974,0.06924514407
5215,CDS + 3'UTR,4,0.4510622025,0.4196651645,0.2180823237,0.2250573058,0.2599000335,0.2860244749,0.0709554255,0.06925305054
5216,CDS + 3'UTR,4,0.384332329,0.4187611628,0.2367774844,0.2249508707,0.2980956435,0.2867166642,0.08079458773,0.06957129859
5217,CDS + 3'UTR,4,0.4937417209,0.4193737969,0.1955913901,0.2248975007,0.2498136759,0.2862683862,0.06085318327,0.06946031251
5218,CDS + 3'UTR,4,0.3900464177,0.4193147633,0.2422179431,0.2249511568,0.2877069712,0.2862378035,0.08002868295,0.06949627292
5219,CDS + 3'UTR,4,0.4000937343,0.4183408286,0.2322170138,0.2250918616,0.2925406992,0.2869285297,0.07514856756,0.06963877711
5220,CDS + 3'UTR,4,0.4579544365,0.4189682405,0.2153977454,0.2250095159,0.2740062773,0.2866907947,0.05264154822,0.06933144582
5221,CDS + 3'UTR,4,0.4024887383,0.4189992644,0.2261170447,0.2248186458,0.2985131145,0.2867895532,0.07288116217,0.06939253295
5222,CDS + 3'UTR,4,0.3662749529,0.4179218832,0.2473862767,0.2249899754,0.3094447255,0.2873437162,0.07689404488,0.06974442117
5223,CDS + 3'UTR,4,0.437520653,0.4181110244,0.2214708924,0.2251289325,0.2807927728,0.2871358138,0.06021567434,0.06962422598
5224,CDS + 3'UTR,3,0.4016587436,0.4183803063,0.2101520747,0.2250187835,0.3011791706,0.287033974,0.08700996637,0.06956693325
5225,CDS + 3'UTR,4,0.354632318,0.4171172887,0.2427010387,0.2254418427,0.3158562481,0.2875516213,0.08681043237,0.06988924397
5226,CDS + 3'UTR,4,0.4821751714,0.417982303,0.2143768668,0.2252346285,0.2531130314,0.2871599134,0.05033490062,0.06962315212
5227,CDS + 3'UTR,4,0.4541404843,0.4184079755,0.1894119829,0.2254383281,0.2864406705,0.2867353231,0.07000688463,0.06941837021
5228,CDS + 3'UTR,4,0.3846180737,0.4175917629,0.2146383077,0.2254762944,0.3216239214,0.2872609813,0.07911969721,0.0696709583
5229,CDS + 3'UTR,4,0.449331671,0.4187248748,0.2388173342,0.2250143541,0.2574974895,0.2867610905,0.05435347185,0.0694996783
5230,CDS + 3'UTR,4,0.411321938,0.4195968132,0.2233582586,0.2245952561,0.2876989841,0.286477042,0.07762077451,0.06933088661
5231,CDS + 3'UTR,4,0.413637042,0.418725891,0.2280263305,0.2244874502,0.2869684994,0.287246231,0.07136810571,0.06954042525
5232,CDS + 3'UTR,4,0.4965647459,0.4206826374,0.1854235977,0.2239367073,0.2657180429,0.2862979934,0.05229362473,0.06908265944
5233,CDS + 3'UTR,4,0.4016791582,0.4213286951,0.2170182765,0.2237049693,0.3103584945,0.2860795602,0.07094407082,0.06888677296
5234,CDS + 3'UTR,4,0.3926759362,0.4201316129,0.2183665931,0.2237667143,0.3159633875,0.2868863802,0.07299406081,0.06921529099
5235,CDS + 3'UTR,4,0.4794752002,0.4202211607,0.2227404863,0.2237279471,0.2478941083,0.2869824193,0.04989019409,0.06906847171
5236,CDS + 3'UTR,4,0.4257135093,0.4201358899,0.2359181643,0.2240117466,0.2782917321,0.2867870566,0.06007657945,0.06906530634
5237,CDS + 3'UTR,4,0.4166032672,0.4192692626,0.2104044855,0.2238576878,0.3025144935,0.2873922024,0.07047773898,0.06948084747
5238,CDS + 3'UTR,4,0.4421450198,0.4205240231,0.2155155838,0.2237160077,0.2853143513,0.2866280505,0.05702504516,0.06913191839
5239,CDS + 3'UTR,4,0.4129599929,0.4203963522,0.2456098497,0.2239136234,0.2813866138,0.2866690254,0.06004359201,0.0690209988
5240,CDS + 3'UTR,4,0.3661596775,0.4204095956,0.2491340488,0.2241888354,0.3078101277,0.2862811109,0.07689617574,0.06912045847
5241,CDS + 3'UTR,4,0.4671056867,0.4214956239,0.2495902181,0.2238396447,0.238967523,0.285767086,0.04433656484,0.06889764611
5242,CDS + 3'UTR,4,0.4006441236,0.4217596762,0.2318264246,0.2232681505,0.2949949503,0.2859661097,0.07253445685,0.06900606556
5243,CDS + 3'UTR,4,0.4244468808,0.419832696,0.2392422557,0.2236854838,0.2669168413,0.2869331745,0.06939397752,0.06954864855
5244,CDS + 3'UTR,4,0.5083807111,0.4199517652,0.1845277101,0.2236197794,0.2517983913,0.2870104155,0.0552932322,0.06941804313
5245,CDS + 3'UTR,4,0.3893514276,0.4198176697,0.2506759465,0.2240006736,0.2899035811,0.2868571332,0.07006904483,0.06932452717
5246,CDS + 3'UTR,4,0.3944245577,0.4199396875,0.232206881,0.2240799604,0.3003322482,0.2867019797,0.07303630561,0.06927837604
5247,CDS + 3'UTR,4,0.490311265,0.4216859125,0.2228201926,0.2234327475,0.2399270386,0.285872617,0.04694144428,0.06900872681
5248,CDS + 3'UTR,4,0.3890349865,0.4213422667,0.2685387731,0.2235799894,0.2755053937,0.2859904148,0.06692085415,0.06908733351
5249,CDS + 3'UTR,4,0.3948596418,0.4204244625,0.2401946783,0.2236788383,0.288438797,0.286457203,0.07650690526,0.06943950001
5250,CDS + 3'UTR,4,0.4491901696,0.4219331879,0.2241657078,0.2230842903,0.2680763602,0.2858994875,0.05856774002,0.06908303807
5251,CDS + 3'UTR,4,0.4130860567,0.4219322529,0.2159088701,0.2231196681,0.2988217175,0.2859716538,0.07218338549,0.0689764292
5252,CDS + 3'UTR,4,0.3912359774,0.4211050782,0.2033433318,0.2232689202,0.32224226,0.2865256198,0.08317840844,0.06910038656
5253,CDS + 3'UTR,4,0.4058267474,0.4224048909,0.2084814012,0.2225575376,0.3074117601,0.2860816199,0.07828006148,0.06895595547
5254,CDS + 3'UTR,4,0.4276783466,0.4230443288,0.2091417462,0.2224464824,0.2849285603,0.2856970958,0.0782513544,0.06881209621
5255,CDS + 3'UTR,4,0.4097303748,0.4219785914,0.2050359994,0.22250774,0.3047279716,0.2864652336,0.08050569147,0.06904843892
5256,CDS + 3'UTR,4,0.4389323294,0.4213653702,0.2203729749,0.2226135965,0.2757920623,0.2868879743,0.06490261853,0.06913306345
5257,CDS + 3'UTR,4,0.3917238116,0.4221328758,0.2278477699,0.2219751569,0.3020021915,0.2867012721,0.07842624933,0.06919069956
5258,CDS + 3'UTR,4,0.3699150681,0.4212271411,0.2340880185,0.222123771,0.3207349181,0.2872534093,0.075262025,0.06939568282
5259,CDS + 3'UTR,4,0.4627882838,0.4223350208,0.2110737711,0.2216490945,0.274717629,0.2868945137,0.05142031983,0.06912137517
5260,CDS + 3'UTR,4,0.373249352,0.42281438,0.2353236675,0.2214264801,0.3103186786,0.2866805159,0.08110827953,0.06907862802
5261,CDS + 3'UTR,4,0.4230006635,0.421783375,0.2070098519,0.2217053007,0.2899943292,0.2871041171,0.07999520004,0.0694072112
5262,CDS + 3'UTR,4,0.4233824611,0.4225186586,0.2248454392,0.2219739279,0.2883139253,0.2862810686,0.06345819682,0.06922634835
5263,CDS + 3'UTR,4,0.446818471,0.4224251956,0.2159259617,0.2219405727,0.2668322325,0.2864270423,0.07042336464,0.06920719291
5264,CDS + 3'UTR,4,0.3975831568,0.4215417262,0.2459316254,0.2221149014,0.2866439819,0.2868821252,0.06984122843,0.0694612511
5265,CDS + 3'UTR,4,0.4888023734,0.4216836229,0.2020219862,0.2223914186,0.2626404762,0.2865398698,0.04653518274,0.06938509359
5266,CDS + 3'UTR,4,0.4345180392,0.422060664,0.2399296761,0.222422934,0.2631243169,0.286253133,0.06242797524,0.06926327306
5267,CDS + 3'UTR,4,0.3991825581,0.4208318144,0.2106714547,0.2222239811,0.3085538149,0.2871928561,0.08159216493,0.06975135286
5268,CDS + 3'UTR,4,0.4587255716,0.4200868532,0.2162503749,0.2228087444,0.2710692286,0.2872647017,0.05395486206,0.06983970492
5269,CDS + 3'UTR,4,0.4095393419,0.4204978902,0.2149380147,0.2231387112,0.3018573523,0.2866341241,0.07366530597,0.06972927838
5270,CDS + 3'UTR,4,0.4176114798,0.4199763402,0.2120555043,0.2229028588,0.2973479331,0.2869630456,0.07298506796,0.07015775973
5271,CDS + 3'UTR,4,0.5434052944,0.4209174428,0.1860823184,0.2227140523,0.2221314907,0.2864928324,0.0483808741,0.0698756774
5272,CDS + 3'UTR,4,0.3959104121,0.4202958316,0.2322306633,0.2228378924,0.3048441708,0.286838147,0.06701476127,0.07002813425
5273,CDS + 3'UTR,4,0.3678973317,0.4188530326,0.2277685106,0.2230853159,0.3227279484,0.2873934411,0.08160625398,0.07066821516
5274,CDS + 3'UTR,4,0.431419909,0.4197546087,0.227617532,0.2229270944,0.2803341746,0.2866858527,0.0606283918,0.07063244921
5275,CDS + 3'UTR,4,0.3833060861,0.4196433865,0.2601912916,0.2230623314,0.2878065705,0.2865339749,0.06869608164,0.070760313
5276,CDS + 3'UTR,4,0.3913385868,0.418975956,0.2095879167,0.2229535371,0.3060525358,0.2868379477,0.09302097559,0.07123256484
5277,CDS + 3'UTR,4,0.5017918944,0.4201832961,0.2086432427,0.2223901559,0.2436538488,0.2862396535,0.04591101781,0.07118690107
5278,CDS + 3'UTR,4,0.4011175632,0.4202381313,0.2223334759,0.2223136608,0.3029055595,0.2860171564,0.07364344597,0.07143105837
5279,CDS + 3'UTR,4,0.4007585645,0.4189089749,0.2357510626,0.2226262596,0.2874770761,0.2866007905,0.07601329684,0.07186398273
5280,CDS + 3'UTR,4,0.481195122,0.4188384928,0.1982501298,0.2224291986,0.2657787502,0.2866156142,0.05477597937,0.07211670154
5281,CDS + 3'UTR,4,0.3962154686,0.4192814939,0.2106657624,0.2223197589,0.313433826,0.2862958863,0.07968498766,0.07210286823
5282,CDS + 3'UTR,4,0.3782507181,0.4184150819,0.2247139215,0.222277783,0.3093363643,0.286701999,0.08769902587,0.07260514344
5283,CDS + 3'UTR,4,0.423161149,0.4198868182,0.2247230411,0.2218177838,0.2836315036,0.2859698929,0.06848432124,0.07232551267
5284,CDS + 3'UTR,4,0.3970533013,0.4196239434,0.2373152822,0.2217716292,0.2960571647,0.2862304315,0.06957428902,0.07237400431
5285,CDS + 3'UTR,4,0.3996661901,0.4174232252,0.2272561491,0.2225055454,0.2939635515,0.2872751806,0.07911413163,0.07279605623
5286,CDS + 3'UTR,4,0.4995350242,0.4192108333,0.2012387812,0.2219820017,0.2496106774,0.2863351807,0.04961552843,0.07247199197
5287,CDS + 3'UTR,4,0.37534374,0.4193482894,0.235139057,0.2216375191,0.3129732311,0.2863527905,0.0765439719,0.07266140855
5288,CDS + 3'UTR,4,0.4135325551,0.4180702005,0.2122211754,0.2216478802,0.2889439166,0.2871072875,0.08530233055,0.07317464002
5289,CDS + 3'UTR,4,0.5076252222,0.4186849549,0.2080447227,0.2209051728,0.2307252884,0.2871017648,0.05360477418,0.07330811578
5290,CDS + 3'UTR,4,0.3648557067,0.4184872217,0.2354897559,0.2205610868,0.3183024228,0.2875629006,0.08135212958,0.07338879923
5291,CDS + 3'UTR,4,0.396169126,0.4181851204,0.2205556929,0.2203700494,0.3072233498,0.2877884177,0.07605180889,0.07365642148
5292,CDS + 3'UTR,4,0.4593746662,0.4180691358,0.2055983841,0.2204869498,0.2691448629,0.2877368083,0.0658820644,0.07370711542
5293,CDS + 3'UTR,4,0.4127621651,0.4193764605,0.2176780403,0.2199072536,0.2949661613,0.2873365114,0.07459362596,0.07337978412
5294,CDS + 3'UTR,4,0.3765144646,0.4192061834,0.2306656688,0.2200896882,0.3158144951,0.2873258213,0.07700538635,0.07337831738
5295,CDS + 3'UTR,4,0.4020045102,0.4196398869,0.2265508473,0.2203556145,0.2937192917,0.2869157074,0.07772538811,0.07308880142
5296,CDS + 3'UTR,4,0.4457327724,0.4193719909,0.185702309,0.2208298659,0.2831594646,0.2868136803,0.08540547639,0.07298447262
5297,CDS + 3'UTR,4,0.4212829471,0.4189643048,0.20748052,0.2209735576,0.2939846516,0.2868980477,0.07725184411,0.07316410025
5298,CDS + 3'UTR,4,0.478676796,0.4201705091,0.2042438239,0.2208872374,0.2589953244,0.2861145265,0.05808407068,0.0728277368
5299,CDS + 3'UTR,4,0.4384424686,0.4199478004,0.2144078612,0.2209913798,0.2754208744,0.2860739339,0.07172879577,0.07298689517
5300,CDS + 3'UTR,4,0.3754740357,0.4192984704,0.2377033979,0.2209438911,0.3078943789,0.2863558743,0.07892820239,0.07340177409
5301,CDS + 3'UTR,4,0.4613114297,0.4195576139,0.2476072162,0.2209812663,0.2326692343,0.2861388884,0.05841213465,0.07332224138
5302,CDS + 3'UTR,4,0.3587979078,0.4190507997,0.2447178662,0.2214619119,0.3211226165,0.2861437548,0.07536160946,0.07334354352
5303,CDS + 3'UTR,4,0.3668431044,0.4184020225,0.2354171872,0.221222835,0.317199409,0.2866301429,0.08054032922,0.07374500996
5304,CDS + 3'UTR,4,0.413010478,0.4182438031,0.2322734445,0.2213071495,0.2737987339,0.2865130156,0.08091736585,0.07393604247
5305,CDS + 3'UTR,4,0.3847956061,0.4179187622,0.2452222705,0.220967645,0.2929173112,0.287087588,0.07706478983,0.07402601484
5306,CDS + 3'UTR,4,0.3838672042,0.4164670695,0.1984606385,0.2213686066,0.3282908797,0.2876602538,0.08938128501,0.07450407953
5307,CDS + 3'UTR,4,0.3945435882,0.4166469742,0.236193046,0.2210011696,0.2921883166,0.2877044786,0.07707504928,0.07464738688
5308,CDS + 3'UTR,4,0.4175010324,0.4161591779,0.2410356551,0.2213556735,0.2711777091,0.2878285609,0.0702855736,0.07465659711
5309,CDS + 3'UTR,4,0.4076076746,0.4154419307,0.2199491411,0.2212510705,0.2838112116,0.2882224333,0.08863198012,0.07508457513
5310,CDS + 3'UTR,4,0.4866101444,0.4163704719,0.2082537413,0.2209150832,0.2500819266,0.2878938653,0.05505418777,0.07482058965
5311,CDS + 3'UTR,4,0.3639081419,0.4161697865,0.2379335314,0.2214327581,0.3145936728,0.2875723094,0.08356465399,0.07482515639
5312,CDS + 3'UTR,4,0.3811408281,0.414292597,0.2052174807,0.221862104,0.3101415634,0.288519555,0.103500098,0.07532575484
5313,CDS + 3'UTR,4,0.4738052487,0.4159803767,0.2043605596,0.2213331522,0.2537514269,0.2876071155,0.06808279455,0.07507936629
5314,CDS + 3'UTR,4,0.3837781549,0.4157871164,0.2291855514,0.2214782555,0.3038131595,0.2876917575,0.08322316408,0.07504288126
5315,CDS + 3'UTR,4,0.4260807633,0.4156440701,0.2140369415,0.2214724429,0.2722119391,0.2876129769,0.08767034113,0.07527052062
5316,CDS + 3'UTR,4,0.5223007202,0.4159698453,0.1908476651,0.2210105605,0.230428189,0.2876901079,0.05642347783,0.07532949606
5317,CDS + 3'UTR,4,0.4209900796,0.4154588144,0.2042848766,0.2214833215,0.2847147286,0.2878519196,0.09001032263,0.07520595435
5318,CDS + 3'UTR,4,0.3358125091,0.4139711402,0.2405234873,0.2220134871,0.3320050836,0.2883404458,0.09165899456,0.07567493622
5319,CDS + 3'UTR,4,0.4073214233,0.4150701083,0.2298449725,0.2220478896,0.2825725079,0.287485032,0.08026109636,0.07539697872
5320,CDS + 3'UTR,4,0.4015997648,0.414744366,0.2403788716,0.2223093532,0.2822318971,0.2876084344,0.0757895112,0.07533785491
5321,CDS + 3'UTR,4,0.3977927268,0.4132511992,0.246232152,0.2229868254,0.2714565396,0.2880200805,0.08451858163,0.0757419033
5322,CDS + 3'UTR,4,0.5183830261,0.4129558716,0.1950264871,0.2234627657,0.2364264578,0.2880261635,0.05016399547,0.07555520711
5323,CDS + 3'UTR,4,0.4034169018,0.413409609,0.2355498821,0.2235363504,0.2877599299,0.2876812568,0.07327330858,0.07537279092
5324,CDS + 3'UTR,4,0.3323232532,0.4133046523,0.2432410121,0.2234847266,0.335378319,0.2876121117,0.08905738592,0.07559851632
5325,CDS + 3'UTR,4,0.5323600769,0.4144939408,0.208792448,0.2230448795,0.2147035897,0.2870526338,0.044143904,0.07540855235
5326,CDS + 3'UTR,4,0.4054210484,0.4145745732,0.2046482712,0.2227279488,0.3017410338,0.2871700862,0.0881896317,0.07552739778
5327,CDS + 3'UTR,4,0.388064146,0.4133677065,0.2236490846,0.2227382347,0.3002867997,0.2877837922,0.08799996227,0.07611027248
5328,CDS + 3'UTR,4,0.4382153451,0.4138815012,0.2091221809,0.2224259803,0.2750635743,0.2875561912,0.0775989145,0.07613633247
5329,CDS + 3'UTR,4,0.3790409863,0.4134023875,0.212667793,0.2224733781,0.3253296614,0.2881351799,0.08296158165,0.07598905992
5330,CDS + 3'UTR,4,0.4250220656,0.412126961,0.2088827193,0.2229261206,0.2861177325,0.2887939818,0.07997751981,0.07615294252
5331,CDS + 3'UTR,4,0.4038072824,0.4146450456,0.2252608985,0.222054651,0.2946929634,0.2876852974,0.07623890042,0.0756150119
5332,CDS + 3'UTR,3,0.4958219528,0.4143973056,0.1569676399,0.2227019504,0.2902185023,0.2874001391,0.05699190497,0.07550061103
5333,CDS + 3'UTR,4,0.3922045827,0.413289867,0.2230761647,0.2228614837,0.3065565526,0.2880421732,0.07816272229,0.0758064827
5334,CDS + 3'UTR,4,0.4623746276,0.4139136467,0.2304158509,0.2228242658,0.2521194518,0.2876284167,0.05509007722,0.07563367737
5335,CDS + 3'UTR,4,0.3882986903,0.4144966099,0.2429761142,0.2230697757,0.2965658009,0.2869451839,0.07215938717,0.07548843697
5336,CDS + 3'UTR,4,0.4063174427,0.4146216486,0.2318683118,0.2228089267,0.2825414538,0.2869792987,0.079272829,0.07559013218
5337,CDS + 3'UTR,4,0.4882201552,0.4146190342,0.2209421545,0.2232629593,0.2393205017,0.2867915437,0.05151717365,0.0753264687
5338,CDS + 3'UTR,4,0.3520983756,0.4144063462,0.2424194068,0.2238755189,0.3174875081,0.2865590833,0.08799469471,0.0751590576
5339,CDS + 3'UTR,4,0.4108418822,0.412687948,0.2072746754,0.2245004972,0.297272861,0.2874356933,0.08461063355,0.07537586726
5340,CDS + 3'UTR,4,0.3939808309,0.4141024213,0.2383136898,0.2241599984,0.2929598093,0.2867206002,0.07474566251,0.07501698593
5341,CDS + 3'UTR,4,0.3824555278,0.4144074202,0.2454614937,0.2243976386,0.290383637,0.2863421632,0.08169937134,0.07485278379
5342,CDS + 3'UTR,4,0.3714802861,0.4142168369,0.2057192922,0.2239038706,0.3272249699,0.2868532484,0.09557551146,0.0750260503
5343,CDS + 3'UTR,4,0.434160918,0.415161356,0.2226711214,0.2236617722,0.2574620545,0.2863990905,0.08570596576,0.07477778671
5344,CDS + 3'UTR,4,0.3715798855,0.4156884845,0.218771264,0.2236186914,0.3326097727,0.2860533973,0.07703901827,0.07463943129
5345,CDS + 3'UTR,4,0.372666955,0.415361844,0.2340989113,0.2237296171,0.3084537387,0.2863910327,0.08478035778,0.07451751083
5346,CDS + 3'UTR,4,0.4489104152,0.4173558354,0.2105347216,0.222984435,0.2666622996,0.285572069,0.07389256358,0.07408766537
5347,CDS + 3'UTR,4,0.3601588607,0.4179083072,0.2390317619,0.2235208642,0.3184804022,0.2848165082,0.08232898265,0.073754325
5348,CDS + 3'UTR,4,0.4013457894,0.4185425013,0.2078821361,0.2234840199,0.3025790155,0.2843459168,0.08819310367,0.07362756659
5349,CDS + 3'UTR,4,0.4838226438,0.4202000022,0.188059032,0.2228222268,0.2755719125,0.2837192647,0.05254646763,0.0732585113
5350,CDS + 3'UTR,4,0.4015566409,0.4193731532,0.253469497,0.2234136585,0.2716234624,0.2841767196,0.07335040718,0.07303647366
5351,CDS + 3'UTR,4,0.3932301402,0.417494192,0.2204299867,0.2239196617,0.2979111373,0.2852515824,0.08842875063,0.07333456888
5352,CDS + 3'UTR,4,0.5309327841,0.4192980852,0.1899145246,0.2235487556,0.2318490148,0.2842128489,0.04730367661,0.07294031461
5353,CDS + 3'UTR,4,0.3524365127,0.4195166837,0.2393767685,0.2238353916,0.3294993043,0.2841241926,0.07868745178,0.072523737
5354,CDS + 3'UTR,4,0.4199762046,0.4188515279,0.2271525264,0.2238172857,0.2740317285,0.2847015422,0.07883954048,0.07262964812
5355,CDS + 3'UTR,4,0.4093680978,0.4202156018,0.2232407033,0.223441807,0.293977052,0.2840952288,0.0734141171,0.07224736591
5356,CDS + 3'UTR,4,0.3504561186,0.4206155993,0.2474087924,0.2233796824,0.3189974725,0.2840816583,0.08313763887,0.07192306393
5357,CDS + 3'UTR,4,0.3827779591,0.4189946275,0.2510564923,0.2238964304,0.2827359438,0.2849977188,0.08342956752,0.07211122657
5358,CDS + 3'UTR,4,0.4890350103,0.419224114,0.2250856757,0.2241725577,0.2344724536,0.2849465691,0.05140684545,0.0716567622
5359,CDS + 3'UTR,4,0.3746991754,0.4204733323,0.2566681504,0.2239515731,0.2973492742,0.2842971541,0.07128339261,0.07127794209
5360,CDS + 3'UTR,4,0.3617417812,0.4204375803,0.2524479032,0.2240706747,0.2987104356,0.2843202382,0.08709985018,0.07117150831
5361,CDS + 3'UTR,4,0.3725892603,0.4224185959,0.248740986,0.223345069,0.3139204681,0.2834554784,0.06474929303,0.07078085765
5362,CDS + 3'UTR,4,0.4145497084,0.4228439946,0.2306006998,0.2234847033,0.2817438245,0.2832393914,0.07310573012,0.07043191213
5363,CDS + 3'UTR,4,0.4147646129,0.4215169307,0.2205931395,0.2238363842,0.2780998945,0.2838438747,0.08654235303,0.0708028126
5364,CDS + 3'UTR,4,0.4921963811,0.4222952724,0.2021275163,0.2236432638,0.2512989342,0.2835814448,0.05437717214,0.07048002169
5365,CDS + 3'UTR,4,0.4061167836,0.4226486459,0.2019016892,0.2240847927,0.3033597469,0.2830318624,0.08862176538,0.07023470229
5366,CDS + 3'UTR,4,0.402985692,0.4213349659,0.2020616531,0.2242472772,0.2987071574,0.2838523602,0.09624550492,0.07056540009
5367,CDS + 3'UTR,4,0.4164473116,0.4229333781,0.2101587057,0.2241833316,0.2947651446,0.282888715,0.07862877101,0.06999457842
5368,CDS + 3'UTR,4,0.3752034605,0.4228304062,0.2160129994,0.2244408514,0.3352630138,0.2830213539,0.07352052629,0.0697073916
5369,CDS + 3'UTR,4,0.4055911005,0.4230562672,0.2442641258,0.2244741956,0.2834294438,0.2828145728,0.06671538204,0.06965496698
5370,CDS + 3'UTR,4,0.5663024783,0.4238868132,0.1657721847,0.2243757475,0.2296076715,0.2822519645,0.03831768036,0.06948547652
5371,CDS + 3'UTR,4,0.376349926,0.4233482298,0.272339642,0.2246556925,0.2844106853,0.2825536095,0.06689973921,0.06944246991
5372,CDS + 3'UTR,4,0.3707795739,0.4231335666,0.2183610499,0.2248746436,0.320507586,0.2826617647,0.09035179764,0.06933002602
5373,CDS + 3'UTR,4,0.4626645446,0.4222082462,0.2147006094,0.2256908603,0.2618656456,0.282576362,0.06076920033,0.06952453209
5374,CDS + 3'UTR,4,0.4231515229,0.4225763015,0.2503064573,0.2254813742,0.2611558735,0.2824307133,0.06538615376,0.06951161129
5375,CDS + 3'UTR,4,0.4120076001,0.421863151,0.2056829333,0.2253600555,0.2964484692,0.2830137823,0.08586100489,0.06976301121
5376,CDS + 3'UTR,4,0.4455236197,0.4224913243,0.2220249176,0.2248100366,0.2681390643,0.2829380363,0.06431239843,0.06976060327
5377,CDS + 3'UTR,4,0.4042679071,0.4221793368,0.2564852834,0.2251491586,0.2753878236,0.2830719095,0.0638589561,0.06959959557
5378,CDS + 3'UTR,4,0.3412049413,0.4213088356,0.2542420924,0.225000626,0.3291241229,0.2837067066,0.0754288435,0.06998383263
5379,CDS + 3'UTR,4,0.551600337,0.4236999068,0.1871679574,0.2244394124,0.2182134241,0.2824352728,0.04301828891,0.06942540891
5380,CDS + 3'UTR,4,0.3998739421,0.4234151736,0.2567146122,0.224545221,0.2776194215,0.2826900745,0.06579203159,0.06934953118
5381,CDS + 3'UTR,4,0.4460647702,0.4249644678,0.2081057727,0.2236957368,0.2735560536,0.2822942508,0.07227345556,0.0690455453
5382,CDS + 3'UTR,4,0.4343594313,0.4259671893,0.2253499925,0.223200375,0.2847899795,0.2820936074,0.05550052226,0.06873882813
5383,CDS + 3'UTR,4,0.4090133905,0.4265740212,0.2319707274,0.2235068712,0.2895439565,0.2814977428,0.06947189569,0.06842136448
5384,CDS + 3'UTR,4,0.3868792355,0.4264969744,0.2411475033,0.223762531,0.3008095622,0.2815473443,0.07116372883,0.06819314938
5385,CDS + 3'UTR,4,0.5443149209,0.4286673769,0.1856077015,0.2234465746,0.2274002135,0.2801374443,0.0426771529,0.06774860416
5386,CDS + 3'UTR,4,0.4280649424,0.4290491987,0.2413749695,0.2234357592,0.2678460181,0.2799721099,0.06271405518,0.06754293265
5387,CDS + 3'UTR,4,0.4452791214,0.4284482166,0.2332455069,0.22395554,0.2545410097,0.2800974384,0.06693437696,0.06749880509
5388,CDS + 3'UTR,4,0.5501011014,0.4294108838,0.1880922019,0.2238224631,0.2210455388,0.2796239335,0.04076115042,0.06714271926
5389,CDS + 3'UTR,4,0.3414597511,0.4296863306,0.2672636807,0.2239598043,0.3204075992,0.2793681875,0.07086896896,0.0669856763
5390,CDS + 3'UTR,4,0.3362932503,0.4285339281,0.2487339973,0.2244437998,0.3360709548,0.2796187907,0.07890180498,0.06740347864
5391,CDS + 3'UTR,4,0.5082195997,0.4288978774,0.2082610428,0.2238436837,0.231494993,0.2797280189,0.05202431232,0.06753041735
5392,CDS + 3'UTR,4,0.3986287117,0.4295140948,0.2281483561,0.2235116128,0.3030490577,0.2795412101,0.0701738894,0.06743307943
5393,CDS + 3'UTR,4,0.4205927849,0.4273328073,0.2029120922,0.2241354806,0.299939394,0.2806741059,0.07655568421,0.06785760345
5394,CDS + 3'UTR,4,0.492904067,0.4287792288,0.1991472542,0.2236897409,0.2553080916,0.2798907198,0.05264058709,0.06764030689
5395,CDS + 3'UTR,4,0.45808056,0.4285661679,0.2090669721,0.2238385784,0.2711263001,0.280005521,0.0617261827,0.06758972853
5396,CDS + 3'UTR,4,0.3926229775,0.4287472863,0.2321875095,0.223925782,0.3037130237,0.2797015145,0.07147648931,0.06762541309
5397,CDS + 3'UTR,4,0.4393489957,0.4305311579,0.2263750583,0.2232570356,0.2806227505,0.2790484104,0.05365317315,0.06716339188
5398,CDS + 3'UTR,4,0.4357499778,0.4303147368,0.2228447199,0.223119342,0.280051887,0.2794647198,0.06135338545,0.0671011975
5399,CDS + 3'UTR,4,0.4044612646,0.4284773383,0.2393731028,0.2230301946,0.2844192386,0.2807790939,0.07174639404,0.06771336906
5400,CDS + 3'UTR,4,0.5600810051,0.4291709293,0.1823304147,0.2226263341,0.2130511105,0.2805032887,0.04453745857,0.06769944429
5401,CDS + 3'UTR,4,0.4318246245,0.4302400064,0.2574028969,0.2220711153,0.2541695833,0.2801220581,0.05660293996,0.06756681632
5402,CDS + 3'UTR,4,0.4122179151,0.4304242473,0.2231609523,0.221916032,0.2847851217,0.2799697962,0.07983603328,0.06768992031
5403,CDS + 3'UTR,4,0.4656842351,0.4312936831,0.2201002538,0.221641428,0.2667655349,0.2796911914,0.04745003581,0.06737369346
5404,CDS + 3'UTR,4,0.3605931401,0.431728898,0.2785633206,0.221433424,0.2914117277,0.2796767727,0.06943183392,0.06716090152
5405,CDS + 3'UTR,4,0.4272656739,0.4308017805,0.2217912078,0.2214335261,0.2803434134,0.2802025851,0.07059972733,0.06756210397
5406,CDS + 3'UTR,4,0.5332940221,0.4326759376,0.1995326281,0.2211519778,0.2246494144,0.279136464,0.04252389818,0.06703561661
5407,CDS + 3'UTR,4,0.3798263967,0.432819701,0.2442506701,0.2213971229,0.3108979166,0.2790132303,0.06502501667,0.06676994138
5408,CDS + 3'UTR,4,0.456284225,0.4321128711,0.2117897123,0.2217458675,0.25852108,0.2793396994,0.07340494543,0.06680155811
5409,CDS + 3'UTR,4,0.445484668,0.4336848598,0.2047919482,0.2215062704,0.280321002,0.2781377122,0.06940234452,0.06667115339
5410,CDS + 3'UTR,4,0.3819353878,0.4337508645,0.2312783152,0.22122475,0.3102493286,0.2783273306,0.0765369907,0.06669704956
5411,CDS + 3'UTR,4,0.3866342306,0.4315140996,0.2427769899,0.2217903698,0.3033453822,0.2795249701,0.06724338979,0.0671705551
5412,CDS + 3'UTR,4,0.4217963219,0.4326889578,0.2222649753,0.2209862335,0.2833862901,0.2793302316,0.0725523904,0.06699457155
5413,CDS + 3'UTR,4,0.421649009,0.4332107671,0.2063172758,0.221190612,0.2949046493,0.2788357392,0.07712905854,0.06676287609
5414,CDS + 3'UTR,4,0.4053225815,0.4321683452,0.2207103521,0.2213696124,0.2987649739,0.2792884666,0.07520207018,0.06717357035
5415,CDS + 3'UTR,4,0.4385525584,0.4313262604,0.1989746094,0.2210515724,0.2905061245,0.2801763099,0.07196675241,0.06744585191
5416,CDS + 3'UTR,4,0.3813584447,0.4309060939,0.2589980662,0.2213704109,0.2932513058,0.2803589329,0.06639221311,0.06736455648
5417,CDS + 3'UTR,4,0.4185800552,0.4304447755,0.2090595514,0.2213373963,0.29010427,0.2806360729,0.08225613832,0.06758174966
5418,CDS + 3'UTR,4,0.5433840752,0.4309565313,0.1975223124,0.2208338302,0.2157728076,0.2806692816,0.04332079738,0.06754035144
5419,CDS + 3'UTR,4,0.3880632222,0.4317352384,0.2157393694,0.220746462,0.3176569939,0.2800930511,0.07854041457,0.06742524267
5420,CDS + 3'UTR,3,0.5179243684,0.429361771,0.1703549474,0.221235043,0.2612939179,0.2814630782,0.05042679235,0.0679401021
5421,CDS + 3'UTR,4,0.4626732469,0.4303479064,0.2058325559,0.2207029806,0.2743321657,0.2810942609,0.057161998,0.06785484655
5422,CDS + 3'UTR,4,0.4200268388,0.4294051006,0.230238989,0.2212517103,0.2795557976,0.2814482309,0.07017841935,0.06789495209
5423,CDS + 3'UTR,4,0.4279971719,0.4286928732,0.2431239039,0.2213247595,0.2614301741,0.2817545094,0.06744875759,0.06822785269
5424,CDS + 3'UTR,4,0.54521209,0.4298040725,0.193494752,0.2209876973,0.2198177725,0.2812338501,0.04147540033,0.06797437523
5425,CDS + 3'UTR,4,0.4032126963,0.4301075954,0.2332336754,0.2203593301,0.2952269912,0.2814459559,0.06832663715,0.06808711342
5426,CDS + 3'UTR,4,0.4008318484,0.4283750392,0.2521171868,0.2207990922,0.2766885757,0.2822218828,0.07036235929,0.06860398035
5427,CDS + 3'UTR,4,0.4371722341,0.4282163423,0.2283856124,0.2204499792,0.2806000113,0.2826436725,0.05384211615,0.06869000047
5428,CDS + 3'UTR,4,0.4233815372,0.4272582687,0.2188694328,0.2206421243,0.2821193337,0.2832646761,0.07562966645,0.06883492535
5429,CDS + 3'UTR,4,0.391630441,0.4254851498,0.2267786711,0.2209034439,0.2956201732,0.2842945995,0.08597065508,0.06931680134
5430,CDS + 3'UTR,4,0.430672586,0.4270324431,0.2054602057,0.2200816665,0.280361712,0.2837048298,0.08350550383,0.06918105511
5431,CDS + 3'UTR,4,0.4425275326,0.4278760605,0.1938643157,0.2196319124,0.282966435,0.2833304444,0.08064171672,0.06916157715
5432,CDS + 3'UTR,4,0.3564297855,0.4261965312,0.2398239523,0.2199363964,0.3224806786,0.2843596844,0.08126559854,0.06950738337
5433,CDS + 3'UTR,4,0.4681502283,0.4277949862,0.2037175894,0.2195385717,0.2668284178,0.2834505059,0.06130372733,0.06921593132
5434,CDS + 3'UTR,4,0.4029313326,0.4278055411,0.2390595227,0.2197125118,0.2832158208,0.2833715443,0.07479327172,0.06911039795
5435,CDS + 3'UTR,4,0.4238575697,0.4260524187,0.2302169949,0.2202642184,0.269656539,0.2842281144,0.07626888156,0.06945524323
5436,CDS + 3'UTR,4,0.4931658506,0.425622838,0.1939090788,0.2204038115,0.2667491436,0.2845154129,0.04617594182,0.06945793186
5437,CDS + 3'UTR,4,0.3654642701,0.4256939847,0.2400410026,0.2200862965,0.3160406947,0.2845897712,0.07845401764,0.06962994239
5438,CDS + 3'UTR,4,0.3420431316,0.4254705165,0.2179538906,0.2196573783,0.3396223783,0.2847625591,0.1003805697,0.0701095413
5439,CDS + 3'UTR,4,0.4301864505,0.426764711,0.2243593037,0.2190226685,0.2752848566,0.2842528848,0.0701694116,0.06995973038
5440,CDS + 3'UTR,4,0.4472679496,0.4269208297,0.2080304027,0.2190216167,0.2682119906,0.284090616,0.07648961246,0.06996693239
5441,CDS + 3'UTR,4,0.3873285353,0.4250998005,0.2363343239,0.219390629,0.3017395139,0.2849527324,0.07459761202,0.0705568328
5442,CDS + 3'UTR,4,0.4841045737,0.4243543454,0.2086323798,0.2190390855,0.2594554424,0.2857349413,0.04780758172,0.07087162142
5443,CDS + 3'UTR,4,0.4495818019,0.4242330302,0.2039528191,0.2191706158,0.2769463956,0.2858862964,0.06951899827,0.07071005111
5444,CDS + 3'UTR,4,0.4180269837,0.4236447912,0.2021356821,0.2189500526,0.2933639288,0.28627674,0.08647336811,0.07112840931
5445,CDS + 3'UTR,4,0.5560493469,0.4252326179,0.1793778241,0.2181113452,0.21807006,0.2858168548,0.04650277644,0.0708391746
5446,CDS + 3'UTR,4,0.4144867659,0.4253559925,0.2216732651,0.21821633,0.2888484597,0.2856561823,0.07499148697,0.0707714871
5447,CDS + 3'UTR,4,0.3599009216,0.423641786,0.238058269,0.2184936529,0.320882678,0.286700312,0.08115810901,0.07116424176
5448,CDS + 3'UTR,4,0.5009625554,0.4249584977,0.1968452334,0.2179871701,0.2391040325,0.2860296298,0.06308814883,0.07102469555
5449,CDS + 3'UTR,4,0.4108714759,0.4244192544,0.2217424959,0.2182594411,0.2985989153,0.2862819079,0.06878707558,0.07103939052
5450,CDS + 3'UTR,4,0.3873612881,0.424101425,0.2110217661,0.2183599092,0.3254188299,0.2864513427,0.0761981234,0.07108731787
5451,CDS + 3'UTR,4,0.470338583,0.4242832463,0.2080087364,0.2183779171,0.2688316107,0.2863024801,0.05282105505,0.07103635068
5452,CDS + 3'UTR,4,0.4125243127,0.4248402912,0.2347113341,0.218123767,0.2809481919,0.285909608,0.07181616127,0.07112632827
5453,CDS + 3'UTR,4,0.379270792,0.4236367416,0.2290206403,0.2185665345,0.2980838418,0.2866444942,0.09362474084,0.07115222397
5454,CDS + 3'UTR,4,0.355784744,0.4236675791,0.224863261,0.2188613426,0.3321833313,0.2864179496,0.08716867864,0.07105312287
5455,CDS + 3'UTR,4,0.3783942759,0.4238121789,0.2311900109,0.2188812621,0.3110583127,0.286430816,0.07935737073,0.07087573777
5456,CDS + 3'UTR,4,0.4086181521,0.4230721101,0.2193837464,0.2194721457,0.2903102636,0.2864923604,0.08168785274,0.07096337811
5457,CDS + 3'UTR,4,0.4452083707,0.4244868934,0.2161999941,0.2187824562,0.2780445218,0.2858685173,0.06054709852,0.070862127
5458,CDS + 3'UTR,4,0.4035015106,0.4243944336,0.2472526431,0.2187119942,0.283025682,0.2861530904,0.06622014195,0.0707404756
5459,CDS + 3'UTR,4,0.3617229462,0.4223035071,0.2262544334,0.2193620186,0.3278155923,0.2871737897,0.08420704305,0.07116067801
5460,CDS + 3'UTR,4,0.4787647724,0.4236648418,0.2141496241,0.2189127553,0.2481140345,0.2866478439,0.05897158757,0.07077455209
5461,CDS + 3'UTR,4,0.3706403077,0.4227363989,0.2520041466,0.219228971,0.3018736541,0.2870497089,0.07548189908,0.07098491415
5462,CDS + 3'UTR,4,0.3773812354,0.4220248267,0.2311939299,0.219375971,0.3092922568,0.2874463107,0.08213257045,0.07115288456
5463,CDS + 3'UTR,4,0.4979093373,0.4230659269,0.2050057501,0.2189112129,0.2478912175,0.2870732356,0.04919369891,0.0709496174
5464,CDS + 3'UTR,4,0.4111610651,0.4226827934,0.190878123,0.2188828381,0.3177780211,0.2874171283,0.08018278331,0.07101723338
5465,CDS + 3'UTR,4,0.405710429,0.4206202175,0.2207886726,0.2193669077,0.2894743681,0.2884860752,0.08402650803,0.07152679265
5466,CDS + 3'UTR,4,0.4153691828,0.421249279,0.2134459317,0.2190089868,0.301589191,0.28819174,0.06959566474,0.07154998723
5467,CDS + 3'UTR,4,0.3686332405,0.4210569881,0.2486171126,0.2191013264,0.3042213023,0.2883687468,0.07852836698,0.07147293296
5468,CDS + 3'UTR,4,0.4082515836,0.4202416956,0.2089977711,0.2191941895,0.3034394085,0.2888624148,0.07931122929,0.07170169377
5469,CDS + 3'UTR,4,0.4652432203,0.421272539,0.201521486,0.2190358633,0.2732260227,0.288263962,0.06000927091,0.07142763026
5470,CDS + 3'UTR,4,0.4037826359,0.4214745402,0.2127536684,0.2192820646,0.3061201274,0.287993186,0.07734356821,0.07125020539
5471,CDS + 3'UTR,4,0.3738572598,0.420763398,0.2326197624,0.2194182245,0.3138341904,0.2886432569,0.07968880981,0.07117511639
5472,CDS + 3'UTR,4,0.5265051126,0.4213310383,0.1963223815,0.2196214264,0.2303147763,0.2882543396,0.04685772583,0.0707931919
5473,CDS + 3'UTR,4,0.4214371741,0.4217845555,0.2168273032,0.2194987522,0.2936224639,0.2880267855,0.0681130141,0.07068990255
5474,CDS + 3'UTR,4,0.3526542783,0.4209831141,0.2432837784,0.2199652098,0.323833704,0.2881925732,0.0802282095,0.07085909918
5475,CDS + 3'UTR,4,0.4237141013,0.4223935165,0.2202344239,0.219601945,0.2941101789,0.2875418473,0.06194127351,0.0704626882
5476,CDS + 3'UTR,4,0.3983147144,0.4220447481,0.2067863047,0.2195957843,0.3096616864,0.2879654694,0.08523733169,0.07039399561
5477,CDS + 3'UTR,4,0.4214715362,0.4209026963,0.1920616031,0.2199800393,0.2944457829,0.2883607689,0.09202108532,0.07075649244
5478,CDS + 3'UTR,4,0.5392855406,0.4232172452,0.1720679402,0.2191827131,0.239277944,0.2873247374,0.04936851189,0.07027530149
5479,CDS + 3'UTR,4,0.4169507623,0.4233844198,0.2392889559,0.2195712326,0.2714377344,0.2870274395,0.07232255489,0.07001690585
5480,CDS + 3'UTR,4,0.4143986702,0.4232817274,0.2118514031,0.2194007734,0.2820204198,0.2871218268,0.09172949195,0.07019566949
5481,CDS + 3'UTR,4,0.3721882105,0.4224566463,0.2292794138,0.2198639657,0.3167462945,0.2874739029,0.08178602904,0.07020548247
5482,CDS + 3'UTR,4,0.4025126994,0.4224538494,0.2336833775,0.2200146485,0.296893537,0.287338908,0.06691040844,0.07019259129
5483,CDS + 3'UTR,4,0.4186251163,0.4215717312,0.2024551928,0.2202177398,0.2980010211,0.2876527831,0.08091869205,0.07055774331
5484,CDS + 3'UTR,4,0.4876192808,0.4220912304,0.2114667296,0.2200818079,0.2546209097,0.2875450976,0.0462930575,0.07028186168
5485,CDS + 3'UTR,4,0.4371356368,0.4219516877,0.230189994,0.2204139557,0.2674896121,0.2875067152,0.06518472731,0.07012763959
5486,CDS + 3'UTR,4,0.3961575031,0.4200595777,0.2217184603,0.2209280182,0.3081797957,0.2884889912,0.07394427061,0.07052341099
5487,CDS + 3'UTR,4,0.485163331,0.4214113493,0.2037320435,0.2205590757,0.2572433352,0.2878483759,0.05386132002,0.07018119786
5488,CDS + 3'UTR,4,0.4131447673,0.4220722824,0.2335713953,0.2204517404,0.2787033319,0.2874824369,0.07458054274,0.06999353888
5489,CDS + 3'UTR,4,0.42005831,0.4208319157,0.2128293961,0.220885857,0.2938757837,0.2881397238,0.07323653251,0.07014250234
5490,CDS + 3'UTR,4,0.3964810967,0.4210745577,0.2327189445,0.2208756112,0.2983403206,0.2880302949,0.07245961577,0.07001953591
5491,CDS + 3'UTR,4,0.4311978221,0.4215033192,0.2224449813,0.2209931482,0.2719156146,0.287535928,0.07444159687,0.06996760387
5492,CDS + 3'UTR,4,0.3255123496,0.4205337565,0.2576863766,0.2212154875,0.3421771824,0.2879960408,0.07462404668,0.07025471423
5493,CDS + 3'UTR,4,0.4241160154,0.4222674467,0.2299019247,0.2206635613,0.2767810822,0.2871418169,0.06920097023,0.06992717399
5494,CDS + 3'UTR,4,0.4168905616,0.4226747818,0.222303912,0.2204280457,0.2997942865,0.287198486,0.06101126224,0.06969868527
5495,CDS + 3'UTR,4,0.3793470562,0.4227055848,0.2462452948,0.2205850704,0.2954296768,0.2871071806,0.07897797972,0.0696021629
5496,CDS + 3'UTR,4,0.4945411086,0.424452259,0.2038229108,0.2200163869,0.2433438599,0.2863207065,0.05829212442,0.06921064635
5497,CDS + 3'UTR,4,0.4111832678,0.4247140761,0.2034225911,0.2198342603,0.312870115,0.2863344811,0.07252402604,0.06911718124
5498,CDS + 3'UTR,4,0.3761099577,0.424125807,0.2495242655,0.2196131416,0.297428757,0.2868468489,0.07693699002,0.06941420152
5499,CDS + 3'UTR,4,0.4969699979,0.4255720519,0.179798305,0.2187986,0.2755813301,0.2864584845,0.04765034094,0.0691708636
5500,CDS + 3'UTR,4,0.4436489344,0.425460273,0.1956522018,0.2191337259,0.2934431136,0.2863936048,0.06725575775,0.06901239571
5501,CDS + 3'UTR,4,0.4057474732,0.4244915087,0.2175925523,0.2194668798,0.3060603142,0.2868242493,0.07059963048,0.0692173616
5502,CDS + 3'UTR,4,0.5033148527,0.4258587725,0.1930583417,0.2187816978,0.249709785,0.2864692355,0.05391704664,0.06889029359
5503,CDS + 3'UTR,4,0.3973464966,0.4265365016,0.2408539206,0.2184841024,0.288941592,0.2861111658,0.07285803556,0.06886822954
5504,CDS + 3'UTR,4,0.3802060187,0.4258201696,0.2322203219,0.2183203813,0.3053335249,0.2865546947,0.08224014193,0.06930475314
5505,CDS + 3'UTR,4,0.4535376132,0.4265286062,0.2046000063,0.2184369775,0.2716801763,0.2859129934,0.07018220425,0.06912142183
5506,CDS + 3'UTR,4,0.385448575,0.4263455071,0.259504348,0.2185240544,0.2908491194,0.2860706644,0.06419801712,0.06905977284
5507,CDS + 3'UTR,4,0.3719488382,0.4258802753,0.2358146608,0.2184035644,0.3200934529,0.2864478795,0.07214298099,0.06926827957
5508,CDS + 3'UTR,4,0.5058490038,0.4267892271,0.2062033415,0.2180025684,0.2342431098,0.2860685172,0.05370458588,0.0691396859
5509,CDS + 3'UTR,4,0.4077905416,0.4261704929,0.2464747727,0.2183199055,0.273958087,0.2863479739,0.07177666575,0.06916162628
5510,CDS + 3'UTR,4,0.3737812042,0.4256837212,0.2163529992,0.218551678,0.3323673904,0.286449674,0.07749838382,0.06931492523
5511,CDS + 3'UTR,4,0.4879387617,0.4271137942,0.2101204693,0.2185232537,0.2518530488,0.2854299663,0.05008775741,0.06893298402
5512,CDS + 3'UTR,4,0.3927111626,0.4267081264,0.2300100178,0.2190855557,0.3042763472,0.2852593748,0.07300245017,0.06894694045
5513,CDS + 3'UTR,4,0.4040349126,0.425821092,0.2410341948,0.2189501582,0.2800914347,0.2858448979,0.07483945787,0.06938384888
5514,CDS + 3'UTR,4,0.5157635212,0.427291977,0.2099983394,0.2186629603,0.2311577499,0.2848878115,0.04308039322,0.06915724841
5515,CDS + 3'UTR,4,0.395956099,0.4284320023,0.229724139,0.2185234837,0.3035463095,0.2840840381,0.07077347487,0.06896047327
5516,CDS + 3'UTR,4,0.4018017054,0.4282326918,0.224649474,0.2189383253,0.2983731031,0.2837544866,0.07517568767,0.06907449388
5517,CDS + 3'UTR,4,0.5506281853,0.430385663,0.1762549132,0.2186803002,0.2331581712,0.2823302489,0.03995874152,0.06860378431
5518,CDS + 3'UTR,4,0.3554171026,0.430871648,0.2490354478,0.2186421355,0.3158385456,0.2820995957,0.07970891893,0.06838661786
5519,CDS + 3'UTR,4,0.4219710529,0.4283578001,0.2107225657,0.2196793372,0.2828358412,0.283192811,0.08447050303,0.06877005012
5520,CDS + 3'UTR,4,0.3812614679,0.4295090094,0.2450857908,0.2192626001,0.2963780761,0.2826312723,0.07727465034,0.06859711674
5521,CDS + 3'UTR,4,0.3871047795,0.4296675272,0.2483889461,0.2192413839,0.2909399271,0.2827861199,0.07356631756,0.06830496802
5522,CDS + 3'UTR,4,0.4135351181,0.4304441221,0.2248796821,0.2191409294,0.2845654488,0.2821049443,0.07701974362,0.06831000396
5523,CDS + 3'UTR,4,0.4911417365,0.4305044528,0.1930782646,0.2187669357,0.2683315575,0.2823340489,0.04744846746,0.06839456181
5524,CDS + 3'UTR,4,0.4068635702,0.4301764358,0.2287075073,0.2193193002,0.2902933359,0.2822707618,0.07413560152,0.06823350112
5525,CDS + 3'UTR,4,0.4046805501,0.4288252648,0.2205028236,0.2195459047,0.2966521382,0.2830325393,0.07816448808,0.06859629019
5526,CDS + 3'UTR,4,0.5226284862,0.4289202925,0.1921578646,0.219469393,0.2375992388,0.2831586426,0.0476144366,0.06845167158
5527,CDS + 3'UTR,4,0.4127755761,0.429141771,0.2294714451,0.2196529614,0.2916075587,0.2828445299,0.06614539027,0.06836073706
5528,CDS + 3'UTR,4,0.4017332196,0.428414074,0.2315745652,0.2199381748,0.2916869819,0.2830830092,0.07500522584,0.06856474141
5529,CDS + 3'UTR,4,0.4302828312,0.4283531871,0.2209228277,0.2196863683,0.2898446023,0.2834892338,0.05894976109,0.06847120989
5530,CDS + 3'UTR,4,0.4216622114,0.4281874437,0.2204247266,0.2199349523,0.2858694792,0.2834839815,0.07204356045,0.06839362076
5531,CDS + 3'UTR,4,0.3927735686,0.4289433457,0.22579588,0.2197779309,0.3056406379,0.2829973953,0.07578988373,0.06828132663
5532,CDS + 3'UTR,4,0.551219523,0.4290038429,0.1905572414,0.219670221,0.2126102746,0.283182914,0.04561294243,0.06814302029
5533,CDS + 3'UTR,4,0.411857605,0.4301247858,0.2101793885,0.2194587756,0.3026173711,0.2823873183,0.07534564286,0.06802911861
5534,CDS + 3'UTR,4,0.3582489789,0.4305259623,0.2374252379,0.2192343598,0.3248789012,0.2822516987,0.07944688946,0.06798797734
5535,CDS + 3'UTR,4,0.5181282163,0.4311760187,0.1856953353,0.219100306,0.2481403798,0.2817178031,0.04803604633,0.06800586926
5536,CDS + 3'UTR,4,0.4295635223,0.4317226436,0.2048136145,0.2189227788,0.2914122343,0.2815444468,0.07421064377,0.06781012788
5537,CDS + 3'UTR,4,0.3981468379,0.4302574258,0.1985104978,0.21947798,0.3190339506,0.2823932623,0.08430872113,0.06787132877
5538,CDS + 3'UTR,4,0.5192010999,0.4318138152,0.1820893139,0.2192978568,0.2519565225,0.2813645272,0.0467531085,0.06752379755
5539,CDS + 3'UTR,4,0.3527806401,0.4319028385,0.2530645132,0.2194220874,0.3226252198,0.2813025383,0.07152961195,0.06737253326
5540,CDS + 3'UTR,4,0.4012636244,0.4310204677,0.2408019304,0.2198631376,0.2825655937,0.2814884977,0.07536885887,0.06762789516
5541,CDS + 3'UTR,4,0.4800214171,0.4314799853,0.1971895844,0.2199899921,0.2734725475,0.2809042169,0.0493164584,0.06762580369
5542,CDS + 3'UTR,4,0.4315995574,0.4311775185,0.2073863,0.2202966658,0.2806466818,0.2809288004,0.08036744595,0.06759701381
5543,CDS + 3'UTR,4,0.4406027794,0.4303279553,0.1919080615,0.2208141107,0.2833735347,0.2812186485,0.08411558717,0.0676392836
5544,CDS + 3'UTR,4,0.4678359926,0.4313102718,0.2002058178,0.2203612141,0.2664419115,0.2809782157,0.06551627815,0.06735029602
5545,CDS + 3'UTR,4,0.3910624981,0.4320940822,0.2277548313,0.2203261901,0.302088052,0.2805009397,0.07909458876,0.06707878555
5546,CDS + 3'UTR,4,0.3781506419,0.4318886042,0.2038067281,0.2206221832,0.3317663968,0.2804620588,0.08627620339,0.06702715117
5547,CDS + 3'UTR,4,0.4413493872,0.4331399057,0.2165374309,0.2199865093,0.2738723159,0.2800818725,0.06824087352,0.06679170909
5548,CDS + 3'UTR,4,0.3587528467,0.4335037906,0.2343847454,0.2199815659,0.3257959485,0.2798978942,0.08106645942,0.06661674692
5549,CDS + 3'UTR,4,0.4263014793,0.4332533419,0.220063284,0.2198365266,0.2813620269,0.2801587779,0.07227318734,0.06675135046
5550,CDS + 3'UTR,4,0.5181884766,0.43486332,0.2104797214,0.2188546686,0.2245435119,0.2797511313,0.04678827152,0.06653087661
5551,CDS + 3'UTR,4,0.341403842,0.4359655943,0.2776039243,0.2185576053,0.3001868725,0.2791479427,0.08080532402,0.06632885463
5552,CDS + 3'UTR,4,0.4555423558,0.4352106653,0.1854905784,0.2194507333,0.2771566212,0.2790169267,0.08181039989,0.06632167106
5553,CDS + 3'UTR,4,0.5391079783,0.4361903846,0.1938514709,0.2192601874,0.2170555592,0.2785007453,0.04998497665,0.06604867922
5554,CDS + 3'UTR,4,0.4438562989,0.4353900962,0.2321256548,0.219758028,0.2595318258,0.2789950008,0.06448619813,0.06585687152
5555,CDS + 3'UTR,4,0.4077692628,0.4339728743,0.2534217536,0.220244831,0.2677460611,0.2796947362,0.07106292248,0.06608755514
5556,CDS + 3'UTR,4,0.5705524087,0.435262518,0.1861442924,0.2198150964,0.1957226694,0.2790840058,0.04758056626,0.06583837587
5557,CDS + 3'UTR,4,0.4603503346,0.4352590997,0.1890084296,0.2202903692,0.275993526,0.2788087456,0.07464776933,0.06564178178
5558,CDS + 3'UTR,4,0.3381777108,0.4334345456,0.2550440729,0.2208431602,0.3267351687,0.2797846144,0.08004309237,0.06593767558
5559,CDS + 3'UTR,4,0.5090475082,0.4350053303,0.2059499919,0.2200875897,0.2265146375,0.2792613907,0.0584878847,0.06564568509
5560,CDS + 3'UTR,4,0.4270800948,0.4355170052,0.2101541013,0.2200251926,0.294408232,0.2790753754,0.06835759431,0.06538242237
5561,CDS + 3'UTR,4,0.4343158007,0.4356825471,0.2212430537,0.2198949615,0.2622522414,0.2791884759,0.08218890429,0.06523401202
5562,CDS + 3'UTR,4,0.4073391557,0.4372354258,0.2037638873,0.2190903939,0.3152219057,0.2788056986,0.07367503643,0.0648684788
5563,CDS + 3'UTR,4,0.3923837543,0.4364554059,0.2466443479,0.2193960499,0.2929380536,0.2794313075,0.06803383678,0.06471723388
5564,CDS + 3'UTR,4,0.3795256019,0.4353113297,0.2295950949,0.2200482773,0.3155631125,0.2798034916,0.07531618327,0.06483689831
5565,CDS + 3'UTR,4,0.4447378516,0.4365981866,0.2240690589,0.2197639666,0.277577877,0.2791913949,0.05361523852,0.06444644793
5566,CDS + 3'UTR,4,0.4138757885,0.4368420746,0.2364039272,0.2199600462,0.2830507755,0.2789571479,0.06666950881,0.06424072748
5567,CDS + 3'UTR,4,0.4269475639,0.4356960695,0.2265491188,0.2202092784,0.2763216794,0.2796370668,0.0701816678,0.06445758124
5568,CDS + 3'UTR,4,0.4082738161,0.4370389078,0.2134268731,0.2194971649,0.3112013042,0.2792193634,0.06709802151,0.0642445609
5569,CDS + 3'UTR,4,0.4067988396,0.4366698693,0.2327161133,0.2195296982,0.2934556007,0.2795957955,0.06702940166,0.06420463445
5570,CDS + 3'UTR,4,0.4569532573,0.4370404065,0.2201572359,0.2191469975,0.2594134212,0.2795969928,0.06347608566,0.06421560044
5571,CDS + 3'UTR,4,0.4360376,0.4373919338,0.2138281912,0.2190904556,0.2867571115,0.2795212576,0.0633770898,0.06399635007
5572,CDS + 3'UTR,4,0.4151877761,0.4378994912,0.2407707423,0.2191333117,0.2785295248,0.2791834196,0.06551191211,0.06378377462
5573,CDS + 3'UTR,4,0.4562101364,0.4361966163,0.211948663,0.2198391603,0.2659315169,0.2800252443,0.0659096688,0.06393897603
5574,CDS + 3'UTR,4,0.4688950777,0.4373694196,0.2115796059,0.2199301066,0.2570826411,0.2790941458,0.06244261563,0.06360632465
5575,CDS + 3'UTR,4,0.4230770469,0.4380594548,0.2320431173,0.2198392561,0.281561166,0.2786732286,0.0633186698,0.06342805666
5576,CDS + 3'UTR,4,0.3773236871,0.4370782252,0.2482390106,0.2214335572,0.3112491071,0.2780394197,0.06318819523,0.06344879451
5577,CDS + 3'UTR,4,0.5356944203,0.4386301223,0.1890127361,0.2211511444,0.2305712998,0.2771479148,0.04472152889,0.06307081454
5578,CDS + 3'UTR,4,0.3832318187,0.4385115664,0.2594627142,0.2219217274,0.2924696505,0.2768396005,0.06483584642,0.06272710226
5579,CDS + 3'UTR,4,0.4263803363,0.4374053638,0.2150823176,0.2225246692,0.2904580832,0.2771265101,0.06807929277,0.06294345278
5580,CDS + 3'UTR,4,0.4804103374,0.4392893296,0.2058005631,0.2219796782,0.2467006445,0.2760573056,0.06708844006,0.06267368202
5581,CDS + 3'UTR,4,0.3815501332,0.4394616041,0.2421264499,0.2218960805,0.3080269992,0.27603858,0.06829643995,0.06260373066
5582,CDS + 3'UTR,4,0.4353497922,0.438598733,0.2344539315,0.2225411553,0.2728976309,0.2760521065,0.05729863048,0.06280800025
5583,CDS + 3'UTR,4,0.4759318233,0.4400072265,0.2046221942,0.2222386682,0.2697069645,0.2753590804,0.04973902926,0.06239501988
5584,CDS + 3'UTR,4,0.44291085,0.4393989693,0.2294183969,0.2226717329,0.2671514452,0.2757879753,0.06051930413,0.06214131811
5585,CDS + 3'UTR,4,0.4370993674,0.4387352843,0.2282794565,0.2230682448,0.2685697079,0.2760251101,0.06605145335,0.06217135643
5586,CDS + 3'UTR,4,0.4855526984,0.4389656175,0.20865044,0.2233611442,0.2604342103,0.2758115385,0.04536265135,0.061861696
5587,CDS + 3'UTR,4,0.4010596275,0.4394773461,0.235419184,0.2236112604,0.3053751886,0.2753548611,0.05814600736,0.06155652963
5588,CDS + 3'UTR,4,0.4858131111,0.4392201863,0.1946001947,0.2235827433,0.2551138103,0.2756290592,0.06447286904,0.06156800864
5589,CDS + 3'UTR,4,0.536588788,0.4403146945,0.1679261327,0.2232400063,0.2413463593,0.2750769336,0.05413875729,0.06136836344
5590,CDS + 3'UTR,4,0.4619631469,0.4394922573,0.1925879419,0.2238469591,0.2841123044,0.2753721476,0.06133662537,0.06128863469
5591,CDS + 3'UTR,4,0.4275444448,0.4379124541,0.2815707028,0.2240026491,0.2413717657,0.2765118729,0.04951307178,0.06157302293
5592,CDS + 3'UTR,4,0.4710887074,0.4400423113,0.2147663534,0.2230306683,0.262981832,0.2757738616,0.05116310343,0.06115315822
5593,CDS + 3'UTR,4,0.3400118351,0.4390299734,0.2808614373,0.2237117302,0.3196318746,0.2761787597,0.05949484184,0.06107953661
5594,CDS + 3'UTR,4,0.4023857713,0.4375290368,0.2489425838,0.2240927614,0.2871365845,0.2770300671,0.06153508276,0.06134813423
5595,CDS + 3'UTR,4,0.4991275966,0.4369566474,0.195345372,0.224109873,0.2546878755,0.2774809744,0.05083913356,0.06145250606
5596,CDS + 3'UTR,4,0.4015282393,0.4362213414,0.2626712918,0.2241076345,0.2763522863,0.2781634994,0.05944816023,0.06150752525
5597,CDS + 3'UTR,4,0.4046638608,0.4341989357,0.220478192,0.2244221414,0.3112276793,0.2794240665,0.06363024563,0.06195485815
5598,CDS + 3'UTR,4,0.4810798764,0.4342270855,0.1885898113,0.2247461792,0.2739806473,0.279215841,0.05634967983,0.06181089524
5599,CDS + 3'UTR,4,0.4629050493,0.4352373455,0.2057307959,0.2241598831,0.2679546177,0.2788897783,0.06340948492,0.06171299424
5600,CDS + 3'UTR,4,0.3945048153,0.4342577036,0.2346673012,0.2243833706,0.3054261208,0.2795220293,0.06540182233,0.0618368973
5601,CDS + 3'UTR,4,0.5113350749,0.4355635125,0.1840235442,0.2239860749,0.2603177428,0.2789597061,0.04432366043,0.06149070663
5602,CDS + 3'UTR,4,0.3511335254,0.434806082,0.2493321598,0.224029851,0.3346141577,0.2798340708,0.06492014974,0.06132999612
5603,CDS + 3'UTR,4,0.3996156454,0.4346943166,0.2452564538,0.2246573361,0.2981062829,0.2794166114,0.05702162161,0.061231736
5604,CDS + 3'UTR,4,0.5098121166,0.4362098169,0.2059626579,0.2238263266,0.2413256019,0.2790076111,0.04289957136,0.06095624557
5605,CDS + 3'UTR,4,0.4241915941,0.4366795104,0.2361891866,0.223853953,0.2779123783,0.2786050316,0.06170685217,0.06086150501
5606,CDS + 3'UTR,4,0.4309480786,0.4356585082,0.2120964378,0.2239538174,0.2919927537,0.2792559914,0.06496273726,0.06113168248
5607,CDS + 3'UTR,4,0.5202026367,0.4373580396,0.1725023687,0.2233960055,0.2581912875,0.2783679921,0.04910376295,0.06087796222
5608,CDS + 3'UTR,4,0.372210145,0.4370299973,0.2341772318,0.2233179476,0.3218015432,0.278672722,0.07181110978,0.06097933277
5609,CDS + 3'UTR,4,0.4599258006,0.4369092941,0.1903067678,0.2237195382,0.289940387,0.2782607365,0.05982704088,0.0611104303
5610,CDS + 3'UTR,4,0.4497843981,0.4367397174,0.2159013748,0.224035213,0.279810667,0.2782295048,0.05450353026,0.06099556405
5611,CDS + 3'UTR,4,0.43337816,0.4364448678,0.2292243689,0.2240133679,0.2786135972,0.2784420416,0.05878384784,0.06109972261
5612,CDS + 3'UTR,4,0.414989531,0.435922404,0.2470251322,0.2248326652,0.2799562514,0.2781814396,0.0580290556,0.06106349132
5613,CDS + 3'UTR,4,0.5056818724,0.4370385524,0.2174550891,0.2243879206,0.2281294912,0.2776880015,0.04873353243,0.06088552712
5614,CDS + 3'UTR,4,0.4134517908,0.4373598084,0.2301571965,0.2239309313,0.2912055254,0.2776789472,0.06518545002,0.06103031463
5615,CDS + 3'UTR,4,0.4396298528,0.4369058393,0.3132394254,0.2238324108,0.1974356622,0.2779988274,0.04969507456,0.06126292436
5616,CDS + 3'UTR,4,0.5537152886,0.4368032426,0.1822205931,0.2235449584,0.2200918496,0.2782826945,0.04397224635,0.06136910613
5617,CDS + 3'UTR,4,0.3886623681,0.4369030211,0.2601571381,0.2230580593,0.2943688035,0.278565323,0.05681173876,0.06147359828
5618,CDS + 3'UTR,4,0.4307048917,0.4351520918,0.2303246558,0.2232908893,0.2749092877,0.279783731,0.06406114995,0.06177328913
5619,CDS + 3'UTR,4,0.5034978986,0.4362304635,0.2094652355,0.2227180097,0.2370888591,0.2794035792,0.04994795099,0.06164794834
5620,CDS + 3'UTR,4,0.4150455892,0.4354190808,0.2341141105,0.2228124268,0.2810675502,0.2800240424,0.06977275014,0.06174445106
5621,CDS + 3'UTR,4,0.4109917283,0.4341899805,0.2487955689,0.222935877,0.2745546699,0.2808629598,0.06565802544,0.06201118464
5622,CDS + 3'UTR,4,0.5442790389,0.4350925066,0.1831873357,0.2225754781,0.225204587,0.2803554781,0.04732901603,0.06197653916
5623,CDS + 3'UTR,4,0.391942203,0.4348986674,0.2265532315,0.2226104399,0.3176851273,0.2803285453,0.06381944567,0.06216234881
5624,CDS + 3'UTR,4,0.4147411883,0.433049373,0.231926769,0.2228532225,0.285412699,0.2813812491,0.06791934371,0.06271615638
5625,CDS + 3'UTR,4,0.4094891548,0.4326699685,0.2511867881,0.2226880582,0.285002321,0.2818056222,0.05432175472,0.06283635218
5626,CDS + 3'UTR,4,0.4190889299,0.4321854349,0.2238160223,0.2227042075,0.2952322066,0.2821086008,0.0618628934,0.06300175786
5627,CDS + 3'UTR,4,0.4207766056,0.4310809359,0.2142560631,0.2231776875,0.2958081663,0.2824537467,0.06915919483,0.06328763086
5628,CDS + 3'UTR,4,0.4463135004,0.4326601416,0.2069657892,0.2227195855,0.2816258967,0.2815239258,0.06509484351,0.0630963474
5629,CDS + 3'UTR,4,0.3605065048,0.4316780191,0.2686195076,0.2232950822,0.3049791455,0.2819312066,0.06589488685,0.06309569231
5630,CDS + 3'UTR,4,0.3918042183,0.4302895825,0.2229349166,0.2239183012,0.3157215416,0.2824509759,0.0695393309,0.06334114061
5631,CDS + 3'UTR,4,0.5117924213,0.4298312824,0.199845463,0.2245066039,0.2411459684,0.2824809618,0.04721614718,0.06318115187
5632,CDS + 3'UTR,4,0.3745553195,0.4293581616,0.2399755269,0.2240622412,0.3095484674,0.2831332328,0.07592067122,0.06344636376
5633,CDS + 3'UTR,4,0.4190330505,0.4286598805,0.2243339717,0.2243246784,0.2851601541,0.2832991874,0.07147278637,0.06371625336
5634,CDS + 3'UTR,4,0.3980651498,0.4303919826,0.2334945798,0.2232742939,0.2956044078,0.2826552516,0.07283594459,0.0636784716
5635,CDS + 3'UTR,4,0.3489447832,0.4304242138,0.2532426715,0.2231107039,0.3223480582,0.2826938355,0.07546445727,0.06377124595
5636,CDS + 3'UTR,4,0.4087599516,0.4291849568,0.2113048434,0.2231621217,0.2965680361,0.2834798275,0.08336719871,0.06417309348
5637,CDS + 3'UTR,4,0.4626023173,0.4301554963,0.2149314582,0.2224731749,0.2593354881,0.2832890982,0.06313073635,0.0640822303
5638,CDS + 3'UTR,4,0.4189985096,0.4294771567,0.2081403881,0.2228314769,0.3006501496,0.2834531812,0.07221101224,0.06423818539
5639,CDS + 3'UTR,4,0.4306761622,0.4280837458,0.2238289863,0.2234817145,0.2770947218,0.2837306706,0.06840012968,0.06470386884
5640,CDS + 3'UTR,4,0.5315448046,0.4286556829,0.178370446,0.2232358824,0.2494223714,0.2835725116,0.04066234082,0.06453592321
5641,CDS + 3'UTR,4,0.3737213612,0.4286203291,0.2247451395,0.2231652414,0.3322014213,0.2834333474,0.0693320632,0.06478108158
5642,CDS + 3'UTR,4,0.3983979225,0.4268265698,0.2539626956,0.2243000612,0.281825155,0.2836997414,0.06581422687,0.06517362641
5643,CDS + 3'UTR,4,0.5136237741,0.4283083037,0.1801635921,0.2239878956,0.2602180243,0.2826921975,0.04599460214,0.06501160162
5644,CDS + 3'UTR,4,0.4171010852,0.4284347713,0.2318052053,0.2239174232,0.283356756,0.2822622152,0.0677369386,0.06538558831
5645,CDS + 3'UTR,4,0.363057673,0.4263772391,0.2320582122,0.22425674,0.3296546638,0.2829963859,0.07522943616,0.06636963333
5646,CDS + 3'UTR,4,0.5498383045,0.4259372082,0.1917789727,0.2243671736,0.2120108306,0.2828056041,0.04637188837,0.06689001229
5647,CDS + 3'UTR,4,0.4007041752,0.4248589009,0.2203044891,0.2249832809,0.3007000685,0.2830389783,0.07829131186,0.06711883824
5648,CDS + 3'UTR,4,0.3986175656,0.422439668,0.2455541193,0.2263095345,0.2782424688,0.2836225208,0.07758582383,0.06762827379
5649,CDS + 3'UTR,4,0.3932327032,0.4241462532,0.2579700947,0.2260984439,0.2909570634,0.2823704759,0.05784010142,0.06738482355
5650,CDS + 3'UTR,4,0.4333652854,0.4234560475,0.2184096277,0.226505672,0.2764163613,0.2822237665,0.0718087703,0.0678145105
5651,CDS + 3'UTR,4,0.3942404985,0.4218913734,0.2793719769,0.2267492997,0.2659089565,0.283074536,0.0604785867,0.0682847878
5652,CDS + 3'UTR,4,0.5044796467,0.4217760932,0.2051911801,0.226708287,0.2390544713,0.2829820106,0.05127477646,0.06853360659
5653,CDS + 3'UTR,4,0.4819106162,0.4215376187,0.1753895134,0.2265421979,0.2652071714,0.282992574,0.07749266922,0.06892760671
5654,CDS + 3'UTR,4,0.4325775504,0.4203372173,0.2036979645,0.2265629264,0.2826730609,0.2835526705,0.08105139434,0.06954718302
5655,CDS + 3'UTR,4,0.4148693085,0.4226694651,0.2090469301,0.2253491407,0.3042705357,0.2826586742,0.07181321084,0.06932271766
5656,CDS + 3'UTR,4,0.3853059709,0.421637325,0.2092870772,0.2248094389,0.3338593841,0.283799169,0.07154756784,0.06975406427
5657,CDS + 3'UTR,4,0.3956200778,0.4202691302,0.2076391429,0.2250839343,0.3280439377,0.2843375375,0.06869679689,0.07030939599
5658,CDS + 3'UTR,4,0.469501555,0.4216984611,0.2136323452,0.2244990947,0.262057513,0.2835372418,0.05480858311,0.07026520045
5659,CDS + 3'UTR,4,0.3614697158,0.4215769958,0.2226356864,0.2245877042,0.3400951326,0.2833560769,0.07579950988,0.07047922062
5660,CDS + 3'UTR,4,0.3820823133,0.4203802023,0.2156765759,0.2247963019,0.313814044,0.2836717479,0.08842712641,0.07115174602
5661,CDS + 3'UTR,4,0.4537522197,0.4212004341,0.2132945359,0.224440906,0.2674284577,0.2831474425,0.06552480161,0.07121121534
5662,CDS + 3'UTR,4,0.4198426604,0.4216960974,0.2372508794,0.2241748745,0.2707430124,0.2828448953,0.07216340303,0.07128413063
5663,CDS + 3'UTR,4,0.3279882669,0.4201593474,0.2240447998,0.2247521589,0.3539232612,0.2834163865,0.09404363483,0.07167210612
5664,CDS + 3'UTR,4,0.412558496,0.4217705779,0.2162052542,0.2243045233,0.3011012971,0.2824554725,0.07013496757,0.07146942476
5665,CDS + 3'UTR,4,0.3983366787,0.4211278491,0.2295714021,0.2247394878,0.2928079963,0.282545607,0.07928390801,0.07158705406
5666,CDS + 3'UTR,4,0.3971927762,0.4198742684,0.2465288341,0.2244842174,0.2880458832,0.2833174741,0.06823249161,0.07232403816
5667,CDS + 3'UTR,4,0.5273960829,0.4194456238,0.1987710297,0.2248388875,0.2309895158,0.2831389571,0.04284333065,0.07257652818
5668,CDS + 3'UTR,4,0.4072433114,0.4190095566,0.240639925,0.2251103211,0.2876962721,0.2831102578,0.06442046165,0.0727698605
5669,CDS + 3'UTR,4,0.4255138636,0.4175176524,0.2177836597,0.2263964882,0.2829279006,0.2830611145,0.07377462089,0.07302474021
5670,CDS + 3'UTR,4,0.4252991378,0.4195355583,0.2396521568,0.2256922984,0.2865111828,0.2820720874,0.04853752628,0.07270005043
5671,CDS + 3'UTR,4,0.3896947801,0.4190476641,0.246021688,0.2260130668,0.2935534418,0.2818639193,0.07073002309,0.07307534437
5672,CDS + 3'UTR,4,0.4152262211,0.4172176689,0.2357613295,0.2266414249,0.2762582004,0.2825707346,0.07275427133,0.07357016583
5673,CDS + 3'UTR,4,0.478579998,0.4182860382,0.196830675,0.2264375379,0.2681170106,0.2816751404,0.05647230148,0.07360127731
5674,CDS + 3'UTR,4,0.4049642682,0.4167411406,0.2358553857,0.2267198969,0.2902233005,0.2826903058,0.06895703077,0.07384865121
5675,CDS + 3'UTR,4,0.399987042,0.4157585651,0.1994587928,0.2270421028,0.3175672293,0.28293288,0.08298693597,0.07426644522
5676,CDS + 3'UTR,4,0.4791713953,0.4160153911,0.2075555474,0.2268719725,0.2610939443,0.2827465655,0.05217910558,0.07436606423
5677,CDS + 3'UTR,4,0.3503966928,0.4151546966,0.2491423488,0.2276507903,0.3243543208,0.2827814093,0.07610665262,0.07441309686
5678,CDS + 3'UTR,4,0.3696070015,0.4139548708,0.2406088263,0.2280487033,0.2961798012,0.2832377518,0.09360435605,0.07475866671
5679,CDS + 3'UTR,4,0.5086600184,0.415029449,0.1860642284,0.2280233586,0.2553018928,0.2822771739,0.04997383431,0.07467001067
5680,CDS + 3'UTR,4,0.3916765153,0.4139502618,0.2290160209,0.2286492255,0.2942929864,0.2825980712,0.08501449227,0.07480243403
5681,CDS + 3'UTR,4,0.3678343296,0.4118323185,0.2748091221,0.2293560317,0.2816292644,0.2831673052,0.0757272467,0.07564433706
5682,CDS + 3'UTR,4,0.4696722329,0.4128884245,0.2243589163,0.2295219081,0.2540106475,0.2819708729,0.05195816606,0.07561878725
5683,CDS + 3'UTR,4,0.409733057,0.4116763327,0.239618659,0.2299060164,0.2637076974,0.2824575828,0.08694055676,0.07596006072
5684,CDS + 3'UTR,4,0.3452095389,0.4095785707,0.233107999,0.2307845837,0.3000592589,0.2829199331,0.1216231734,0.07671690458
5685,CDS + 3'UTR,4,0.3889891207,0.4104745828,0.2450238764,0.2305587014,0.2626498342,0.2824252333,0.1033371687,0.07654147483
5686,CDS + 3'UTR,4,0.3446834981,0.4105332505,0.2613850236,0.2307678672,0.3106626868,0.2820464332,0.08326881379,0.0766524422
5687,CDS + 3'UTR,4,0.3266640007,0.4078787979,0.2786026597,0.2319988515,0.3048746884,0.2830209944,0.08985860646,0.07710135016
5688,CDS + 3'UTR,4,0.508736968,0.4098085687,0.2172899842,0.2317321818,0.2216379493,0.281841881,0.05233509094,0.07661736179
5689,CDS + 3'UTR,4,0.4047093391,0.4090514667,0.2228850126,0.2320023347,0.2782036364,0.2823441023,0.09420199692,0.07660209015
5690,CDS + 3'UTR,4,0.3246104717,0.4087868344,0.235391587,0.2321880735,0.3478722274,0.282203606,0.09212571383,0.07682147995
5691,CDS + 3'UTR,4,0.4241557419,0.4093691934,0.2259433568,0.2324972337,0.2712115645,0.2815964559,0.07868935168,0.07653710996
5692,CDS + 3'UTR,4,0.3959115744,0.4090550333,0.2337380052,0.232202019,0.280801326,0.2818070335,0.08954906464,0.07693590755
5693,CDS + 3'UTR,4,0.4096497595,0.4069165591,0.2191133648,0.2324903248,0.2729372084,0.2829274325,0.09829963744,0.0776656759
5694,CDS + 3'UTR,4,0.6000316143,0.406378201,0.1330543458,0.2332804808,0.2196858227,0.2827905515,0.04722822085,0.07755075917
5695,CDS + 3'UTR,4,0.3570586443,0.405442398,0.2700632811,0.2339129664,0.2886752486,0.2827418333,0.08420280367,0.07790279528
5696,CDS + 3'UTR,4,0.4442597032,0.4042993341,0.2041802257,0.2345637895,0.2631613314,0.2828943552,0.0883987844,0.07824251372
5697,CDS + 3'UTR,4,0.5030088425,0.4046959687,0.2133699656,0.2350727528,0.2303451449,0.2820426771,0.05327609554,0.07818859322
5698,CDS + 3'UTR,4,0.4209876657,0.4039588068,0.2374134213,0.2359289026,0.2604160905,0.2817707786,0.08118276298,0.07834150344
5699,CDS + 3'UTR,4,0.4077544212,0.4027766377,0.2261530459,0.2359534113,0.2623425424,0.2823359581,0.103749983,0.07893398455
5700,CDS + 3'UTR,4,0.480664134,0.404720122,0.2056824416,0.2357978193,0.2391231209,0.2809267186,0.07453029603,0.07855533073
5701,CDS + 3'UTR,4,0.4506447911,0.4045404904,0.2275130451,0.2358031601,0.2503508925,0.2809913177,0.07149124891,0.07866502116
5702,CDS + 3'UTR,4,0.421339035,0.4029606879,0.2293700874,0.2361146839,0.2709238827,0.2817397796,0.07836705446,0.07918483783
5703,CDS + 3'UTR,4,0.5208406448,0.4027406909,0.1907423884,0.2361497791,0.2408120036,0.2817033157,0.04760493711,0.07940620361
5704,CDS + 3'UTR,4,0.3633228838,0.4028450329,0.2667239308,0.2365884019,0.2926234603,0.2812770329,0.07732968777,0.07928952202
5705,CDS + 3'UTR,3,0.3092027009,0.4017765034,0.230765149,0.2373618305,0.3467516899,0.2814086094,0.1132804826,0.07945304625
5706,CDS + 3'UTR,3,0.3847973645,0.4024012249,0.2521896362,0.2374438249,0.2809508443,0.2809694111,0.0820620954,0.07918552873
5707,CDS + 3'UTR,3,0.3858912289,0.4022393607,0.2359707505,0.2372635882,0.2935122252,0.2810314316,0.08462578058,0.07946560937
5708,CDS + 3'UTR,3,0.3269611597,0.3997688573,0.3098591566,0.2379345965,0.2776944339,0.282087962,0.08548521996,0.08020857424
5709,CDS + 3'UTR,3,0.5219389796,0.3996517472,0.2122843266,0.2378971836,0.2258569747,0.281973635,0.0399197042,0.08047742471
5710,CDS + 3'UTR,3,0.3527726829,0.3987461653,0.2485963851,0.2382181505,0.2990680933,0.2823218856,0.09956284612,0.08071378823
5711,CDS + 3'UTR,3,0.3653928041,0.3979146268,0.2501141131,0.2382944578,0.2976911962,0.2823471382,0.08680186421,0.08144376702
5712,CDS + 3'UTR,3,0.4600248635,0.3974332783,0.2236645669,0.2381047215,0.2379009277,0.2826580301,0.07840958983,0.08180396049
5713,CDS + 3'UTR,3,0.2954412401,0.3966965247,0.2469226867,0.2382949797,0.36637339,0.2828489713,0.09126269817,0.08215951431
5714,CDS + 3'UTR,3,0.3194591105,0.394478789,0.2592710555,0.2388969427,0.315010339,0.283697759,0.1062594652,0.0829264997
5715,CDS + 3'UTR,3,0.3694908619,0.3963827811,0.2396322489,0.2383342175,0.3074429035,0.282672691,0.08343397826,0.08261030121
5716,CDS + 3'UTR,3,0.3399043977,0.3950460222,0.2736102641,0.2394065484,0.2993555367,0.2828156922,0.08712980896,0.0827317276
5717,CDS + 3'UTR,3,0.3666162491,0.3938086063,0.246764496,0.2396963824,0.295842886,0.2830837902,0.09077632427,0.08341121152
5718,CDS + 3'UTR,3,0.5049647689,0.3937002327,0.2061128169,0.2396236692,0.2238039225,0.2831217889,0.0651185289,0.08355429927
5719,CDS + 3'UTR,3,0.3443411887,0.3934848733,0.2738983333,0.239550058,0.3027665019,0.2833807696,0.07899399847,0.08358428888
5720,CDS + 3'UTR,3,0.3621093333,0.3915066272,0.2349149436,0.2404503502,0.2949610949,0.28381912,0.1080145836,0.0842238924
5721,CDS + 3'UTR,3,0.4582098424,0.3924290735,0.2380152494,0.2404128708,0.2364868373,0.2833356015,0.06728807837,0.08382244431
5722,CDS + 3'UTR,3,0.301430583,0.3923365459,0.2846913636,0.2396087138,0.3207619488,0.2838750526,0.0931161046,0.08417967851
5723,CDS + 3'UTR,3,0.3458028138,0.3899648409,0.250448972,0.2400878245,0.2972060442,0.2851042546,0.1065421104,0.08484307122
5724,CDS + 3'UTR,3,0.4887820482,0.3896503098,0.2137346268,0.2401310632,0.2437807769,0.2853110608,0.05370255932,0.08490755851
5725,CDS + 3'UTR,3,0.3677510917,0.3896336883,0.2487914711,0.2404663239,0.2993506491,0.2854182616,0.08410682529,0.08448171937
5726,CDS + 3'UTR,3,0.3374820948,0.3894783437,0.2902577221,0.240181762,0.2899757326,0.2857744951,0.08228452504,0.08456539237
5727,CDS + 3'UTR,3,0.5550858378,0.3895207755,0.1989709139,0.2399855515,0.2063709944,0.2857986346,0.03957224265,0.08469503107
5728,CDS + 3'UTR,3,0.3380494118,0.3898916468,0.2671663463,0.2395238001,0.3184201717,0.2857779812,0.07636409253,0.08480656561
5729,CDS + 3'UTR,3,0.3720621169,0.3875996884,0.2728292048,0.2399717383,0.279717356,0.2870565454,0.07539128512,0.08537202184
5730,CDS + 3'UTR,3,0.4799540043,0.387821269,0.2431424409,0.2401549108,0.2278443575,0.2870733088,0.04905917123,0.08495050524
5731,CDS + 3'UTR,3,0.3691076934,0.3878148448,0.2557547987,0.2405372575,0.2827551663,0.286517342,0.09238239378,0.08513054973
5732,CDS + 3'UTR,3,0.3334017098,0.3865864698,0.2282556444,0.2410417736,0.3286863863,0.2870871304,0.1096562445,0.08528461964
5733,CDS + 3'UTR,3,0.4388419688,0.3865437143,0.2386019975,0.2416254081,0.2542566955,0.2867774872,0.06829933077,0.08505338435
5734,CDS + 3'UTR,3,0.3577133119,0.3856923379,0.2542968094,0.2422970409,0.2787756026,0.287085391,0.1092142835,0.08492522403
5735,CDS + 3'UTR,3,0.3234241903,0.3822372638,0.2611127794,0.2436472818,0.3164722919,0.2883479891,0.09899068624,0.08576745912
5736,CDS + 3'UTR,3,0.417036742,0.3820161488,0.2500041425,0.2430274671,0.2657251358,0.2890131818,0.06723392755,0.0859431955
5737,CDS + 3'UTR,3,0.3366471231,0.3807172023,0.2761311233,0.2435891798,0.306292057,0.2896785675,0.0809296146,0.08601504331
5738,CDS + 3'UTR,3,0.3749280274,0.3788681377,0.21559304,0.2446588079,0.307271868,0.2900148287,0.1022070721,0.08645821759
5739,CDS + 3'UTR,3,0.5169484615,0.3803253386,0.2101883292,0.2440320147,0.2273559719,0.289633782,0.04550720379,0.0860088571
5740,CDS + 3'UTR,3,0.3677117825,0.3797028251,0.2161038369,0.2443574281,0.3189819753,0.2901969185,0.09720236063,0.08574282099
5741,CDS + 3'UTR,3,0.327368021,0.3780171249,0.2382164448,0.2450628333,0.3273054063,0.2908799298,0.1071101353,0.08604010474
5742,CDS + 3'UTR,3,0.4022428989,0.3792453591,0.2400584966,0.2446807658,0.2678259015,0.290434029,0.0898726657,0.08563983859
5743,CDS + 3'UTR,3,0.3363356292,0.3780826222,0.2591346204,0.2453195123,0.3198206425,0.2908226114,0.08470910788,0.08577524591
5744,CDS + 3'UTR,3,0.3270761371,0.3760888577,0.2780795395,0.2457604857,0.3116274178,0.2917149998,0.08321690559,0.08643564875
5745,CDS + 3'UTR,3,0.4483143985,0.3768812768,0.2361309528,0.2453070357,0.2576721311,0.2913375273,0.0578825064,0.08647415345
5746,CDS + 3'UTR,3,0.3842436373,0.377460349,0.2321099043,0.2454881914,0.2930075228,0.2908364955,0.09063894302,0.08621495687
5747,CDS + 3'UTR,3,0.3297558129,0.3769542377,0.2524516881,0.2456922289,0.3155119419,0.2909881067,0.1022805199,0.08636541986
5748,CDS + 3'UTR,3,0.3978745043,0.3779194374,0.2376468927,0.2460174544,0.2785501182,0.2901542718,0.0859284997,0.08590883045
5749,CDS + 3'UTR,3,0.3530673087,0.3779014736,0.2434610128,0.2453126146,0.310787946,0.2907787928,0.09268370271,0.08600711357
5750,CDS + 3'UTR,3,0.3587760627,0.3755391892,0.2457567453,0.2459586786,0.2885313928,0.2918451715,0.1069358289,0.0866569561
5751,CDS + 3'UTR,3,0.3511869013,0.3761499058,0.230842784,0.2463586204,0.3184247911,0.2912317635,0.09954550117,0.08625970604
5752,CDS + 3'UTR,3,0.3562859297,0.3755609885,0.2509819865,0.2468380772,0.2915335,0.2912350925,0.1011985764,0.0863658376
5753,CDS + 3'UTR,3,0.3011611402,0.3741184138,0.2449877113,0.2469011478,0.3360200226,0.2923254065,0.1178311333,0.08665502816
5754,CDS + 3'UTR,3,0.5572836399,0.3751000769,0.1908373684,0.2469183136,0.2082178593,0.2913273346,0.04366115108,0.08665427165
5755,CDS + 3'UTR,3,0.2930463254,0.375182756,0.2852452695,0.2473194238,0.3290073276,0.291185512,0.09270104766,0.0863123049
5756,CDS + 3'UTR,3,0.3801781237,0.3748228736,0.2307422608,0.2472801244,0.2825417817,0.2912959442,0.1065378189,0.08660105402
5757,CDS + 3'UTR,3,0.3417268097,0.3751124762,0.2433252931,0.2468976758,0.3273942173,0.2913371563,0.08755367249,0.0866526871
5758,CDS + 3'UTR,3,0.3523782492,0.3748365514,0.2347199321,0.2468661461,0.3168982565,0.2914807368,0.09600352496,0.08681656187
5759,CDS + 3'UTR,3,0.3504003286,0.3731962636,0.2580876052,0.2472072551,0.2903699279,0.2923085703,0.1011421159,0.08728790628
5760,CDS + 3'UTR,3,0.4654722214,0.373397788,0.2260176688,0.2470078496,0.2556115091,0.2921587152,0.0528986454,0.08743564282
5761,CDS + 3'UTR,3,0.3604321182,0.3727621336,0.2104765624,0.2472755287,0.3247853518,0.2926194372,0.1043059826,0.08734289724
5762,CDS + 3'UTR,3,0.2799358368,0.3707617473,0.2626877725,0.2474912224,0.3523468077,0.2938321035,0.105029583,0.08791492255
5763,CDS + 3'UTR,3,0.3845705688,0.3714863922,0.243077755,0.2472160278,0.2802521884,0.2934926443,0.09209953994,0.08780493075
5764,CDS + 3'UTR,3,0.3438798189,0.3711664189,0.2599288523,0.2477444397,0.3086353242,0.2935936473,0.08755604178,0.08749548951
5765,CDS + 3'UTR,3,0.3765615523,0.3695562456,0.2222589254,0.2479888456,0.2911485136,0.2942998325,0.1100310087,0.08815507195
5766,CDS + 3'UTR,3,0.3480780423,0.3707752284,0.2456881851,0.2476597756,0.3125938475,0.2937612286,0.09363991022,0.08780376278
5767,CDS + 3'UTR,3,0.3563337028,0.3702882037,0.241662547,0.2475461639,0.3032224178,0.2942265419,0.09878136963,0.08793908497
5768,CDS + 3'UTR,3,0.3253802955,0.3673979521,0.2531250417,0.2481845282,0.3239230812,0.295630898,0.09757158905,0.08878661632
5769,CDS + 3'UTR,3,0.4224357903,0.3694814302,0.2375388145,0.2474297356,0.2795447111,0.294623811,0.06048066914,0.08846501783
5770,CDS + 3'UTR,3,0.3240965307,0.3691222951,0.2659793198,0.2473105397,0.3033948839,0.2949664855,0.1065292731,0.08860067483
5771,CDS + 3'UTR,3,0.3258857429,0.3672041468,0.266304642,0.2477510339,0.3167946339,0.2959380386,0.09101494402,0.08910677615
5772,CDS + 3'UTR,3,0.392491132,0.3693393197,0.2804287672,0.2473857418,0.2560298741,0.2947873095,0.07105024159,0.08848762373
5773,CDS + 3'UTR,3,0.3415396512,0.3695003238,0.2728439867,0.2474483136,0.2975695133,0.2947511198,0.08804681152,0.08830023827
5774,CDS + 3'UTR,3,0.3236256838,0.3683077268,0.2410736233,0.2474240551,0.3206936717,0.2955888772,0.1146070287,0.08867933676
5775,CDS + 3'UTR,3,0.339369446,0.3690401357,0.2204781026,0.2467848947,0.3418906629,0.2957342194,0.09826171398,0.08844074626
5776,CDS + 3'UTR,3,0.340343982,0.369837521,0.2491172403,0.2464002738,0.3163921833,0.2953348925,0.09414660931,0.08842730951
5777,CDS + 3'UTR,3,0.3550836742,0.3687613484,0.2989402115,0.246394274,0.2572460473,0.2961617449,0.08873003721,0.08868262991
5778,CDS + 3'UTR,3,0.5375637412,0.3702058885,0.1872699708,0.2455364404,0.2299323529,0.2956973946,0.04523392394,0.08856027424
5779,CDS + 3'UTR,3,0.3579533398,0.3696291033,0.2521861196,0.2461210417,0.3073934615,0.2959160289,0.08246709406,0.08833382372
5780,CDS + 3'UTR,3,0.3458081186,0.3675199155,0.2621148527,0.2465628305,0.293764025,0.2970588408,0.09831299633,0.08885841179
5781,CDS + 3'UTR,3,0.5489035249,0.3680931583,0.1969476491,0.2470645968,0.2146788239,0.29647815,0.03946995735,0.08836409394
5782,CDS + 3'UTR,3,0.328320086,0.3685520943,0.280469805,0.2468595553,0.3020104766,0.2962638065,0.08919963986,0.08832454309
5783,CDS + 3'UTR,3,0.3613394797,0.3676506463,0.2260202616,0.2471369376,0.3122030795,0.2966763612,0.1004371643,0.08853605455
5784,CDS + 3'UTR,3,0.4267164171,0.3692021165,0.2304479331,0.2465446064,0.2624256611,0.2957709854,0.08041006327,0.08848229162
5785,CDS + 3'UTR,3,0.3555284739,0.3695242982,0.2452576011,0.2461311255,0.3066691458,0.2958700558,0.09254475683,0.08847452067
5786,CDS + 3'UTR,3,0.3443084657,0.3678840339,0.2685126364,0.2464111388,0.2930797338,0.296714207,0.09409913421,0.08899062113
5787,CDS + 3'UTR,3,0.4631071985,0.3696568508,0.2619887888,0.246106747,0.2268054336,0.2958893178,0.04809862748,0.08834708538
5788,CDS + 3'UTR,3,0.3255240619,0.3696008835,0.2534719706,0.2463672696,0.3276561201,0.2959090827,0.09334786981,0.08812276553
5789,CDS + 3'UTR,3,0.3329562247,0.3689308126,0.2639694512,0.2464504359,0.3111672699,0.2962614326,0.09190710634,0.08835731978
5790,CDS + 3'UTR,3,0.4016300142,0.371593485,0.2805917263,0.2457685862,0.2499954551,0.2949735496,0.06778284162,0.08766437965
5791,CDS + 3'UTR,3,0.3182794154,0.3710380837,0.2884706557,0.2462565456,0.2979575098,0.295417634,0.09529238939,0.0872877364
5792,CDS + 3'UTR,3,0.3446188867,0.371305614,0.2287102193,0.2463911483,0.3251260519,0.2951164193,0.1015448347,0.08718681876
5793,CDS + 3'UTR,3,0.3739742935,0.3725242879,0.2482959479,0.2460502552,0.2865276337,0.2947610933,0.09120217711,0.08666436351
5794,CDS + 3'UTR,3,0.3260734379,0.3725667346,0.2913598716,0.2464356691,0.3036645353,0.2946767353,0.07890212536,0.08632086138
5795,CDS + 3'UTR,3,0.3407002687,0.3704340059,0.2364882976,0.2471127652,0.3162774742,0.2954772882,0.1065339074,0.08697594088
5796,CDS + 3'UTR,3,0.3630726039,0.3730150934,0.2430143803,0.2463096987,0.302652508,0.2942741632,0.09126045555,0.08640104462
5797,CDS + 3'UTR,3,0.3445422649,0.3728237111,0.2442421168,0.2468722178,0.3073293269,0.2943452891,0.1038863063,0.08595878216
5798,CDS + 3'UTR,3,0.3737417459,0.3728551075,0.2334015369,0.2469411097,0.2900305986,0.2940904215,0.1028260812,0.08611336215
5799,CDS + 3'UTR,3,0.3604631424,0.3740413349,0.2579458952,0.2470639363,0.2907781005,0.2932995427,0.09081292152,0.08559518764
5800,CDS + 3'UTR,3,0.3112569749,0.3743109759,0.2563292682,0.2471742339,0.3318188488,0.293323914,0.1005949378,0.08519087741
5801,CDS + 3'UTR,3,0.298178941,0.3724691138,0.2552707493,0.24770907,0.3335001469,0.2941371188,0.1130501032,0.08568469817
5802,CDS + 3'UTR,3,0.3594021797,0.3741512403,0.262675792,0.2477983398,0.2936052084,0.292844438,0.0843167603,0.08520598151
5803,CDS + 3'UTR,3,0.3202049434,0.3746543638,0.2927219272,0.2480147531,0.3052862883,0.2921821533,0.08178681135,0.08514872985
5804,CDS + 3'UTR,3,0.3599681854,0.3730476599,0.233287096,0.2486378403,0.300275594,0.2928791868,0.1064691544,0.0854353128
5805,CDS + 3'UTR,3,0.4652697146,0.3730608013,0.2224658728,0.2488977512,0.2562623322,0.2925013268,0.05600209162,0.08554011956
5806,CDS + 3'UTR,3,0.298520118,0.3717687108,0.2811687887,0.249466485,0.3272008002,0.2929766448,0.0931103006,0.08578815833
5807,CDS + 3'UTR,3,0.3238657117,0.3712869212,0.2500400543,0.2495511517,0.3187194765,0.2929588197,0.1073747501,0.08620310668
5808,CDS + 3'UTR,3,0.5047276616,0.3717760183,0.206782937,0.2494686142,0.2378532141,0.292600002,0.05063621327,0.0861553641
5809,CDS + 3'UTR,3,0.3433313072,0.3714138962,0.2632935345,0.2495078463,0.3071313202,0.2927337555,0.08624384552,0.08634449998
5810,CDS + 3'UTR,3,0.3265021443,0.3704616312,0.2783819735,0.2498769179,0.3055686057,0.2928408517,0.0895472765,0.0868205972
5811,CDS + 3'UTR,3,0.5399215221,0.3717633478,0.2265314311,0.2492361994,0.1906968355,0.2925010769,0.04285020009,0.08649937371
5812,CDS + 3'UTR,3,0.3462820351,0.372771449,0.2332613915,0.2485838778,0.3257912099,0.2922460342,0.09466540813,0.08639863711
5813,CDS + 3'UTR,3,0.3434342146,0.3726990961,0.236661315,0.2476754634,0.3212772906,0.2927860273,0.09862720966,0.08683941076
5814,CDS + 3'UTR,3,0.4163060188,0.3740917951,0.2031639814,0.2470372848,0.2904029787,0.2922988566,0.09012704343,0.0865720612
5815,CDS + 3'UTR,3,0.3872150183,0.374882086,0.2303431034,0.2472876856,0.2845261395,0.291634926,0.09791574627,0.08619530005
5816,CDS + 3'UTR,3,0.3309429288,0.3755376425,0.2495241612,0.2473250708,0.3318733275,0.2908820333,0.08765956014,0.0862552519
5817,CDS + 3'UTR,3,0.4522103369,0.3764218383,0.2075044364,0.2473083975,0.2691440284,0.2901373954,0.07114116102,0.0861323664
5818,CDS + 3'UTR,3,0.3287852108,0.3763829719,0.2623611391,0.2470459906,0.3247626126,0.2904281387,0.08409103006,0.0861428963
5819,CDS + 3'UTR,3,0.3482134342,0.3740103651,0.2455314398,0.2478975087,0.3187809289,0.291123049,0.0874742493,0.08696907558
5820,CDS + 3'UTR,3,0.4135712087,0.3747176379,0.2562451363,0.2481164131,0.2725267112,0.2900845682,0.05765693262,0.08708137874
5821,CDS + 3'UTR,3,0.3640829027,0.3755124927,0.2218131274,0.2476654954,0.3101579249,0.2897284893,0.1039460674,0.08709352105
5822,CDS + 3'UTR,3,0.3301270604,0.3732875038,0.2622490823,0.248629388,0.3008302748,0.2903457204,0.1067935824,0.08773738653
5823,CDS + 3'UTR,3,0.4604532421,0.3754519466,0.2117481232,0.247958,0.2473905832,0.2893009104,0.08040807396,0.08728914186
5824,CDS + 3'UTR,3,0.3528506756,0.3753299836,0.2450010628,0.2482478339,0.3195530474,0.2892732594,0.08259522915,0.08714892147
5825,CDS + 3'UTR,3,0.3170932531,0.3739608496,0.2585320175,0.2484353576,0.3252042234,0.2900999084,0.09917054325,0.08750388157
5826,CDS + 3'UTR,3,0.5260689855,0.3746271789,0.2077585608,0.2487401558,0.2270163894,0.2893856455,0.03915608302,0.08724701768
5827,CDS + 3'UTR,3,0.3252784312,0.3745186787,0.2732934952,0.2486441815,0.3170931339,0.2895844627,0.08433493227,0.08725267453
5828,CDS + 3'UTR,3,0.3442688286,0.3719566766,0.2443002015,0.2490661459,0.3067381084,0.2910571037,0.1046928391,0.08792007086
5829,CDS + 3'UTR,3,0.5660811067,0.3727163546,0.1889130324,0.2493433209,0.2077573091,0.2903069744,0.03724849224,0.08763334756
5830,CDS + 3'UTR,3,0.3143439591,0.3720674172,0.2847934961,0.2493548667,0.3240581453,0.2905754922,0.07680436969,0.08800222003
5831,CDS + 3'UTR,3,0.3725893199,0.3701906431,0.2416110039,0.2493004857,0.2943276167,0.291712537,0.09147208929,0.08879633001
5832,CDS + 3'UTR,3,0.4537798464,0.3703825843,0.223710537,0.2489864865,0.263107419,0.2917473994,0.05940215662,0.08888352555
5833,CDS + 3'UTR,3,0.3045568764,0.3698871836,0.2758208215,0.249390088,0.3292713761,0.2915415883,0.09035096318,0.08918113611
5834,CDS + 3'UTR,3,0.3866653442,0.3684588738,0.2450050563,0.2499287711,0.2722620964,0.2922150068,0.09606751055,0.08939734329
5835,CDS + 3'UTR,3,0.4995333254,0.3698566373,0.2209999561,0.2496676249,0.2327573299,0.2913674127,0.04670934752,0.08910832047
5836,CDS + 3'UTR,3,0.3648675382,0.3690959606,0.2757437825,0.2511065215,0.2882318497,0.2909909196,0.07115682214,0.08880659458
5837,CDS + 3'UTR,3,0.3442385197,0.3681953717,0.2488366514,0.2516619695,0.3070048094,0.2908692159,0.09992007166,0.08927343986
5838,CDS + 3'UTR,3,0.4472764432,0.3701975744,0.2445460558,0.2518476866,0.2536279559,0.2894079572,0.05454956368,0.08854677854
5839,CDS + 3'UTR,3,0.3719716072,0.3688823096,0.2669114172,0.2527933035,0.2923196256,0.2897697521,0.06879729778,0.08855463229
5840,CDS + 3'UTR,3,0.3181232512,0.368067516,0.2688045502,0.2528253186,0.3206678927,0.2901556114,0.09240430593,0.08895155108
5841,CDS + 3'UTR,3,0.4950022399,0.3706628993,0.2176181525,0.2526787072,0.2213708907,0.2883841703,0.06600864977,0.0882742207
5842,CDS + 3'UTR,2,0.3201857209,0.3701656822,0.2800008357,0.2532735612,0.2993640304,0.2881672839,0.1004494503,0.08839347023
5843,CDS + 3'UTR,3,0.256034255,0.3687001944,0.292924732,0.2536646869,0.3360148668,0.2887271227,0.115026176,0.08890799484
5844,CDS + 3'UTR,3,0.3449311256,0.3722897407,0.280721724,0.2525476467,0.2784065306,0.2868559616,0.09594058245,0.08830665117
5845,CDS + 3'UTR,3,0.273194313,0.3712966461,0.2677576244,0.2534658141,0.3291739523,0.2871699272,0.1298741102,0.08806761205
5846,CDS + 3'UTR,3,0.3095348775,0.3686918065,0.2524615228,0.2547113821,0.3111678362,0.287880587,0.1268357784,0.08871622332
5847,CDS + 3'UTR,3,0.3954614699,0.3713336196,0.2350595444,0.254063401,0.2745169997,0.286473421,0.09496196359,0.08812955744
5848,CDS + 3'UTR,3,0.2964105308,0.3710466459,0.2562636137,0.2544499423,0.3346233666,0.2864281725,0.1127024591,0.08807523758
5849,CDS + 3'UTR,3,0.3462545872,0.3689742729,0.2670645416,0.2545991197,0.288112402,0.2874011463,0.09856844693,0.08902546009
5850,CDS + 3'UTR,3,0.4282338619,0.3703484554,0.2147218436,0.2544890519,0.2762129009,0.2865483211,0.0808313936,0.088614171
5851,CDS + 3'UTR,3,0.4065338373,0.3700515602,0.2141189128,0.2543985814,0.2963912189,0.286549891,0.08295601606,0.08899996597
5852,CDS + 3'UTR,3,0.3867028952,0.3668332003,0.2077556103,0.2549680179,0.2992293239,0.2884191977,0.1063121334,0.08977958295
5853,CDS + 3'UTR,3,0.4529555738,0.3673917931,0.2217897028,0.2558229543,0.258595854,0.2874874221,0.06665884703,0.0892978284
5854,CDS + 3'UTR,3,0.3868489563,0.3670409299,0.2611056864,0.2563871916,0.2675792277,0.2872870049,0.08446613699,0.08928487101
5855,CDS + 3'UTR,3,0.3918139637,0.3661147505,0.2234689146,0.2564902183,0.2816592455,0.287601495,0.1030578613,0.08979353397
5856,CDS + 3'UTR,3,0.4110796452,0.3658445705,0.2477833778,0.2573676661,0.2568211555,0.2872591024,0.08431576937,0.08952865866
5857,CDS + 3'UTR,3,0.3519743681,0.3656465013,0.2779476643,0.2578291768,0.2805055082,0.2869742351,0.08957242966,0.08955008504
5858,CDS + 3'UTR,3,0.3477551937,0.3636317059,0.2553914189,0.2592216533,0.2855251729,0.287216741,0.1113282666,0.08992989897
5859,CDS + 3'UTR,3,0.4145351648,0.3658312302,0.2696984708,0.2588161241,0.2243150026,0.2858996039,0.09145134687,0.08945304067
5860,CDS + 3'UTR,3,0.4093964994,0.3649808884,0.2260414362,0.2594146494,0.2652777135,0.2859743582,0.09928438067,0.08963010297
5861,CDS + 3'UTR,3,0.3709044158,0.3637157023,0.2740590572,0.2596818991,0.2640573084,0.2863737302,0.09097919613,0.09022866758
5862,CDS + 3'UTR,3,0.501475513,0.3646864597,0.2267587632,0.2597229026,0.2184256762,0.2858191824,0.05334006622,0.08977145404
5863,CDS + 3'UTR,3,0.3515824378,0.3646611743,0.2492069751,0.2597426977,0.3099910021,0.2859311374,0.08921953291,0.08966498971
5864,CDS + 3'UTR,3,0.3171856999,0.3627685446,0.2454498261,0.2600556286,0.3285575807,0.2870536022,0.1088068709,0.09012222327
5865,CDS + 3'UTR,2,0.408834815,0.365746947,0.269641459,0.2594979972,0.24952811,0.2852615047,0.07199564576,0.08949354906
5866,CDS + 3'UTR,2,0.3356284499,0.3650628235,0.2608346939,0.2602599438,0.3089851141,0.2852112092,0.09455168247,0.08946602019
5867,CDS + 3'UTR,2,0.2581470311,0.3626865026,0.295745939,0.2606373671,0.3446167111,0.2860999867,0.1014903337,0.09057613988
5868,CDS + 3'UTR,2,0.3862982988,0.3639151752,0.2756459713,0.2606960271,0.2676457763,0.2850185018,0.07041000575,0.09037029226
5869,CDS + 3'UTR,2,0.2810412347,0.3642874207,0.2648931146,0.2606579192,0.3326486945,0.2848119225,0.121416904,0.0902427345
5870,CDS + 3'UTR,2,0.2514880896,0.3602430426,0.2762412429,0.2621932672,0.3409590423,0.2864233689,0.1313116401,0.09114031834
5871,CDS + 3'UTR,2,0.3336347044,0.3621404555,0.2633507252,0.2619068226,0.3007465005,0.2850730544,0.1022680327,0.09087966541
5872,CDS + 3'UTR,2,0.3049868345,0.3615022618,0.2609983385,0.2621557614,0.3086611629,0.2852277866,0.1253536791,0.09111418696
5873,CDS + 3'UTR,2,0.2597095072,0.3597771872,0.2913905978,0.2625054957,0.340401113,0.285860868,0.1084987521,0.09185644598
5874,CDS + 3'UTR,2,0.4378945231,0.3593455575,0.2704681754,0.2631825441,0.2358570099,0.2854873048,0.05578029901,0.09198458944
5875,CDS + 3'UTR,2,0.2798461318,0.3582143161,0.3516000211,0.2633313145,0.2861580253,0.2860027967,0.08239583671,0.09245156846
5876,CDS + 3'UTR,2,0.2910254896,0.3553387407,0.2874502242,0.2639943864,0.2929162085,0.2874546202,0.1286080778,0.09321224857
5877,CDS + 3'UTR,2,0.5047184825,0.3544360623,0.2590994835,0.2645293105,0.1904286295,0.2875989052,0.04575340077,0.09343571821
5878,CDS + 3'UTR,2,0.2685205638,0.3540690891,0.3090508878,0.2648469346,0.3189741969,0.2875157969,0.1034543812,0.09356817557
5879,CDS + 3'UTR,2,0.2952796519,0.3520451009,0.2605071068,0.2656760747,0.3216468394,0.2881884927,0.1225664243,0.09409032785
5880,CDS + 3'UTR,2,0.518887639,0.3520146076,0.2446003556,0.2663228838,0.1901035607,0.287554892,0.04640850797,0.09410761329
5881,CDS + 3'UTR,2,0.2584015727,0.3521025129,0.3028590679,0.2657482969,0.3161492348,0.2873984018,0.122590065,0.09475078504
5882,CDS + 3'UTR,2,0.2421631515,0.3499428008,0.2939658463,0.2661372866,0.3383923173,0.2882960401,0.1254787296,0.09562386987
5883,CDS + 3'UTR,2,0.6073686481,0.3485992648,0.2033587098,0.2661631953,0.1555933952,0.2894199952,0.03367931768,0.09581754147
5884,CDS + 3'UTR,2,0.280520618,0.3493538711,0.3067404926,0.2660441048,0.3253928423,0.2887368347,0.08734602481,0.09586518523
5885,CDS + 3'UTR,2,0.2568825483,0.3491051003,0.3221113086,0.2660470497,0.3131151199,0.2888070978,0.1078909934,0.09604074848
5886,CDS + 3'UTR,2,0.5098651648,0.349093448,0.2293303013,0.2679778695,0.2146275192,0.2876282927,0.04617702961,0.09530038633
5887,CDS + 3'UTR,2,0.3009078205,0.3490316194,0.2809633613,0.2679963604,0.315099597,0.2876604278,0.1030291617,0.0953115894
5888,CDS + 3'UTR,2,0.338937819,0.3471791986,0.218717128,0.2688799614,0.3156911135,0.2883291822,0.126654014,0.09561165529
5889,CDS + 3'UTR,2,0.4532659054,0.3479008492,0.2544881105,0.2688985264,0.2389053106,0.2877218556,0.05334071815,0.0954787673
5890,CDS + 3'UTR,2,0.3027505279,0.3477412514,0.2711443305,0.2690525992,0.3056941926,0.2875287149,0.1204108745,0.09567743358
5891,CDS + 3'UTR,2,0.2824527323,0.345398776,0.2720863521,0.2696461931,0.3402413726,0.2883579198,0.1052195579,0.09659710978
5892,CDS + 3'UTR,2,0.3909694552,0.3437611921,0.3016563058,0.2705050563,0.2512491643,0.2887854666,0.05612504482,0.09694828396
5893,CDS + 3'UTR,2,0.3153651655,0.3425738247,0.2818002999,0.2715313837,0.3052439094,0.2889061,0.09759061784,0.09698869153
5894,CDS + 3'UTR,2,0.3422116637,0.3404852996,0.2114061117,0.2712773515,0.3155621886,0.2900232617,0.1308200806,0.0982140875
5895,CDS + 3'UTR,2,0.3656006157,0.3422527699,0.3005389273,0.2710246533,0.2571347356,0.2890748303,0.07672572136,0.09764774614
5896,CDS + 3'UTR,2,0.3150973916,0.3402881781,0.2864450216,0.2727291835,0.3090839386,0.2894513268,0.08937367052,0.09753131117
5897,CDS + 3'UTR,2,0.2910267115,0.3389509371,0.3189025521,0.2729492698,0.2885445058,0.2898094241,0.1015262753,0.09829036971
5898,CDS + 3'UTR,2,0.5047471523,0.3418564027,0.2299188077,0.2717424866,0.219391644,0.2887232671,0.04594236612,0.09767784388
5899,CDS + 3'UTR,2,0.2801860869,0.3407693015,0.2934134603,0.2720336631,0.3247612715,0.2893549686,0.1016392335,0.09784206669
5900,CDS + 3'UTR,2,0.312356323,0.338541789,0.2776251137,0.2717176136,0.3044764698,0.291189466,0.105542101,0.09855113174
5901,CDS + 3'UTR,2,0.4417434931,0.3408697605,0.2250934094,0.2713243868,0.2657940984,0.2900015714,0.06736898422,0.09780428107
5902,CDS + 3'UTR,2,0.3281042278,0.3395456318,0.2638326883,0.271681577,0.3097866774,0.2905989526,0.09827643633,0.09817383918
5903,CDS + 3'UTR,2,0.309042871,0.3370089635,0.2367825955,0.2717500517,0.337187767,0.2920397289,0.116986759,0.09920125632
5904,CDS + 3'UTR,2,0.5911228657,0.3367352746,0.2003905475,0.2724190205,0.1761852503,0.2916190486,0.03230129182,0.09922665721
5905,CDS + 3'UTR,2,0.2623633742,0.3364875205,0.3194877505,0.2728129344,0.321180582,0.2912271392,0.09696823359,0.09947240781
5906,CDS + 3'UTR,2,0.3359633088,0.3343140164,0.2379524261,0.2728183532,0.2981185913,0.2924234264,0.1279656589,0.1004442057
5907,CDS + 3'UTR,2,0.4235722423,0.3350088092,0.2779862881,0.2736404622,0.2305743396,0.29124898,0.06786712259,0.1001017515
5908,CDS + 3'UTR,2,0.3740484715,0.3349757859,0.241251573,0.273662944,0.290211767,0.2910578033,0.09448821843,0.1003034684
5909,CDS + 3'UTR,2,0.2425308526,0.3333364801,0.3117408752,0.2735716639,0.3366730213,0.2918947933,0.1090551987,0.1011970643
5910,CDS + 3'UTR,2,0.466136992,0.3332235662,0.2618779242,0.2744017268,0.2160329819,0.2916539771,0.05595213547,0.1007207327
5911,CDS + 3'UTR,2,0.321533829,0.3337652979,0.2615261078,0.2744252117,0.3067061901,0.291096467,0.1102338135,0.1007130262
5912,CDS + 3'UTR,2,0.3157738745,0.3328023775,0.251689285,0.2748134615,0.3137539327,0.2915925892,0.1187828779,0.1007915747
5913,CDS + 3'UTR,2,0.270026505,0.3334362378,0.3299846947,0.2750426164,0.2993863225,0.2911447288,0.1006024405,0.1003764198
5914,CDS + 3'UTR,2,0.2961660326,0.3335374786,0.2569066882,0.2751815425,0.3135014474,0.2908519106,0.1334258318,0.1004290717
5915,CDS + 3'UTR,2,0.2694872916,0.3315069707,0.2740457058,0.2755800882,0.348903209,0.2916783797,0.1075637564,0.1012345641
5916,CDS + 3'UTR,2,0.2926532626,0.3326377979,0.3185377121,0.2753133362,0.2997746468,0.2909309121,0.08903439343,0.1011179565
5917,CDS + 3'UTR,2,0.3148806691,0.3319131749,0.2742465734,0.2756111367,0.3003561497,0.2915658517,0.1105166599,0.1009098396
5918,CDS + 3'UTR,2,0.2853573859,0.328632861,0.3108772635,0.2763859605,0.3074436188,0.2929350968,0.09632174671,0.1020460845
5919,CDS + 3'UTR,2,0.3695321381,0.3287565038,0.3186561465,0.2760091921,0.2416315675,0.2930818003,0.07018013299,0.1021525062
5920,CDS + 3'UTR,2,0.3251556754,0.3280589143,0.2228375971,0.2765054053,0.3081486821,0.2932254955,0.1438580453,0.1022101876
5921,CDS + 3'UTR,2,0.3222252727,0.324599964,0.2487373352,0.2770903984,0.2931819558,0.2947996903,0.1358554363,0.1035099491
5922,CDS + 3'UTR,2,0.2127028406,0.325425039,0.2820735276,0.2770651298,0.3892804384,0.2942169923,0.1159431785,0.1032928411
5923,CDS + 3'UTR,2,0.3164027631,0.3253787484,0.2833974957,0.2771164989,0.2813620269,0.29425066,0.1188376769,0.1032540943
5924,CDS + 3'UTR,2,0.3250294626,0.3216851357,0.2809573114,0.2779584078,0.2840275764,0.2958159436,0.1099856421,0.1045405139
5925,CDS + 3'UTR,2,0.2722621262,0.3219312314,0.4222232103,0.2776969453,0.2348695397,0.2956132691,0.07064513862,0.1047585551
5926,CDS + 3'UTR,2,0.3045885861,0.3221561804,0.2539407909,0.2772790408,0.3137386441,0.2956172641,0.1277320236,0.1049475164
5927,CDS + 3'UTR,2,0.2472678125,0.3193808693,0.3057476282,0.278075129,0.328017354,0.2966419475,0.1189672351,0.1059020554
5928,CDS + 3'UTR,2,0.3541425765,0.3190769814,0.2577488124,0.2780949594,0.2860372365,0.2966840034,0.1020714194,0.1061440576
5929,CDS + 3'UTR,2,0.3334867656,0.3187982712,0.2793903649,0.2784815283,0.2726611495,0.2966308227,0.1144617498,0.106089379
5930,CDS + 3'UTR,2,0.2408358306,0.3165737793,0.2622093558,0.278871082,0.3425492942,0.2976536034,0.1544054896,0.1069015361
5931,CDS + 3'UTR,2,0.2755271196,0.3170878232,0.2828279734,0.2785601327,0.3305949569,0.2975556338,0.1110499501,0.1067964122
5932,CDS + 3'UTR,2,0.291713506,0.3171063192,0.2898617983,0.2785122892,0.3088800013,0.2973542148,0.1095447391,0.1070271781
5933,CDS + 3'UTR,2,0.2858735621,0.3157902338,0.2014671266,0.2783230236,0.347968787,0.2981415099,0.1646905243,0.1077452349
5934,CDS + 3'UTR,2,0.5282465816,0.3168489221,0.2408898324,0.2782961803,0.1917047203,0.2975422705,0.03915882856,0.1073126292
5935,CDS + 3'UTR,2,0.2346466184,0.3161822926,0.3598313332,0.2793377941,0.3117789626,0.2974242108,0.09374306351,0.1070557039
5936,CDS + 3'UTR,2,0.3041003644,0.3149131436,0.2653902769,0.279295169,0.285468936,0.2983920613,0.1450404525,0.1073996274
5937,CDS + 3'UTR,2,0.5844116211,0.3160411254,0.1814050078,0.2794722376,0.1936129481,0.2974345693,0.0405703634,0.1070520689
5938,CDS + 3'UTR,2,0.2607870996,0.3159150571,0.27868554,0.279189275,0.3360612988,0.2977605795,0.1244660914,0.1071350897
5939,CDS + 3'UTR,2,0.23633416,0.3128565505,0.2444145083,0.2802879075,0.3710747957,0.2990296146,0.1481765509,0.1078259285
5940,CDS + 3'UTR,2,0.595634222,0.313958903,0.1945832968,0.2803325875,0.1702461392,0.2982255375,0.03953632712,0.1074829728
5941,CDS + 3'UTR,2,0.2649741173,0.3132011391,0.302634269,0.280926674,0.311847806,0.2984181048,0.120543845,0.1074540831
5942,CDS + 3'UTR,2,0.2985420525,0.3105819374,0.232236743,0.2821720853,0.3336877823,0.2990429765,0.1355334371,0.108203002
5943,CDS + 3'UTR,2,0.3296873271,0.3100438546,0.3027244806,0.2824814364,0.2763365805,0.2989515709,0.09125160426,0.1085231389
5944,CDS + 3'UTR,2,0.2973653674,0.3097242687,0.2769629359,0.28277239,0.2972048223,0.298709075,0.1284669191,0.1087942675
5945,CDS + 3'UTR,2,0.2349544913,0.3052655283,0.2700749636,0.2842246367,0.345231086,0.3004971413,0.1497394741,0.1100126956
5946,CDS + 3'UTR,2,0.3912118673,0.3063992955,0.3266034126,0.2833764179,0.2150294036,0.2997908613,0.06715534627,0.1104334275
5947,CDS + 3'UTR,2,0.2555051744,0.3053908907,0.2975444794,0.2836644739,0.3293225765,0.3002050629,0.1176276878,0.1107395752
5948,CDS + 3'UTR,2,0.2551538348,0.3037951682,0.2683435678,0.2836345475,0.3346049786,0.3007106232,0.1418976784,0.1118596632
5949,CDS + 3'UTR,2,0.272008121,0.3034853946,0.3312981427,0.2838971285,0.3133834004,0.3005863694,0.08331037313,0.1120311089
5950,CDS + 3'UTR,2,0.2948266268,0.3041679356,0.2781200409,0.2831271252,0.2963582277,0.3002041755,0.1306951195,0.1125007649
5951,CDS + 3'UTR,2,0.2566010654,0.3012380647,0.2944107056,0.2838241043,0.3404362798,0.3015088806,0.1085519195,0.1134289511
5952,CDS + 3'UTR,2,0.3556956649,0.3039790748,0.2793307304,0.2832042703,0.272832334,0.3001787076,0.09214128554,0.1126379488
5953,CDS + 3'UTR,2,0.2678087652,0.303395219,0.3025046885,0.2838680198,0.3169756532,0.3002883723,0.1127109006,0.1124483905
5954,CDS + 3'UTR,2,0.2754538953,0.3029257501,0.3023518324,0.2839331524,0.301974535,0.3002485959,0.1202196926,0.1128925041
5955,CDS + 3'UTR,2,0.3703123033,0.3035267519,0.3302598596,0.2841245687,0.2263606191,0.2998051262,0.07306722552,0.1125435565
5956,CDS + 3'UTR,2,0.2330556512,0.3034342332,0.3112742603,0.2843635971,0.3437113762,0.2994032832,0.1119587272,0.1127988902
5957,CDS + 3'UTR,2,0.2422933728,0.302574813,0.3210853934,0.2843681259,0.2999682426,0.2999020064,0.1366529912,0.1131550585
5958,CDS + 3'UTR,2,0.2784119844,0.3049632411,0.278909415,0.2841198606,0.3307104707,0.2985772477,0.1119681224,0.1123396537
5959,CDS + 3'UTR,2,0.2394724935,0.304968942,0.3002041578,0.2840996353,0.3331424594,0.2985204661,0.127180934,0.1124109595
5960,CDS + 3'UTR,2,0.2421716154,0.3032677038,0.2913998067,0.2842831211,0.316039145,0.2995835247,0.1503894329,0.1128656534
5961,CDS + 3'UTR,2,0.3244075775,0.305756194,0.3008375764,0.2844678663,0.2695333958,0.2980931783,0.1052214205,0.1116827649
5962,CDS + 3'UTR,2,0.2384599,0.304356367,0.2980753779,0.285035849,0.341085732,0.2988335552,0.1223789901,0.111774232
5963,CDS + 3'UTR,2,0.3118796349,0.3051019823,0.270711422,0.2851874102,0.2808160782,0.2976259952,0.1365928799,0.1120846151
5964,CDS + 3'UTR,2,0.3002082705,0.3041093322,0.2858234942,0.2852314617,0.3091788888,0.2984736832,0.1047893241,0.1121855263
5965,CDS + 3'UTR,2,0.2748784721,0.3034089329,0.2886789441,0.2855097391,0.31343472,0.2988168491,0.1230078936,0.1122644824
5966,CDS + 3'UTR,2,0.287840277,0.3034382975,0.2930173576,0.2834901035,0.2966021895,0.2997226251,0.1225401536,0.1133489774
5967,CDS + 3'UTR,2,0.2765967846,0.305144435,0.2825497985,0.2840054691,0.3184640706,0.2984041596,0.1223893389,0.1124459393
5968,CDS + 3'UTR,2,0.3166410029,0.3046375034,0.2496426404,0.2837425269,0.3114366531,0.2989109667,0.122279726,0.1127090055
5969,CDS + 3'UTR,2,0.2753065526,0.3031812796,0.2856523991,0.2840505283,0.3207277656,0.2996237932,0.1183132827,0.1131444009
5970,CDS + 3'UTR,2,0.3438740373,0.3026130544,0.2462683916,0.2838780224,0.2978566289,0.3000689393,0.1120009646,0.1134399853
5971,CDS + 3'UTR,2,0.2839324176,0.303050648,0.2682588696,0.2842313286,0.3241278529,0.2996336693,0.12368083,0.1130843561
5972,CDS + 3'UTR,2,0.2856826186,0.3028661054,0.2865150571,0.2837456074,0.3142327666,0.2998145116,0.1135695875,0.1135737778
5973,CDS + 3'UTR,2,0.4000602365,0.3030596521,0.2796528339,0.2837005492,0.2573047578,0.2997327732,0.06298216432,0.1135070271
5974,CDS + 3'UTR,2,0.2888813019,0.3022580795,0.2947352231,0.2849510789,0.3061174154,0.2995049736,0.1102660522,0.1132858699
5975,CDS + 3'UTR,2,0.2640686929,0.2983792856,0.2971289158,0.286316693,0.3345627785,0.3009064453,0.1042396054,0.1143975782
5976,CDS + 3'UTR,2,0.405335933,0.2989636466,0.3006105125,0.2858403156,0.2324845791,0.3006483639,0.06156899035,0.1145476764
5977,CDS + 3'UTR,2,0.2809412479,0.2977540473,0.2962655425,0.2871858994,0.3146253228,0.300757117,0.1081679389,0.114302938
5978,CDS + 3'UTR,2,0.2600666285,0.292301832,0.3178094029,0.2900918188,0.3209144473,0.3021177329,0.1012094691,0.1154886188
5979,CDS + 3'UTR,2,0.3683742881,0.293081077,0.2969878614,0.2910053587,0.2604351044,0.3008651569,0.07420277596,0.1150484095
5980,CDS + 3'UTR,2,0.2517352104,0.2919599228,0.3251520395,0.2921250304,0.3198818564,0.3005975239,0.1032309234,0.1153175248
5981,CDS + 3'UTR,2,0.2322073579,0.2866304744,0.3247263134,0.2939342169,0.3157838285,0.3024227666,0.1272825003,0.1170125442
5982,CDS + 3'UTR,2,0.2850576043,0.2856978744,0.2885807753,0.2942797268,0.3024742305,0.3025182301,0.1238873899,0.1175041699
5983,CDS + 3'UTR,2,0.2834759951,0.2844607633,0.2600588799,0.2951657785,0.3177880943,0.3026021855,0.1386770457,0.1177712738
5984,CDS + 3'UTR,2,0.2344236374,0.2825697299,0.316570282,0.2954017928,0.3192305565,0.3033995895,0.129775539,0.1186288886
5985,CDS + 3'UTR,2,0.3530647457,0.2846763901,0.2516302466,0.2954557115,0.2646781802,0.3020505609,0.1306267828,0.1178173374
5986,CDS + 3'UTR,2,0.2552909255,0.2840672337,0.2609969079,0.2966719059,0.3312547207,0.3016543696,0.1524574757,0.1176064904
5987,CDS + 3'UTR,2,0.2959144413,0.2816921612,0.2755921781,0.2966350833,0.2710191607,0.3028793298,0.1574741602,0.1187934255
5988,CDS + 3'UTR,2,0.3492665887,0.2815226579,0.2622580528,0.2968480771,0.2802714705,0.3025849253,0.1082038805,0.1190443401
5989,CDS + 3'UTR,2,0.2971341312,0.2813100567,0.2501406074,0.297490255,0.3060975075,0.302262339,0.1466276795,0.118937349
5990,CDS + 3'UTR,2,0.2317473143,0.2805271724,0.3176362514,0.2968201594,0.3204093874,0.3023505852,0.130207032,0.1203020829
5991,CDS + 3'UTR,2,0.5408146381,0.2823732881,0.2119393945,0.2968633847,0.2002923489,0.3011441696,0.04695362225,0.1196191573
5992,CDS + 3'UTR,2,0.2690654099,0.2820500253,0.3047892451,0.2973425237,0.3225271106,0.300493253,0.1036182195,0.1201141977
5993,CDS + 3'UTR,2,0.2324689925,0.2801239226,0.335195303,0.2981321184,0.2962042093,0.3010206938,0.136131525,0.1207232648
5994,CDS + 3'UTR,2,0.3442461789,0.2799473681,0.2722199857,0.2988929914,0.2780238688,0.3006733492,0.1055100262,0.1204862912
5995,CDS + 3'UTR,2,0.2620857954,0.2794664215,0.2931679785,0.2989410074,0.3167557716,0.3009268768,0.1279904544,0.1206656944
5996,CDS + 3'UTR,2,0.2238996476,0.2775017846,0.3189000189,0.2983887101,0.3396725059,0.3024548493,0.1175278574,0.1216546567
5997,CDS + 3'UTR,2,0.5059549212,0.2778876856,0.2543853521,0.2980282007,0.1943754554,0.3023023445,0.04528427497,0.1217817701
5998,CDS + 3'UTR,2,0.2858134508,0.2776626354,0.3092592359,0.2976597967,0.3029010892,0.3030288197,0.1020262092,0.1216487495
5999,CDS + 3'UTR,2,0.2334330827,0.2768763214,0.3333350122,0.2979169207,0.3266762495,0.3033683307,0.1065556407,0.1218384292
6000,CDS + 3'UTR,2,0.5242348909,0.2802407371,0.2376172096,0.2969405858,0.1889209747,0.3019893121,0.04922696948,0.1208293661
6001,CDS + 3'UTR,2,0.2102391124,0.2805255117,0.2941759527,0.296656953,0.3524121046,0.3021685977,0.1431728005,0.1206489386
6002,CDS + 3'UTR,2,0.2723520696,0.279321572,0.2941984236,0.2968366249,0.2926756442,0.3030153681,0.1407738328,0.1208264362
6003,CDS + 3'UTR,2,0.2369907498,0.2814559162,0.2869216204,0.296565838,0.3491770625,0.3019737948,0.1269105673,0.1200044515
6004,CDS + 3'UTR,2,0.2689975202,0.2814248219,0.3032194972,0.2961585751,0.31148085,0.3026366007,0.1163021326,0.1197800024
6005,CDS + 3'UTR,2,0.2746112943,0.2811520144,0.2606523633,0.2957736095,0.3073316216,0.3025249787,0.1574047357,0.1205493971
6006,CDS + 3'UTR,2,0.4410795867,0.2846174572,0.2951700389,0.2946649803,0.2082614005,0.3010635002,0.05548897758,0.1196540623
6007,CDS + 3'UTR,2,0.206713289,0.2844110798,0.284712255,0.2947316421,0.3685619235,0.3014319481,0.1400125325,0.1194253302
6008,CDS + 3'UTR,2,0.2376446724,0.2843536492,0.2823889256,0.2942592898,0.3430633545,0.3012651568,0.1369030476,0.1201219044
6009,CDS + 3'UTR,2,0.2880287468,0.2862173311,0.2655898929,0.2939605312,0.3082728386,0.3005007802,0.1381085068,0.1193213583
6010,CDS + 3'UTR,2,0.2758433223,0.2864910658,0.2904738486,0.2935077315,0.3077276945,0.3000992829,0.1259551495,0.1199019204
6011,CDS + 3'UTR,2,0.2607637048,0.2853853308,0.2439702749,0.2939931018,0.3450623453,0.3006958587,0.1502036899,0.1199257087
6012,CDS + 3'UTR,2,0.307197243,0.285888977,0.2862571478,0.2940683266,0.3023409247,0.3002899302,0.1042046845,0.1197527658
6013,CDS + 3'UTR,2,0.221747756,0.2855691578,0.3015094995,0.2942692945,0.3297448158,0.3003524279,0.1469979435,0.1198091195
6014,CDS + 3'UTR,2,0.2179430723,0.283536898,0.3501389623,0.2942465426,0.3038224578,0.3012079427,0.1280954927,0.1210086159
6015,CDS + 3'UTR,2,0.2813954949,0.2855409909,0.3217211366,0.2936709477,0.2911324501,0.3002744513,0.1057509184,0.1205136095
6016,CDS + 3'UTR,2,0.2073324174,0.2855363227,0.3730369806,0.2936107712,0.2941691875,0.3001668567,0.1254613847,0.1206860483
6017,CDS + 3'UTR,2,0.1482343972,0.2838479504,0.4138785601,0.2936299833,0.3024622202,0.3010617333,0.1354248226,0.1214603314
6018,CDS + 3'UTR,2,0.3231267035,0.2849116132,0.3517687321,0.2933904471,0.2358552217,0.3006286608,0.08924935013,0.1210692762
6019,CDS + 3'UTR,2,0.1466418207,0.284710471,0.3339882493,0.2932113407,0.3496641517,0.3005557055,0.1697057784,0.1215224806
6020,CDS + 3'UTR,2,0.1692783535,0.2839846957,0.3393182158,0.2925407857,0.3162655532,0.3009266855,0.1751378775,0.1225478308
6021,CDS + 3'UTR,2,0.1903661191,0.2848112117,0.3302750587,0.2917134143,0.3194848895,0.3006910695,0.1598739028,0.122784302
6022,CDS + 3'UTR,2,0.1995731592,0.284912223,0.3031208813,0.2916078798,0.3404042125,0.3008186365,0.156901747,0.1226612587
6023,CDS + 3'UTR,2,0.178404659,0.2842558758,0.3216056228,0.291768362,0.3401288986,0.3012604581,0.1598607898,0.1227153023
6024,CDS + 3'UTR,2,0.465898186,0.2846324267,0.2812764347,0.2922107466,0.1892825365,0.3011568988,0.06354282051,0.1219999262
6025,CDS + 3'UTR,2,0.1862219721,0.2850376012,0.3673705161,0.291595443,0.3135357797,0.3012744876,0.1328717172,0.1220924663
6026,CDS + 3'UTR,2,0.2012060732,0.2840056444,0.3236576021,0.2915956158,0.3130262196,0.302099053,0.1621101499,0.1222996852
6027,CDS + 3'UTR,2,0.2419449091,0.2848443748,0.314583987,0.292014645,0.3057702184,0.3013984667,0.1377008557,0.1217425114
6028,CDS + 3'UTR,2,0.2381457388,0.2839726595,0.3197177947,0.2925829407,0.3087980747,0.3022346145,0.1333383918,0.1212097839
6029,CDS + 3'UTR,2,0.2093773782,0.2824063268,0.2776905,0.2925831929,0.3204430938,0.3029668523,0.1924890876,0.1220436269
6030,CDS + 3'UTR,2,0.4425158799,0.2851667754,0.281578064,0.2924343711,0.1998449862,0.301562921,0.07606106997,0.1208359319
6031,CDS + 3'UTR,2,0.2307400405,0.2864003984,0.3327418268,0.2915848972,0.2883629501,0.301177809,0.1481551528,0.1208368954
6032,CDS + 3'UTR,2,0.2016074508,0.2831758482,0.3424983025,0.292813356,0.3150275946,0.3024255205,0.1408666521,0.1215852756
6033,CDS + 3'UTR,2,0.2536844015,0.2830845131,0.3633745313,0.2928987438,0.289188087,0.3023764964,0.09375301003,0.1216402471
6034,CDS + 3'UTR,2,0.2369781733,0.2836485187,0.3061931133,0.2917832779,0.3222567439,0.3028240725,0.1345719546,0.1217441305
6035,CDS + 3'UTR,2,0.2131413519,0.2827235969,0.2860760689,0.291471413,0.3485984206,0.3035336044,0.1521842033,0.1222713841
6036,CDS + 3'UTR,2,0.2639277279,0.2826618047,0.2824335098,0.2910176078,0.3315109909,0.303851765,0.1221278012,0.1224688215
6037,CDS + 3'UTR,2,0.2242893577,0.2834385633,0.2916130722,0.2907285044,0.3580862582,0.3035087775,0.1260113418,0.1223241536
6038,CDS + 3'UTR,2,0.2155068666,0.2803868812,0.2994793355,0.2913669089,0.3578713536,0.3051644806,0.1271425039,0.1230817284
6039,CDS + 3'UTR,2,0.5086257458,0.2813740473,0.222097367,0.2909543512,0.2228209674,0.3048577234,0.04645588249,0.1228138771
6040,CDS + 3'UTR,2,0.2649535835,0.2822232148,0.2687091827,0.289861281,0.3303819895,0.3047109038,0.1359552294,0.1232045993
6041,CDS + 3'UTR,2,0.2280924022,0.2787594844,0.3152113259,0.2900395889,0.3372750282,0.3068180338,0.1194212288,0.1243828911
6042,CDS + 3'UTR,2,0.4092074335,0.2799967822,0.2764124274,0.289915188,0.2577598691,0.3060974494,0.05662021786,0.1239905788
6043,CDS + 3'UTR,2,0.3093920946,0.2801691223,0.2381303906,0.2900417991,0.333840549,0.3063556898,0.1186369509,0.123433388
6044,CDS + 3'UTR,2,0.2783836722,0.2810047824,0.2550262511,0.2897406247,0.3002491295,0.30566415,0.1663409024,0.1235904425
6045,CDS + 3'UTR,2,0.5521138906,0.283351358,0.1999886036,0.2887949232,0.1965164393,0.3049610469,0.05138110369,0.1228926716
6046,CDS + 3'UTR,2,0.2713300884,0.2831326388,0.2983503044,0.2886450037,0.3260780275,0.3056433879,0.1042415872,0.1225789698
6047,CDS + 3'UTR,2,0.2720023394,0.280804735,0.244761616,0.2877640352,0.3051207662,0.3078050021,0.1781152785,0.1236262278
6048,CDS + 3'UTR,2,0.4657355547,0.2819570158,0.2257419527,0.2878561627,0.2502865195,0.3067936059,0.05823603645,0.1233932159
6049,CDS + 3'UTR,2,0.2972053289,0.2820369523,0.2494284213,0.2882934548,0.2886079848,0.306494949,0.1647582501,0.1231746444
6050,CDS + 3'UTR,2,0.255415231,0.2818530831,0.2850980163,0.2887291975,0.3455826938,0.3066084884,0.1139040291,0.1228092319
6051,CDS + 3'UTR,2,0.3242241144,0.2824997772,0.2742768526,0.2893374506,0.2916535735,0.3059925362,0.1098453999,0.1221702367
6052,CDS + 3'UTR,2,0.2600970864,0.2827795863,0.3025924861,0.2902329791,0.319232583,0.3053734757,0.1180778816,0.1216139587
6053,CDS + 3'UTR,2,0.2374794483,0.2822913025,0.2778326869,0.2904941503,0.3257459402,0.3054483317,0.1589418799,0.1217662162
6054,CDS + 3'UTR,2,0.4492087364,0.2845272835,0.2486876249,0.289927379,0.2314381003,0.3046967838,0.07066553831,0.1208485546
6055,CDS + 3'UTR,2,0.26369524,0.284808029,0.2923147976,0.2890883572,0.3259552121,0.3052487232,0.1180347055,0.1208548917
6056,CDS + 3'UTR,2,0.2702661455,0.2846719963,0.3021474779,0.2887835812,0.3040747046,0.3054761656,0.1235116422,0.1210682583
6057,CDS + 3'UTR,2,0.3660342693,0.2892295614,0.2771026492,0.286495382,0.279979527,0.3042554686,0.07688352466,0.1200195897
6058,CDS + 3'UTR,2,0.2439752519,0.2908439904,0.3034808934,0.2856481861,0.3150780201,0.3040756965,0.1374658197,0.1194321281
6059,CDS + 3'UTR,2,0.3103122711,0.2897756595,0.2433434576,0.2847744357,0.2901135087,0.3051511014,0.1562307924,0.1202988038
6060,CDS + 3'UTR,2,0.3178564906,0.2944610953,0.2589623332,0.2836910289,0.301032573,0.3030539904,0.1221486181,0.1187938862
6061,CDS + 3'UTR,2,0.2402882576,0.2955981974,0.3162835538,0.282704151,0.3259891868,0.3035204001,0.1174390391,0.1181772521
6062,CDS + 3'UTR,2,0.2325498313,0.2961904936,0.3014193475,0.282492245,0.3378199637,0.3037161857,0.1282108724,0.1176010771
6063,CDS + 3'UTR,2,0.3136000633,0.2998483337,0.2954496443,0.2820581652,0.3095033467,0.3019682517,0.08144696057,0.1161252505
6064,CDS + 3'UTR,2,0.2668375969,0.3010884069,0.2673459947,0.2815174639,0.3286376595,0.3015940869,0.1371787488,0.1158000438
6065,CDS + 3'UTR,2,0.2705081999,0.2987376623,0.2516440749,0.2814196441,0.3306434155,0.3030921934,0.1472042948,0.1167505018
6066,CDS + 3'UTR,2,0.3223893642,0.3007699711,0.2945192456,0.2803380225,0.2752078176,0.3026334064,0.1078835726,0.1162586016
6067,CDS + 3'UTR,2,0.2261772156,0.3020204283,0.3210558295,0.2790282711,0.33791098,0.3030925473,0.11485596,0.1158587539
6068,CDS + 3'UTR,2,0.2239599675,0.3021695916,0.262278229,0.2787403692,0.3388504982,0.3035924023,0.1749113202,0.1154976382
6069,CDS + 3'UTR,2,0.5179700255,0.305151394,0.2382348627,0.2777621437,0.1937830001,0.3025127208,0.05001207441,0.1145737425
6070,CDS + 3'UTR,2,0.3304371536,0.306256412,0.2496783435,0.2777999599,0.2896004319,0.3023131834,0.1302841157,0.1136304448
6071,CDS + 3'UTR,2,0.2828506231,0.304074182,0.310216099,0.2776798327,0.3001092672,0.3040092295,0.106824033,0.1142367563
6072,CDS + 3'UTR,2,0.2617585957,0.3060691349,0.3116202652,0.2770453088,0.3186051846,0.3036670411,0.1080159396,0.1132185164
6073,CDS + 3'UTR,2,0.2775894403,0.3067338368,0.2459580302,0.2769886885,0.332010299,0.3034140034,0.1444422007,0.112863473
6074,CDS + 3'UTR,2,0.2702524364,0.3071204575,0.2472707927,0.2755721815,0.3347864151,0.3037695138,0.1476903111,0.1135378489
6075,CDS + 3'UTR,2,0.2571424246,0.3107954653,0.2568635643,0.2746089533,0.3422086239,0.3021949625,0.1437854469,0.1124006202
6076,CDS + 3'UTR,2,0.2860403359,0.3117854537,0.2957717478,0.2747764155,0.3122335076,0.30147938,0.105954431,0.1119587514
6077,CDS + 3'UTR,2,0.2618203461,0.3121028526,0.3054577112,0.274985854,0.3268316984,0.3011370378,0.1058902591,0.1117742557
6078,CDS + 3'UTR,2,0.3647867441,0.3129052727,0.2762546241,0.2750910193,0.2783605158,0.3006419873,0.08059810102,0.1113617195
6079,CDS + 3'UTR,2,0.3013664782,0.3139147356,0.2458893955,0.2745549377,0.3149306774,0.3001632618,0.1378134191,0.111367062
6080,CDS + 3'UTR,2,0.2471364588,0.3109078754,0.2518818378,0.2753108691,0.357491374,0.3014933055,0.1434903145,0.1122879472
6081,CDS + 3'UTR,2,0.3092229366,0.312245224,0.2842238843,0.2748613048,0.2947653532,0.3010306859,0.1117878109,0.1118627822
6082,CDS + 3'UTR,2,0.2861392796,0.3127460632,0.3043273091,0.2744666584,0.3133348823,0.30101815,0.09619857371,0.1117691252
6083,CDS + 3'UTR,2,0.3038435578,0.3105646016,0.2628276646,0.2750560459,0.293853879,0.3018663405,0.1394749284,0.1125130098
6084,CDS + 3'UTR,2,0.4567235708,0.313178386,0.2275633812,0.274808602,0.2552326024,0.3003891608,0.06048046052,0.1116238486
6085,CDS + 3'UTR,2,0.2571137547,0.3135535816,0.2486588061,0.2746976126,0.3619188964,0.3006929779,0.1323085874,0.111055826
6086,CDS + 3'UTR,2,0.2548472881,0.3099757688,0.2246925533,0.2759026509,0.3811905384,0.3022424858,0.1392696202,0.1118790918
6087,CDS + 3'UTR,2,0.2988957465,0.3127145289,0.2920824587,0.2753470406,0.2876502275,0.3007792547,0.1213715822,0.1111591732
6088,CDS + 3'UTR,2,0.2440395951,0.3129688079,0.3173722923,0.2755088657,0.3191708028,0.301180017,0.1194173247,0.1103423061
6089,CDS + 3'UTR,2,0.2733192146,0.3101221623,0.3004493117,0.2766204685,0.3173559904,0.3022872221,0.1088755056,0.110970143
6090,CDS + 3'UTR,2,0.3275788426,0.3135798724,0.3391340971,0.275585798,0.2584515214,0.3013702091,0.07483553141,0.1094641177
6091,CDS + 3'UTR,2,0.2831484377,0.3134280337,0.3156125546,0.2762034202,0.2955375016,0.3010496698,0.105701454,0.1093188735
6092,CDS + 3'UTR,2,0.2681345344,0.312833027,0.3071508408,0.2759399461,0.3083294034,0.301517731,0.1163852811,0.1097092938
6093,CDS + 3'UTR,2,0.4006262422,0.3158807242,0.2561677992,0.2753726048,0.2696209848,0.2999803297,0.07358501852,0.1087663381
6094,CDS + 3'UTR,2,0.2404027134,0.3171242869,0.2830172181,0.2753676964,0.3479776084,0.2993480355,0.12860246,0.1081599793
6095,CDS + 3'UTR,2,0.2705128789,0.3149806051,0.297339052,0.2757965649,0.3093278408,0.3004821725,0.1228202432,0.1087406552
6096,CDS + 3'UTR,2,0.5719376206,0.3170444293,0.1899810433,0.2753590858,0.1965134293,0.2994599532,0.04156790301,0.1081365303
6097,CDS + 3'UTR,2,0.2773887217,0.3174186518,0.3461028934,0.27481096,0.2880804539,0.2996125307,0.08842789382,0.1081578564
6098,CDS + 3'UTR,2,0.2376602292,0.3164098086,0.2818686962,0.2749782221,0.3218876123,0.3000320259,0.1585834026,0.1085799424
6099,CDS + 3'UTR,2,0.521476686,0.3178020572,0.2473157048,0.2743497459,0.1818952709,0.2999296401,0.04931237176,0.1079185565
6100,CDS + 3'UTR,2,0.2602465153,0.3182982659,0.2603679895,0.2746546991,0.3535783291,0.2999933057,0.1258071512,0.1070537293
6101,CDS + 3'UTR,2,0.237749815,0.3173005002,0.3133225739,0.2749877542,0.3351477385,0.3004748005,0.1137799025,0.1072369447
6102,CDS + 3'UTR,2,0.4922003746,0.3205803843,0.2683945,0.2742289539,0.2005694956,0.298859074,0.03883561492,0.1063315864
6103,CDS + 3'UTR,2,0.2776105106,0.3213336054,0.2783495188,0.2741583027,0.3101957142,0.2984560642,0.1338442564,0.1060520255
6104,CDS + 3'UTR,2,0.2778386176,0.3208162811,0.2734508514,0.2742292289,0.3091310561,0.2986583583,0.13957946,0.1062961295
6105,CDS + 3'UTR,2,0.3488066792,0.32252771,0.2808407843,0.2742139481,0.276832819,0.2978044525,0.09351970255,0.1054538873
6106,CDS + 3'UTR,2,0.3012426496,0.3226092402,0.2188774943,0.2748182341,0.3497574925,0.2976869542,0.1301223338,0.1048855703
6107,CDS + 3'UTR,2,0.2538779676,0.3219690569,0.2915518284,0.2741046559,0.3457586169,0.2985915255,0.108811602,0.1053347608
6108,CDS + 3'UTR,2,0.4766899347,0.323664901,0.2414597571,0.2735379945,0.2224235535,0.2977965515,0.05942673236,0.1050005522
6109,CDS + 3'UTR,2,0.297778815,0.3241698543,0.2807157934,0.2738715522,0.3044801056,0.2976950932,0.1170252711,0.104263499
6110,CDS + 3'UTR,2,0.2679374814,0.3211592237,0.2719678879,0.2738350028,0.3355286717,0.2996235909,0.1245659888,0.1053821819
6111,CDS + 3'UTR,2,0.3903362751,0.3237139491,0.2819799185,0.2734070996,0.2609878778,0.2986745151,0.06669596583,0.1042044347
6112,CDS + 3'UTR,2,0.2547836006,0.3240046972,0.3379686773,0.2730212314,0.2947845757,0.2989919068,0.1124631763,0.1039821624
6113,CDS + 3'UTR,2,0.2846140563,0.3241582757,0.250053972,0.2727604883,0.3176289201,0.2991051638,0.1477030814,0.1039760703
6114,CDS + 3'UTR,2,0.5309787989,0.3258061586,0.2291348577,0.2729690554,0.1962926388,0.2981918832,0.04359366,0.1030329016
6115,CDS + 3'UTR,2,0.2923404276,0.3259797631,0.2994730473,0.2736227604,0.291351825,0.2979963256,0.1168347001,0.1024011507
6116,CDS + 3'UTR,2,0.2893196344,0.3262061534,0.2991885841,0.2736693276,0.3041236103,0.2978369916,0.1073681414,0.102287526
6117,CDS + 3'UTR,2,0.288482964,0.328312994,0.3000262976,0.2732955774,0.3184822202,0.2967230605,0.09300845116,0.1016683663
6118,CDS + 3'UTR,2,0.2962639034,0.3282640988,0.2565928102,0.2732055614,0.319573313,0.2966994422,0.127569899,0.101830896
6119,CDS + 3'UTR,2,0.2680769265,0.3269838972,0.282571882,0.2732146619,0.3292244673,0.2973827483,0.1201267019,0.1024186904
6120,CDS + 3'UTR,2,0.3719414771,0.3305712702,0.2327440381,0.2727817664,0.2933724225,0.295449453,0.1019420326,0.1011975086
6121,CDS + 3'UTR,2,0.2681595385,0.3312554281,0.2836396098,0.2728210816,0.3362721503,0.2952087807,0.1119286641,0.1007147083
6122,CDS + 3'UTR,2,0.2346905023,0.3306146074,0.3235634267,0.273153848,0.325615108,0.2955752542,0.1161309853,0.1006562898
6123,CDS + 3'UTR,2,0.5184948444,0.3327414349,0.2183348835,0.2725408571,0.2156661749,0.2945889795,0.04750405252,0.1001287271
6124,CDS + 3'UTR,2,0.3083993196,0.3329532571,0.2461470962,0.2728198992,0.324554503,0.2944948612,0.1208990961,0.09973198082
6125,CDS + 3'UTR,2,0.2658888698,0.3306230083,0.2963916659,0.2735677505,0.3204770684,0.295384624,0.1172423735,0.1004246153
6126,CDS + 3'UTR,2,0.4904308915,0.3347892039,0.2539014816,0.2730509138,0.2090195417,0.2929738009,0.04664809257,0.09918607939
6127,CDS + 3'UTR,2,0.2923446596,0.3349483151,0.2577076256,0.2742074439,0.337181747,0.292045025,0.1127659157,0.09879921377
6128,CDS + 3'UTR,2,0.2380039096,0.3342192572,0.3146701753,0.2740954949,0.3388629258,0.2928302204,0.1084629893,0.09885502532
6129,CDS + 3'UTR,1,0.5738221407,0.3367872287,0.1666547805,0.2736098027,0.2152469456,0.2915675031,0.04427622631,0.09803546253
6130,CDS + 3'UTR,2,0.2432681322,0.3373636592,0.3345077932,0.2730814213,0.3199395537,0.2915658781,0.1022844911,0.09798903712
6131,CDS + 3'UTR,2,0.2766235769,0.3367495313,0.2531989217,0.2726543369,0.3290984631,0.292211931,0.1410790235,0.09838419738
6132,CDS + 3'UTR,2,0.5039128661,0.3395940255,0.2572051883,0.2717395945,0.1962404847,0.2909963867,0.04264142364,0.09766999059
6133,CDS + 3'UTR,2,0.3369644582,0.339719427,0.2774400115,0.271498845,0.2751623988,0.2913001535,0.1104331762,0.09748157081
6134,CDS + 3'UTR,2,0.2777141929,0.3377760058,0.2829971015,0.272339735,0.3221690655,0.2920107486,0.1171196103,0.09787350609
6135,CDS + 3'UTR,2,0.4288011789,0.3419622246,0.2573164701,0.2712113019,0.2441776693,0.2900310112,0.06970471144,0.09679545793
6136,CDS + 3'UTR,2,0.3002039492,0.3419533577,0.2582974136,0.2715734635,0.3162809014,0.289926937,0.1252177358,0.0965462374
6137,CDS + 3'UTR,2,0.2853268087,0.3383564007,0.2904836237,0.2723090746,0.3135391474,0.2915190469,0.1106503978,0.09781547366
6138,CDS + 3'UTR,2,0.3553551435,0.3393832922,0.253202796,0.2711660415,0.3068871498,0.291397858,0.08455495536,0.09805280454
6139,CDS + 3'UTR,2,0.3500089645,0.3404829308,0.2677397132,0.2713961266,0.2952067554,0.2909193937,0.08704461157,0.09720154572
6140,CDS + 3'UTR,2,0.2380352318,0.3370006131,0.2856067419,0.27233955,0.3395521641,0.292618257,0.1368058473,0.09804157536
6141,CDS + 3'UTR,2,0.5026789904,0.3376204101,0.2555795312,0.2733531967,0.1967310607,0.2915149892,0.04501038045,0.09751139949
6142,CDS + 3'UTR,2,0.2928075194,0.3378079103,0.2957672477,0.2738448296,0.3055791855,0.2910160867,0.1058460027,0.0973311692
6143,CDS + 3'UTR,2,0.2722141147,0.3352681743,0.3011237383,0.2735818066,0.325686872,0.2925145909,0.100975275,0.098635425
6144,CDS + 3'UTR,2,0.4037519097,0.3359258858,0.2661235332,0.2737896301,0.2603251934,0.291975107,0.06979937851,0.09830937437
6145,CDS + 3'UTR,2,0.277030617,0.3354816223,0.2999869585,0.2744374175,0.3212435544,0.2921863224,0.1017389297,0.09789463556
6146,CDS + 3'UTR,2,0.2711746991,0.3345389994,0.2374329865,0.2744880039,0.3475735188,0.2927476455,0.1438188106,0.09822534923
6147,CDS + 3'UTR,2,0.3618447483,0.3360482054,0.2757229209,0.2750030044,0.2743130624,0.2914857309,0.08811927587,0.09746305761
6148,CDS + 3'UTR,2,0.2643562257,0.3359572759,0.288962841,0.2750714991,0.3307338357,0.2916350558,0.1159470603,0.09733616714
6149,CDS + 3'UTR,2,0.2771195769,0.3335866319,0.2353109121,0.2754261799,0.3480628133,0.292736166,0.1395067126,0.09825101956
6150,CDS + 3'UTR,2,0.5348151922,0.3361238239,0.2154460847,0.2748138778,0.2136743665,0.2916973047,0.03606433421,0.09736499125
6151,CDS + 3'UTR,2,0.3061104715,0.3366296077,0.2793466449,0.2748007696,0.3255006075,0.2913164839,0.08904225379,0.09725313671
6152,CDS + 3'UTR,2,0.2740448713,0.3349352917,0.2907608151,0.2747763552,0.3276657462,0.2923602983,0.1075285673,0.0979280524
6153,CDS + 3'UTR,2,0.409420073,0.3374966456,0.2626433969,0.2735470442,0.2589478493,0.2916820668,0.06898870319,0.09727424025
6154,CDS + 3'UTR,2,0.2841407955,0.3369518731,0.2995671928,0.2744049834,0.3191418052,0.2917822704,0.09715024382,0.09686086909
6155,CDS + 3'UTR,2,0.2752536535,0.3337755188,0.260588944,0.275413814,0.3294619024,0.2931949504,0.1346954703,0.09761571349
6156,CDS + 3'UTR,2,0.4545875788,0.3345662177,0.2658717334,0.2761047451,0.2231190205,0.2923393641,0.05642165244,0.09698966932
6157,CDS + 3'UTR,2,0.2579087317,0.3344027705,0.298256427,0.2758517982,0.3249422312,0.2924888015,0.1188926399,0.09725662642
6158,CDS + 3'UTR,2,0.2623706162,0.3341483567,0.2769826651,0.2750369573,0.3330250084,0.2929024853,0.1276216507,0.09791219844
6159,CDS + 3'UTR,2,0.5883563161,0.3373129018,0.2112577558,0.2745843604,0.160267055,0.2912198562,0.04011887312,0.09688288015
6160,CDS + 3'UTR,2,0.3018690944,0.3372409299,0.2550270557,0.2748837937,0.3382375836,0.2911066968,0.1048662886,0.09676857791
6161,CDS + 3'UTR,2,0.2579572797,0.3362726878,0.3108451962,0.2755161412,0.3240832388,0.2913117405,0.1071143374,0.09689942892
6162,CDS + 3'UTR,2,0.4562854767,0.3377256799,0.2552880347,0.2753955714,0.2344329059,0.2904144906,0.05399355665,0.09646425699
6163,CDS + 3'UTR,2,0.3207893372,0.3378892349,0.2851510346,0.2752362709,0.2863244116,0.2904445536,0.1077352241,0.09642993896
6164,CDS + 3'UTR,2,0.2703036666,0.3348238705,0.2873914838,0.2755403019,0.3264136314,0.2920653176,0.1158912182,0.09757050849
6165,CDS + 3'UTR,2,0.5904093981,0.33712114,0.2073118687,0.2759427097,0.1690530479,0.2902958157,0.03322571516,0.09664033311
6166,CDS + 3'UTR,2,0.2675761878,0.3377961615,0.3172149658,0.2753595039,0.3068884611,0.2898249352,0.1083203703,0.09701939863
6167,CDS + 3'UTR,2,0.2405711114,0.3351223694,0.283126533,0.2754332721,0.3504658639,0.2911885703,0.1258365065,0.09825578793
6168,CDS + 3'UTR,2,0.4494773149,0.3377915358,0.2785169184,0.2752286362,0.2181534171,0.2894610213,0.05385230109,0.0975188076
6169,CDS + 3'UTR,2,0.3194336593,0.3383996224,0.2581788003,0.2744834727,0.3172259927,0.2892463265,0.1051614732,0.09787057876
6170,CDS + 3'UTR,2,0.2784486115,0.3348813219,0.3049673438,0.2754331021,0.310135752,0.2907281065,0.1064483523,0.09895746792
6171,CDS + 3'UTR,2,0.5107079744,0.3356284538,0.2424331605,0.2748011703,0.1982939541,0.2906094084,0.04856491089,0.09896096652
6172,CDS + 3'UTR,2,0.2781666517,0.3360185003,0.2878908813,0.2750175236,0.3326307535,0.2903447473,0.1013116986,0.09861922758
6173,CDS + 3'UTR,2,0.245152548,0.3334642528,0.323439002,0.2749766937,0.3264685869,0.2919333683,0.1049398407,0.09962568497
6174,CDS + 3'UTR,2,0.5753002167,0.3335534273,0.1927425712,0.2752019851,0.1895986199,0.2919118056,0.04235860705,0.09933278151
6175,CDS + 3'UTR,2,0.269803524,0.3335972546,0.3263119757,0.2752761347,0.3010019064,0.2919573748,0.1028826013,0.09916923521
6176,CDS + 3'UTR,2,0.2841810584,0.3316257207,0.248829931,0.2751091668,0.3238822222,0.293116506,0.1431068033,0.1001486055
6177,CDS + 3'UTR,2,0.3595400453,0.3333348671,0.2546602488,0.2755681133,0.2783853412,0.2919421671,0.1074143648,0.09915485112
6178,CDS + 3'UTR,2,0.3256313205,0.3337317029,0.3002755046,0.2753285112,0.2836104631,0.2918185623,0.09048269689,0.09912122171
6179,CDS + 3'UTR,2,0.2428912669,0.3329506347,0.3227895796,0.27525506,0.3178043365,0.2921148309,0.1165147424,0.09967947192
6180,CDS + 3'UTR,2,0.3098302782,0.3345724007,0.3414597213,0.2754714632,0.2653169036,0.290800613,0.08339308202,0.09915552018
6181,CDS + 3'UTR,2,0.2527498305,0.3353724053,0.3526532054,0.2751538133,0.2952355444,0.29077799,0.09936147928,0.09869578835
6182,CDS + 3'UTR,2,0.289021492,0.3321797136,0.2473526597,0.2760132054,0.3204498291,0.2923601052,0.1431760788,0.09944697395
6183,CDS + 3'UTR,2,0.3302274346,0.3344867829,0.2949754,0.275296372,0.2670370042,0.2914923714,0.1077602059,0.09872447187
6184,CDS + 3'UTR,2,0.2422975302,0.3342049623,0.3252738416,0.2752217202,0.3260282874,0.2916840928,0.1064003557,0.09888922377
6185,CDS + 3'UTR,2,0.2733968496,0.3327290853,0.2848877013,0.2749962647,0.3217386603,0.2925820032,0.1199767962,0.09969264632
6186,CDS + 3'UTR,2,0.4219791293,0.3333776625,0.2600775361,0.2749527425,0.2488043308,0.2920632957,0.06913900375,0.09960629819
6187,CDS + 3'UTR,2,0.2466036081,0.3339385806,0.2970314026,0.2757968262,0.3577046096,0.2912349334,0.09866036475,0.09902965873
6188,CDS + 3'UTR,2,0.2870384157,0.3328360608,0.2698342204,0.275972119,0.3105123639,0.2917321326,0.1326149255,0.0994596866
6189,CDS + 3'UTR,2,0.5007541776,0.3334470877,0.2317316234,0.2759050161,0.2213712037,0.2913686158,0.04614300653,0.09927927954
6190,CDS + 3'UTR,2,0.3084001839,0.3335900722,0.2709192336,0.2768632229,0.3050630093,0.2907477358,0.1156176254,0.09879896846
6191,CDS + 3'UTR,2,0.2547909915,0.3302768713,0.2800267637,0.2777077809,0.3444930315,0.2921679603,0.1206892207,0.09984738771
6192,CDS + 3'UTR,2,0.4596919119,0.3307582097,0.2396237999,0.2778564438,0.2405260503,0.2915700549,0.06015820429,0.09981529154
6193,CDS + 3'UTR,2,0.2410322577,0.3314988008,0.3186891079,0.2777193762,0.3256452084,0.2909697527,0.1146333888,0.09981207
6194,CDS + 3'UTR,2,0.2768704593,0.3299115276,0.309841305,0.2775624454,0.3093070388,0.292027724,0.1039812118,0.1004983026
6195,CDS + 3'UTR,2,0.3555963337,0.3337922523,0.3547475338,0.2762572631,0.2229049206,0.2902400048,0.06675116718,0.09971047952
6196,CDS + 3'UTR,2,0.2762438655,0.3340227501,0.278952837,0.2767444085,0.3160786033,0.2900310306,0.1287247092,0.09920181115
6197,CDS + 3'UTR,2,0.2681298554,0.3319606459,0.2348390222,0.277106804,0.3515769243,0.2911804831,0.145454213,0.09975206717
6198,CDS + 3'UTR,2,0.5494275093,0.3355088668,0.2203850597,0.2757503549,0.1849629879,0.289957306,0.04522443563,0.0987834719
6199,CDS + 3'UTR,2,0.2623191774,0.3357317531,0.3065265417,0.2762719253,0.3201717138,0.2895299314,0.1109825224,0.09846639037
6200,CDS + 3'UTR,2,0.2944821119,0.3318538504,0.2833318412,0.2769259,0.3097759187,0.2916543229,0.1124101132,0.09956592619
6201,CDS + 3'UTR,2,0.3843989074,0.3334423373,0.2739940286,0.2768117977,0.2644921541,0.2905001795,0.07711490989,0.09924568487
6202,CDS + 3'UTR,2,0.247774899,0.3335657092,0.3108193874,0.2768927688,0.3280201554,0.2904042268,0.1133855432,0.09913729336
6203,CDS + 3'UTR,2,0.2732656896,0.3313464915,0.2426573634,0.2771097971,0.3453272879,0.2915218612,0.1387496144,0.1000218486
6204,CDS + 3'UTR,2,0.4921808839,0.3335191278,0.2783397138,0.2767140841,0.1829943508,0.2906109078,0.04648506641,0.0991558786
6205,CDS + 3'UTR,2,0.3198905885,0.3340478836,0.2497352064,0.2770674067,0.2828066349,0.2901247514,0.1475676149,0.0987599568
6206,CDS + 3'UTR,2,0.276527524,0.3305504771,0.2598029375,0.2776131226,0.3181103468,0.292033297,0.1455592364,0.0998031016
6207,CDS + 3'UTR,2,0.5058779716,0.3332011355,0.241336748,0.2765988698,0.198977828,0.2910057114,0.05380748957,0.09919428108
6208,CDS + 3'UTR,2,0.2866508365,0.3332925932,0.2550570965,0.2774158964,0.3216873407,0.2904892722,0.1366046816,0.09880223572
6209,CDS + 3'UTR,2,0.2923581004,0.3310290867,0.2426251322,0.2775175428,0.3337893486,0.2917540764,0.1312273592,0.09969929182
6210,CDS + 3'UTR,2,0.3030386865,0.3320631301,0.2839532495,0.2781292098,0.3104436994,0.2906957684,0.1025643796,0.09911189056
6211,CDS + 3'UTR,2,0.3078272939,0.3320187828,0.2705071867,0.2780254954,0.3079255819,0.2908269847,0.1137399077,0.0991287353
6212,CDS + 3'UTR,2,0.2995730639,0.3295626806,0.2539387941,0.2776981419,0.323330164,0.2925435154,0.1231580153,0.1001956609
6213,CDS + 3'UTR,2,0.344098419,0.331686818,0.2954633236,0.2777651137,0.2734373808,0.2910783729,0.08700089902,0.0994696945
6214,CDS + 3'UTR,2,0.2812203765,0.3330826443,0.288929075,0.2765206372,0.3258146048,0.2908886442,0.1040359065,0.09950807365
6215,CDS + 3'UTR,2,0.2710784674,0.329819081,0.2439590394,0.2768129952,0.3369081616,0.2929600896,0.1480543315,0.1004078337
6216,CDS + 3'UTR,2,0.4369356632,0.3307619873,0.2950131297,0.276244371,0.2223337889,0.2929313781,0.04571738839,0.100062263
6217,CDS + 3'UTR,2,0.317073673,0.3314564202,0.2713154554,0.2763999816,0.3036507666,0.2927965933,0.1079600453,0.09934700346
6218,CDS + 3'UTR,2,0.2928696871,0.3305444583,0.2473267019,0.2763262771,0.3305886388,0.2933848841,0.1292149723,0.09974437961
6219,CDS + 3'UTR,2,0.4797502458,0.3306862034,0.2850519717,0.2758639917,0.1900693178,0.2935685458,0.04512847215,0.09988125851
6220,CDS + 3'UTR,2,0.3020355999,0.3309826953,0.2601947486,0.2753426559,0.3377423286,0.2938864188,0.1000273004,0.09978823084
6221,CDS + 3'UTR,2,0.2472636551,0.3307752052,0.3243308961,0.2740716606,0.3233002722,0.2948463546,0.1051052287,0.1003067807
6222,CDS + 3'UTR,2,0.4773730636,0.3335654264,0.2384205759,0.2729916092,0.2361604869,0.2937090734,0.04804583639,0.09973389185
6223,CDS + 3'UTR,2,0.2496684641,0.3338379672,0.2951515913,0.2729076512,0.3410245776,0.2937600853,0.1141554266,0.09949429627
6224,CDS + 3'UTR,2,0.2856817544,0.3329880992,0.2480870932,0.2726955466,0.3321580291,0.2948338775,0.1340731829,0.09948247555
6225,CDS + 3'UTR,2,0.3289167881,0.3354577815,0.296505183,0.2718999516,0.2797469497,0.2938414373,0.09483107924,0.09880082808
6226,CDS + 3'UTR,2,0.3160481453,0.3361438451,0.3049596846,0.2718028251,0.2813045382,0.2935531609,0.0976876542,0.09850016725
6227,CDS + 3'UTR,2,0.2736431658,0.3348999115,0.2897463441,0.2716537723,0.3140890002,0.2944492444,0.1225215048,0.09899706994
6228,CDS + 3'UTR,2,0.3132383823,0.3366974218,0.2835946083,0.2718605867,0.3016524911,0.2929481845,0.1015144959,0.09849380529
6229,CDS + 3'UTR,2,0.2885583341,0.3368101051,0.3119674623,0.272331355,0.298392415,0.2929378238,0.1010818258,0.09792071502
6230,CDS + 3'UTR,2,0.2697591186,0.3341969544,0.2830107212,0.2726501523,0.3272923231,0.2943146184,0.1199378744,0.09883827381
6231,CDS + 3'UTR,2,0.3446175456,0.3363530254,0.2912396789,0.2724329593,0.2776681781,0.2932473268,0.0864745602,0.09796668701
6232,CDS + 3'UTR,2,0.3332921565,0.3365851304,0.2797954082,0.2727432122,0.2796415687,0.2928676549,0.1072708443,0.09780400116
6233,CDS + 3'UTR,2,0.2824382186,0.3346444516,0.2500889301,0.2733588483,0.3435855508,0.2936784513,0.1238873079,0.09831824875
6234,CDS + 3'UTR,2,0.5945987701,0.3362510491,0.1951526105,0.2731689189,0.1761242747,0.2927252926,0.03412440047,0.09785474013
6235,CDS + 3'UTR,2,0.2936934829,0.3366918936,0.2995605767,0.2731446236,0.3127439618,0.2925818317,0.09400200099,0.09758165213
6236,CDS + 3'UTR,2,0.2896192372,0.3347799398,0.294863373,0.2729163472,0.3150752187,0.2942603648,0.1004421338,0.09804334943
6237,CDS + 3'UTR,2,0.5417664051,0.3368577339,0.1897404939,0.2725276373,0.227088064,0.2935958512,0.04140501842,0.09701877856
6238,CDS + 3'UTR,2,0.2802015245,0.3367957294,0.3187083006,0.2735042576,0.2988350391,0.2932292141,0.1022551283,0.09647079981
6239,CDS + 3'UTR,2,0.278124094,0.3336724151,0.2635757327,0.2741975753,0.3302183747,0.2947905608,0.1280817389,0.09733945043
6240,CDS + 3'UTR,2,0.4289480448,0.3349811487,0.2458988726,0.273940693,0.2459061146,0.29405469,0.07924698293,0.09702347
6241,CDS + 3'UTR,2,0.267827034,0.334764396,0.31732288,0.273497906,0.3164070249,0.2945997633,0.09844301641,0.09713793681
6242,CDS + 3'UTR,2,0.2787480652,0.3337003194,0.2726503015,0.2731558826,0.323843658,0.2955479816,0.1247579753,0.09759581867
6243,CDS + 3'UTR,2,0.4946002364,0.3355853394,0.2534939945,0.2728569496,0.213448137,0.2946846806,0.03845762461,0.09687303309
6244,CDS + 3'UTR,2,0.3126041293,0.3358594671,0.3156572878,0.273831227,0.2875211239,0.2942187093,0.08421747386,0.0960905992
6245,CDS + 3'UTR,2,0.3106168807,0.3334904082,0.2509691417,0.2736812379,0.3217366934,0.2959676104,0.1166772991,0.09686074513
6246,CDS + 3'UTR,2,0.479628861,0.3348339051,0.2360747457,0.2744640637,0.2246816158,0.2951320142,0.05961472914,0.09557001782
6247,CDS + 3'UTR,2,0.2478877306,0.3358295694,0.3484886587,0.2744280048,0.3091507256,0.29482929,0.09447287768,0.09491313617
6248,CDS + 3'UTR,2,0.2683967948,0.3332487669,0.2866486311,0.2749319071,0.3193377554,0.2962933388,0.1256167889,0.09552598712
6249,CDS + 3'UTR,2,0.4021571279,0.3359719511,0.3071121573,0.2746305427,0.2325613499,0.2950014424,0.05816937238,0.09439606383
6250,CDS + 3'UTR,2,0.2749008238,0.3362898983,0.2966701984,0.2754842658,0.3206330538,0.2944982279,0.1077959314,0.09372760779
6251,CDS + 3'UTR,2,0.3142198026,0.3355462581,0.2162448764,0.2764503974,0.3356164098,0.2944208745,0.1339189559,0.09358246936
6252,CDS + 3'UTR,2,0.4480976462,0.3362638157,0.2932486236,0.2763735905,0.2154193521,0.2941663802,0.04323438928,0.09319621311
6253,CDS + 3'UTR,2,0.3568186462,0.3361225761,0.223880887,0.2773840323,0.3112902939,0.2939809926,0.1080101728,0.09251239826
6254,CDS + 3'UTR,2,0.3142151535,0.3353681423,0.2161312103,0.2774807069,0.3553142548,0.2945971113,0.1143394113,0.09255403853
6255,CDS + 3'UTR,2,0.3452360332,0.3369167849,0.2808220387,0.2781466387,0.2987049818,0.2931588665,0.07523694634,0.09177770945
6256,CDS + 3'UTR,2,0.3397356868,0.3375750624,0.2612787783,0.2785698768,0.3130994439,0.2929403543,0.08588603884,0.09091470554
6257,CDS + 3'UTR,2,0.2865830958,0.3363322239,0.2487638891,0.2784147292,0.3254486024,0.2938646242,0.1392044574,0.0913884222
6258,CDS + 3'UTR,2,0.3369709253,0.3386798307,0.2632926702,0.2776598755,0.2983033955,0.2930073731,0.1014330089,0.09065292063
6259,CDS + 3'UTR,2,0.2666106224,0.339363382,0.2810827196,0.2783838879,0.3432341814,0.2923951492,0.1090725288,0.08985758084
6260,CDS + 3'UTR,2,0.29323107,0.3366952639,0.2397800982,0.278864127,0.3421117663,0.2941117655,0.1248770729,0.09032884357
6261,CDS + 3'UTR,2,0.4759675264,0.3380082712,0.2662490904,0.2787704751,0.2042530477,0.2933415946,0.05353036895,0.0898796597
6262,CDS + 3'UTR,2,0.3108247519,0.3386144323,0.2406360209,0.2788779493,0.3245307803,0.2930470113,0.124008432,0.08946060711
6263,CDS + 3'UTR,2,0.2622379959,0.3368130622,0.2780070305,0.2793308571,0.3529403806,0.293941481,0.1068145484,0.08991459957
6264,CDS + 3'UTR,2,0.4398721159,0.3391484104,0.2616262436,0.2786463382,0.2466330677,0.2929398235,0.05186855793,0.08926542723
6265,CDS + 3'UTR,2,0.328281939,0.3392576385,0.2771175802,0.2796609614,0.2986765504,0.292574174,0.09592393041,0.08850722429
6266,CDS + 3'UTR,2,0.3224644363,0.3396044977,0.248153314,0.2791938022,0.3204910159,0.2929789938,0.1088912189,0.0882227045
6267,CDS + 3'UTR,2,0.390404433,0.3407238781,0.3135765493,0.2786864482,0.2376198173,0.2928201988,0.05839919299,0.08776947302
6268,CDS + 3'UTR,2,0.2960530818,0.3414235327,0.3074956834,0.2784886435,0.3096835017,0.2928983033,0.08676770329,0.0871895188
6269,CDS + 3'UTR,2,0.2917021215,0.3417177491,0.2572354078,0.278742617,0.3315147758,0.2927260417,0.1195477098,0.08681359082
6270,CDS + 3'UTR,2,0.4808858633,0.345360129,0.2535437942,0.2770638015,0.2196796834,0.2915316567,0.04589068145,0.08604441085
6271,CDS + 3'UTR,2,0.2733593881,0.3459180344,0.304847002,0.2771657143,0.3141192794,0.2914034378,0.1076743528,0.08551281164
6272,CDS + 3'UTR,2,0.3044376075,0.3458224852,0.2888746858,0.276923722,0.3053897619,0.2919329878,0.1012980118,0.08532080366
6273,CDS + 3'UTR,2,0.3695600629,0.3482578896,0.3034947515,0.2761618864,0.2493925095,0.2910798416,0.07755269855,0.08450038177
6274,CDS + 3'UTR,2,0.312138021,0.3492210515,0.307897687,0.2762273017,0.2978301644,0.2906066563,0.08213417232,0.08394498951
6275,CDS + 3'UTR,2,0.2026400268,0.3475808565,0.3364854157,0.2763752809,0.3571875691,0.2917389058,0.1036869511,0.08430495532
6276,CDS + 3'UTR,2,0.4424673915,0.3500062246,0.2478560507,0.2757364843,0.2629175186,0.2905678701,0.04675903916,0.08368941937
6277,CDS + 3'UTR,2,0.2631694973,0.3514141578,0.3129686415,0.274952741,0.3222459555,0.2904410888,0.1016159132,0.08319201097
6278,CDS + 3'UTR,2,0.2995623648,0.3482606288,0.2758504748,0.2764498105,0.3098707199,0.2915975448,0.1147164851,0.08369201454
6279,CDS + 3'UTR,2,0.3670178652,0.3508654237,0.2859759629,0.275198078,0.2613020539,0.2909575339,0.08570408821,0.08297896287
6280,CDS + 3'UTR,2,0.2771418989,0.3504556041,0.2479088753,0.2763532305,0.3533817828,0.2909222636,0.1215674579,0.08226890168
6281,CDS + 3'UTR,2,0.2992727757,0.3490977973,0.2466321588,0.2770130595,0.3403496146,0.2915111534,0.1137454584,0.08237798898
6282,CDS + 3'UTR,2,0.398576498,0.3502197329,0.2869047523,0.2764485864,0.2589560747,0.2912102342,0.05556269735,0.08212144659
6283,CDS + 3'UTR,2,0.2951959074,0.3510224652,0.320599556,0.2769649448,0.3080495894,0.2905929476,0.07615490258,0.0814196426
6284,CDS + 3'UTR,2,0.3026561737,0.348930309,0.2663405836,0.2777121378,0.3229064345,0.2915507749,0.1080967411,0.08180677895
6285,CDS + 3'UTR,2,0.4273703396,0.3517241389,0.3123612702,0.2766807416,0.215958938,0.2903428366,0.04430942982,0.08125228346
6286,CDS + 3'UTR,2,0.3561806679,0.3528267473,0.2569182217,0.2773650466,0.2938924134,0.2892530933,0.09300870448,0.0805551135
6287,CDS + 3'UTR,2,0.2994137704,0.3501418106,0.2816489339,0.2786343789,0.3161017299,0.2904334482,0.1028355658,0.08079036432
6288,CDS + 3'UTR,2,0.5045055747,0.35266883,0.2309479415,0.2775451126,0.2183356285,0.2895931453,0.04621081799,0.08019291391
6289,CDS + 3'UTR,2,0.3177938759,0.3532776028,0.3109229803,0.2782728055,0.2935321927,0.2889742885,0.07775087655,0.07947530528
6290,CDS + 3'UTR,2,0.2435474694,0.3528447207,0.3612437844,0.2778678915,0.3042554259,0.2894881081,0.09095330536,0.07979928157
6291,CDS + 3'UTR,2,0.3652319014,0.3551304691,0.2643626332,0.2771487685,0.287566036,0.2884062719,0.08283940703,0.07931449213
6292,CDS + 3'UTR,2,0.2882739007,0.355182787,0.3347741365,0.2785119342,0.3084991574,0.2876857094,0.06845282763,0.07861957024
6293,CDS + 3'UTR,2,0.2837437093,0.3533254042,0.3031972945,0.2787981926,0.3227268755,0.2889276274,0.09033212066,0.07894877661
6294,CDS + 3'UTR,2,0.4051117897,0.3538489219,0.3422036171,0.2792995004,0.2107550204,0.288394196,0.04192958027,0.07845738279
6295,CDS + 3'UTR,2,0.3237406611,0.354324789,0.2778180838,0.2800660403,0.3194271922,0.2876479439,0.07901401818,0.07796122823
6296,CDS + 3'UTR,2,0.337508589,0.3543901742,0.2826013267,0.2796196593,0.2962753773,0.2879610263,0.08361472189,0.07802914251
6297,CDS + 3'UTR,2,0.5048822165,0.355763796,0.2109271586,0.2793261696,0.2350706756,0.2871064462,0.04911991954,0.07780359117
6298,CDS + 3'UTR,2,0.3475537896,0.3573147126,0.3052476943,0.279036935,0.2816107273,0.2865883775,0.06558778882,0.07705997713
6299,CDS + 3'UTR,2,0.2663007975,0.3574548647,0.3234710991,0.2789406195,0.327398628,0.2867615849,0.0828294903,0.07684293324
6300,CDS + 3'UTR,2,0.40707618,0.359322644,0.2527025938,0.2789219931,0.2761286497,0.2854814045,0.0640925914,0.07627395988
6301,CDS + 3'UTR,2,0.2957565486,0.3608688902,0.3329288363,0.2789020674,0.299733609,0.2845163081,0.07158102095,0.07571273576
6302,CDS + 3'UTR,2,0.3332634568,0.3594740208,0.2746531963,0.2788177298,0.3077180684,0.2856243797,0.08436523378,0.07608387074
6303,CDS + 3'UTR,2,0.4364963174,0.3615761328,0.2403900772,0.2786920954,0.260891974,0.2845515199,0.06222163886,0.07518025334
6304,CDS + 3'UTR,2,0.2944200039,0.3632245593,0.3292569518,0.278416739,0.3029060662,0.2836701505,0.07341694832,0.07468855386
6305,CDS + 3'UTR,2,0.3566655219,0.3614974447,0.2591324449,0.2785459224,0.3121325374,0.2848382248,0.07206949592,0.07511841063
6306,CDS + 3'UTR,2,0.4055985808,0.3622419503,0.2643713653,0.2791231256,0.2686009407,0.284009481,0.0614291355,0.07462544586
6307,CDS + 3'UTR,2,0.3296155334,0.3614197243,0.2739219666,0.2801288137,0.3203373551,0.2841724822,0.07612516731,0.07427898324
6308,CDS + 3'UTR,2,0.3367756903,0.3608419485,0.3039124906,0.2797229407,0.2878715694,0.2848631168,0.07144025713,0.07457199753
6309,CDS + 3'UTR,2,0.5799487233,0.3630622003,0.1776622236,0.2790166752,0.2028416097,0.2837833907,0.03954742849,0.07413773797
6310,CDS + 3'UTR,2,0.3143915534,0.3637352146,0.2911637425,0.2793498265,0.3170348108,0.2833132628,0.07740993798,0.07360170074
6311,CDS + 3'UTR,2,0.3369736075,0.3626962647,0.2718802989,0.2792027745,0.3200321794,0.2841548841,0.0711139217,0.07394608054
6312,CDS + 3'UTR,2,0.5281245112,0.3641382717,0.2188485563,0.2790216122,0.2113898695,0.2835581589,0.04163709283,0.07328196084
6313,CDS + 3'UTR,2,0.3594911695,0.3645780575,0.2553221583,0.2790524773,0.3057307303,0.2834094029,0.07945592701,0.07296006475
6314,CDS + 3'UTR,1,0.463383168,0.3642157283,0.2069909424,0.2786924507,0.2667042315,0.2841917351,0.06292166561,0.07290008776
6315,CDS + 3'UTR,2,0.4877229333,0.3658936694,0.2484568506,0.2781139545,0.2190611064,0.2833952704,0.04475912452,0.07259710645
6316,CDS + 3'UTR,2,0.402253896,0.3676459324,0.2321639061,0.2772273112,0.3049327135,0.2828388913,0.06064946204,0.0722878661
6317,CDS + 3'UTR,2,0.2894840837,0.3651763363,0.3095060587,0.2784730971,0.3196045458,0.2837188361,0.08140530437,0.07263173163
6318,CDS + 3'UTR,2,0.4885851145,0.3685657943,0.2185696959,0.2773939598,0.2476341724,0.2821027048,0.04521099478,0.07193754194
6319,CDS + 3'UTR,2,0.2453385293,0.369374107,0.3559879363,0.2775636084,0.3273967505,0.2815999094,0.07127684355,0.07146237493
6320,CDS + 3'UTR,2,0.3203234971,0.3690978283,0.2986851931,0.2773303702,0.293017298,0.2822240274,0.08797396719,0.07134777354
6321,CDS + 3'UTR,2,0.3575818837,0.3716107143,0.2721650302,0.2772616202,0.2923334837,0.2807230158,0.07791962475,0.07040464934
6322,CDS + 3'UTR,2,0.342966646,0.3721161379,0.3139589727,0.2776007129,0.2744607329,0.2802742755,0.06861365587,0.07000887282
6323,CDS + 3'UTR,2,0.3272277415,0.3710918063,0.3132694364,0.2779538779,0.2900743186,0.2807651537,0.06942853332,0.07018916095
6324,CDS + 3'UTR,2,0.5361105204,0.3731505146,0.2331455946,0.2774334362,0.1908860654,0.2796138825,0.03985783458,0.06980216578
6325,CDS + 3'UTR,2,0.398825556,0.3751193298,0.3057135344,0.2766961599,0.2345572263,0.2788672278,0.06090370193,0.06931728227
6326,CDS + 3'UTR,2,0.2648339272,0.3738533841,0.3376213312,0.2765862511,0.3191100061,0.2799599465,0.07843479514,0.0696004184
6327,CDS + 3'UTR,2,0.4500492811,0.3750097504,0.2613473535,0.2767532716,0.2419264913,0.2792017337,0.04667684436,0.06903524436
6328,CDS + 3'UTR,2,0.3170986176,0.376663054,0.3448640704,0.2762600986,0.2698292136,0.2785722807,0.06820809841,0.06850456716
6329,CDS + 3'UTR,2,0.367526561,0.3737530639,0.2747190297,0.2792270457,0.2736669183,0.2784210527,0.08408747613,0.0685988382
6330,CDS + 3'UTR,2,0.4577606916,0.3753565455,0.2391403615,0.2787622193,0.2340861559,0.2776491385,0.06901277602,0.06823209836
6331,CDS + 3'UTR,2,0.3184052408,0.3762533946,0.3252981305,0.2780142399,0.2779714167,0.2777680729,0.07832520455,0.06796429413
6332,CDS + 3'UTR,2,0.2995070219,0.3768673768,0.3161492944,0.2776389228,0.3147727847,0.277679491,0.06957089901,0.06781421113
6333,CDS + 3'UTR,2,0.3987000585,0.3787525835,0.2639855146,0.2766558653,0.2686157823,0.2768865656,0.06869866699,0.06770498762
6334,CDS + 3'UTR,2,0.3522845209,0.3806754572,0.277454406,0.2755054815,0.2956140935,0.2763251759,0.07464704663,0.06749388771
6335,CDS + 3'UTR,2,0.3504668474,0.3807620859,0.2451115549,0.2741053123,0.3237515688,0.2772613637,0.08067008853,0.06787124071
6336,CDS + 3'UTR,2,0.4496254325,0.3820334336,0.2377995998,0.2737299912,0.2447330356,0.276649797,0.06784193218,0.06758678164
6337,CDS + 3'UTR,2,0.4106564224,0.382463876,0.2256251276,0.2734410491,0.2840031087,0.2766929567,0.07971533388,0.06740212068
6338,CDS + 3'UTR,2,0.3481830955,0.3797833515,0.2555874288,0.2749270476,0.3121599853,0.2776931319,0.08406949788,0.06759647215
6339,CDS + 3'UTR,2,0.41603297,0.382033821,0.2795926034,0.2738937104,0.2408197522,0.2767714962,0.06355465949,0.06730097532
6340,CDS + 3'UTR,2,0.4169307649,0.3833692929,0.2381860465,0.2736363122,0.264904052,0.2759297557,0.07997914404,0.06706464225
6341,CDS + 3'UTR,2,0.3643779755,0.3826060547,0.2595020831,0.2738066448,0.2928987741,0.276467479,0.08322116733,0.0671198247
6342,CDS + 3'UTR,2,0.4789937139,0.3843513252,0.2305852622,0.2733002277,0.2387019992,0.2756171497,0.05171903968,0.06673130072
6343,CDS + 3'UTR,2,0.3941121101,0.3849933023,0.2559785247,0.2736138759,0.2824308276,0.275037214,0.06747858971,0.06635561152
6344,CDS + 3'UTR,2,0.3017029464,0.3836202288,0.2719609141,0.2740150537,0.3400790095,0.2758697828,0.08625710011,0.06649493803
6345,CDS + 3'UTR,2,0.387842387,0.3853599446,0.3232938349,0.2731763292,0.2323770523,0.2752689214,0.05648674816,0.06619480774
6346,CDS + 3'UTR,2,0.2566863596,0.3854061229,0.3286083639,0.2733970068,0.3335311115,0.2750878343,0.08117420971,0.06610903926
6347,CDS + 3'UTR,2,0.3441823721,0.3850974148,0.2811067104,0.2733169369,0.2928705812,0.2753571549,0.08184033632,0.06622849619
6348,CDS + 3'UTR,2,0.4736732244,0.3864636181,0.2509944439,0.2728282839,0.2233054191,0.27462926,0.05202693865,0.0660788402
6349,CDS + 3'UTR,2,0.3455432653,0.3856966073,0.2838875055,0.273320264,0.2939045429,0.2749134807,0.07666473091,0.06606965018
6350,CDS + 3'UTR,2,0.3977698684,0.3837337779,0.2417796403,0.2738436174,0.2870093882,0.275950714,0.07344106585,0.0664718925
6351,CDS + 3'UTR,2,0.3887199461,0.385581618,0.2903540134,0.2731701195,0.2663812637,0.2750350615,0.05454477668,0.06621320201
6352,CDS + 3'UTR,2,0.339620471,0.3861255547,0.2913438976,0.2728448963,0.2934892774,0.2748691821,0.07554632425,0.06616036789
6353,CDS + 3'UTR,2,0.3405737281,0.3833410973,0.2746926248,0.2742258547,0.3119790852,0.2760361871,0.07275453955,0.06639686208
6354,CDS + 3'UTR,2,0.4463733137,0.3850941366,0.2616179883,0.2736382497,0.2341129929,0.2752720693,0.05789566785,0.06599554503
6355,CDS + 3'UTR,2,0.3428210616,0.3842189239,0.2655539513,0.2740600511,0.3126772344,0.2757101348,0.07894772291,0.06601089071
6356,CDS + 3'UTR,2,0.2448997051,0.382542094,0.3475189209,0.2744441597,0.3333131075,0.2767311314,0.07426828146,0.06628261674
6357,CDS + 3'UTR,2,0.5343261361,0.3842665872,0.2266376615,0.2741213525,0.1929554492,0.2755395457,0.04608073831,0.06607251754
6358,CDS + 3'UTR,2,0.3642273843,0.3855327191,0.289422363,0.2734917218,0.2696470916,0.2751226697,0.07670312375,0.06585289249
6359,CDS + 3'UTR,2,0.3449155688,0.3830971984,0.2673169076,0.2748336418,0.3112314939,0.2758673374,0.07653597742,0.06620182581
6360,CDS + 3'UTR,2,0.4781727791,0.3861674869,0.2424088717,0.2732433418,0.2333008498,0.2746625599,0.04611752182,0.06592661389
6361,CDS + 3'UTR,2,0.3397066593,0.3851378376,0.2737595737,0.2735764982,0.3044503927,0.2751282774,0.08208333701,0.06615739013
6362,CDS + 3'UTR,2,0.316629976,0.3858425511,0.3151579499,0.2729803206,0.2982263267,0.2751041058,0.06998574734,0.06607302516
6363,CDS + 3'UTR,2,0.459892571,0.3867605994,0.2789642215,0.2723425137,0.2159478962,0.2749125592,0.04519528896,0.06598433056
6364,CDS + 3'UTR,2,0.4601613879,0.3875989785,0.2073584795,0.2716245754,0.263174057,0.2747296412,0.06930606067,0.06604680759
6365,CDS + 3'UTR,2,0.326094687,0.3842323648,0.3035685718,0.2733984759,0.3033764362,0.2759983113,0.06696031988,0.06637085103
6366,CDS + 3'UTR,2,0.4486899674,0.3856925977,0.2702798545,0.2722623879,0.233235389,0.2758486748,0.04779478163,0.06619634214
6367,CDS + 3'UTR,2,0.4316780567,0.385967637,0.2421950996,0.2720360769,0.2657454908,0.2757055242,0.06038139015,0.06629076353
6368,CDS + 3'UTR,2,0.2717063725,0.3846571868,0.4683037102,0.2719977869,0.2062373906,0.2766340625,0.05375250056,0.06671096622
6369,CDS + 3'UTR,2,0.4460723996,0.386375214,0.2737368643,0.2708649809,0.2317790538,0.2761631679,0.0484116897,0.06659663902
6370,CDS + 3'UTR,2,0.3152953982,0.3867316945,0.3014054298,0.2706186043,0.313770175,0.2763217069,0.06952896714,0.06632799585
6371,CDS + 3'UTR,2,0.4143504798,0.3850570744,0.2343372703,0.2711039377,0.2804794908,0.2773270257,0.07083276659,0.06651196298
6372,CDS + 3'UTR,2,0.4390904307,0.386057278,0.2561295331,0.2707313789,0.2450651228,0.2769951962,0.0597149469,0.06621614737
6373,CDS + 3'UTR,2,0.4375736117,0.3867608888,0.2111665905,0.2701118631,0.2778156996,0.2768988896,0.07344412804,0.06622835831
6374,CDS + 3'UTR,2,0.4120420814,0.3855939778,0.2301900834,0.2704432303,0.2856500447,0.2775897626,0.07211782038,0.06637302921
6375,CDS + 3'UTR,2,0.4254484773,0.38693085,0.247792393,0.2706822177,0.270501852,0.2764285108,0.05625729263,0.06595842051
6376,CDS + 3'UTR,2,0.3719439805,0.3870368181,0.25948596,0.2712389814,0.2997281551,0.2759284491,0.0688418448,0.06579574947
6377,CDS + 3'UTR,2,0.2904402614,0.3851625742,0.3298070431,0.2716952413,0.3150846958,0.2771578783,0.064668037,0.06598430448
6378,CDS + 3'UTR,2,0.5275913477,0.3857792711,0.222580716,0.272393591,0.2078798711,0.2762963498,0.04194804281,0.06553078615
6379,CDS + 3'UTR,2,0.3731385469,0.3861979192,0.3028792441,0.2722523406,0.2600593865,0.27614816,0.06392284483,0.06540157818
6380,CDS + 3'UTR,2,0.3460171223,0.3849125443,0.2663291991,0.2724824298,0.3191465139,0.2770685999,0.06850718707,0.06553642456
6381,CDS + 3'UTR,2,0.4353781939,0.3862205813,0.2924154699,0.2723918067,0.23170726,0.276386743,0.04049910232,0.06500086728
6382,CDS + 3'UTR,2,0.3846216202,0.3856168905,0.2997450531,0.273515272,0.2613232136,0.2762184232,0.05431009829,0.06464941241
6383,CDS + 3'UTR,2,0.3266504407,0.3831184076,0.2724843025,0.274809128,0.3274974823,0.2771313138,0.07336775959,0.06494114865
6384,CDS + 3'UTR,2,0.4335972667,0.3844857143,0.2621589899,0.2745017227,0.2548371553,0.2763789875,0.04940652475,0.06463357257
6385,CDS + 3'UTR,2,0.3603597879,0.3847084945,0.2767866552,0.2749813344,0.2976455688,0.275851058,0.06520801783,0.06445911014
6386,CDS + 3'UTR,2,0.3809019327,0.3834003692,0.2579657733,0.2745755613,0.2901465893,0.2773525773,0.07098568976,0.06467148904
6387,CDS + 3'UTR,2,0.4389117956,0.3860190393,0.2348297238,0.2736078765,0.262105763,0.2761813974,0.06415268779,0.06419168282
6388,CDS + 3'UTR,2,0.2754148245,0.3862744978,0.3432708979,0.2732586142,0.3106092215,0.2764143718,0.07070505619,0.06405251203
6389,CDS + 3'UTR,2,0.4229223728,0.3842982313,0.219530493,0.2740462396,0.2858202755,0.277446359,0.07172681391,0.06420916556
6390,CDS + 3'UTR,2,0.4622187614,0.3861759217,0.2372839153,0.2733788572,0.2437826097,0.2766779775,0.05671469867,0.06376723899
6391,CDS + 3'UTR,2,0.3804885447,0.3849748531,0.2458624393,0.2744353449,0.306761831,0.2768341685,0.06688719243,0.06375562903
6392,CDS + 3'UTR,2,0.3053679168,0.3839308256,0.3293252289,0.2739554381,0.3047502637,0.2779223261,0.06055662781,0.06419140548
6393,CDS + 3'UTR,2,0.4997343123,0.384599922,0.2083137631,0.2737378122,0.2446013093,0.2775249263,0.04735056311,0.06413733447
6394,CDS + 3'UTR,2,0.393366158,0.3857873106,0.240735054,0.2733273635,0.3017494678,0.2768083578,0.06414932013,0.06407696353
6395,CDS + 3'UTR,2,0.3535765409,0.3844657702,0.2791855335,0.2732775277,0.3007408381,0.2780386914,0.06649720669,0.06421800656
6396,CDS + 3'UTR,2,0.5402133465,0.3862551613,0.2063393295,0.2730695697,0.2096058577,0.2768418472,0.04384152591,0.06383341858
6397,CDS + 3'UTR,2,0.3907746375,0.3885758132,0.2591356039,0.2715990515,0.2862544656,0.2760397714,0.06383530051,0.06378536066
6398,CDS + 3'UTR,2,0.2937434614,0.3870342389,0.3259232938,0.2714444773,0.3072075844,0.277373038,0.07312566042,0.06414824249
6399,CDS + 3'UTR,2,0.4909616113,0.3883761059,0.228763938,0.2705705883,0.2310145497,0.2771393018,0.04925988987,0.06391400159
6400,CDS + 3'UTR,2,0.2379515469,0.3889105186,0.325337708,0.2701252745,0.3302747011,0.2771236004,0.1064360663,0.06384060453
6401,CDS + 3'UTR,2,0.4139589667,0.3865565084,0.224470824,0.2712854223,0.29039976,0.2780714646,0.07117042691,0.06408660286
6402,CDS + 3'UTR,2,0.4164105058,0.3887280457,0.2629344165,0.2707658259,0.2591370046,0.2769550053,0.06151808798,0.063551122
6403,CDS + 3'UTR,2,0.3942980766,0.3888278618,0.2558343709,0.2703913262,0.2754408717,0.2771369139,0.0744266957,0.06364389756
6404,CDS + 3'UTR,2,0.2667814195,0.3874143586,0.3750576377,0.2704458619,0.2923796773,0.2781276276,0.0657813102,0.06401215135
6405,CDS + 3'UTR,2,0.5156441927,0.3880265199,0.2148264945,0.2708706135,0.2225863039,0.2773676088,0.04694299027,0.06373525742
6406,CDS + 3'UTR,2,0.2868370712,0.3885215551,0.3195164502,0.2702528907,0.3076579571,0.277409008,0.08598850667,0.06381654632
6407,CDS + 3'UTR,2,0.3452132642,0.3868215352,0.2582841516,0.2705553522,0.3162095547,0.2784142138,0.08029305935,0.0642088993
6408,CDS + 3'UTR,2,0.4545407891,0.3864925273,0.254239589,0.2713150056,0.2321576476,0.2780241815,0.05906192213,0.06416828604
6409,CDS + 3'UTR,2,0.3960449994,0.3875333797,0.2550089061,0.2686480334,0.2863500416,0.2794784214,0.06259602308,0.06434016651
6410,CDS + 3'UTR,2,0.3237910867,0.3867100064,0.2779670358,0.2681395879,0.3145116568,0.2804503223,0.08373014629,0.0647000846
6411,CDS + 3'UTR,2,0.398421526,0.3875337746,0.2954934239,0.2677453151,0.2514250576,0.2801435335,0.0546599552,0.06457737861
6412,CDS + 3'UTR,2,0.3557958901,0.3864743203,0.2665880322,0.2683736274,0.3070682585,0.2805726593,0.07054777443,0.06457939493
6413,CDS + 3'UTR,2,0.3053471744,0.3865780309,0.290494889,0.2675988285,0.3238856196,0.281033344,0.08027233928,0.06478979853
6414,CDS + 3'UTR,2,0.4592342973,0.3868568558,0.2965734005,0.2679850368,0.2027139515,0.2805223776,0.04147835076,0.06463573147
6415,CDS + 3'UTR,2,0.3589442968,0.3860047404,0.2896526456,0.2684637781,0.28374663,0.2809484029,0.06765640527,0.06458307952
6416,CDS + 3'UTR,2,0.2996859252,0.384233975,0.2743003964,0.2695971407,0.3430873752,0.2813567856,0.08292633295,0.06481210012
6417,CDS + 3'UTR,2,0.4599921703,0.3849740431,0.2814930975,0.2694408089,0.2150808275,0.2809239874,0.04343386739,0.06466116244
6418,CDS + 3'UTR,2,0.3816749454,0.3852422297,0.2442874014,0.2689932268,0.3003048003,0.2808482157,0.07373286039,0.06491632862
6419,CDS + 3'UTR,2,0.3132029772,0.3839546006,0.2979997396,0.2686537597,0.3144549429,0.2820315013,0.07434237003,0.06536013978
6420,CDS + 3'UTR,2,0.5215737224,0.3847947706,0.2309361994,0.2679346945,0.2103555053,0.2819370227,0.03713456169,0.06533351354
6421,CDS + 3'UTR,2,0.316082716,0.385401348,0.3493793011,0.2675710518,0.2794331908,0.281628594,0.05510477722,0.06539900675
6422,CDS + 3'UTR,2,0.2791150808,0.3836921263,0.3340937495,0.2677518487,0.3117332458,0.2828102317,0.07505793869,0.06574579361
6423,CDS + 3'UTR,2,0.5034966469,0.3838762835,0.2313860953,0.2675842233,0.2222447246,0.2828250106,0.0428725034,0.0657144831
6424,CDS + 3'UTR,2,0.3195253611,0.3845639031,0.3103298545,0.2676737204,0.2978446484,0.2822177835,0.07230010629,0.06554459375
6425,CDS + 3'UTR,2,0.2831923664,0.3832600236,0.2908319831,0.2684347227,0.3524985909,0.2825801171,0.0734770596,0.06572513832
6426,CDS + 3'UTR,2,0.4661799669,0.3853682339,0.251193583,0.2675716724,0.2398367226,0.2815463774,0.04278971255,0.06551371715
6427,CDS + 3'UTR,2,0.3646190464,0.385976579,0.2531657219,0.2673491536,0.3115085363,0.2813288525,0.07070667297,0.06534541626
6428,CDS + 3'UTR,2,0.3155719042,0.3848339304,0.3140044808,0.2678124735,0.3058643937,0.2820340835,0.06455922127,0.06531951432
6429,CDS + 3'UTR,2,0.4957585037,0.3861438327,0.2304969132,0.267094546,0.2324340194,0.2816467054,0.04131060466,0.06511491709
6430,CDS + 3'UTR,2,0.3016843796,0.3850880202,0.3262986541,0.2682571454,0.2995046675,0.2817135114,0.07251226902,0.06494132574
6431,CDS + 3'UTR,2,0.3051977456,0.3828562718,0.2519614697,0.2689981686,0.3534338772,0.2829716556,0.08940689266,0.06517390762
6432,CDS + 3'UTR,2,0.3931481838,0.3834398903,0.2739338279,0.2694043901,0.2616972923,0.2822096908,0.07122064382,0.0649460319
6433,CDS + 3'UTR,2,0.435564816,0.3841652464,0.241856724,0.2689803004,0.2546536028,0.2818855705,0.06792486459,0.06496888562
6434,CDS + 3'UTR,2,0.3406500816,0.3824119955,0.2576311231,0.2701899458,0.3325396776,0.2822232166,0.06917911023,0.06517484491
6435,CDS + 3'UTR,2,0.4859723449,0.383637419,0.2489173114,0.2700173762,0.216929704,0.2813726887,0.04818068445,0.06497251946
6436,CDS + 3'UTR,2,0.4305518568,0.3822452236,0.2298774719,0.2708334126,0.2691470385,0.2818785761,0.07042364776,0.06504279035
6437,CDS + 3'UTR,2,0.4110001922,0.37984231,0.2142717242,0.2716802694,0.2996167839,0.2831676761,0.07511128485,0.06530974596
6438,CDS + 3'UTR,2,0.4715767503,0.3807209775,0.2195112407,0.2719009936,0.2509481907,0.2822588487,0.05796385184,0.06511918134
6439,CDS + 3'UTR,2,0.3876685798,0.3820203412,0.2316918075,0.2709747426,0.3099753857,0.2820641143,0.07066421211,0.0649408035
6440,CDS + 3'UTR,2,0.2898519635,0.3795128617,0.3352206945,0.2736490615,0.3091299832,0.281828917,0.06579738855,0.06500916141
6441,CDS + 3'UTR,2,0.5134296417,0.3825520709,0.2321918607,0.2726167314,0.2151336521,0.2806145163,0.03924486786,0.06421668315
6442,CDS + 3'UTR,2,0.3246152699,0.3819520954,0.2851979733,0.2738145865,0.3127790093,0.2801595761,0.07740779221,0.06407374442
6443,CDS + 3'UTR,2,0.3468123078,0.3804560136,0.2833270729,0.2743278045,0.2952049971,0.2810087917,0.07465559244,0.06420739293
6444,CDS + 3'UTR,2,0.5091342926,0.38027368,0.2413386106,0.275333339,0.202372551,0.2804581316,0.04715454578,0.06393485195
6445,CDS + 3'UTR,2,0.3656975031,0.3818078376,0.2541507483,0.2739066985,0.3066883683,0.2803603651,0.07346343249,0.06392510119
6446,CDS + 3'UTR,2,0.3126883805,0.3790443391,0.2944767773,0.2750732914,0.3136518598,0.2816346673,0.0791830197,0.0642477042
6447,CDS + 3'UTR,2,0.4053574204,0.3803199973,0.3029673696,0.2748335321,0.2345429063,0.280972871,0.05713232979,0.06387360189
6448,CDS + 3'UTR,2,0.3549745679,0.3810798798,0.2549459338,0.2748842217,0.3225765824,0.280352529,0.06750293821,0.06368337125
6449,CDS + 3'UTR,2,0.3802025318,0.379858524,0.2330612242,0.2752016634,0.3095311224,0.2812035246,0.07720513642,0.06373629039
6450,CDS + 3'UTR,2,0.3811968565,0.3810844235,0.2698636055,0.2749467695,0.2892270684,0.2805048684,0.0597124882,0.0634639415
6451,CDS + 3'UTR,2,0.3295941353,0.3808429115,0.2846022546,0.2753868574,0.3148095608,0.2804556007,0.07099407166,0.06331463438
6452,CDS + 3'UTR,2,0.4473872781,0.3789038168,0.1941456199,0.2758194799,0.2819198966,0.2817173043,0.07654723525,0.06355940346
6453,CDS + 3'UTR,2,0.459879607,0.3805094114,0.2420632541,0.275487655,0.2369383872,0.2807885235,0.06111876294,0.06321441438
6454,CDS + 3'UTR,2,0.3438728452,0.3816609384,0.2684893906,0.275067018,0.31973207,0.2802207829,0.06790566444,0.06305126492
6455,CDS + 3'UTR,2,0.2837872505,0.3795485055,0.3384613991,0.2753710914,0.3031724691,0.281591681,0.07457894087,0.06348872641
6456,CDS + 3'UTR,2,0.4311494231,0.3813135533,0.2469794154,0.2749337893,0.2651042938,0.2805498097,0.05676683038,0.06320285331
6457,CDS + 3'UTR,2,0.3118951917,0.3824869772,0.2940004766,0.2749507416,0.309022963,0.2796049688,0.08508133143,0.06295731775
6458,CDS + 3'UTR,2,0.4245810211,0.3794433622,0.1954233497,0.2757625159,0.3025427163,0.2813612357,0.07745293528,0.06343289232
6459,CDS + 3'UTR,2,0.4403521419,0.3810295423,0.2453540266,0.2755901733,0.2525011003,0.2802451245,0.06179274619,0.06313516563
6460,CDS + 3'UTR,2,0.3945433199,0.3818372568,0.2372377813,0.2753751317,0.2944722176,0.2797113363,0.07374664396,0.06307628127
6461,CDS + 3'UTR,2,0.2986404598,0.3789134679,0.3068792224,0.2761876417,0.3262382746,0.281387022,0.06824205071,0.06351187467
6462,CDS + 3'UTR,2,0.3993541896,0.3810421666,0.2863350213,0.2749441845,0.2625055313,0.280534211,0.0518052578,0.06347944434
6463,CDS + 3'UTR,2,0.3816600144,0.3826901702,0.2796440721,0.2737420263,0.2789193094,0.2800984228,0.05977661163,0.0634693868
6464,CDS + 3'UTR,2,0.3292869031,0.3805593638,0.3230391741,0.2743826026,0.2838238478,0.2811784893,0.06385008991,0.06387955151
6465,CDS + 3'UTR,2,0.529016614,0.3822525797,0.2077426314,0.2738206429,0.2149463892,0.280360996,0.04829432443,0.06356578921
6466,CDS + 3'UTR,2,0.4295695424,0.3839549454,0.240164265,0.2730104463,0.272744596,0.2794891428,0.0575216189,0.06354547353
6467,CDS + 3'UTR,2,0.347499907,0.3822621735,0.2718953192,0.2731573457,0.3185242414,0.2807563979,0.06208053231,0.06382409078
6468,CDS + 3'UTR,2,0.3802070022,0.3826638503,0.2858366966,0.273577757,0.2796189785,0.2801854666,0.05433727801,0.06357293418
6469,CDS + 3'UTR,2,0.3384573758,0.3834734803,0.312538445,0.2729199013,0.2911647558,0.2800968461,0.05783950537,0.06350978063
6470,CDS + 3'UTR,2,0.2836788893,0.3809775611,0.2965657711,0.2738998787,0.3444341421,0.2812997529,0.07532124966,0.06382281515
6471,CDS + 3'UTR,2,0.4271780252,0.3836242413,0.2783601582,0.2729152286,0.2458046526,0.280058557,0.04865713418,0.0634019807
6472,CDS + 3'UTR,2,0.3633964062,0.3842571473,0.2953980565,0.27285455,0.2788206339,0.2797612345,0.06238492578,0.06312707569
6473,CDS + 3'UTR,2,0.3594742417,0.3837466681,0.3050853908,0.2726379251,0.2716130018,0.2804624273,0.06382730603,0.06315298826
6474,CDS + 3'UTR,2,0.4914000332,0.3832711445,0.2269294858,0.2734463459,0.2337072343,0.280294306,0.04796328396,0.06298821205
6475,CDS + 3'UTR,2,0.242200911,0.3842221828,0.3444684446,0.2731554313,0.3412118256,0.2796615066,0.07211887836,0.06296088714
6476,CDS + 3'UTR,2,0.3479802608,0.3812668942,0.2740878761,0.2754153574,0.3127338588,0.28019656,0.06519797444,0.06312119616
6477,CDS + 3'UTR,2,0.4610680342,0.3824308854,0.2767935395,0.2751152074,0.2135482728,0.2795794751,0.0485901311,0.0628744402
6478,CDS + 3'UTR,2,0.3976925611,0.3807102177,0.2518232167,0.2772107271,0.2916288376,0.2793125741,0.05885543302,0.06276648995
6479,CDS + 3'UTR,2,0.2903632522,0.3788870122,0.442709446,0.2783022279,0.2121987641,0.2799093079,0.0547285229,0.06290146043
6480,CDS + 3'UTR,2,0.4810882807,0.3795689456,0.2427513003,0.2787360905,0.2331226468,0.2790131288,0.04303780571,0.06268184353
6481,CDS + 3'UTR,2,0.3659609258,0.3800547358,0.320299238,0.278498744,0.2540045381,0.2786821967,0.05973532796,0.06276433207
6482,CDS + 3'UTR,2,0.2967239618,0.3773480695,0.3039918542,0.2790679159,0.3270742595,0.2803841125,0.07220996916,0.06319990987
6483,CDS + 3'UTR,2,0.3797113895,0.3778502841,0.3362771273,0.2795140674,0.2313880622,0.2798386164,0.05262341723,0.062797039
6484,CDS + 3'UTR,2,0.389514029,0.3780650076,0.2609263957,0.2798797896,0.2845583558,0.2794374093,0.06500124931,0.06261780099
6485,CDS + 3'UTR,2,0.2945643067,0.3761689018,0.3081539273,0.2797401713,0.3245304823,0.2810461279,0.07275123149,0.06304480624
6486,CDS + 3'UTR,2,0.38888973,0.3776383892,0.3003357053,0.2795811614,0.2547142506,0.279966639,0.05606032163,0.06281381748
6487,CDS + 3'UTR,2,0.4060038626,0.378926222,0.2623393238,0.2786777908,0.266582191,0.2797480404,0.06507460773,0.06264795312
6488,CDS + 3'UTR,2,0.3568323255,0.3779389396,0.2796349227,0.2781470722,0.300237298,0.2810518071,0.06329545379,0.06286218772
6489,CDS + 3'UTR,2,0.494116962,0.377831893,0.2346173972,0.2790574385,0.2304575443,0.2803961776,0.04080811143,0.06271449765
6490,CDS + 3'UTR,2,0.3044701219,0.378167282,0.3131740689,0.2790879531,0.31057024,0.2801198687,0.07178557664,0.06262490219
6491,CDS + 3'UTR,2,0.2432939559,0.3780214377,0.3301032186,0.2788440136,0.3523613513,0.2800902788,0.07424148172,0.06304427604
6492,CDS + 3'UTR,2,0.4842434525,0.3794630297,0.2400420457,0.2780791486,0.2327657938,0.2792909436,0.04294864833,0.06316688345
6493,CDS + 3'UTR,2,0.3974693418,0.3772375464,0.2568439245,0.279951659,0.2784663737,0.2795832939,0.06722038239,0.06322750566
6494,CDS + 3'UTR,2,0.2902396619,0.3755450364,0.3208992779,0.2805496508,0.3123857975,0.2804762479,0.07647527009,0.06342907008
6495,CDS + 3'UTR,2,0.5001481175,0.3768886615,0.2546684742,0.2803278694,0.2003969252,0.2794257674,0.04478655756,0.06335770744
6496,CDS + 3'UTR,2,0.3935598433,0.3783386357,0.2756565809,0.2791893821,0.2675001025,0.2790845785,0.06328348815,0.06338740862
6497,CDS + 3'UTR,2,0.2165029645,0.3755653042,0.3464350402,0.2804276913,0.3555821776,0.2803531148,0.08147983253,0.06365389558
6498,CDS + 3'UTR,2,0.5085693598,0.3780767914,0.2304999977,0.2798032224,0.2110159099,0.2790656548,0.04991472512,0.06305433842
6499,CDS + 3'UTR,2,0.3778201342,0.376221852,0.2807964087,0.2812269459,0.2717518806,0.2794873044,0.06963162124,0.06306390516
6500,CDS + 3'UTR,2,0.2876706123,0.3763603449,0.2959370017,0.2806954127,0.3444103599,0.2797528099,0.07198203355,0.06319143954
6501,CDS + 3'UTR,2,0.4863786101,0.3772693362,0.2499027252,0.280972708,0.2112083137,0.2787952401,0.05251035094,0.06296272338
6502,CDS + 3'UTR,2,0.4109553695,0.3778859779,0.2379210889,0.2804310698,0.2768701911,0.2785761569,0.0742533356,0.06310680262
6503,CDS + 3'UTR,2,0.3330321312,0.3787059311,0.2826322019,0.2793626212,0.3086500466,0.2785103451,0.07568567991,0.06342110946
6504,CDS + 3'UTR,2,0.4549826384,0.3799700774,0.265373081,0.2788199767,0.2324451804,0.2779350068,0.04719912261,0.0632749462
6505,CDS + 3'UTR,2,0.4193816185,0.3808311056,0.2260162532,0.2778528485,0.2827503383,0.2779800218,0.07185180485,0.06333603081
6506,CDS + 3'UTR,2,0.330758214,0.3775852639,0.2629455328,0.2813848611,0.3412171304,0.277702504,0.06507909298,0.06332737785
6507,CDS + 3'UTR,2,0.3967531919,0.3786439162,0.2867986262,0.2811443971,0.2658340335,0.2770014841,0.05061414465,0.06321020871
6508,CDS + 3'UTR,2,0.3803423047,0.3790233169,0.2613760233,0.2815189159,0.298774749,0.2762600336,0.05950693786,0.06319773919
6509,CDS + 3'UTR,2,0.2960849702,0.3777250759,0.3088951111,0.2828580922,0.3286665678,0.2759677339,0.06635336578,0.06344910352
6510,CDS + 3'UTR,2,0.5134187937,0.3793085042,0.2475266457,0.2821464023,0.2002089918,0.2751526129,0.03884551302,0.06339248442
6511,CDS + 3'UTR,2,0.3558302224,0.3798678096,0.247107178,0.282257401,0.3296480775,0.2745835323,0.06741449237,0.06329125972
6512,CDS + 3'UTR,2,0.3523098528,0.3787079394,0.256603837,0.2825322678,0.3177927136,0.2752048863,0.07329364866,0.0635549095
6513,CDS + 3'UTR,2,0.3975229263,0.3798488177,0.3065303862,0.2822385537,0.2412039042,0.2745256817,0.05474276841,0.06338695032
6514,CDS + 3'UTR,2,0.4167331457,0.3799652245,0.2343579531,0.2820706738,0.2819157243,0.2746154552,0.06699311733,0.06334865033
6515,CDS + 3'UTR,2,0.2495492548,0.3784677468,0.4297114015,0.2825239098,0.2597339749,0.2754185647,0.06100540608,0.06358978241
6516,CDS + 3'UTR,2,0.5236711502,0.3803996086,0.2058654726,0.2816701801,0.2197802514,0.2744302344,0.05068317056,0.06349997935
6517,CDS + 3'UTR,2,0.2733467817,0.3807615548,0.3819133043,0.2819522349,0.2782647014,0.2737921719,0.06647526473,0.06349404086
6518,CDS + 3'UTR,2,0.3257203102,0.3787537597,0.3068313003,0.282540703,0.2986868918,0.2748667873,0.06876149029,0.06383875324
6519,CDS + 3'UTR,2,0.4422232509,0.3784503631,0.2664008141,0.2832725724,0.2382810563,0.2744436584,0.05309486017,0.06383340866
6520,CDS + 3'UTR,2,0.3287151754,0.3792488482,0.3162329793,0.2812484859,0.2826554179,0.27539124,0.0723964721,0.06411142866
6521,CDS + 3'UTR,2,0.2968963385,0.3770311009,0.2777256072,0.2819847455,0.3512869179,0.2764562372,0.07409109175,0.06452791905
6522,CDS + 3'UTR,2,0.3647924364,0.3784202445,0.3208900988,0.2812310854,0.2691393197,0.2759643145,0.04517812282,0.06438435735
6523,CDS + 3'UTR,2,0.3639901876,0.3797501311,0.3125848472,0.2808926368,0.2631084323,0.2751019195,0.06031655148,0.06425531367
6524,CDS + 3'UTR,2,0.3574458361,0.378759931,0.2301691473,0.2807793455,0.3310700357,0.2759548265,0.08131496608,0.06450589686
6525,CDS + 3'UTR,2,0.483256489,0.3788748302,0.2414299548,0.2808287708,0.2203292549,0.2758236207,0.05498433113,0.06447277791
6526,CDS + 3'UTR,2,0.415715009,0.3792321425,0.222207129,0.2811978122,0.2961639762,0.2752051622,0.06591387093,0.0643648841
6527,CDS + 3'UTR,2,0.3263748288,0.3778509952,0.2605098784,0.2814566961,0.3388442397,0.2761228494,0.07427109778,0.06456946009
6528,CDS + 3'UTR,2,0.3464108407,0.3792702135,0.3277752399,0.2811176633,0.2701262236,0.2752794592,0.05568773299,0.06433266499
6529,CDS + 3'UTR,2,0.4070336521,0.3793116439,0.2355023921,0.2815317297,0.2874264121,0.2748269213,0.07003749907,0.06432970497
6530,CDS + 3'UTR,2,0.3695293069,0.3771707591,0.2503484488,0.2820671611,0.28685987,0.2760300128,0.09326239675,0.06473206668
6531,CDS + 3'UTR,2,0.4449214935,0.3787096057,0.2234130502,0.2817459125,0.2508627474,0.2750730874,0.08080266416,0.0644713934
6532,CDS + 3'UTR,2,0.2693486214,0.3800862724,0.3439464569,0.2810045466,0.3053079247,0.2745569399,0.08139701188,0.06435224037
6533,CDS + 3'UTR,2,0.3244788051,0.3777651915,0.2899025977,0.281476857,0.3083747029,0.2759722734,0.07724391669,0.06478567882
6534,CDS + 3'UTR,2,0.4513628483,0.3773335906,0.250746876,0.2827701347,0.2356936336,0.2753515998,0.06219665334,0.06454467499
6535,CDS + 3'UTR,2,0.3997851908,0.3781304272,0.2473824173,0.2820240421,0.2758773565,0.2753854426,0.07695503533,0.06446008827
6536,CDS + 3'UTR,2,0.2092829049,0.3754602546,0.346044153,0.2826304751,0.3665871918,0.277072957,0.07808578759,0.06483631241
6537,CDS + 3'UTR,2,0.5128141642,0.376843649,0.2440429628,0.282318682,0.2060261667,0.276199835,0.03711675853,0.06463783304
6538,CDS + 3'UTR,2,0.2761858702,0.3787568202,0.3093212247,0.2810476644,0.3362746835,0.2756557861,0.07821827382,0.06453972808
6539,CDS + 3'UTR,2,0.4514315724,0.3769221446,0.2028313726,0.2810903151,0.2737415433,0.277132461,0.07199549675,0.06485507791
6540,CDS + 3'UTR,2,0.4672626257,0.3763961876,0.2594214082,0.2819703858,0.2178666294,0.2769997517,0.05544935167,0.06463367185
6541,CDS + 3'UTR,2,0.347971797,0.3763446203,0.2635481656,0.2828882366,0.3087116182,0.276282776,0.07976838946,0.06448436356
6542,CDS + 3'UTR,2,0.4649504423,0.3743168136,0.2008591294,0.2832767021,0.2572405934,0.2776378902,0.07694980502,0.06476859027
6543,CDS + 3'UTR,2,0.4827917218,0.3742667219,0.2362325191,0.2841551043,0.2328922451,0.2770853311,0.04808355123,0.06449283836
6544,CDS + 3'UTR,2,0.3981691599,0.3742482113,0.2456689179,0.2845190186,0.2874250412,0.2768667754,0.06873685867,0.06436598934
6545,CDS + 3'UTR,2,0.269349277,0.3722717801,0.4903036356,0.2848625917,0.1927449703,0.2781031031,0.04760208726,0.06476251949
6546,CDS + 3'UTR,2,0.5142617226,0.3731014231,0.2209271491,0.2850436661,0.216663003,0.277386193,0.04814808816,0.06446871208
6547,CDS + 3'UTR,2,0.377851963,0.3735245539,0.3018568158,0.2853069056,0.2592082024,0.2766441163,0.06108297035,0.06452441933
6548,CDS + 3'UTR,2,0.2763477266,0.3726703761,0.3929708004,0.2853659734,0.2562350035,0.2772116456,0.07444642484,0.06475199941
6549,CDS + 3'UTR,2,0.4651316404,0.3735423969,0.2556032538,0.2850980956,0.2259550691,0.276663522,0.05330997705,0.06469598026
6550,CDS + 3'UTR,2,0.3284233212,0.3748080397,0.3054456711,0.2843676638,0.2989076972,0.2761567827,0.06722327322,0.06466750852
6551,CDS + 3'UTR,2,0.3343884051,0.3722061334,0.3003495038,0.2849254329,0.2955129743,0.277779787,0.0697491169,0.06508864295
6552,CDS + 3'UTR,2,0.4546666741,0.373998926,0.2719009221,0.2848696202,0.2244842649,0.2763396716,0.04894819111,0.06479177894
6553,CDS + 3'UTR,2,0.368786782,0.3743952943,0.291655004,0.2847234003,0.2787948847,0.2761722865,0.06076330692,0.06470901519
6554,CDS + 3'UTR,2,0.37160182,0.3730548257,0.2631883621,0.2849996243,0.2979559898,0.2770281298,0.0672538504,0.06491741687
6555,CDS + 3'UTR,2,0.3967498541,0.3735559458,0.2761700749,0.2852482289,0.2621454,0.2765015723,0.06493463367,0.06469425084
6556,CDS + 3'UTR,2,0.3769359589,0.374318945,0.2966522574,0.2834707603,0.2616888583,0.2773306416,0.06472289562,0.06487965034
6557,CDS + 3'UTR,2,0.3004444242,0.3715979904,0.3238709867,0.2848088607,0.2995175123,0.2784124795,0.07616712153,0.06518066628
6558,CDS + 3'UTR,2,0.3734208345,0.3737961031,0.3103727698,0.2836626839,0.2577785254,0.2776937038,0.05842786655,0.06484750565
6559,CDS + 3'UTR,2,0.3542420566,0.3738441445,0.2807825208,0.2843711428,0.2880052924,0.2770583574,0.07697012275,0.06472635213
6560,CDS + 3'UTR,2,0.303668499,0.3722959936,0.3016520739,0.2849413659,0.3183224201,0.2778186401,0.07635703683,0.06494399779
6561,CDS + 3'UTR,2,0.4770924151,0.3736532651,0.2600064278,0.2844495095,0.2146507204,0.2772224844,0.04825039208,0.06467473735
6562,CDS + 3'UTR,2,0.4031148851,0.374754123,0.2769159675,0.2840903241,0.2580826581,0.2765387896,0.06188647449,0.06461676066
6563,CDS + 3'UTR,2,0.3004953861,0.3746862538,0.3272138238,0.2832841568,0.2996206284,0.2771101929,0.07267007232,0.06491939458
6564,CDS + 3'UTR,2,0.3987059593,0.3743402064,0.2648804188,0.2838148098,0.2740618885,0.2769846156,0.06235173345,0.06486036535
6565,CDS + 3'UTR,2,0.3231492937,0.3739626769,0.3376772404,0.2845110115,0.2750537992,0.2768026765,0.06411972642,0.06472363286
6566,CDS + 3'UTR,2,0.2783979475,0.3725426365,0.321046412,0.2846944708,0.3281292319,0.2779444151,0.07242640108,0.06481847493
6567,CDS + 3'UTR,2,0.5195413232,0.3730280694,0.235216707,0.2851510126,0.1991109699,0.2772297826,0.04613099992,0.06459113364
6568,CDS + 3'UTR,2,0.3601467609,0.3738113515,0.3127602339,0.2851472802,0.2640342712,0.276509973,0.06305865198,0.06453139228
6569,CDS + 3'UTR,2,0.3228461742,0.3730641309,0.2774519026,0.2849792533,0.3267048597,0.2772686154,0.0729970485,0.06468799743
6570,CDS + 3'UTR,2,0.4275778532,0.373034706,0.2874741852,0.285631026,0.2340162098,0.276856184,0.05093171448,0.06447808077
6571,CDS + 3'UTR,2,0.3534272909,0.3733690914,0.2707939446,0.2857102614,0.3110695481,0.2768013794,0.06470923871,0.06411926425
6572,CDS + 3'UTR,2,0.2985569835,0.3709855255,0.2778268754,0.289570361,0.3459924757,0.2757448077,0.07762372494,0.06369930296
6573,CDS + 3'UTR,2,0.3629412651,0.3735909257,0.3603061438,0.2883066289,0.2288124859,0.2747104716,0.0479400754,0.06339197094
6574,CDS + 3'UTR,2,0.3539865911,0.3744747177,0.2612118721,0.2879664946,0.3150932193,0.2744250733,0.06970833242,0.06313371146
6575,CDS + 3'UTR,2,0.2865343094,0.3727269121,0.3031831086,0.2887579683,0.335398078,0.2753553431,0.07488448918,0.0631597741
6576,CDS + 3'UTR,2,0.5042313933,0.3726453807,0.2507131398,0.2892035017,0.1976503432,0.2751568742,0.04740513861,0.0629942412
6577,CDS + 3'UTR,2,0.3695566654,0.3750641488,0.244753629,0.2878612235,0.31205827,0.2741516516,0.07363143563,0.06292297351
6578,CDS + 3'UTR,2,0.3617953062,0.3727017377,0.2339120507,0.2887247592,0.3291499019,0.2753478132,0.0751427114,0.06322568585
6579,CDS + 3'UTR,2,0.3357435763,0.3741977073,0.3512020707,0.2884956714,0.2611351311,0.2743433021,0.0519191362,0.06296331482
6580,CDS + 3'UTR,2,0.2835452259,0.3731610902,0.3693650663,0.2894702284,0.2870523036,0.2744062245,0.06003737077,0.06296245288
6581,CDS + 3'UTR,2,0.324154079,0.3733603839,0.2809799612,0.2887500586,0.3196174502,0.2748008939,0.07524848729,0.0630886592
6582,CDS + 3'UTR,2,0.40694803,0.3740456101,0.3081932664,0.2889189629,0.2326654643,0.2741917433,0.05219318345,0.06284367936
6583,CDS + 3'UTR,2,0.3315512836,0.3726929575,0.3117453456,0.2897402773,0.2911655903,0.2747910643,0.06553775817,0.06277569653
6584,CDS + 3'UTR,2,0.2968681455,0.3710691489,0.2928589284,0.2900755094,0.3313513994,0.2756949665,0.07892153412,0.06316037048
6585,CDS + 3'UTR,2,0.4857530594,0.3712308008,0.2405022085,0.2905798903,0.2253975272,0.2751533508,0.04834721237,0.06303595416
6586,CDS + 3'UTR,2,0.3646086752,0.3734492186,0.2840046883,0.2870424403,0.2818509936,0.2762158722,0.06953567266,0.06329246489
6587,CDS + 3'UTR,2,0.3284189701,0.3714901436,0.2915240526,0.2877092918,0.3112363815,0.2772791386,0.06882055104,0.06352142291
6588,CDS + 3'UTR,2,0.4501039684,0.3714272704,0.2399457991,0.2876924729,0.2549248636,0.2774221115,0.05502540618,0.06345814303
6589,CDS + 3'UTR,2,0.3973363936,0.3726672582,0.2504605651,0.2858568974,0.2881274223,0.2780353371,0.06407562643,0.06344050593
6590,CDS + 3'UTR,2,0.3052662909,0.3708242029,0.2921481729,0.2865862265,0.330049336,0.2789398987,0.07253626734,0.06364967129
6591,CDS + 3'UTR,2,0.4992536306,0.3732550107,0.2426421642,0.2856728941,0.2144388407,0.2777717318,0.04366537184,0.06330036228
6592,CDS + 3'UTR,2,0.3840193152,0.3738018457,0.2449062467,0.2852675669,0.3044019043,0.2776983071,0.06667254865,0.06323227906
6593,CDS + 3'UTR,2,0.2902854383,0.3717073105,0.3286283016,0.2863199767,0.3096713722,0.2784254309,0.07141490281,0.06354727964
6594,CDS + 3'UTR,2,0.456822753,0.3735697549,0.2542463243,0.2853716303,0.2397911251,0.2777037334,0.04913983494,0.06335487976
6595,CDS + 3'UTR,2,0.3105891943,0.3730828982,0.2875139117,0.2858860493,0.3260595202,0.2777324539,0.07583736628,0.06329859677
6596,CDS + 3'UTR,2,0.3059947789,0.3723212238,0.3129135072,0.2859966937,0.3063272834,0.278325725,0.07476444542,0.063356356
6597,CDS + 3'UTR,2,0.4491958022,0.3735321946,0.2902191579,0.2849853795,0.2207626402,0.278253711,0.03982241452,0.06322871372
6598,CDS + 3'UTR,2,0.3295636177,0.3736346439,0.3635080159,0.2850685012,0.24785918,0.2780736834,0.0590692088,0.06322316974
6599,CDS + 3'UTR,2,0.3183711767,0.3733431634,0.3120186627,0.2843708757,0.2991036773,0.2789987318,0.07050651312,0.06328722727
6600,CDS + 3'UTR,2,0.4372968972,0.3750983469,0.2768844664,0.2837557198,0.2349629551,0.2781782953,0.0508556366,0.06296763676
6601,CDS + 3'UTR,2,0.3849649727,0.3746973924,0.2489907742,0.2844122933,0.2965913415,0.2778952347,0.06945295632,0.0629950779
6602,CDS + 3'UTR,2,0.3593629003,0.3746598765,0.2563967109,0.2835985782,0.3148515821,0.2784888757,0.06938883662,0.06325266859
6603,CDS + 3'UTR,2,0.3363063931,0.3750539947,0.3550370932,0.2830254139,0.2530622482,0.2787136285,0.05559421331,0.06320696189
6604,CDS + 3'UTR,2,0.3272434771,0.3758796025,0.2858652771,0.2821811939,0.3165149093,0.2788773594,0.07037636638,0.06306184363
6605,CDS + 3'UTR,2,0.3696532547,0.3748875082,0.2561067045,0.2829308799,0.3116683364,0.2791719401,0.06257169694,0.06300967149
6606,CDS + 3'UTR,2,0.4545496404,0.3779080775,0.2587304711,0.280861943,0.2389933765,0.278448271,0.04772656783,0.0627817072
6607,CDS + 3'UTR,2,0.3890374005,0.3783301048,0.2602112889,0.280704218,0.2812594771,0.2782257877,0.06949178874,0.06273988886
6608,CDS + 3'UTR,2,0.2866331935,0.3774354145,0.3143330812,0.2800868383,0.33081761,0.2794056462,0.06821614504,0.06307210093
6609,CDS + 3'UTR,2,0.404679656,0.378599298,0.2876442075,0.2790258611,0.2544319034,0.2793757061,0.05324416608,0.06299913591
6610,CDS + 3'UTR,2,0.3962801397,0.3795545399,0.2566872835,0.278356611,0.2824755013,0.2791634468,0.0645570755,0.06292540375
6611,CDS + 3'UTR,2,0.2542362213,0.3789257437,0.5322210193,0.2778897617,0.1663370132,0.2799889559,0.04720576108,0.06319554066
6612,CDS + 3'UTR,2,0.4777806401,0.3789487377,0.2428478897,0.2781212475,0.2225610316,0.2798185239,0.05681044981,0.06311149304
6613,CDS + 3'UTR,2,0.3951821625,0.379691571,0.2626918554,0.2781401441,0.2855428457,0.2791481307,0.05658315867,0.06302015535
6614,CDS + 3'UTR,2,0.3115383983,0.3789086193,0.3140647709,0.2778743856,0.3101152182,0.2798722262,0.06428166479,0.06334477006
6615,CDS + 3'UTR,2,0.3932626843,0.3811010417,0.2830250859,0.2771639762,0.2599998415,0.2785818404,0.06371240318,0.06315314234
6616,CDS + 3'UTR,2,0.4027843475,0.3817196034,0.2386619002,0.277202381,0.2861693799,0.2780637747,0.07238437235,0.06301424201
6617,CDS + 3'UTR,2,0.3238212764,0.3794224504,0.313125819,0.2775568256,0.3017190993,0.2797253219,0.06133374572,0.06329540354
6618,CDS + 3'UTR,2,0.3958634436,0.3808434989,0.2909941971,0.2775697129,0.255913794,0.2787230708,0.05722859129,0.06286371858
6619,CDS + 3'UTR,2,0.3685021996,0.3813079823,0.2807959318,0.2777406486,0.2787753344,0.2781683058,0.07192654163,0.06278306446
6620,CDS + 3'UTR,2,0.4832061231,0.380982969,0.2018078268,0.2768995462,0.2494401783,0.2790780127,0.06554585695,0.063039474
6621,CDS + 3'UTR,2,0.4027898908,0.3834498856,0.2770605087,0.2753145529,0.2599795759,0.2783839211,0.06017000228,0.0628516431
6622,CDS + 3'UTR,2,0.3567382395,0.3842889722,0.2665642798,0.2750115996,0.3051862717,0.2779204827,0.07151117921,0.06277894797
6623,CDS + 3'UTR,2,0.3528870344,0.3830406174,0.2630510926,0.2750374941,0.3052044213,0.2789681708,0.07885746658,0.06295372085
6624,CDS + 3'UTR,2,0.4111013114,0.3849251341,0.2860193849,0.274330697,0.2440957874,0.2780906839,0.05878355354,0.06265348792
6625,CDS + 3'UTR,2,0.4468227029,0.3866997138,0.2073076367,0.2740848584,0.2777466774,0.2768615032,0.06812294573,0.06235392736
6626,CDS + 3'UTR,2,0.3575357199,0.3847277995,0.2742752731,0.2747805508,0.3017243147,0.277789378,0.06646472961,0.06270227451
6627,CDS + 3'UTR,2,0.3728221059,0.3852668151,0.3005113006,0.2746159742,0.2706460357,0.2775627883,0.05602058023,0.06255442519
6628,CDS + 3'UTR,2,0.3755467534,0.3858951624,0.2461247593,0.274514577,0.3052930534,0.2770648884,0.07303545624,0.06252537593
6629,CDS + 3'UTR,2,0.3176872134,0.3854568422,0.313949585,0.2740955366,0.2983199954,0.2778214788,0.07004320621,0.06262614578
6630,CDS + 3'UTR,2,0.5228879452,0.3853748392,0.2323790789,0.2750850597,0.2054543495,0.2770971576,0.03927855194,0.06244294634
6631,CDS + 3'UTR,2,0.3781352043,0.3873801958,0.2679233253,0.274232916,0.2896389961,0.2760706751,0.06430245936,0.06231621508
6632,CDS + 3'UTR,2,0.2871038616,0.3851593282,0.3560937047,0.2749302978,0.2826541662,0.2772985592,0.07414823771,0.06261181622
6633,CDS + 3'UTR,2,0.5177823305,0.3855494548,0.2157872915,0.2755259747,0.2210590839,0.2764927424,0.04537131637,0.06243182928
6634,CDS + 3'UTR,2,0.3326532841,0.3866342548,0.3043418825,0.2751959676,0.3002536297,0.2758656841,0.06275121123,0.06230409457
6635,CDS + 3'UTR,2,0.3358159065,0.385939819,0.2850216329,0.2746669369,0.3096070886,0.2768813223,0.069555372,0.06251192228
6636,CDS + 3'UTR,2,0.4738136232,0.3868122492,0.215747118,0.2753014347,0.2559277415,0.2757515747,0.05451151356,0.06213474204
6637,CDS + 3'UTR,2,0.3086403608,0.3872059289,0.3305207193,0.2752466282,0.2851153016,0.2754470941,0.07572360337,0.06210034979
6638,CDS + 3'UTR,2,0.3501023948,0.3867273103,0.2545627356,0.2741682822,0.3317824006,0.2767191943,0.06355246902,0.06238521435
6639,CDS + 3'UTR,2,0.4946567416,0.3877402414,0.2315700501,0.2734018231,0.2223703712,0.2766365446,0.05140288174,0.06222139183
6640,CDS + 3'UTR,2,0.2715921402,0.3887244318,0.3541779518,0.2727474364,0.2956775725,0.2764293525,0.07855232805,0.06209878032
6641,CDS + 3'UTR,2,0.4740911424,0.3859770842,0.194909215,0.2730388375,0.2621420026,0.2786186425,0.06885764748,0.06236543735
6642,CDS + 3'UTR,2,0.4346443415,0.3865073074,0.2310628295,0.2738592057,0.276062876,0.2776164273,0.05822993815,0.06201706077
6643,CDS + 3'UTR,2,0.3665440083,0.3871041488,0.259676218,0.273776483,0.3127191067,0.277177495,0.06106061116,0.06194187324
6644,CDS + 3'UTR,2,0.3193384111,0.3877153907,0.3248552978,0.2723315511,0.2976283431,0.2779338738,0.0581779629,0.06201918437
6645,CDS + 3'UTR,2,0.5647948384,0.3888538755,0.1721622944,0.2721192412,0.2171602696,0.2772030769,0.04588258266,0.06182380551
6646,CDS + 3'UTR,2,0.3121601343,0.3883983735,0.3084284067,0.2724251639,0.3103305697,0.2772142911,0.06908093393,0.06196217062
6647,CDS + 3'UTR,2,0.4479660988,0.3868521634,0.1858263314,0.2729106627,0.2934996486,0.2780663108,0.07270796597,0.06217086124
6648,CDS + 3'UTR,2,0.4532574415,0.3878578208,0.2278820574,0.2731295753,0.2616390586,0.2771556765,0.05722144991,0.06185692647
6649,CDS + 3'UTR,2,0.3992655277,0.389542713,0.2239118963,0.2723333862,0.3097241223,0.2763772894,0.06709847599,0.06174660982
6650,CDS + 3'UTR,2,0.3772741556,0.388699086,0.2501262426,0.2724956822,0.3000569344,0.277011681,0.07254266739,0.06179354996
6651,CDS + 3'UTR,2,0.3552668095,0.3889298748,0.2893128097,0.2723974383,0.2974349856,0.276844674,0.05798542872,0.06182801235
6652,CDS + 3'UTR,2,0.3579836488,0.390180926,0.2793385983,0.2695243394,0.292361021,0.2782986555,0.07031670958,0.06199607849
6653,CDS + 3'UTR,2,0.3003051281,0.3885888785,0.339045465,0.2694903279,0.2867401242,0.2797790483,0.07390925288,0.06214174409
6654,CDS + 3'UTR,2,0.5293803811,0.3888026405,0.2043791264,0.2697381685,0.2118623555,0.2794335801,0.05437811464,0.06202560919
6655,CDS + 3'UTR,2,0.3360192478,0.3893376272,0.3062554896,0.2691948744,0.2939528227,0.2793664046,0.06377246231,0.06210109168
6656,CDS + 3'UTR,2,0.3204591572,0.3887279592,0.2790687084,0.2692006076,0.3305741251,0.2799930494,0.06989806145,0.06207838119
6657,CDS + 3'UTR,2,0.4832405448,0.389759789,0.2457846105,0.2694789909,0.2318781763,0.2790912241,0.03909663856,0.06166999391
6658,CDS + 3'UTR,2,0.3989539742,0.391084896,0.247586906,0.2688314885,0.2847687006,0.2784658827,0.06869038194,0.06161773182
6659,CDS + 3'UTR,2,0.3097425103,0.3905792616,0.2839138806,0.2685535789,0.3339116871,0.2791237891,0.07243189961,0.06174336858
6660,CDS + 3'UTR,2,0.4808985591,0.3907757197,0.2425656021,0.268242123,0.2315249741,0.2793819934,0.04501089826,0.06160016181
6661,CDS + 3'UTR,2,0.3912810087,0.3897147968,0.2567436993,0.2688901659,0.2825423777,0.27984503,0.069432877,0.06155000543
6662,CDS + 3'UTR,2,0.307079643,0.3892660178,0.3102648258,0.2686316792,0.3164805174,0.2804898953,0.06617501378,0.06161240637
6663,CDS + 3'UTR,2,0.4823126197,0.3906079132,0.2552015781,0.2680714969,0.2209666371,0.2798990818,0.04151912406,0.06142150639
6664,CDS + 3'UTR,2,0.4388345182,0.390718412,0.2731918395,0.2681848053,0.233016938,0.2798249593,0.05495668948,0.06127182171
6665,CDS + 3'UTR,2,0.3279999197,0.3898114901,0.2961575985,0.2681019392,0.2996275127,0.2806893658,0.07621498406,0.06139720315
6666,CDS + 3'UTR,2,0.4077299237,0.3897689495,0.2708385587,0.2685226971,0.2637238204,0.2805304255,0.05770772696,0.06117792614
6667,CDS + 3'UTR,2,0.3786867559,0.3903298732,0.2834122777,0.2682869861,0.2714043856,0.2803380188,0.06649661064,0.06104511963
6668,CDS + 3'UTR,2,0.4150383472,0.3898495629,0.2064225674,0.2683431046,0.3154520988,0.2806971524,0.06308699399,0.06111017722
6669,CDS + 3'UTR,2,0.3907761574,0.39096587,0.3296224177,0.2681590691,0.2301817238,0.2799625479,0.0494196713,0.06091251047
6670,CDS + 3'UTR,2,0.4656948149,0.3919731885,0.2239766717,0.267444979,0.2479307353,0.2796891041,0.06239776686,0.06089272639
6671,CDS + 3'UTR,2,0.3215842247,0.3891268827,0.2984327078,0.2681393255,0.3126695752,0.2814648751,0.0673134625,0.06126891579
6672,CDS + 3'UTR,2,0.4152294397,0.3895846784,0.2925603986,0.2684836719,0.2399365604,0.28082007,0.05227359384,0.06111157797
6673,CDS + 3'UTR,2,0.3770694435,0.3910014678,0.3022277355,0.2677336987,0.2595067024,0.2803335495,0.06119612604,0.06093128328
6674,CDS + 3'UTR,2,0.4012678862,0.3895449385,0.2119238675,0.2681742858,0.3210421801,0.2811143432,0.06576605141,0.06116643208
6675,CDS + 3'UTR,2,0.3803836107,0.390839541,0.3382737339,0.2677345119,0.2356797159,0.2803205814,0.045662947,0.06110536503
6676,CDS + 3'UTR,2,0.3374891579,0.391742868,0.3085289896,0.2672037719,0.281968832,0.2800533798,0.07201306522,0.06099997945
6677,CDS + 3'UTR,2,0.4109063148,0.3908275362,0.203951478,0.2675273696,0.3225306571,0.2806365509,0.0626115799,0.06100854292
6678,CDS + 3'UTR,2,0.4105980992,0.3916960616,0.3021912873,0.2666732235,0.2412472069,0.2806901593,0.04596340656,0.06094055534
6679,CDS + 3'UTR,2,0.3971064091,0.3916331865,0.2596677244,0.2671876049,0.282528311,0.2802449647,0.06069759279,0.06093424377
6680,CDS + 3'UTR,1,0.2175090909,0.3897807796,0.3001965582,0.2676663842,0.4101061523,0.2814681875,0.07218819857,0.06108464771
6681,CDS + 3'UTR,2,0.4273828268,0.3915395502,0.3146202266,0.2665410116,0.2164141238,0.2811023062,0.04158283025,0.0608171307
6682,CDS + 3'UTR,2,0.4071102142,0.391666583,0.2497788966,0.2665046122,0.2797369957,0.2811710266,0.06337383389,0.06065777638
6683,CDS + 3'UTR,2,0.3852057457,0.3902631078,0.2394425422,0.2674000274,0.3135725558,0.2816282278,0.06177910417,0.06070863591
6684,CDS + 3'UTR,2,0.4183222651,0.3919508655,0.2688804865,0.2670545723,0.258051157,0.2804204298,0.05474605784,0.06057413137
6685,CDS + 3'UTR,2,0.3332130909,0.3933439687,0.2805805206,0.2659127528,0.3125654757,0.2801293252,0.07364090532,0.06061395174
6686,CDS + 3'UTR,2,0.3308528364,0.3900984544,0.2975703776,0.2677790964,0.3071549535,0.2812643763,0.06442181766,0.06085807169
6687,CDS + 3'UTR,2,0.4694899917,0.391308495,0.2777242959,0.2673336664,0.2084087282,0.2807384253,0.04437700659,0.06061941143
6688,CDS + 3'UTR,2,0.4214245677,0.390845013,0.2506379485,0.2681357194,0.2685466409,0.280487578,0.05939081311,0.0605316869
6689,CDS + 3'UTR,2,0.3371894956,0.389399866,0.3006278872,0.2687615417,0.3051832318,0.281147366,0.05699937791,0.06069122283
6690,CDS + 3'UTR,2,0.4147432446,0.3903619319,0.2488277704,0.2693256991,0.2691149414,0.2798416229,0.06731406599,0.06047074329
6691,CDS + 3'UTR,2,0.3543203175,0.3901248105,0.3023731112,0.2698102029,0.2826555371,0.2797677988,0.06065105274,0.06029718546
6692,CDS + 3'UTR,2,0.3504168391,0.3898972541,0.2401269674,0.2699626928,0.3409924507,0.2798128041,0.06846369803,0.06032724613
6693,CDS + 3'UTR,2,0.4122831225,0.3908112649,0.2825191021,0.2697001567,0.2579053938,0.2793425815,0.04729236662,0.06014599418
6694,CDS + 3'UTR,2,0.3543373346,0.3914637309,0.2706012428,0.2689660879,0.304741174,0.2794397997,0.0703202635,0.06013037907
6695,CDS + 3'UTR,2,0.3444892466,0.389322662,0.2834837437,0.269527318,0.3101314306,0.2806756383,0.0618955642,0.0604743802
6696,CDS + 3'UTR,2,0.4853307307,0.3904549189,0.2609325647,0.2686485719,0.2140233517,0.2803154087,0.03971339017,0.06058109822
6697,CDS + 3'UTR,2,0.4298298359,0.3916084234,0.2613256276,0.2679834351,0.2516917884,0.2797965469,0.05715277791,0.06061159205
6698,CDS + 3'UTR,2,0.3554126918,0.3898648169,0.2687614262,0.268454887,0.3085463047,0.2807895623,0.06727953255,0.06089073229
6699,CDS + 3'UTR,2,0.3842188418,0.3899585173,0.2558794618,0.2690132838,0.2994316816,0.2803246258,0.06046999991,0.06070357193
6700,CDS + 3'UTR,2,0.3983322978,0.3919255778,0.2536512613,0.2680619659,0.286483109,0.2794843303,0.06153334677,0.06052812538
6701,CDS + 3'UTR,2,0.3668875694,0.3903336287,0.2563815713,0.2686497321,0.3115687966,0.280262688,0.06516207755,0.0607539501
6702,CDS + 3'UTR,2,0.4640898705,0.3913379714,0.2217496932,0.2684380943,0.2579211891,0.2796801282,0.05623918027,0.06054380573
6703,CDS + 3'UTR,2,0.3617269397,0.3919870805,0.272115767,0.2679361111,0.2992746234,0.2795292957,0.06688269228,0.06054751202
6704,CDS + 3'UTR,2,0.3385475576,0.3899277713,0.2793900967,0.2688094119,0.3132483065,0.2805016188,0.06881406903,0.06076119812
6705,CDS + 3'UTR,2,0.4434194565,0.3902882546,0.2409682721,0.2688458985,0.2650314569,0.2802915135,0.05058078468,0.06057433337
6706,CDS + 3'UTR,2,0.4024096131,0.3908886198,0.25541839,0.2688641978,0.2863317728,0.2799359987,0.05584020913,0.06031118426
6707,CDS + 3'UTR,2,0.3343972862,0.3909780305,0.305000782,0.2685498482,0.2993767262,0.280011077,0.06122518703,0.0604610444
6708,CDS + 3'UTR,2,0.4648513198,0.3910603259,0.2314019203,0.268327097,0.2465246916,0.2800771108,0.05722211674,0.06053546676
6709,CDS + 3'UTR,2,0.3982726932,0.3904528596,0.2568223774,0.26897534,0.2764444947,0.279942034,0.06846047938,0.06062976578
6710,CDS + 3'UTR,2,0.2951834798,0.3903372943,0.2879267931,0.2681322513,0.3475160301,0.2808282772,0.06937370449,0.06070217704
6711,CDS + 3'UTR,2,0.4147588611,0.3893145237,0.2954710424,0.269131515,0.2380545884,0.2809467429,0.0517154336,0.06060721851
6712,CDS + 3'UTR,2,0.400447011,0.3901171837,0.2960958481,0.2688384352,0.2437325269,0.2805419633,0.05972466245,0.06050241808
6713,CDS + 3'UTR,2,0.4012599885,0.389306229,0.2510342598,0.2687680399,0.2835225761,0.2812423794,0.06418322027,0.06068335273
6714,CDS + 3'UTR,2,0.4362214804,0.3893015727,0.2691599727,0.2686686004,0.2367526889,0.2813002905,0.0578658469,0.0607295373
6715,CDS + 3'UTR,2,0.408082068,0.3886282995,0.2425624281,0.2697980439,0.2882309556,0.2808160817,0.06112452596,0.06075757616
6716,CDS + 3'UTR,2,0.4005870819,0.3891254097,0.2416349351,0.2683288136,0.3025814295,0.2815461947,0.05519659072,0.06099958341
6717,CDS + 3'UTR,2,0.3781223893,0.3898456682,0.2621890306,0.268063117,0.289403975,0.2813295359,0.07028459758,0.06076167976
6718,CDS + 3'UTR,2,0.3450723886,0.3889189936,0.2957132459,0.2691618705,0.2961668372,0.2810295725,0.06304754317,0.0608895632
6719,CDS + 3'UTR,2,0.3464641869,0.3881701097,0.2698723972,0.2688127732,0.3202281892,0.2819530061,0.06343519688,0.06106411135
6720,CDS + 3'UTR,2,0.4122937918,0.3898117512,0.2641481459,0.2683874076,0.2664070725,0.2809445804,0.05715096742,0.06085625999
6721,CDS + 3'UTR,2,0.4842537642,0.3924110178,0.1919972599,0.2676944371,0.267639637,0.2791437862,0.05610930175,0.060750758
6722,CDS + 3'UTR,2,0.322366327,0.3917726342,0.3026960492,0.2669619419,0.3126389682,0.2801574143,0.06229870021,0.06110800849
6723,CDS + 3'UTR,2,0.5015646219,0.3924235962,0.2320398092,0.267121036,0.2160952687,0.2794575134,0.05030024797,0.06099785399
6724,CDS + 3'UTR,2,0.4307866693,0.3927590389,0.2335097343,0.2671313303,0.2743399739,0.2789856212,0.06136359274,0.06112400973
6725,CDS + 3'UTR,2,0.3051536977,0.3917325519,0.3214697838,0.2673751442,0.3079643548,0.2796773491,0.06541217864,0.06121495529
6726,CDS + 3'UTR,2,0.4089633822,0.392774713,0.2727940083,0.2673232319,0.2682544887,0.2789544398,0.04998811334,0.06094761644
6727,CDS + 3'UTR,2,0.4108875394,0.3934855569,0.2499905676,0.2667601539,0.2734318674,0.2788482295,0.06569000334,0.06090606167
6728,CDS + 3'UTR,2,0.3376456797,0.3923692502,0.2779478431,0.2667028116,0.3144221008,0.2798413083,0.06998432428,0.06108663189
6729,CDS + 3'UTR,2,0.4762308002,0.3925468802,0.2690444887,0.2667445326,0.2052646726,0.2796826079,0.04946011305,0.06102598109
6730,CDS + 3'UTR,2,0.358304441,0.3934840273,0.2888865471,0.2659108523,0.2941510081,0.2795586608,0.05865804106,0.06104646106
6731,CDS + 3'UTR,2,0.3370622993,0.391676357,0.3015120029,0.2688599179,0.3010354042,0.2786508614,0.06039028242,0.06081286543
6732,CDS + 3'UTR,2,0.431104511,0.3931755621,0.2583357096,0.2681603452,0.2547432184,0.2779244412,0.05581655353,0.06073965253
6733,CDS + 3'UTR,2,0.3525024056,0.3935312632,0.2803199589,0.2683411894,0.2945175767,0.2774542607,0.07266004384,0.06067328835
6734,CDS + 3'UTR,2,0.358094871,0.3934984308,0.2492775321,0.2677487271,0.310729444,0.2778848995,0.08189820498,0.06086794445
6735,CDS + 3'UTR,2,0.4265998006,0.3941172983,0.2359558046,0.2681911217,0.2651344538,0.2770714879,0.0723099038,0.060620094
6736,CDS + 3'UTR,2,0.4127395153,0.3951626539,0.2258577645,0.2674663521,0.2890651822,0.2767648753,0.07233756781,0.06060612081
6737,CDS + 3'UTR,2,0.3437520266,0.3943008345,0.2835007608,0.2669591961,0.3113194108,0.2778813075,0.06142785773,0.06085866336
6738,CDS + 3'UTR,2,0.4064500034,0.3943502985,0.2922586501,0.2672404783,0.247573778,0.2777289923,0.05371755362,0.06068023224
6739,CDS + 3'UTR,2,0.4671073556,0.3950272482,0.2078084499,0.2669189017,0.2666880488,0.2774605464,0.0583961755,0.06059330548
6740,CDS + 3'UTR,2,0.3535426259,0.3945246372,0.2895869017,0.2674961898,0.2937935889,0.2773986947,0.0630768761,0.0605804807
6741,CDS + 3'UTR,2,0.4716284275,0.3962125581,0.2398126721,0.2669291981,0.2359375954,0.2765794624,0.05262132734,0.06027878374
6742,CDS + 3'UTR,2,0.3590083718,0.3957372267,0.2701061666,0.2674808297,0.3044139147,0.2765400264,0.06647151709,0.06024191952
6743,CDS + 3'UTR,2,0.3175678849,0.394744445,0.3250656426,0.2679018274,0.2987524867,0.2770317115,0.05861401185,0.06032201932
6744,CDS + 3'UTR,2,0.4676731825,0.3962987814,0.2761107683,0.2677360021,0.2162085176,0.2758628052,0.04000750929,0.06010241439
6745,CDS + 3'UTR,2,0.3760291338,0.3971359029,0.2976215482,0.2674297929,0.271186322,0.2753503885,0.05516305566,0.06008391851
6746,CDS + 3'UTR,2,0.4148827791,0.3955813155,0.2456905842,0.2677767726,0.2697300911,0.2763338581,0.06969653815,0.06030805768
6747,CDS + 3'UTR,2,0.3852703869,0.3961710572,0.2655921876,0.2681102345,0.2766870856,0.2754868519,0.0724503994,0.06023186049
6748,CDS + 3'UTR,2,0.3664410412,0.3971250821,0.2582820058,0.2674724048,0.3046459556,0.2750931188,0.07063091546,0.06030939836
6749,CDS + 3'UTR,2,0.3815309405,0.3952412702,0.2621753216,0.2681397973,0.3010811806,0.276145706,0.05521257222,0.06047322988
6750,CDS + 3'UTR,2,0.3838731647,0.3952900179,0.3039177656,0.2683636853,0.2574079931,0.2759296101,0.0548010841,0.06041668928
6751,CDS + 3'UTR,2,0.3857970238,0.3964459501,0.2749863267,0.267962213,0.2802872062,0.2752087284,0.05892942846,0.0603831111
6752,CDS + 3'UTR,2,0.3503530622,0.3950146865,0.2869287729,0.2682035493,0.2959698439,0.2761773957,0.06674836576,0.06060437229
6753,CDS + 3'UTR,2,0.3766969442,0.3957057901,0.2942725718,0.2680663811,0.2641395926,0.2758022938,0.06489089131,0.06042553857
6754,CDS + 3'UTR,2,0.3474060297,0.3965291746,0.3022793531,0.2674998222,0.282305479,0.2755969603,0.06800916046,0.06037404602
6755,CDS + 3'UTR,2,0.4201524258,0.3954426054,0.2207353115,0.2679231441,0.2940887511,0.2761596363,0.06502352655,0.06047461708
6756,CDS + 3'UTR,2,0.3951098323,0.3961762093,0.287273258,0.2678785481,0.2646361291,0.2755593691,0.05298077315,0.06038587666
6757,CDS + 3'UTR,2,0.3367723525,0.3967939429,0.291851759,0.2676634166,0.2985335886,0.2751515161,0.07284225523,0.06039112727
6758,CDS + 3'UTR,2,0.3506873846,0.3950964643,0.2742635012,0.2708095189,0.3151218891,0.2738993444,0.05992725864,0.0601946753
6759,CDS + 3'UTR,2,0.5284377337,0.3969166888,0.225638479,0.2701906499,0.2018542588,0.272868485,0.04406948388,0.06002417905
6760,CDS + 3'UTR,2,0.4254504144,0.3966310317,0.2447589189,0.2710273542,0.2660426199,0.2723718759,0.06374803931,0.05996974111
6761,CDS + 3'UTR,2,0.3763121367,0.395423021,0.2560206056,0.2714479778,0.2975043654,0.2729522519,0.07016286999,0.06017675307
6762,CDS + 3'UTR,2,0.4591871798,0.3946537247,0.2625064254,0.2723340478,0.2237449288,0.272751569,0.05456147343,0.06026066309
6763,CDS + 3'UTR,2,0.4120411575,0.3948075427,0.2402660847,0.2723978177,0.2758211792,0.2726086058,0.07187156379,0.06018603807
6764,CDS + 3'UTR,2,0.3362033069,0.3935507333,0.2883855999,0.272575181,0.3133893907,0.2734721977,0.06202170253,0.06040189331
6765,CDS + 3'UTR,2,0.4165859818,0.3930574438,0.2764275372,0.2730433417,0.254732728,0.2734628294,0.05225379765,0.06043639053
6766,CDS + 3'UTR,2,0.3877203465,0.3945921293,0.2525241375,0.2723172473,0.2986581326,0.2727993328,0.06109743565,0.06029129564
6767,CDS + 3'UTR,2,0.3801854551,0.3943398876,0.2731369138,0.2720852712,0.2878550291,0.2731287897,0.05882262439,0.06044605649
6768,CDS + 3'UTR,2,0.4356349707,0.3942540022,0.2539756298,0.2720084745,0.2558506131,0.2732476853,0.05453874916,0.0604898429
6769,CDS + 3'UTR,2,0.4121612608,0.3941483369,0.2339334637,0.2722924482,0.2952674627,0.2731288049,0.05863777548,0.06043041549
6770,CDS + 3'UTR,2,0.270129621,0.3921208898,0.4847530127,0.2728627034,0.1964909881,0.2743671929,0.04862641543,0.06064921874
6771,CDS + 3'UTR,2,0.4742567241,0.393498023,0.2464073002,0.2727836218,0.2245419174,0.273242506,0.05479402095,0.06047585439
6772,CDS + 3'UTR,2,0.378872931,0.3932727424,0.2545945048,0.2723884352,0.3033780158,0.2735327773,0.06315456331,0.06080604992
6773,CDS + 3'UTR,2,0.4096565247,0.391178727,0.2351221144,0.2729780778,0.2923564911,0.2746134996,0.06286485493,0.06122970027
6774,CDS + 3'UTR,2,0.4038467407,0.3929185553,0.3059928119,0.2722866841,0.2396682501,0.2738500921,0.05049222708,0.06094467319
6775,CDS + 3'UTR,2,0.4281176925,0.3925283028,0.2255021781,0.2732684687,0.2856024206,0.273463962,0.06077770889,0.06073927111
6776,CDS + 3'UTR,2,0.4163851738,0.3910792371,0.2203600854,0.2747455865,0.3033379316,0.2734693108,0.0599167943,0.06070587025
6777,CDS + 3'UTR,2,0.4337869585,0.3924769646,0.2838281989,0.2747830767,0.2395065725,0.2723849947,0.04287828878,0.06035496835
6778,CDS + 3'UTR,2,0.4095686674,0.3920760276,0.2430353016,0.274926392,0.287070632,0.2723764779,0.06032539159,0.06062110574
6779,CDS + 3'UTR,2,0.3440099657,0.3913801191,0.3020625114,0.2745996583,0.2944835424,0.2732313242,0.05944401771,0.06078890185
6780,CDS + 3'UTR,2,0.5333659649,0.3904545268,0.208291918,0.2760225112,0.2209445238,0.2727523046,0.03739758953,0.06077065989
6781,CDS + 3'UTR,2,0.3288610578,0.3901087759,0.3005121052,0.2763359742,0.3084139228,0.2727328362,0.06221294031,0.06082241582
6782,CDS + 3'UTR,2,0.3846673369,0.3876979126,0.2554295063,0.2780834632,0.2972559929,0.273182747,0.06264716387,0.06103587877
6783,CDS + 3'UTR,2,0.4860738516,0.3898949994,0.25884974,0.277084144,0.2057621181,0.2721475253,0.04931429774,0.06087333355
6784,CDS + 3'UTR,2,0.4055172801,0.390567298,0.2548933625,0.2764994396,0.2722549736,0.2720140809,0.06733439863,0.06091918335
6785,CDS + 3'UTR,2,0.3190524578,0.3892200245,0.2687266469,0.2764499387,0.3437090218,0.2731228014,0.06851191819,0.06120723761
6786,CDS + 3'UTR,2,0.4495889544,0.3898273231,0.2820953429,0.2761699347,0.2185712755,0.2727718635,0.04974443465,0.06123088016
6787,CDS + 3'UTR,2,0.4107192755,0.3891566535,0.2539744079,0.2767374782,0.2678780854,0.2728893919,0.06742821634,0.06121647791
6788,CDS + 3'UTR,2,0.3141463697,0.3889711229,0.2847933173,0.2770287162,0.3307316601,0.2728576353,0.07032863796,0.0611425268
6789,CDS + 3'UTR,2,0.4021725059,0.3899392972,0.2747334242,0.2767381059,0.2591568232,0.2722791588,0.0639372319,0.06104343995
6790,CDS + 3'UTR,2,0.3876580596,0.3907503122,0.2558090091,0.2760253742,0.2898454964,0.2720292294,0.06668744981,0.06119508562
6791,CDS + 3'UTR,2,0.3002577722,0.3895606628,0.3147779405,0.2760623556,0.3155479729,0.2729724674,0.06941632926,0.06140451604
6792,CDS + 3'UTR,2,0.455735296,0.3900528012,0.2851223946,0.2761789452,0.2137243748,0.2724343212,0.04541796446,0.06133393464
6793,CDS + 3'UTR,2,0.4671307504,0.3901729552,0.2057095468,0.275997404,0.2670958936,0.272486403,0.06006381661,0.06134323883
6794,CDS + 3'UTR,2,0.349295944,0.3898409465,0.3030257225,0.2758621365,0.2817667723,0.2727628304,0.06591153145,0.06153408769
6795,CDS + 3'UTR,2,0.4667703807,0.3910501288,0.2389947474,0.2750040054,0.2402095795,0.2725139854,0.0540252924,0.06143188225
6796,CDS + 3'UTR,2,0.4500057697,0.3901269181,0.2244244218,0.2760177426,0.2699531913,0.2724017074,0.05561663955,0.06145363385
6797,CDS + 3'UTR,2,0.2423240989,0.3895658335,0.513877213,0.2762017783,0.1892302334,0.2725015422,0.05456843972,0.06173084872
6798,CDS + 3'UTR,2,0.4906903505,0.3911592161,0.2462037206,0.27530606,0.2136980891,0.271909246,0.0494078435,0.06162548149
6799,CDS + 3'UTR,2,0.3236116171,0.3913815564,0.3368087411,0.2751060551,0.2804994583,0.2717539268,0.05908016115,0.06175846462
6800,CDS + 3'UTR,2,0.3156529367,0.3884995529,0.2977980375,0.2761054149,0.3128371537,0.273220749,0.07371192425,0.06217428693
6801,CDS + 3'UTR,2,0.4227100611,0.3895553758,0.2628828585,0.2757751018,0.2515850067,0.2726697708,0.0628221035,0.06199975549
6802,CDS + 3'UTR,2,0.3346717656,0.3893436013,0.3077976406,0.2761300072,0.3012019098,0.2724673806,0.05632869899,0.06205901527
6803,CDS + 3'UTR,2,0.4010198712,0.3871842029,0.2462288737,0.2769810431,0.2851826251,0.2735395117,0.06756866723,0.06229524636
6804,CDS + 3'UTR,2,0.3913235068,0.3884063764,0.2709625959,0.2769670196,0.2735905051,0.2726140972,0.06412336975,0.06201251135
6805,CDS + 3'UTR,2,0.4279285371,0.3888015771,0.2633822262,0.276884019,0.2548846304,0.2722509652,0.05380458757,0.06206344315
6806,CDS + 3'UTR,2,0.3887840509,0.3883457305,0.2542359233,0.2765499273,0.2946110368,0.272719999,0.06236898154,0.06238434683
6807,CDS + 3'UTR,2,0.4040167034,0.3883360883,0.2438468337,0.2771398081,0.282943517,0.2720228039,0.06919291615,0.06250130306
6808,CDS + 3'UTR,2,0.3291924596,0.387513751,0.3006657362,0.2775088539,0.3049116731,0.2721714139,0.06523013115,0.06280598394
6809,CDS + 3'UTR,2,0.3140350282,0.3874542886,0.3146649003,0.2769439841,0.3043357134,0.2724606097,0.06696437299,0.06314112167
6810,CDS + 3'UTR,2,0.4684751034,0.3871426539,0.2825600207,0.2775025934,0.2041760534,0.2721680082,0.04478889331,0.06318674926
6811,CDS + 3'UTR,2,0.3190398514,0.3885408645,0.2698970735,0.2749225944,0.3242571056,0.2732038381,0.08680592477,0.06333270743
6812,CDS + 3'UTR,2,0.2635832727,0.3871584883,0.3055071235,0.2754324049,0.3412010074,0.2739516895,0.08970858157,0.0634574228
6813,CDS + 3'UTR,2,0.4916886687,0.3878575807,0.2250084579,0.2753114171,0.2334449738,0.2733211804,0.04985787719,0.06350982739
6814,CDS + 3'UTR,2,0.3268746734,0.3868996015,0.3278203011,0.2762150999,0.2798390388,0.2733142372,0.06546603888,0.06357106688
6815,CDS + 3'UTR,2,0.3106745481,0.38545873,0.3541252315,0.2763127372,0.2655623555,0.274300788,0.06963783503,0.06392774964
6816,CDS + 3'UTR,2,0.5245577097,0.3858755833,0.2288569808,0.2766120018,0.2023198903,0.2735390954,0.04426541552,0.06397332428
6817,CDS + 3'UTR,2,0.3116770685,0.3849364435,0.2949659824,0.2773652293,0.3106380701,0.2736198805,0.08271884918,0.06407845197
6818,CDS + 3'UTR,2,0.350777328,0.3833144905,0.266119957,0.2776434988,0.3159614801,0.2745871082,0.06714124233,0.06445490778
6819,CDS + 3'UTR,2,0.3930599689,0.384187725,0.3216366768,0.2777091779,0.2283664793,0.2737600498,0.05693681911,0.06434305273
6820,CDS + 3'UTR,2,0.3258825541,0.3836853476,0.3146639466,0.2775800347,0.2922361195,0.2740899052,0.06721735001,0.06464471724
6821,CDS + 3'UTR,2,0.2787593603,0.3822726624,0.3796117902,0.2775849596,0.2719304562,0.2749291446,0.06969836354,0.06521323747
6822,CDS + 3'UTR,2,0.5347753167,0.383646615,0.1901606321,0.2768997476,0.2215961814,0.2742332209,0.05346789956,0.06522042071
6823,CDS + 3'UTR,2,0.3713517785,0.3831331847,0.2782892883,0.277190784,0.2880769372,0.274243838,0.06228199601,0.06543219751
6824,CDS + 3'UTR,2,0.3598912954,0.3810791528,0.2721506953,0.2776599027,0.3049061596,0.2754318573,0.0630518496,0.06582909152
6825,CDS + 3'UTR,2,0.4246130288,0.3817655807,0.2752212286,0.2777985144,0.2431112826,0.2748259639,0.05705446005,0.06560994484
6826,CDS + 3'UTR,2,0.3612292111,0.3818549884,0.2910940647,0.2782978524,0.2791323662,0.2741274765,0.06854435802,0.06571968575
6827,CDS + 3'UTR,2,0.3704279363,0.3809871515,0.2888912261,0.2777125204,0.2741465569,0.2751965744,0.06653431058,0.06610375666
6828,CDS + 3'UTR,2,0.4438949823,0.3809725462,0.2350331843,0.2778976278,0.2583678365,0.2749140739,0.06270396709,0.06621575519
6829,CDS + 3'UTR,2,0.4464121461,0.3806577159,0.2051567882,0.2784339393,0.2810868323,0.2745093387,0.06734422594,0.06639900957
6830,CDS + 3'UTR,2,0.2887012064,0.3802993534,0.306876272,0.2778615344,0.3328670263,0.2751015712,0.07155551761,0.06673754477
6831,CDS + 3'UTR,2,0.425168097,0.3812368928,0.2843134999,0.2778327171,0.2372355163,0.2742730787,0.05328291655,0.06665731487
6832,CDS + 3'UTR,2,0.359965384,0.3829549609,0.2724054754,0.2768199414,0.3001363873,0.2736234074,0.06749270111,0.06660169275
6833,CDS + 3'UTR,2,0.3501362503,0.3808951834,0.2834511697,0.2776373252,0.2862537801,0.2744739996,0.08015879989,0.06699349391
6834,CDS + 3'UTR,2,0.4441406131,0.3801447405,0.2336288691,0.2781447515,0.2623978853,0.2744691422,0.05983272567,0.06724136784
6835,CDS + 3'UTR,2,0.3462955654,0.379449833,0.3018342853,0.2783737835,0.2851065099,0.2746984081,0.06676365435,0.06747797769
6836,CDS + 3'UTR,2,0.3502230644,0.3779360516,0.3019961119,0.2784132682,0.2726229131,0.2756416241,0.07515796274,0.06800905843
6837,CDS + 3'UTR,2,0.464242965,0.3776106184,0.220194295,0.2787767027,0.2511498928,0.2754340453,0.06441287696,0.06817863504
6838,CDS + 3'UTR,2,0.3684746027,0.3789089311,0.2582631111,0.2761266038,0.3026963472,0.2766038412,0.07056590915,0.06836062563
6839,CDS + 3'UTR,2,0.2978774607,0.3770447627,0.3055872619,0.2762292806,0.3192000389,0.2778771641,0.07733526826,0.06884879414
6840,CDS + 3'UTR,2,0.5099162459,0.3794006474,0.2183338702,0.274727701,0.2219643593,0.2771544857,0.04978552461,0.06871716767
6841,CDS + 3'UTR,2,0.359370172,0.3795288984,0.2844130397,0.2747744199,0.2813131511,0.2769742647,0.07490365207,0.06872241846
6842,CDS + 3'UTR,2,0.2864353061,0.3777047124,0.3305892944,0.2751473524,0.3095154166,0.2780708449,0.07345996052,0.06907709059
6843,CDS + 3'UTR,2,0.5098150373,0.379393252,0.239144206,0.2742342465,0.2017880231,0.2772645582,0.04925276339,0.06910794363
6844,CDS + 3'UTR,2,0.3678193688,0.3784815785,0.281745553,0.2749733977,0.2843388319,0.2773694448,0.06609624624,0.06917557898
6845,CDS + 3'UTR,2,0.3801182508,0.3772168491,0.2497002035,0.2770167727,0.2922554314,0.276599586,0.07792609185,0.0691667926
6846,CDS + 3'UTR,2,0.3869489729,0.3782397084,0.2997145951,0.2764562368,0.24288252,0.2761430217,0.07045393437,0.0691610341
6847,CDS + 3'UTR,2,0.3143984675,0.3775245879,0.3026605844,0.2775339514,0.2997438312,0.2758239912,0.0831970945,0.06911747074
6848,CDS + 3'UTR,2,0.4308779836,0.3765541986,0.2087860405,0.2779858876,0.2789862752,0.2762015047,0.08134976774,0.06925841104
6849,CDS + 3'UTR,2,0.3872304857,0.3780053832,0.27862221,0.2776695505,0.2718593478,0.2752083404,0.06228798255,0.06911672773
6850,CDS + 3'UTR,2,0.381986469,0.3791874129,0.2783530951,0.2767664973,0.2793573737,0.2749307631,0.06030306965,0.06911532814
6851,CDS + 3'UTR,2,0.3636666238,0.3765189309,0.287192136,0.2774908315,0.2843700349,0.2764343537,0.06477124989,0.06955588474
6852,CDS + 3'UTR,2,0.4348003268,0.3779643811,0.2449154854,0.2773278482,0.2529372871,0.2754869061,0.0673469305,0.06922086589
6853,CDS + 3'UTR,2,0.3330181837,0.3797988202,0.3074167371,0.2766909502,0.2918010354,0.2745832132,0.06776401401,0.06892701807
6854,CDS + 3'UTR,2,0.2885770202,0.3777477115,0.313803792,0.2775619742,0.31859231,0.2753885843,0.07902684808,0.06930173188
6855,CDS + 3'UTR,2,0.4614659548,0.3789750945,0.2494433522,0.2766190656,0.2246670127,0.2750690944,0.06442368031,0.06933674626
6856,CDS + 3'UTR,2,0.3412539959,0.3790245954,0.2806182802,0.2760885615,0.3098007441,0.2755568095,0.06832700968,0.06933003394
6857,CDS + 3'UTR,2,0.3040307164,0.3764263377,0.3060897589,0.277106322,0.3168847859,0.2768462133,0.07299475372,0.06962112742
6858,CDS + 3'UTR,2,0.4794274271,0.3790992212,0.2482896298,0.2762357632,0.2209059596,0.2754903067,0.05137698725,0.06917471024
6859,CDS + 3'UTR,2,0.3038197756,0.3790660214,0.2917310596,0.27680523,0.320871979,0.2749020133,0.08357717842,0.06922673644
6860,CDS + 3'UTR,2,0.4203511477,0.3778093424,0.2086859047,0.2763682878,0.2880836725,0.2763413733,0.08287920803,0.06948099891
6861,CDS + 3'UTR,2,0.4387772679,0.3798802529,0.2456951439,0.2754812803,0.2527400255,0.2753416155,0.06278759986,0.06929685427
6862,CDS + 3'UTR,2,0.343592912,0.3801748607,0.2787124217,0.2744394723,0.2981053591,0.2759192277,0.07958930731,0.0694664428
6863,CDS + 3'UTR,2,0.3217512965,0.3788862411,0.2963792384,0.2742935715,0.3008036613,0.2768805675,0.08106581867,0.06993962377
6864,CDS + 3'UTR,2,0.4604315162,0.3798303548,0.2659823,0.2738850089,0.2237835079,0.2763451172,0.04980266467,0.06993952226
6865,CDS + 3'UTR,2,0.3262050748,0.379910763,0.3086736798,0.2737403469,0.287830025,0.2763940765,0.07729119062,0.06995481672
6866,CDS + 3'UTR,2,0.3801620007,0.3783484001,0.2352687865,0.2744123297,0.3040991127,0.2769652599,0.0804701075,0.07027401282
6867,CDS + 3'UTR,2,0.4095508456,0.3801001787,0.2687830031,0.2734852279,0.2452780455,0.2762944803,0.0763880983,0.0701201159
6868,CDS + 3'UTR,2,0.2889599502,0.3788351826,0.3276982307,0.2737070078,0.2983528376,0.2770719714,0.08498898894,0.07038584077
6869,CDS + 3'UTR,2,0.3735035062,0.3786985978,0.2289410383,0.2730931768,0.3065354228,0.2775017656,0.09102004766,0.07070646281
6870,CDS + 3'UTR,2,0.4626612067,0.3784036808,0.2535036206,0.2736235633,0.2235661,0.2772549216,0.06026905775,0.07071783706
6871,CDS + 3'UTR,2,0.437703222,0.3798743002,0.2337558866,0.2728765912,0.2635742724,0.27657388,0.06496655941,0.07067523138
6872,CDS + 3'UTR,2,0.2909530997,0.3786665209,0.3505131006,0.2730501883,0.2817717493,0.2772712659,0.07676205784,0.07101202724
6873,CDS + 3'UTR,2,0.4070953131,0.3800909005,0.2463036478,0.2727466026,0.2667073011,0.2763487106,0.07989373058,0.07081378861
6874,CDS + 3'UTR,2,0.2937033474,0.3800188519,0.3213482797,0.2731866261,0.3001080453,0.2761533914,0.08484032005,0.0706411337
6875,CDS + 3'UTR,2,0.3456678689,0.3782186467,0.2421535254,0.2743753163,0.3156668544,0.2765462762,0.09651175141,0.07085976237
6876,CDS + 3'UTR,2,0.4239711165,0.3811194815,0.2534991801,0.2731983779,0.2533468902,0.2750851868,0.06918276846,0.07059695553
6877,CDS + 3'UTR,2,0.3461891115,0.3804284796,0.301869303,0.2735596454,0.2828139067,0.2753334502,0.06912768632,0.07067842605
6878,CDS + 3'UTR,2,0.3415568769,0.3787021656,0.2544178665,0.274155068,0.3155639172,0.2763399111,0.08846132457,0.07080285568
6879,CDS + 3'UTR,2,0.5120823979,0.3798773084,0.2166823745,0.2744212393,0.2226851881,0.2752472857,0.04855004326,0.07045416776
6880,CDS + 3'UTR,2,0.325913012,0.3818556421,0.3015355468,0.2733789802,0.2984194756,0.2744084256,0.07413198799,0.07035695221
6881,CDS + 3'UTR,2,0.2767751813,0.379694904,0.2927174568,0.2738425914,0.3393114209,0.2756991623,0.09119587392,0.07076334227
6882,CDS + 3'UTR,2,0.4697549343,0.3804795846,0.2347491682,0.2731682204,0.2366989702,0.2756818244,0.05879694223,0.07067037057
6883,CDS + 3'UTR,2,0.3280859888,0.3813425262,0.3053609729,0.2723198153,0.2935735583,0.275634508,0.07297949493,0.07070315098
6884,CDS + 3'UTR,2,0.2901451588,0.3790007886,0.434432596,0.2727324974,0.2120018005,0.277203846,0.06342045963,0.07106286781
6885,CDS + 3'UTR,2,0.5097572803,0.3797561798,0.2185393572,0.2732638843,0.2183594853,0.2761610344,0.053343907,0.07081890116
6886,CDS + 3'UTR,2,0.3315744102,0.3795846369,0.3404530883,0.2734003922,0.2690885961,0.2762491278,0.05888391286,0.07076584287
6887,CDS + 3'UTR,2,0.3263855577,0.3785924077,0.2800017297,0.2734061746,0.3131445944,0.2771493528,0.08046814054,0.07085206434
6888,CDS + 3'UTR,2,0.4452872276,0.3802258216,0.2753587663,0.2728175322,0.2254585326,0.2764984243,0.05389546603,0.07045822199
6889,CDS + 3'UTR,2,0.4085974097,0.3785483684,0.2424206436,0.2744817054,0.2821295261,0.2766951397,0.06685240567,0.070274786
6890,CDS + 3'UTR,2,0.2549965382,0.3777721114,0.3405067623,0.2748929517,0.3244633079,0.276859387,0.08003342152,0.07047554883
6891,CDS + 3'UTR,2,0.4346758723,0.3788616374,0.2568584085,0.2749330057,0.2484612912,0.2758813852,0.06000441685,0.07032397105
6892,CDS + 3'UTR,2,0.4103384018,0.3786246672,0.254555285,0.2749667706,0.26890558,0.2759480698,0.06620075554,0.07046049139
6893,CDS + 3'UTR,2,0.3275999725,0.3768437538,0.2946903706,0.2757460205,0.2978746593,0.2768882586,0.07983498275,0.07052196558
6894,CDS + 3'UTR,2,0.4250653088,0.3787135635,0.2523876131,0.2751714213,0.2542798519,0.275888806,0.06826718897,0.07022620854
6895,CDS + 3'UTR,2,0.3146346211,0.3793825652,0.3116849065,0.275327214,0.304579556,0.2752169317,0.06910084933,0.07007328854
6896,CDS + 3'UTR,2,0.3166970909,0.3780945964,0.3102778196,0.2755095521,0.3054721951,0.2761172658,0.06755289435,0.070278585
6897,CDS + 3'UTR,2,0.5255077481,0.3789852608,0.225321278,0.2757128408,0.202165544,0.2750925755,0.04700547457,0.07020932133
6898,CDS + 3'UTR,2,0.348121345,0.379924481,0.3116773069,0.274930954,0.2688980103,0.2747849787,0.07130333781,0.07035958502
6899,CDS + 3'UTR,2,0.2925256491,0.3781275421,0.2866812944,0.2750178838,0.3435152769,0.2760917919,0.07727781683,0.07076278133
6900,CDS + 3'UTR,2,0.4915553927,0.3809216924,0.2437033504,0.2739979168,0.2122554928,0.2748015126,0.05248577893,0.07027887711
6901,CDS + 3'UTR,2,0.3023279905,0.3807000808,0.2962671518,0.274014635,0.3181394339,0.2750115884,0.08326544613,0.0702736957
6902,CDS + 3'UTR,2,0.4316857457,0.3790695056,0.1784885675,0.2742925417,0.2985033691,0.2760598278,0.09132237732,0.07057812419
6903,CDS + 3'UTR,2,0.446880877,0.3795400213,0.2456042767,0.2748465076,0.2452409118,0.2753581503,0.06227387488,0.07025531959
6904,CDS + 3'UTR,2,0.3663239479,0.3800667573,0.2605777383,0.2745071255,0.3088229001,0.2753582714,0.0642754063,0.07006784473
6905,CDS + 3'UTR,2,0.299623996,0.378534127,0.3289798498,0.2744137194,0.2888059616,0.2766952045,0.08259014785,0.07035694807
6906,CDS + 3'UTR,2,0.5013715029,0.3797392249,0.2169259191,0.273705494,0.2254699916,0.2764010154,0.05623260513,0.07015426476
6907,CDS + 3'UTR,2,0.2692282498,0.3790443968,0.3066336215,0.2748113615,0.3363458514,0.2761067614,0.08779229969,0.07003747951
6908,CDS + 3'UTR,2,0.4329681993,0.3784405168,0.1859267056,0.274493509,0.2927513719,0.2769363703,0.08835373074,0.07012960343
6909,CDS + 3'UTR,2,0.4228187799,0.3805217292,0.2475877106,0.2733304912,0.2613393068,0.2762148023,0.06825416535,0.06993297664
6910,CDS + 3'UTR,2,0.4063507617,0.3797454845,0.2471185029,0.274390367,0.278383702,0.2760369904,0.06814706326,0.06982715707
6911,CDS + 3'UTR,2,0.3285457492,0.3787088692,0.298201263,0.2739621837,0.2930263877,0.2771663183,0.08022658527,0.07016262803
6912,CDS + 3'UTR,2,0.4739157557,0.3784895662,0.2481186241,0.2743237901,0.2263319641,0.2770320134,0.05163361132,0.07015463058
6913,CDS + 3'UTR,2,0.3443723619,0.3803622786,0.3186530471,0.2727394465,0.2706282437,0.2769045895,0.06634640694,0.06999368565
6914,CDS + 3'UTR,2,0.3001241982,0.3791905675,0.3287240863,0.2731026448,0.2938286662,0.2776164686,0.0773230195,0.07009031922
6915,CDS + 3'UTR,2,0.5783623457,0.3808641821,0.2076792121,0.2720595125,0.1682193577,0.277268968,0.04573910683,0.06980733816
6916,CDS + 3'UTR,2,0.2949429154,0.3802303933,0.3308975101,0.2729587439,0.2924839854,0.2772779251,0.08167560399,0.06953293849
6917,CDS + 3'UTR,2,0.3261378407,0.3788508102,0.2678281069,0.273166937,0.3316667676,0.2783244899,0.07436724752,0.06965776458
6918,CDS + 3'UTR,2,0.4624860287,0.3804892015,0.2795568109,0.2722632524,0.2152863145,0.2778169477,0.04267087579,0.06943059945
6919,CDS + 3'UTR,2,0.4561441541,0.3802398838,0.222206533,0.2730021745,0.252091229,0.2775087388,0.06955802441,0.06924920408
6920,CDS + 3'UTR,2,0.3370572031,0.3779485255,0.255422771,0.2742751386,0.3252232969,0.2783490958,0.08229672909,0.06942724125
6921,CDS + 3'UTR,2,0.4221446216,0.380803778,0.2304633558,0.2730026659,0.2799261212,0.2771199582,0.06746591628,0.06907359846
6922,CDS + 3'UTR,2,0.3554706275,0.3816922799,0.2627168894,0.2730741736,0.3057301044,0.2764515547,0.07608239353,0.06878199214
6923,CDS + 3'UTR,2,0.3224760294,0.3794029519,0.2721587718,0.2740563564,0.3273350596,0.2776416786,0.07803010941,0.06889901385
6924,CDS + 3'UTR,2,0.4282506704,0.3819596928,0.3242565095,0.2732234437,0.2009139061,0.2764032485,0.04657891393,0.06841361481
6925,CDS + 3'UTR,2,0.3663948178,0.3829133965,0.2606208324,0.2722123966,0.2993029058,0.2765933366,0.07368142903,0.06828087023
6926,CDS + 3'UTR,2,0.3075706363,0.3803865366,0.3001771867,0.2733293399,0.3149005175,0.277692873,0.07735165209,0.06859124959
6927,CDS + 3'UTR,2,0.445071578,0.3823250771,0.2555691898,0.27241861,0.2476695478,0.2768092863,0.05168970674,0.06844702526
6928,CDS + 3'UTR,2,0.2966817319,0.3821214169,0.341919899,0.2728416737,0.2947235107,0.2766602773,0.06667488813,0.06837663013
6929,CDS + 3'UTR,2,0.3251299262,0.3808721106,0.3115219176,0.2726861216,0.2849991322,0.2778888743,0.07834900916,0.06855289158
6930,CDS + 3'UTR,2,0.4691485465,0.381518146,0.281557411,0.2732093316,0.2011172324,0.2770007122,0.0481768474,0.06827180907
6931,CDS + 3'UTR,2,0.3447090089,0.3839271922,0.2898933291,0.2719304424,0.2897047997,0.2761705387,0.07569287717,0.06797182471
6932,CDS + 3'UTR,2,0.292327255,0.3831707466,0.3072554767,0.2720630251,0.3281523883,0.2766036475,0.07226486504,0.06816257909
6933,CDS + 3'UTR,2,0.4826029539,0.3831510339,0.2614488006,0.2718121288,0.2118448317,0.2768210297,0.04410345107,0.06821580576
6934,CDS + 3'UTR,2,0.3420971632,0.3829999018,0.3262672126,0.2722473634,0.2648423612,0.2767044956,0.06679324806,0.06804823698
6935,CDS + 3'UTR,2,0.3584284484,0.381855299,0.2640303969,0.2726135736,0.2966937423,0.2774134019,0.08084739745,0.06811772324
6936,CDS + 3'UTR,2,0.4125071466,0.3831481609,0.2968813777,0.2722337028,0.2278255224,0.2767159699,0.06278591603,0.06790216584
6937,CDS + 3'UTR,2,0.3791683316,0.3834473111,0.2435388118,0.2717032621,0.2922770381,0.2768734811,0.08501584828,0.06797594531
6938,CDS + 3'UTR,2,0.3356723189,0.3812787388,0.2552440166,0.2722638261,0.3254510164,0.2782391084,0.08363269269,0.06821832573
6939,CDS + 3'UTR,2,0.5273517966,0.3826124478,0.2101337016,0.27155811,0.2176496387,0.2777684631,0.04486484081,0.06806097822
6940,CDS + 3'UTR,2,0.4026222229,0.3847288642,0.2100233585,0.270636858,0.3048897386,0.2766664231,0.08246469498,0.06796785388
6941,CDS + 3'UTR,2,0.3083312511,0.38281895,0.2679276764,0.2707679795,0.3365991712,0.2781838454,0.0871418789,0.06822922444
6942,CDS + 3'UTR,2,0.381234169,0.3840061501,0.3230296969,0.2705767987,0.2419711649,0.2774407364,0.05376493931,0.06797631383
6943,CDS + 3'UTR,2,0.3638901711,0.3837104414,0.269228667,0.2712289225,0.3008133471,0.2772726394,0.06606782973,0.06778799482
6944,CDS + 3'UTR,2,0.3378210962,0.3828854069,0.2585098147,0.2712705174,0.330738157,0.2779626487,0.07293093204,0.06788142566
6945,CDS + 3'UTR,2,0.4226129055,0.383556968,0.2520156503,0.2714403769,0.2642948925,0.277312701,0.0610765256,0.06768995281
6946,CDS + 3'UTR,2,0.324575752,0.3839255936,0.3237381876,0.2715377467,0.2805587947,0.2771557895,0.07112728804,0.06738087004
6947,CDS + 3'UTR,2,0.3612404466,0.3819278888,0.2433547974,0.2727605565,0.3116467595,0.2777685568,0.08375801146,0.06754299798
6948,CDS + 3'UTR,2,0.4554569423,0.38440677,0.2346568108,0.2721820997,0.2406273931,0.2763357971,0.06925884634,0.06707533365
6949,CDS + 3'UTR,2,0.3114039302,0.3822438896,0.3137311041,0.2742781645,0.2923104763,0.276613649,0.08255448192,0.06686429661
6950,CDS + 3'UTR,2,0.3797319829,0.3808598787,0.2192489505,0.2748931451,0.3139123321,0.2772707097,0.08710673451,0.06697626645
6951,CDS + 3'UTR,2,0.4201589823,0.3813234556,0.2626844049,0.2752892232,0.2528298795,0.2765762478,0.06432676315,0.06681107297
6952,CDS + 3'UTR,2,0.4407700896,0.3821216404,0.2237656116,0.2747206328,0.2715778351,0.2766007155,0.06388646364,0.06655701096
6953,CDS + 3'UTR,2,0.3133584261,0.3802867815,0.2753595114,0.2750400934,0.3236576319,0.277952799,0.08762441576,0.06672032713
6954,CDS + 3'UTR,2,0.4275925159,0.3815945338,0.2378976941,0.2742071252,0.272307992,0.2776648285,0.06220183522,0.06653351272
6955,CDS + 3'UTR,2,0.2949647605,0.3821993478,0.3140920401,0.2742849313,0.3163834214,0.2772077153,0.07455977798,0.06630800669
6956,CDS + 3'UTR,2,0.3136044741,0.3788871352,0.2701546252,0.2755876061,0.3370720744,0.2788938059,0.07916885614,0.06663145362
6957,CDS + 3'UTR,2,0.4772604108,0.3811524007,0.2295745313,0.2742270812,0.2422105372,0.278361837,0.050954476,0.06625868105
6958,CDS + 3'UTR,2,0.321611464,0.3810916845,0.3135316372,0.2748099223,0.2909072042,0.2779094087,0.07394969463,0.06618898506
6959,CDS + 3'UTR,2,0.328773737,0.3804157227,0.3185195029,0.2741566658,0.2899137437,0.2787911596,0.06279301643,0.06663645185
6960,CDS + 3'UTR,2,0.55433321,0.3801524211,0.1997377276,0.274538134,0.2000884712,0.2788718296,0.04584056512,0.06643761606
6961,CDS + 3'UTR,2,0.3478553295,0.381325148,0.2984380722,0.2740633801,0.2858391404,0.2784208501,0.06786736846,0.06619062307
6962,CDS + 3'UTR,2,0.286608696,0.3795846242,0.3133237958,0.2749097135,0.3319088817,0.2792075267,0.06815867871,0.06629813598
6963,CDS + 3'UTR,2,0.532625258,0.3808627818,0.238727957,0.2745272201,0.1944991499,0.2785351956,0.03414757177,0.06607480296
6964,CDS + 3'UTR,2,0.3664414585,0.3818381064,0.3535488248,0.2739750084,0.2272088528,0.2782550754,0.05280089378,0.06593181011
6965,CDS + 3'UTR,2,0.3076084852,0.3799797237,0.3078948259,0.2741849873,0.3063223958,0.2795834197,0.07817425579,0.06625186908
6966,CDS + 3'UTR,2,0.4866576493,0.3825103424,0.2675946951,0.2733689552,0.1984016597,0.278272721,0.0473459661,0.06584798121
6967,CDS + 3'UTR,2,0.3100927472,0.3835213594,0.3138468266,0.2733168649,0.3012238741,0.2775119631,0.07483652979,0.06564981234
6968,CDS + 3'UTR,2,0.3453427255,0.3828136884,0.262914598,0.2730155239,0.3237462938,0.2782075329,0.06799638271,0.06596325389
6969,CDS + 3'UTR,2,0.4602802396,0.3847603854,0.2842774391,0.2717828711,0.2110765576,0.2775171945,0.04436580464,0.06593954745
6970,CDS + 3'UTR,2,0.4477202296,0.3840732496,0.2381956279,0.2721708657,0.2580494285,0.2779324079,0.05603467301,0.06582347522
6971,CDS + 3'UTR,2,0.3741602302,0.3826209493,0.2674650252,0.2722091353,0.2831099927,0.2789892919,0.07526476681,0.06618062104
6972,CDS + 3'UTR,2,0.4087613821,0.3835049044,0.2344835848,0.2717105998,0.286296159,0.278731478,0.07045888901,0.06605301541
6973,CDS + 3'UTR,2,0.3155094087,0.3837144062,0.3295091391,0.2718808217,0.2885519266,0.2783703942,0.06642948091,0.06603437574
6974,CDS + 3'UTR,2,0.3334970772,0.3823617674,0.2816844285,0.2716025347,0.3109923601,0.2795383096,0.0738260895,0.06649738573
6975,CDS + 3'UTR,2,0.418063581,0.3837980453,0.2812952399,0.2703960406,0.2487849891,0.2793411778,0.05185625702,0.06646473431
6976,CDS + 3'UTR,2,0.3406291008,0.3843590006,0.267842561,0.2698016563,0.3180730939,0.2795364851,0.07345525175,0.06630285536
6977,CDS + 3'UTR,2,0.3520219624,0.3826739006,0.2701663971,0.2702013353,0.3114157319,0.2807738231,0.06639590859,0.06635093899
6978,CDS + 3'UTR,2,0.4548180699,0.3838824041,0.2552200258,0.2699495636,0.231246382,0.2802896546,0.05871553719,0.06587837525
6979,CDS + 3'UTR,2,0.4618389606,0.3847883571,0.2129811347,0.2697223064,0.2553520799,0.2798257815,0.06982786953,0.06566355228
6980,CDS + 3'UTR,2,0.3387622535,0.3823698722,0.2541930676,0.2706425961,0.3336492777,0.2810184876,0.07339542359,0.06596904155
6981,CDS + 3'UTR,2,0.3973039985,0.3824810177,0.2809726894,0.2713515157,0.2586907148,0.2804812437,0.0630325973,0.06568621979
6982,CDS + 3'UTR,2,0.4080290496,0.3831514213,0.2306584716,0.2712246401,0.2850556076,0.2800383331,0.07625685632,0.06558560305
6983,CDS + 3'UTR,2,0.3808781207,0.381870278,0.2489318699,0.2712282924,0.3004416525,0.281029333,0.06974834204,0.06587209417
6984,CDS + 3'UTR,2,0.4200488329,0.3833787218,0.2741664946,0.2711020315,0.2568270862,0.279916165,0.04895757884,0.06560307839
6985,CDS + 3'UTR,2,0.3291140497,0.3843135364,0.3367694318,0.2707067067,0.2762530446,0.2793440208,0.05786352605,0.0656357327
6986,CDS + 3'UTR,2,0.3415551186,0.3829850435,0.3147507012,0.2714245403,0.2744913697,0.2797989246,0.06920284033,0.065791489
6987,CDS + 3'UTR,2,0.4675387442,0.384798146,0.2603570819,0.2704996036,0.2217250764,0.2791760124,0.05037915334,0.0655262352
6988,CDS + 3'UTR,2,0.2599377632,0.3847783558,0.3536118865,0.2708128633,0.3149795234,0.2788665608,0.07147076726,0.06554221688
6989,CDS + 3'UTR,2,0.3120979071,0.383050907,0.2967861593,0.2713483574,0.3139041662,0.2799367839,0.07721175253,0.06566394847
6990,CDS + 3'UTR,2,0.4434369206,0.3849443153,0.2788047493,0.2708497038,0.2228267491,0.2789866427,0.05493158475,0.06521933489
6991,CDS + 3'UTR,2,0.392400533,0.3842008222,0.2527140379,0.2720700016,0.2949838042,0.2786451386,0.05990162492,0.06508403495
6992,CDS + 3'UTR,2,0.3271270394,0.3836074244,0.2736754715,0.2716039708,0.3344986439,0.2795620563,0.06469890475,0.06522654528
6993,CDS + 3'UTR,2,0.4489925504,0.3838210169,0.2520155907,0.2724636124,0.2475906014,0.2787466133,0.05140125379,0.0649687544
6994,CDS + 3'UTR,2,0.3485093117,0.3834057037,0.3349485695,0.2726649938,0.2572596073,0.2788475832,0.05928253755,0.06508171675
6995,CDS + 3'UTR,2,0.3133853376,0.3831691775,0.3118931949,0.2724934343,0.303106606,0.2790056815,0.07161486149,0.06533170394
6996,CDS + 3'UTR,2,0.4761641622,0.3856532298,0.2220555246,0.2716025662,0.2499264777,0.2776474748,0.05185379833,0.06509672641
6997,CDS + 3'UTR,2,0.321280539,0.3872845694,0.31445539,0.2707544144,0.2954725027,0.2768289819,0.06879156828,0.06513203117
6998,CDS + 3'UTR,2,0.4084090889,0.3851379361,0.2272962928,0.2713095497,0.285826385,0.2779134843,0.07846821845,0.06563902707
6999,CDS + 3'UTR,2,0.4350800216,0.3854600132,0.2527239919,0.2713132385,0.2585448325,0.2777620804,0.05365116149,0.06546466523
7000,CDS + 3'UTR,2,0.430875361,0.3863697641,0.2174424529,0.2700809218,0.2891449332,0.27791446,0.06253729016,0.06563485083
7001,CDS + 3'UTR,2,0.2829027176,0.3830560658,0.2981700301,0.2707485851,0.3428602517,0.280127066,0.07606694847,0.06606828077
7002,CDS + 3'UTR,2,0.4577232301,0.3841319144,0.2321174145,0.270458011,0.2519436181,0.2794853687,0.05821575224,0.06592470459
7003,CDS + 3'UTR,2,0.4005019963,0.3851230323,0.2279818356,0.2695838148,0.3049254417,0.2791475654,0.06659068167,0.06614558608
7004,CDS + 3'UTR,2,0.2795800567,0.3821666677,0.341054827,0.2701065319,0.3071814477,0.2808558727,0.07218363136,0.06687092744
7005,CDS + 3'UTR,2,0.5688443184,0.382680966,0.1953382641,0.2695157619,0.1944470108,0.2809653698,0.0413703993,0.06683790176
7006,CDS + 3'UTR,2,0.3884519935,0.3834714234,0.2960099578,0.2688595647,0.2540398836,0.2807643784,0.06149814278,0.06690463345
7007,CDS + 3'UTR,2,0.3884578943,0.3810906913,0.2314619124,0.2691209221,0.3033151329,0.2824573645,0.07676503062,0.06733102198
7008,CDS + 3'UTR,2,0.4524174929,0.3835518185,0.2433076799,0.2683447788,0.2394964397,0.2812156348,0.06477837265,0.06688776934
7009,CDS + 3'UTR,2,0.2701590657,0.3834421519,0.3425614834,0.2687041303,0.3182162046,0.2810119459,0.06906323135,0.06684177374
7010,CDS + 3'UTR,2,0.3529645205,0.3817095656,0.2846189737,0.2688576443,0.2856679559,0.2820676932,0.07674851269,0.06736509865
7011,CDS + 3'UTR,2,0.4154254198,0.3813483272,0.2500104904,0.2690789087,0.2690796852,0.2821052985,0.06548442692,0.06746746791
7012,CDS + 3'UTR,2,0.3090873957,0.3809059028,0.3208732307,0.2687894797,0.2992656827,0.282748458,0.07077369094,0.06755616185
7013,CDS + 3'UTR,2,0.3743918538,0.3797032602,0.2391858399,0.2694030672,0.3052780628,0.283307126,0.08114425093,0.06758654867
7014,CDS + 3'UTR,2,0.4569993913,0.3819744278,0.2297476828,0.2683589498,0.2490718216,0.2823563581,0.0641811341,0.0673102669
7015,CDS + 3'UTR,2,0.4033048749,0.3823240235,0.2164796591,0.2682141898,0.312318325,0.2821916332,0.06789708138,0.06727015595
7016,CDS + 3'UTR,2,0.2776991427,0.3815543853,0.3288556933,0.2678059598,0.3268125653,0.2830360258,0.06663260609,0.06760363099
7017,CDS + 3'UTR,2,0.4758486152,0.3832765322,0.2233970761,0.2667170867,0.2535435557,0.2826834658,0.04721074924,0.06732291724
7018,CDS + 3'UTR,2,0.4081485569,0.3830091648,0.2370634377,0.26707603,0.2883411646,0.2825039541,0.06644685566,0.06741085374
7019,CDS + 3'UTR,2,0.3338730037,0.381843067,0.283756882,0.2669582658,0.3130661249,0.2835084686,0.06930398196,0.06769020134
7020,CDS + 3'UTR,2,0.411513865,0.3817822948,0.2667369246,0.2672612226,0.2619102299,0.2834091162,0.05983895436,0.06754736877
7021,CDS + 3'UTR,2,0.3619635403,0.3818821792,0.2577776313,0.267342093,0.3011663258,0.2832141912,0.07909253985,0.06756153931
7022,CDS + 3'UTR,2,0.2787427008,0.3809353217,0.3233218789,0.2675641255,0.3212511539,0.2838341055,0.07668422908,0.06766644963
7023,CDS + 3'UTR,2,0.4845656753,0.3819697347,0.2591277957,0.2674811179,0.21175991,0.2832277922,0.0445465669,0.06732135811
7024,CDS + 3'UTR,2,0.4126062691,0.3823809341,0.2268838286,0.2673784781,0.2849666178,0.2829654304,0.07554327697,0.06727516032
7025,CDS + 3'UTR,2,0.3163334727,0.3810883846,0.3094423413,0.2676030904,0.3006871939,0.2837417254,0.07353702933,0.06756680268
7026,CDS + 3'UTR,2,0.4696239531,0.3832649581,0.249743253,0.2661034964,0.2307258248,0.2832254605,0.04990698397,0.0674060876
7027,CDS + 3'UTR,2,0.359657228,0.383946719,0.2684155703,0.2652637541,0.286890626,0.2833610555,0.08503654599,0.06742847399
7028,CDS + 3'UTR,2,0.3172610402,0.3823220722,0.2774963379,0.2654931698,0.3262452483,0.2845132859,0.07899737358,0.06767147407
7029,CDS + 3'UTR,2,0.4628765881,0.3855898626,0.2738388181,0.2640540101,0.2162991762,0.2831192691,0.04698539525,0.06723686079
7030,CDS + 3'UTR,2,0.3202525377,0.3860384639,0.3168727756,0.2642594703,0.2865920067,0.2826965075,0.07628273964,0.06700556087
7031,CDS + 3'UTR,2,0.372687161,0.3848495424,0.225401938,0.2639969725,0.3261832893,0.283895047,0.07572758943,0.06725844061
7032,CDS + 3'UTR,2,0.4578574896,0.3846103337,0.2925369442,0.2649808615,0.2063423991,0.2832214551,0.04326319322,0.06718735155
7033,CDS + 3'UTR,2,0.2801333666,0.384811471,0.291470021,0.2650442407,0.3317352235,0.2829213494,0.09666140378,0.06722294027
7034,CDS + 3'UTR,2,0.4086704254,0.3833594874,0.2241729349,0.2653053008,0.2849558592,0.2838507356,0.08220081031,0.06748447814
7035,CDS + 3'UTR,2,0.493688941,0.3840256266,0.2428225875,0.2643641505,0.2077268809,0.2840944337,0.0557615757,0.06751579056
7036,CDS + 3'UTR,2,0.4441116452,0.3843572218,0.2023024857,0.2642252032,0.2715926468,0.2838947447,0.08199323714,0.06752283173
7037,CDS + 3'UTR,2,0.3055297434,0.3823174655,0.2739853561,0.265182697,0.3289707303,0.2846636446,0.09151414782,0.06783619504
7038,CDS + 3'UTR,2,0.3473776281,0.3838992655,0.3138267398,0.2644031815,0.2787948847,0.284042331,0.06000074744,0.0676552237
7039,CDS + 3'UTR,2,0.4015538096,0.3831030663,0.2199341655,0.2645614188,0.3021041155,0.2845630707,0.07640786469,0.06777244592
7040,CDS + 3'UTR,2,0.2892373502,0.3814619403,0.2531507909,0.2652808882,0.377096951,0.2852760544,0.08051495999,0.06798111862
7041,CDS + 3'UTR,2,0.4339232147,0.3817124322,0.2751921415,0.2657802265,0.2345033586,0.2847139833,0.05638127401,0.06779335914
7042,CDS + 3'UTR,2,0.3658981323,0.38309315,0.2433881015,0.2650871802,0.3048846126,0.2841685561,0.08582919836,0.06765111536
7043,CDS + 3'UTR,2,0.2961160839,0.38149947,0.2805453241,0.2657654107,0.3311637342,0.2849319318,0.09217488021,0.06780318897
7044,CDS + 3'UTR,2,0.4075853229,0.3831222747,0.3062872291,0.2655970005,0.2359686196,0.2838153047,0.05015883967,0.06746542156
7045,CDS + 3'UTR,2,0.3708450794,0.384568302,0.2553990483,0.2645119855,0.2902430892,0.2834528403,0.0835127905,0.06746687433
7046,CDS + 3'UTR,2,0.2961990833,0.3818060569,0.2885032892,0.2654257048,0.333840549,0.2848912371,0.08145704865,0.06787700308
7047,CDS + 3'UTR,2,0.5069829226,0.3824575722,0.2517553568,0.2651067276,0.2018854916,0.2847100725,0.03937631845,0.06772562992
7048,CDS + 3'UTR,2,0.3365693986,0.3825852741,0.2916627228,0.2652806936,0.3074511886,0.2844376156,0.06431673467,0.06769641973
7049,CDS + 3'UTR,2,0.3216733336,0.3812627587,0.2965585589,0.2656568067,0.2955363393,0.2853163516,0.08623179793,0.06776408544
7050,CDS + 3'UTR,2,0.418821156,0.3838880155,0.2558967769,0.2644544987,0.2610578537,0.2840890011,0.06422421336,0.06756848758
7051,CDS + 3'UTR,2,0.3387662768,0.383878446,0.2443107069,0.2639386127,0.3345627487,0.2846998991,0.08236028254,0.06748304553
7052,CDS + 3'UTR,2,0.3125499785,0.3828002341,0.2835705876,0.2647775961,0.3309895992,0.2849506242,0.07288983464,0.06747154864
7053,CDS + 3'UTR,2,0.4972028136,0.3854499146,0.2459797412,0.2636227256,0.212490499,0.2838896077,0.04432693869,0.06703775553
7054,CDS + 3'UTR,2,0.3614647388,0.3855285391,0.2701036334,0.2647833111,0.2978143692,0.2830679819,0.07061721385,0.06662017135
7055,CDS + 3'UTR,2,0.3564925194,0.3835463118,0.2486368418,0.2654924827,0.3163363934,0.284037366,0.07853426039,0.06692384211
7056,CDS + 3'UTR,1,0.4784008563,0.3840933207,0.1807327121,0.2661030056,0.2898682952,0.2829937933,0.0509981513,0.06680988427
7057,CDS + 3'UTR,2,0.3306325674,0.3850898225,0.2988818586,0.2654088097,0.2970547974,0.2826096376,0.07343082875,0.06689173365
7058,CDS + 3'UTR,2,0.3615302444,0.3830812972,0.2457988858,0.266216238,0.3116075397,0.283397386,0.08106334507,0.06730508194
7059,CDS + 3'UTR,2,0.4569771886,0.3836828031,0.2372176796,0.266309374,0.2474038899,0.2828018066,0.05840126425,0.06720601944
7060,CDS + 3'UTR,2,0.3467530012,0.3839186963,0.2606627047,0.2660871809,0.3180552721,0.2826457072,0.07452906668,0.06734841876
7061,CDS + 3'UTR,2,0.3215554059,0.3825287748,0.2987352908,0.2668282287,0.3082838655,0.2831332631,0.07142542303,0.06750973635
7062,CDS + 3'UTR,2,0.4907820821,0.3845820084,0.2240178585,0.2664907681,0.2365505397,0.2818035033,0.04864953458,0.06712372266
7063,CDS + 3'UTR,2,0.4137740731,0.3858559869,0.2407206893,0.2654874718,0.2794527113,0.2815360654,0.06605251878,0.06712047933
7064,CDS + 3'UTR,2,0.3166448772,0.3837472782,0.2921354771,0.2656210272,0.3189306855,0.2830966147,0.07228896767,0.06753508467
7065,CDS + 3'UTR,2,0.5032399297,0.3844794735,0.2168019116,0.2662795348,0.2349518538,0.2820594376,0.04500631988,0.06718155858
7066,CDS + 3'UTR,2,0.3960959911,0.3855788991,0.2475713193,0.2652079886,0.285338968,0.2820630377,0.07099375129,0.06715007895
7067,CDS + 3'UTR,2,0.3375670016,0.3844541591,0.2787103355,0.2651045946,0.3139035106,0.2829398742,0.06981915981,0.06750137531
7068,CDS + 3'UTR,2,0.5213609934,0.3844199572,0.2384791076,0.26584062,0.2034581751,0.2826114988,0.03670170531,0.06712792767
7069,CDS + 3'UTR,2,0.3479860127,0.3849019904,0.3132229745,0.2660736853,0.2800832391,0.2820633603,0.05870775878,0.06696096743
7070,CDS + 3'UTR,2,0.3483231962,0.3825092848,0.2578049302,0.2664506132,0.3187099099,0.2837094372,0.0751619637,0.06733066859
7071,CDS + 3'UTR,2,0.3732638359,0.3841187153,0.3314251602,0.2656507103,0.2410964519,0.2831650259,0.05421449989,0.06706555188
7072,CDS + 3'UTR,2,0.3432180285,0.3833712243,0.2787458003,0.2667712448,0.310490191,0.2827933522,0.06754600257,0.06706418218
7073,CDS + 3'UTR,2,0.3328338563,0.3826790139,0.2729004025,0.2660493666,0.3219414949,0.2836430037,0.07232428342,0.06762861903
7074,CDS + 3'UTR,2,0.4018004537,0.3839769986,0.2596565485,0.26559838,0.2767554522,0.2831166977,0.06178753078,0.06730792695
7075,CDS + 3'UTR,2,0.339912951,0.3835121304,0.3007774055,0.2659683295,0.2871314883,0.2833888577,0.07217815518,0.06713068518
7076,CDS + 3'UTR,2,0.3129836619,0.3810865778,0.2986550331,0.2677189194,0.3114384711,0.2839026146,0.07692286372,0.06729189125
7077,CDS + 3'UTR,2,0.4478245378,0.3816988721,0.2520941496,0.2679132255,0.2457674146,0.2834709581,0.05431386083,0.06691694721
7078,CDS + 3'UTR,2,0.3447131515,0.3818396226,0.2399552763,0.2682172673,0.3274855614,0.2830400623,0.08784599602,0.06690305122
7079,CDS + 3'UTR,2,0.3037899435,0.3828546766,0.3102815449,0.2667150659,0.3155835271,0.283279819,0.07034497708,0.06715044151
7080,CDS + 3'UTR,2,0.4509147108,0.3836290132,0.2573895156,0.266850294,0.2441792488,0.2826109413,0.04751653224,0.0669097547
7081,CDS + 3'UTR,2,0.3933601379,0.3836764656,0.242726326,0.268110255,0.2992260754,0.2814880293,0.06468744576,0.06672525271
7082,CDS + 3'UTR,2,0.3302288353,0.3831347395,0.2863758504,0.2676803673,0.3130136728,0.2823071059,0.07038164139,0.06687778989
7083,CDS + 3'UTR,2,0.5303263664,0.3840473864,0.2145090252,0.2679538835,0.2155952752,0.2815330658,0.03956928849,0.06646566661
7084,CDS + 3'UTR,2,0.3952622414,0.3847869106,0.2542536259,0.2681775924,0.2781842947,0.280927065,0.07229985297,0.06610843493
7085,CDS + 3'UTR,2,0.3478647172,0.3834473256,0.268435806,0.2684611667,0.3095187545,0.2815556288,0.07418069988,0.06653588158
7086,CDS + 3'UTR,2,0.4405732155,0.3846815962,0.2704917789,0.2683097322,0.2395467162,0.280888734,0.04938828945,0.06611994011
7087,CDS + 3'UTR,2,0.398674041,0.3849326856,0.2453791946,0.2687264491,0.2815185785,0.2802234244,0.07442821562,0.06611744352
7088,CDS + 3'UTR,2,0.3466162682,0.3842330299,0.2733967304,0.2681518266,0.30979532,0.2810666747,0.07019162923,0.06654847022
7089,CDS + 3'UTR,2,0.4801796079,0.3857670438,0.2463768423,0.2673566617,0.220028162,0.2803423505,0.05341540277,0.06653394494
7090,CDS + 3'UTR,2,0.3521989584,0.3857080795,0.2433480918,0.2676589165,0.3345398009,0.2801999483,0.06991314888,0.0664330557
7091,CDS + 3'UTR,2,0.3291684687,0.3856703945,0.3171291649,0.2671759544,0.2891376913,0.280571932,0.06456467509,0.06658171928
7092,CDS + 3'UTR,2,0.5210618377,0.3870940924,0.2284835875,0.2672574891,0.2143843621,0.2794453491,0.03607024252,0.06620306936
7093,CDS + 3'UTR,2,0.3806818128,0.3868165735,0.3320326805,0.2683475794,0.2395479977,0.2787280206,0.04773751646,0.06610782617
7094,CDS + 3'UTR,2,0.2984212041,0.3845791802,0.2864814103,0.2692758858,0.3266225457,0.2797480177,0.08847479522,0.06639691605
7095,CDS + 3'UTR,2,0.4470655918,0.3854831815,0.2653214931,0.2696432792,0.2288325131,0.2787580248,0.0587804541,0.06611551438
7096,CDS + 3'UTR,2,0.3574192822,0.38641655,0.2733200192,0.2696288668,0.2960801125,0.2780589987,0.0731805563,0.06589558432
7097,CDS + 3'UTR,2,0.3151665926,0.3842214633,0.2879913449,0.2714995084,0.3165634274,0.2781926986,0.08027861267,0.06608632924
7098,CDS + 3'UTR,2,0.4562690258,0.387057038,0.2445143163,0.2703587696,0.240694806,0.2769451071,0.05852185562,0.06563908402
7099,CDS + 3'UTR,2,0.3527444601,0.3861406688,0.2659814358,0.2715404756,0.300578177,0.2767149691,0.08069592714,0.06560388468
7100,CDS + 3'UTR,2,0.3003201485,0.3858837847,0.3260207474,0.2712088449,0.3009147048,0.277126839,0.07274436206,0.0657805291
7101,CDS + 3'UTR,2,0.526222229,0.3863134615,0.2307807803,0.2717485519,0.1947855353,0.2763769113,0.04821144417,0.06556107211
7102,CDS + 3'UTR,2,0.3806609809,0.3875884492,0.2430581748,0.2712555809,0.2998561263,0.2757339783,0.07642476261,0.06542198868
7103,CDS + 3'UTR,2,0.3158689737,0.3857502159,0.2698122263,0.271783963,0.3366038501,0.2767385136,0.07771499455,0.06572730453
7104,CDS + 3'UTR,2,0.4711818993,0.38564949,0.2795644403,0.2723953387,0.2019924521,0.2763456427,0.04726118967,0.06560952556
7105,CDS + 3'UTR,2,0.4042875171,0.3856234089,0.2237186432,0.2727818685,0.3009752035,0.27598387,0.07101865858,0.06561084962
7106,CDS + 3'UTR,2,0.3796447515,0.3848245934,0.2414717376,0.2727638764,0.3008727431,0.2764637053,0.07801069319,0.06594782169
7107,CDS + 3'UTR,2,0.3569210768,0.3853897005,0.3272975981,0.2727447035,0.260620594,0.276037284,0.0551607348,0.06582830814
7108,CDS + 3'UTR,2,0.3558236957,0.3847170915,0.2961415648,0.2735943129,0.2823941708,0.275889691,0.06564055383,0.0657989006
7109,CDS + 3'UTR,2,0.2714601457,0.3822782937,0.3039930463,0.2747024046,0.3479853272,0.2769067323,0.07656148821,0.06611256604
7110,CDS + 3'UTR,2,0.4490069747,0.3841017846,0.2528805435,0.2737244608,0.2430391014,0.2762316769,0.05507340282,0.06594207538
7111,CDS + 3'UTR,2,0.3128878772,0.3835649293,0.3150447011,0.2745855866,0.296449393,0.2760503015,0.07561801374,0.06579918107
7112,CDS + 3'UTR,2,0.4024806619,0.3846207339,0.2347866893,0.2732191635,0.2743145227,0.276234946,0.08841814101,0.06592515623
7113,CDS + 3'UTR,2,0.3839721382,0.3859071426,0.2553910911,0.2727429273,0.2896307409,0.2755279087,0.07100603729,0.06582202064
7114,CDS + 3'UTR,2,0.3714809716,0.3855027486,0.2537688911,0.2732937409,0.3067286611,0.2754498035,0.06802146882,0.06575370608
7115,CDS + 3'UTR,2,0.2996447384,0.3854038808,0.3828697801,0.2736900033,0.2488274276,0.2752211459,0.06865806133,0.06568496879
7116,CDS + 3'UTR,2,0.4930951893,0.3876427095,0.2178469747,0.272514225,0.2370601296,0.2744524449,0.05199771374,0.0653906201
7117,CDS + 3'UTR,2,0.3167897761,0.3877070934,0.2983087003,0.2729615184,0.2944990695,0.2741769847,0.09040246904,0.06515440242
7118,CDS + 3'UTR,2,0.428581953,0.3861388251,0.1936506331,0.2734278781,0.297975421,0.2750477556,0.07979197055,0.06538554095
7119,CDS + 3'UTR,2,0.4635007381,0.3868203878,0.2307524085,0.2738606671,0.2485938966,0.2743095018,0.05715291947,0.06500944323
7120,CDS + 3'UTR,2,0.2930335402,0.3880544282,0.3539476693,0.2734307783,0.2872639894,0.2735944286,0.06575480103,0.06492036511
7121,CDS + 3'UTR,2,0.3905851245,0.3873169836,0.2408011258,0.273196019,0.3000294864,0.2742698476,0.06858424842,0.06521715014
7122,CDS + 3'UTR,2,0.4389098883,0.3869430501,0.2652693987,0.2737528728,0.2429614067,0.2740820467,0.05285933614,0.06522203065
7123,CDS + 3'UTR,2,0.3552780151,0.3877280951,0.2984420359,0.2734343285,0.2826836705,0.2736690883,0.06359634548,0.06516848807
7124,CDS + 3'UTR,2,0.3004185259,0.3860206686,0.3289731741,0.2739609081,0.2862537205,0.2744686227,0.084354572,0.06554980134
7125,CDS + 3'UTR,2,0.46958673,0.3855423875,0.2432842851,0.274078257,0.2368915081,0.2749101903,0.0502374731,0.06546916538
7126,CDS + 3'UTR,2,0.316286236,0.3861146804,0.3218406439,0.2736520022,0.2806157768,0.2748525642,0.08125732094,0.06538075362
7127,CDS + 3'UTR,2,0.4510104656,0.3846735299,0.2057855576,0.2738120966,0.2693455219,0.2758144073,0.07385845482,0.06569996667
7128,CDS + 3'UTR,2,0.4592905045,0.385157866,0.2280495316,0.273899796,0.2495052516,0.2754661307,0.06315471232,0.0654762072
7129,CDS + 3'UTR,2,0.3169561923,0.3857997268,0.3207389414,0.2739883086,0.2841441631,0.2749400981,0.07816065848,0.0652718666
7130,CDS + 3'UTR,2,0.4158063531,0.3840034548,0.2172598094,0.2743728573,0.2908165455,0.2762375459,0.0761172995,0.06538614174
7131,CDS + 3'UTR,2,0.4526621103,0.3846701179,0.2508334816,0.2748545466,0.244436115,0.2752731469,0.05206828937,0.06520218835
7132,CDS + 3'UTR,2,0.2903484702,0.3841893654,0.3707778156,0.2750110248,0.2736033201,0.2755742595,0.06527037919,0.06522534969
7133,CDS + 3'UTR,2,0.3182113469,0.3821068574,0.3202442527,0.2753730087,0.294090271,0.2768876197,0.06745412946,0.06563251331
7134,CDS + 3'UTR,2,0.4337848425,0.3825986598,0.299495101,0.2745861245,0.2186149359,0.2771275358,0.04810507968,0.06568767903
7135,CDS + 3'UTR,2,0.4311619997,0.3830534641,0.2474838495,0.2747360298,0.2604143023,0.2768663874,0.06093985587,0.06534411917
7136,CDS + 3'UTR,2,0.30279392,0.3826562673,0.3303840458,0.2744518539,0.3005642891,0.2774857597,0.06625774503,0.06540611926
7137,CDS + 3'UTR,2,0.5574785471,0.3834121261,0.2076227516,0.2742592944,0.1972474754,0.2770070476,0.03765121102,0.06532153208
7138,CDS + 3'UTR,2,0.2882207036,0.3838094141,0.3403353691,0.2745377084,0.2931964993,0.2765329892,0.07824739814,0.06511988947
7139,CDS + 3'UTR,2,0.4364264607,0.382464426,0.2106872201,0.274980964,0.2803534865,0.2773082945,0.07253281772,0.06524631619
7140,CDS + 3'UTR,2,0.3811271489,0.3836968958,0.3038392663,0.2749760898,0.2580610514,0.2764814623,0.05697250739,0.06484555267
7141,CDS + 3'UTR,2,0.4235544205,0.3851643354,0.2592976093,0.2738949446,0.2568492293,0.2762405269,0.06029874831,0.06470019436
7142,CDS + 3'UTR,2,0.3437234163,0.3822734065,0.2662884295,0.2745857386,0.3169133663,0.2781688534,0.07307480276,0.06497200248
7143,CDS + 3'UTR,2,0.405716002,0.3830577459,0.2896307409,0.2747673983,0.2480230331,0.2775947932,0.05663020164,0.06458006254
7144,CDS + 3'UTR,2,0.3145583868,0.3832926713,0.3230578601,0.2747436566,0.2899888754,0.2774209216,0.07239489257,0.06454274976
7145,CDS + 3'UTR,2,0.4393346906,0.3810503613,0.2153625488,0.2750778401,0.2733386755,0.2789974701,0.0719640851,0.06487432839
7146,CDS + 3'UTR,2,0.4413045645,0.3818681862,0.2460374832,0.2754248371,0.2512252629,0.2780764004,0.06143266708,0.0646305758
7147,CDS + 3'UTR,2,0.2837582827,0.3816622905,0.3466790915,0.2755045217,0.3020960689,0.2782937555,0.06746655703,0.06453943257
7148,CDS + 3'UTR,2,0.3262571692,0.3814314097,0.3271264434,0.2748759676,0.2848214805,0.2789738907,0.06179494038,0.06471873187
7149,CDS + 3'UTR,2,0.4938652813,0.3826894246,0.2349874675,0.2743513547,0.2260788083,0.2783925565,0.04506850615,0.06456666403
7150,CDS + 3'UTR,2,0.3053747714,0.3839567278,0.3266949952,0.2740708672,0.3041998744,0.2776526155,0.06373041868,0.06431978941
7151,CDS + 3'UTR,2,0.4577282071,0.3832010102,0.2221113145,0.2743949037,0.2558680177,0.278054603,0.06429251283,0.06434948337
7152,CDS + 3'UTR,2,0.4461307228,0.3858914427,0.2406468987,0.2728500113,0.253927201,0.2772336664,0.05929515511,0.06402488067
7153,CDS + 3'UTR,2,0.3004823327,0.3853608731,0.3169654906,0.2738012444,0.3156930804,0.2772612834,0.06685911864,0.06357660023
7154,CDS + 3'UTR,2,0.3938910365,0.3847780753,0.291357547,0.2740478359,0.2584628463,0.2776363438,0.05628854781,0.06353774574
7155,CDS + 3'UTR,2,0.5190192461,0.3851282008,0.2067151368,0.2748296589,0.2256354094,0.2767857319,0.04863025993,0.06325640902
7156,CDS + 3'UTR,2,0.3181343675,0.3861538678,0.3344385028,0.2733791258,0.2894016504,0.2772815356,0.05802544951,0.06318547092
7157,CDS + 3'UTR,2,0.3223630786,0.3845354922,0.2894029319,0.2742665788,0.3154290915,0.2779426636,0.07280494273,0.06325526596
7158,CDS + 3'UTR,2,0.3992381692,0.386445212,0.2745783925,0.2735103182,0.268425256,0.2772947613,0.05775817856,0.06274970905
7159,CDS + 3'UTR,2,0.4025131762,0.3854263548,0.2758904397,0.275330757,0.2583776712,0.2767742958,0.06321872771,0.06246859343
7160,CDS + 3'UTR,2,0.391919136,0.3839632973,0.2386087775,0.2760439858,0.2982127666,0.2772967272,0.07125933468,0.06269599083
7161,CDS + 3'UTR,2,0.3634454608,0.3862279065,0.2872746289,0.2748977106,0.2842020094,0.2764148302,0.06507788599,0.0624595542
7162,CDS + 3'UTR,2,0.3930324316,0.3856903955,0.2608923018,0.2757579841,0.2799769938,0.27611547,0.06609823555,0.06243615183
7163,CDS + 3'UTR,2,0.3937322497,0.3850753151,0.2566353977,0.2755848106,0.2795580328,0.2768060058,0.07007434964,0.06253386918
7164,CDS + 3'UTR,2,0.3569997549,0.386695037,0.2636415362,0.2748203117,0.3135097027,0.2761052504,0.06584897637,0.06237940029
7165,CDS + 3'UTR,2,0.3936481476,0.3871918917,0.2343354225,0.2744992845,0.304908663,0.2760956343,0.06710775942,0.06221318911
7166,CDS + 3'UTR,2,0.325281173,0.3859167084,0.2832993269,0.2745683968,0.3164941669,0.2770809051,0.07492533326,0.06243398888
7167,CDS + 3'UTR,2,0.4374209344,0.3867103264,0.252395153,0.2747245703,0.2536564469,0.2765712721,0.05652745813,0.06199383074
7168,CDS + 3'UTR,2,0.3979651332,0.3861774012,0.2804777324,0.2759939237,0.2677127123,0.2761302697,0.05384438112,0.06169840563
7169,CDS + 3'UTR,2,0.3364778459,0.3849571291,0.2771407366,0.2765314113,0.3238239884,0.2767296543,0.06255741417,0.0617818065
7170,CDS + 3'UTR,2,0.4055320024,0.3868626177,0.2818832397,0.2756881073,0.2573878765,0.2759530026,0.05519687757,0.06149627413
7171,CDS + 3'UTR,2,0.2907082736,0.3858523421,0.3296474218,0.2769205736,0.3132266998,0.2758866061,0.06641758233,0.0613404796
7172,CDS + 3'UTR,2,0.3544611931,0.384492489,0.2574422956,0.277958869,0.3194531798,0.2761622127,0.06864333153,0.06138643059
7173,CDS + 3'UTR,2,0.4200260043,0.3867505178,0.2690819502,0.2762906771,0.2587412894,0.2757320359,0.05215077475,0.06122677079
7174,CDS + 3'UTR,2,0.3348055482,0.3868783269,0.298473835,0.2765588831,0.3057306707,0.2753815837,0.06099000573,0.06118120761
7175,CDS + 3'UTR,2,0.415289849,0.3858754583,0.2425874174,0.2764718458,0.2783823013,0.2762554888,0.06374046206,0.06139720893
7176,CDS + 3'UTR,2,0.4178879857,0.3867880501,0.2579152584,0.2764956484,0.2577831447,0.2754521271,0.06641358137,0.06126417592
7177,CDS + 3'UTR,2,0.3469496369,0.3874349147,0.3102644682,0.2759695103,0.2786387503,0.2753099917,0.06414720416,0.06128558517
7178,CDS + 3'UTR,2,0.348669976,0.3854401983,0.2799747586,0.2762934353,0.3027192354,0.2766729137,0.06863599271,0.06159345438
7179,CDS + 3'UTR,2,0.4513420463,0.3868391834,0.2655915022,0.2758401949,0.2344315946,0.2760514511,0.04863484576,0.06126917196
7180,CDS + 3'UTR,2,0.4177153111,0.3864511959,0.2395291328,0.2762568723,0.281639874,0.2761206506,0.06111569703,0.0611712826
7181,CDS + 3'UTR,2,0.2949479222,0.385518736,0.2860442996,0.2762840692,0.3490516543,0.2769305205,0.06995609403,0.06126667578
7182,CDS + 3'UTR,2,0.4434081316,0.3855459359,0.2575909495,0.2769461967,0.2539313138,0.2764201844,0.04506956786,0.06108768447
7183,CDS + 3'UTR,2,0.3346630037,0.385890343,0.2679128945,0.2776536256,0.3226941228,0.2756238403,0.07472997159,0.06083219261
7184,CDS + 3'UTR,2,0.2917971015,0.3849872012,0.3062991202,0.2779231127,0.3281163275,0.276067357,0.07378748059,0.06102233096
7185,CDS + 3'UTR,2,0.4697135091,0.3860635653,0.2514784038,0.2774998885,0.227289632,0.2756873766,0.05151845142,0.06074917135
7186,CDS + 3'UTR,2,0.3631730974,0.384661499,0.2478464991,0.2787008248,0.3182611465,0.2760164538,0.07071923465,0.06062122448
7187,CDS + 3'UTR,2,0.3384506106,0.3834876623,0.277013272,0.2790993404,0.3150314093,0.2767303063,0.06950467825,0.06068269354
7188,CDS + 3'UTR,2,0.4564648867,0.3850935001,0.2541725338,0.2783490296,0.2358874381,0.2759590082,0.05347512662,0.06059846492
7189,CDS + 3'UTR,2,0.372844398,0.3860023383,0.2815540433,0.277560797,0.2887900472,0.2758286227,0.05681151897,0.06060824404
7190,CDS + 3'UTR,2,0.3885495663,0.3840343911,0.2788034678,0.2787071779,0.275198102,0.2765223511,0.05744891986,0.06073608068
7191,CDS + 3'UTR,2,0.5281224847,0.3861842081,0.1914533079,0.2775619783,0.2307744622,0.2757173346,0.04964979738,0.06053647916
7192,CDS + 3'UTR,2,0.3600350916,0.3850240212,0.31088534,0.2790526681,0.2765238881,0.2755121166,0.05255570635,0.06041119373
7193,CDS + 3'UTR,2,0.3373483121,0.3835235991,0.2751184106,0.2798548363,0.31963557,0.2761388106,0.06789767742,0.0604827533
7194,CDS + 3'UTR,2,0.3994910121,0.3852761481,0.3163147271,0.2791649804,0.2386797071,0.2752972862,0.04551453143,0.0602615844
7195,CDS + 3'UTR,2,0.3816981018,0.3842642788,0.2668271363,0.2797054686,0.2884917259,0.2756196143,0.06298301369,0.06041063746
7196,CDS + 3'UTR,2,0.363625139,0.3832851637,0.2888432145,0.2797979921,0.2899503708,0.276338779,0.05758131668,0.06057806388
7197,CDS + 3'UTR,2,0.4695673585,0.3839969311,0.237807855,0.2797941834,0.2426668853,0.2757518655,0.04995791614,0.06045701941
7198,CDS + 3'UTR,2,0.3470733762,0.3855895415,0.3392857313,0.2793695357,0.2563381791,0.2748448161,0.05730272084,0.06019610632
7199,CDS + 3'UTR,2,0.3464561403,0.384653132,0.2878107131,0.2799767736,0.2903884053,0.2751369121,0.07534471154,0.06023318204
7200,CDS + 3'UTR,2,0.4742022753,0.3848985754,0.2622456551,0.2800448012,0.2167122364,0.2748859236,0.04683987051,0.06017069933
7201,CDS + 3'UTR,2,0.3475842476,0.3845435731,0.309623003,0.2805986699,0.276080668,0.2747548899,0.06671205908,0.06010286645
7202,CDS + 3'UTR,2,0.3897034526,0.3844494868,0.2514155209,0.28031542,0.298204273,0.2751572164,0.06067672372,0.06007787692
7203,CDS + 3'UTR,2,0.4848557711,0.3843692493,0.2372821271,0.2810678769,0.2266232371,0.2746805636,0.05123883486,0.05988231064
7204,CDS + 3'UTR,2,0.3401668966,0.3842727486,0.303290993,0.2818103537,0.2854844332,0.2741613848,0.07105767727,0.05975551219
7205,CDS + 3'UTR,2,0.3675720692,0.3841602828,0.2488132715,0.2822869748,0.3157131672,0.2737597583,0.06790145487,0.05979298339
7206,CDS + 3'UTR,2,0.3797756732,0.3845400352,0.3343345225,0.2832273066,0.2398451418,0.2726890732,0.04604467005,0.05954358503
7207,CDS + 3'UTR,2,0.4083764553,0.3849868298,0.307333827,0.2832275659,0.2340653241,0.2722385127,0.05022444576,0.05954709128
7208,CDS + 3'UTR,2,0.3616687357,0.383070321,0.2710485458,0.2840426639,0.2974560261,0.2730714362,0.06982678175,0.05981557863
7209,CDS + 3'UTR,2,0.4693952799,0.3836650331,0.2532746196,0.2840815503,0.2220120281,0.2724899404,0.05531806871,0.05976347621
7210,CDS + 3'UTR,2,0.3349843025,0.38445272,0.3158571124,0.2839214053,0.285504818,0.2718260199,0.06365373731,0.05979985497
7211,CDS + 3'UTR,2,0.3438738585,0.3830313873,0.3338971138,0.2844833143,0.266484648,0.2725328468,0.05574436858,0.05995245203
7212,CDS + 3'UTR,2,0.470990777,0.3856206186,0.2373224646,0.2833034091,0.2391891778,0.2714868933,0.05249759555,0.05958908
7213,CDS + 3'UTR,2,0.3284360766,0.3844919711,0.3417007327,0.2842816073,0.2660540938,0.2715519592,0.06380907446,0.0596744631
7214,CDS + 3'UTR,2,0.3535553515,0.3851290539,0.2925321162,0.2835441429,0.2885273397,0.2714122172,0.06538518518,0.05991458669
7215,CDS + 3'UTR,2,0.5041693449,0.3865471028,0.249388054,0.2828034051,0.1961453706,0.2706374897,0.05029721558,0.0600120021
7216,CDS + 3'UTR,2,0.3545430899,0.3849428929,0.288293004,0.2842246454,0.2891934514,0.2707329595,0.0679704845,0.06009950191
7217,CDS + 3'UTR,2,0.397901237,0.3841275841,0.2335367501,0.2841301776,0.3062812388,0.2715606553,0.06228074804,0.06018158384
7218,CDS + 3'UTR,2,0.4001395106,0.3859315123,0.3040761352,0.2832498457,0.2434794903,0.2706821324,0.05230480433,0.06013650969
7219,CDS + 3'UTR,2,0.4053874612,0.3866637096,0.2440214157,0.2830435157,0.2858894467,0.2701164028,0.06470166892,0.06017637243
7220,CDS + 3'UTR,2,0.3065303564,0.384428107,0.3060150146,0.2838599503,0.3228506446,0.2712376872,0.064603962,0.06047425601
7221,CDS + 3'UTR,2,0.4257304072,0.384628053,0.3122678101,0.2842498682,0.2160223424,0.2706639482,0.04597944394,0.06045813053
7222,CDS + 3'UTR,2,0.3712759912,0.3855105817,0.3228827417,0.2842127558,0.2532058358,0.2699123768,0.05263545364,0.06036428655
7223,CDS + 3'UTR,2,0.3334646523,0.3844253518,0.3111897111,0.2845882174,0.2835043669,0.2703650849,0.07184126973,0.06062134835
7224,CDS + 3'UTR,2,0.4006675184,0.3855309643,0.2891999185,0.2846282434,0.2595904469,0.2694394941,0.05054212362,0.06040130048
7225,CDS + 3'UTR,2,0.3271693885,0.3874878433,0.3114374578,0.2836525204,0.299664855,0.2686039945,0.06172833592,0.06025564349
7226,CDS + 3'UTR,2,0.3473976254,0.3850334395,0.2779187262,0.2863111308,0.3083334565,0.268375217,0.06635019183,0.06028021406
7227,CDS + 3'UTR,2,0.412225306,0.387211553,0.2866542339,0.2855475372,0.240392223,0.2671433462,0.06072826684,0.06009756504
7228,CDS + 3'UTR,2,0.3989642262,0.3873629902,0.2640678287,0.2860646905,0.2743906379,0.2666280085,0.06257726997,0.05994431204
7229,CDS + 3'UTR,2,0.3364295065,0.3855048589,0.3266979456,0.2864995359,0.2815770805,0.2678203112,0.05529543757,0.0601752955
7230,CDS + 3'UTR,2,0.4773601294,0.3860956028,0.2350790203,0.2864142174,0.2397985607,0.2672211437,0.04776229709,0.06026903703
7231,CDS + 3'UTR,2,0.364913255,0.3864784442,0.3413664997,0.2856497755,0.2394505739,0.2674518062,0.05426967889,0.06041997503
7232,CDS + 3'UTR,2,0.326096952,0.3835675932,0.3048203588,0.2869289367,0.3040627241,0.2687656665,0.06501992047,0.06073780376
7233,CDS + 3'UTR,2,0.4406862557,0.384639037,0.2617770135,0.2864249857,0.2483711243,0.2681197086,0.0491656065,0.0608162683
7234,CDS + 3'UTR,2,0.3129414916,0.3854441881,0.3345966041,0.2862803297,0.2842490971,0.2675675364,0.06821279228,0.06070794524
7235,CDS + 3'UTR,2,0.4406900406,0.3839951489,0.2141170204,0.2863961788,0.2831685841,0.2685180092,0.06202437356,0.06109066275
7236,CDS + 3'UTR,2,0.3750757575,0.3848371975,0.3341338038,0.2863059657,0.2424485683,0.2678344307,0.04834189266,0.06102240616
7237,CDS + 3'UTR,2,0.4497719109,0.3844676528,0.2554311156,0.2860723952,0.2428651452,0.2681901878,0.05193189532,0.061269764
7238,CDS + 3'UTR,2,0.3243254125,0.3828389104,0.3231574297,0.2862519361,0.2917929292,0.2694030948,0.06072423607,0.06150605842
7239,CDS + 3'UTR,2,0.4221486449,0.3836851213,0.2813326418,0.2855287764,0.238298595,0.2693359531,0.05822011083,0.06145014898
7240,CDS + 3'UTR,2,0.3635189533,0.3845171247,0.2829182744,0.2849924494,0.287730068,0.2691178516,0.06583270431,0.06137257474
7241,CDS + 3'UTR,2,0.3559185565,0.3820401151,0.2646146417,0.2852679215,0.3163881302,0.2708131701,0.06307872385,0.06187879243
7242,CDS + 3'UTR,2,0.3866134286,0.3823219895,0.3210888505,0.285498615,0.2418447733,0.2703751778,0.05045293272,0.06180421705
7243,CDS + 3'UTR,2,0.3860121965,0.3820103385,0.3160335422,0.2858391553,0.2380237281,0.2703168215,0.05993047357,0.06183368438
7244,CDS + 3'UTR,2,0.3480024934,0.379244652,0.3017712235,0.2870551072,0.2813795805,0.2714859413,0.06884667277,0.06221429924
7245,CDS + 3'UTR,2,0.424028337,0.3801837541,0.3095619678,0.286393727,0.219253853,0.2712877249,0.04715589061,0.06213479391
7246,CDS + 3'UTR,2,0.3610247374,0.3802922592,0.2833200693,0.2865648389,0.2804493308,0.2710715709,0.07520583272,0.06207133126
7247,CDS + 3'UTR,2,0.2841002345,0.3796218343,0.3176029921,0.2862853702,0.3202903271,0.2717346907,0.07800644636,0.0623581056
7248,CDS + 3'UTR,2,0.4455420971,0.3785581589,0.2835886478,0.2859142348,0.2211930454,0.2728072759,0.04967618734,0.06272032973
7249,CDS + 3'UTR,2,0.3994928002,0.3792415593,0.2643291354,0.2853173882,0.2707103491,0.2727353256,0.06546771526,0.0627057252
7250,CDS + 3'UTR,2,0.2918253839,0.3780586936,0.3268359601,0.2853590082,0.3139340281,0.2736624653,0.0674046427,0.06291983137
7251,CDS + 3'UTR,2,0.4978467822,0.3786148921,0.235255003,0.2846762847,0.2295504212,0.2735857198,0.03734781966,0.06312310193
7252,CDS + 3'UTR,2,0.264169395,0.3787982769,0.3356981575,0.2833677782,0.3246584535,0.2744101657,0.07547397912,0.06342377863
7253,CDS + 3'UTR,2,0.4709926248,0.3777537577,0.210084796,0.2830844991,0.2475619316,0.2755061777,0.07136066258,0.06365556433
7254,CDS + 3'UTR,2,0.4482494593,0.3792195186,0.2392148077,0.2817410689,0.2437524647,0.2754881451,0.06878323853,0.06355126696
7255,CDS + 3'UTR,2,0.2869530618,0.3791569095,0.3562866449,0.2817491736,0.2860198915,0.2755997734,0.07074044645,0.06349414308
7256,CDS + 3'UTR,2,0.3526632786,0.3763880987,0.2503578365,0.2826654298,0.3239988089,0.2771969371,0.07298013568,0.06374953426
7257,CDS + 3'UTR,2,0.4912638962,0.3774477817,0.2398379147,0.2823719082,0.2083569169,0.276674079,0.06054127216,0.06350623118
7258,CDS + 3'UTR,2,0.4072457552,0.3759587839,0.2634683549,0.2839094365,0.2574608624,0.2765693294,0.07182501256,0.06356245042
7259,CDS + 3'UTR,2,0.2724938393,0.3752671998,0.3309062719,0.2837516965,0.3241343498,0.2772272753,0.07246553153,0.06375382957
7260,CDS + 3'UTR,2,0.4337109923,0.3763719272,0.270722568,0.2835309597,0.235740751,0.2766236916,0.0598256588,0.0634734225
7261,CDS + 3'UTR,2,0.36555022,0.3766751472,0.2830753028,0.284027083,0.2889259458,0.275849925,0.06244857609,0.06344784605
7262,CDS + 3'UTR,2,0.3565897346,0.3754800387,0.2876278758,0.283868471,0.2901479602,0.2768562254,0.06563451141,0.06379526583
7263,CDS + 3'UTR,2,0.423112005,0.3756538045,0.2711149752,0.2839334434,0.2486468554,0.2765801085,0.05712614208,0.063832644
7264,CDS + 3'UTR,2,0.4483474195,0.375713136,0.2282412797,0.2834141409,0.2612763643,0.2769671505,0.06213492155,0.06390557317
7265,CDS + 3'UTR,2,0.2733612061,0.3741479263,0.4641672373,0.2840205321,0.2089874297,0.2777353203,0.05348409712,0.0640962217
7266,CDS + 3'UTR,2,0.5374221802,0.3755272999,0.18675901,0.2837818133,0.2197114825,0.2767568989,0.05610731244,0.06393398717
7267,CDS + 3'UTR,2,0.3505655825,0.3759720955,0.3183855414,0.2843648104,0.2738043964,0.2758892503,0.05724443868,0.06377384262
7268,CDS + 3'UTR,2,0.3078143895,0.3746647608,0.2889601588,0.28478206,0.3312716484,0.2768043363,0.0719538033,0.06374884117
7269,CDS + 3'UTR,2,0.4201039076,0.3753814157,0.2747285664,0.2849148033,0.2408566475,0.2761759063,0.06431084126,0.06352787372
7270,CDS + 3'UTR,2,0.4191768765,0.3749544051,0.2176481187,0.2848619042,0.293651104,0.2764742563,0.06952396035,0.0637094331
7271,CDS + 3'UTR,2,0.2952544093,0.3734022953,0.2937861979,0.2851118313,0.3358832896,0.2775718115,0.07507609576,0.06391406097
7272,CDS + 3'UTR,2,0.4457505941,0.3738301359,0.2705692649,0.2845893728,0.2248472571,0.2777704932,0.05883286893,0.06380999703
7273,CDS + 3'UTR,2,0.4017603993,0.3746873099,0.2635459304,0.284812033,0.2754617929,0.2768644676,0.05923183262,0.06363618914
7274,CDS + 3'UTR,2,0.2835678756,0.3731023733,0.3255826533,0.2854949644,0.3147175312,0.2775069453,0.07613193244,0.06389571689
7275,CDS + 3'UTR,2,0.4490619898,0.3746930141,0.2596100867,0.2844712244,0.2338054478,0.2771005034,0.0575224869,0.06373525793
7276,CDS + 3'UTR,2,0.334061563,0.3736600175,0.2701575756,0.2857213294,0.318410933,0.2769321375,0.07736994326,0.0636865152
7277,CDS + 3'UTR,2,0.3392679691,0.3724213991,0.252171129,0.2855731359,0.3396994472,0.2780244235,0.06886146963,0.06398104075
7278,CDS + 3'UTR,2,0.4147702456,0.3727540959,0.2814329565,0.2855284041,0.2509668469,0.2778554399,0.05282996595,0.06386205889
7279,CDS + 3'UTR,2,0.4130164087,0.3732294336,0.2449045479,0.2850725343,0.2729402781,0.2778780505,0.06913877279,0.06381997978
7280,CDS + 3'UTR,2,0.2760415077,0.3721039809,0.2842834294,0.2851793619,0.352337718,0.2788112964,0.08733728528,0.06390535897
7281,CDS + 3'UTR,2,0.3701342046,0.3735913388,0.3280784786,0.2845763411,0.2410412878,0.278236972,0.06074602902,0.06359534608
7282,CDS + 3'UTR,2,0.3647713661,0.3731772523,0.2786587477,0.2853737924,0.293535769,0.2779511089,0.06303410977,0.06349784401
7283,CDS + 3'UTR,2,0.2636008561,0.3723719932,0.3345582783,0.2847900093,0.3201528192,0.2791016208,0.0816880241,0.06373637454
7284,CDS + 3'UTR,2,0.4152950644,0.373035609,0.2503805757,0.2842764501,0.2696271241,0.2790594745,0.06469725072,0.06362846442
7285,CDS + 3'UTR,2,0.3762524724,0.3725066509,0.2625022233,0.2842337057,0.2984208465,0.2795719322,0.06282444298,0.06368770986
7286,CDS + 3'UTR,2,0.3261416852,0.3714689478,0.3119770288,0.2839946114,0.292894721,0.2806265732,0.06898661703,0.06390986554
7287,CDS + 3'UTR,2,0.3232824206,0.3727073003,0.2776429951,0.2837092254,0.3198721409,0.2800769562,0.07920237631,0.06350651598
7288,CDS + 3'UTR,2,0.4163407683,0.3745210052,0.2233008146,0.2831532665,0.2917000055,0.2790983792,0.06865841895,0.06322734719
7289,CDS + 3'UTR,2,0.374766022,0.3723153275,0.2566042244,0.2830670726,0.2961831987,0.2808842611,0.07244656235,0.06373333735
7290,CDS + 3'UTR,2,0.3794801831,0.3718749188,0.2612392306,0.2834302023,0.2793651819,0.2811002724,0.07991538197,0.06359460568
7291,CDS + 3'UTR,2,0.3585446477,0.3720673326,0.2292165905,0.2832327221,0.3324403167,0.2811547704,0.07979850471,0.06354517415
7292,CDS + 3'UTR,2,0.3874292374,0.3704122964,0.2146601379,0.2836962152,0.3268701434,0.2819456242,0.07104045153,0.06394586335
7293,CDS + 3'UTR,2,0.44569695,0.3730205707,0.2342263162,0.282333231,0.2646114826,0.2808900431,0.05546528473,0.06375615462
7294,CDS + 3'UTR,2,0.3485466242,0.3707113408,0.2931804955,0.2837581236,0.2974576056,0.2818050995,0.06081527472,0.06372543504
7295,CDS + 3'UTR,2,0.2826644778,0.369897816,0.3226885498,0.2841080178,0.3239184618,0.2824000748,0.07072851062,0.06359409071
7296,CDS + 3'UTR,2,0.439317733,0.3720130473,0.2648112774,0.282855856,0.2473648041,0.2817908391,0.04850623757,0.06334025632
7297,CDS + 3'UTR,2,0.278781414,0.3727766968,0.356539011,0.2827395305,0.2979012728,0.2811628185,0.06677828729,0.06332095223
7298,CDS + 3'UTR,2,0.3448127806,0.3704414289,0.2914569378,0.2855312038,0.29611516,0.2807893516,0.0676151365,0.06323801302
7299,CDS + 3'UTR,2,0.4937656522,0.3714470822,0.2263624668,0.2851686809,0.2376027554,0.2803288756,0.04226910323,0.06305535906
7300,CDS + 3'UTR,2,0.3307879567,0.3726239186,0.3457048833,0.2843099836,0.2609493136,0.2801115649,0.06255784631,0.06295453026
7301,CDS + 3'UTR,2,0.3301217258,0.3710556902,0.2995788455,0.2846528895,0.2965263724,0.2812154831,0.07377302647,0.06307593458
7302,CDS + 3'UTR,2,0.3851772547,0.3718809113,0.3280805349,0.2840981927,0.2311164886,0.2810097245,0.05562570691,0.06301116836
7303,CDS + 3'UTR,2,0.3382111788,0.3720146872,0.2696455121,0.2838629846,0.3144677281,0.2811182702,0.07767560333,0.06300405446
7304,CDS + 3'UTR,2,0.2754507363,0.3704709016,0.337711215,0.2846510962,0.3210440278,0.2818307752,0.06579400599,0.06304722424
7305,CDS + 3'UTR,2,0.4375192821,0.3715646166,0.2923399508,0.2844393807,0.2213911414,0.2811782977,0.04874957353,0.06281770305
7306,CDS + 3'UTR,2,0.3829812706,0.3729040615,0.3245584965,0.2819665363,0.2389215678,0.2822476801,0.05353862792,0.06288172095
7307,CDS + 3'UTR,2,0.307638526,0.3702459142,0.3200342059,0.283601189,0.3135991096,0.2831686091,0.05872815102,0.06298428648
7308,CDS + 3'UTR,2,0.4562966228,0.3730741959,0.2746872902,0.2819324244,0.224116236,0.2822009847,0.04489987344,0.06279239459
7309,CDS + 3'UTR,2,0.3022686541,0.373833371,0.3224660158,0.2820063103,0.305445075,0.2815577231,0.06982018799,0.0626025958
7310,CDS + 3'UTR,2,0.3531913459,0.3725529153,0.2550731897,0.2822682094,0.3276029825,0.2825186335,0.06413252652,0.06266024243
7311,CDS + 3'UTR,2,0.399140507,0.3743388731,0.2995698154,0.2812816108,0.2553451061,0.282092109,0.04594456404,0.06228740634
7312,CDS + 3'UTR,2,0.3946708739,0.3750058074,0.322633177,0.2810877757,0.2315806746,0.2816866547,0.05111528933,0.0622197615
7313,CDS + 3'UTR,2,0.3138913214,0.3737623964,0.316411525,0.281417221,0.2997693419,0.2824734673,0.06992782652,0.0623469146
7314,CDS + 3'UTR,2,0.440192759,0.3749350641,0.2526974082,0.2809574194,0.2517337501,0.2819843831,0.05537607521,0.06212313375
7315,CDS + 3'UTR,2,0.3580503166,0.3759925544,0.3141254187,0.2803612068,0.2696993053,0.2816581095,0.05812495574,0.06198812895
7316,CDS + 3'UTR,2,0.275986284,0.374187557,0.3222783208,0.2808987275,0.3298314512,0.2827873098,0.07190393656,0.06212640489
7317,CDS + 3'UTR,2,0.4763876498,0.3756970916,0.251852572,0.2806969754,0.2293464541,0.281825627,0.04241334647,0.06178030539
7318,CDS + 3'UTR,2,0.3623524308,0.37656614,0.286687851,0.2808321428,0.2936017811,0.2809950843,0.0573579073,0.06160663199
7319,CDS + 3'UTR,2,0.3321124315,0.3763300005,0.2898788452,0.2807964064,0.3129582703,0.2811402917,0.0650504455,0.06173329996
7320,CDS + 3'UTR,2,0.4825075865,0.3760520674,0.2346766144,0.2810102865,0.2417841107,0.2813081305,0.04103167355,0.06162951421
7321,CDS + 3'UTR,2,0.322791636,0.3770613417,0.3284107447,0.2810462851,0.2935190797,0.2804960527,0.05527855828,0.06139631933
7322,CDS + 3'UTR,2,0.3221926987,0.3765874602,0.2743861973,0.2806768429,0.3338857293,0.2812445531,0.06953537464,0.06149114175
7323,CDS + 3'UTR,2,0.4391014576,0.3780511394,0.2749488056,0.2803794187,0.2346520275,0.2802024188,0.05129766464,0.06136702104
7324,CDS + 3'UTR,2,0.305685848,0.3792544335,0.2983516753,0.2796932839,0.3223761916,0.2799319508,0.07358630747,0.06112033026
7325,CDS + 3'UTR,2,0.3410120904,0.3787558362,0.2904344201,0.2798873566,0.3036251366,0.2802011827,0.06492834538,0.06115562292
7326,CDS + 3'UTR,2,0.460092932,0.3793173805,0.2604891956,0.2803022634,0.2364799678,0.2793998607,0.04293786734,0.06098049423
7327,CDS + 3'UTR,2,0.4291966259,0.3804291122,0.2731262743,0.2795247789,0.242004171,0.2791690525,0.05567294359,0.06087705512
7328,CDS + 3'UTR,2,0.2690878808,0.3809691958,0.2766931355,0.2793504264,0.3640635908,0.2790575266,0.09015540034,0.06062285108
7329,CDS + 3'UTR,2,0.3642601073,0.3806402043,0.2933795154,0.2805832814,0.2879912555,0.2783708353,0.05436918139,0.06040567989
7330,CDS + 3'UTR,2,0.307218492,0.3810679186,0.3110375404,0.2804243658,0.3182938695,0.2782065339,0.06345012039,0.06030118261
7331,CDS + 3'UTR,2,0.3654438853,0.3806082454,0.2723344564,0.2804976203,0.2928187251,0.2787603065,0.06940295547,0.06013382897
7332,CDS + 3'UTR,2,0.4728313386,0.3810721166,0.2266594172,0.2812332259,0.2402119637,0.2778539684,0.06029728055,0.05984068876
7333,CDS + 3'UTR,2,0.2862542272,0.3809655357,0.3240762055,0.2820499422,0.320766449,0.2772273928,0.06890309602,0.05975712966
7334,CDS + 3'UTR,2,0.3831674755,0.3805161353,0.267206341,0.2822315862,0.2913504839,0.2773386825,0.05827569216,0.05991359591
7335,CDS + 3'UTR,2,0.4561715722,0.3803883914,0.256113708,0.2821050549,0.2372810394,0.2774864018,0.05043369532,0.06002015206
7336,CDS + 3'UTR,2,0.4137552381,0.3819420155,0.2410517931,0.2810529394,0.2737571597,0.277021078,0.07143580914,0.05998396683
7337,CDS + 3'UTR,2,0.3044424653,0.3807536982,0.4631717801,0.2813663019,0.1784795672,0.2776345359,0.05390613526,0.06024546283
7338,CDS + 3'UTR,2,0.4876980186,0.3833085831,0.2344665229,0.2798755167,0.2206227779,0.2768447131,0.05721269548,0.05997118591
7339,CDS + 3'UTR,2,0.3666407466,0.3848027661,0.2622104883,0.2790117824,0.3067494929,0.2762754299,0.0643992275,0.05991001879
7340,CDS + 3'UTR,2,0.308252722,0.38152056,0.2981550395,0.2801808419,0.3240542114,0.2779524,0.0695380047,0.06034619543
7341,CDS + 3'UTR,2,0.4315679073,0.3827927776,0.2386995554,0.2794304715,0.2724652588,0.2775334341,0.05726727843,0.06024331446
7342,CDS + 3'UTR,2,0.3672918081,0.3830266554,0.2688112259,0.2792997999,0.2988316119,0.2775725288,0.06506539881,0.06010101335
7343,CDS + 3'UTR,2,0.2996091545,0.3829856671,0.3341639042,0.2783303117,0.305647254,0.2784366649,0.06057972461,0.06024735421
7344,CDS + 3'UTR,2,0.535844624,0.3843140431,0.2113040388,0.2782640176,0.2090781629,0.277440775,0.04377322644,0.05998116173
7345,CDS + 3'UTR,2,0.3805167973,0.3846075956,0.2663396895,0.278231681,0.2945380211,0.2772535102,0.05860552937,0.05990721076
7346,CDS + 3'UTR,2,0.324770391,0.3831907954,0.3175312281,0.2781384991,0.2933858037,0.2783579925,0.0643125549,0.06031271149
7347,CDS + 3'UTR,2,0.5768281221,0.3841007642,0.1848843694,0.2775221707,0.1963944435,0.2780323068,0.04189308733,0.06034475784
7348,CDS + 3'UTR,2,0.3685483932,0.3852903418,0.2948710322,0.2768731216,0.2798107266,0.2774259219,0.05676990002,0.06041061427
7349,CDS + 3'UTR,2,0.3176674545,0.3833503768,0.2956804931,0.2770665096,0.3177294731,0.2789192924,0.06892257184,0.06066382038
7350,CDS + 3'UTR,1,0.5620535016,0.3849307682,0.1387202293,0.2763113545,0.2595291436,0.2781138303,0.0396970734,0.0606440471
7351,CDS + 3'UTR,2,0.3486091495,0.3855846353,0.2782793939,0.2762142861,0.3034469485,0.2774889564,0.0696645081,0.06071212101
7352,CDS + 3'UTR,2,0.3462777138,0.3848731309,0.2969248891,0.276169301,0.2877922654,0.2779315112,0.06900511682,0.06102605588
7353,CDS + 3'UTR,2,0.4955738187,0.3856912907,0.226761803,0.2750076564,0.236335054,0.2782365175,0.04132936522,0.06106453347
7354,CDS + 3'UTR,2,0.3681671023,0.3860238023,0.2778856456,0.2746549299,0.288615644,0.2782530827,0.06533154845,0.06106818342
7355,CDS + 3'UTR,2,0.3046621978,0.384461122,0.3026117384,0.2751552163,0.3241414726,0.2791642429,0.06858456135,0.06121941763
7356,CDS + 3'UTR,2,0.4548243284,0.3859612174,0.2540174127,0.2746716572,0.2414763123,0.2783126049,0.04968198389,0.06105451873
7357,CDS + 3'UTR,2,0.4087918401,0.3878822919,0.2629845142,0.2737782257,0.2732560337,0.2773790661,0.05496759713,0.06096041501
7358,CDS + 3'UTR,2,0.3958790898,0.3866112091,0.2785740495,0.273894907,0.2625834346,0.2782014061,0.06296340376,0.0612924763
7359,CDS + 3'UTR,2,0.3907817602,0.3871162623,0.2620149553,0.2736339198,0.2863673866,0.2778770499,0.06083591282,0.06137276674
7360,CDS + 3'UTR,2,0.3567834496,0.3867815055,0.2871633172,0.2738028975,0.2873714864,0.2779314812,0.06868169457,0.0614841152
7361,CDS + 3'UTR,2,0.3322236836,0.3845739726,0.2985230982,0.274872487,0.3009213209,0.2788058905,0.06833182275,0.06174765043
7362,CDS + 3'UTR,2,0.4818657041,0.3871751156,0.2548648119,0.2736991687,0.2101650238,0.2775289856,0.05310445279,0.06159673105
7363,CDS + 3'UTR,2,0.3598643839,0.3874725543,0.2796674967,0.2740467722,0.2985153794,0.2768944442,0.06195276231,0.06158623039
7364,CDS + 3'UTR,2,0.3754072785,0.3854386017,0.2659063935,0.274693439,0.2911656797,0.2780192571,0.06752066314,0.0618487041
7365,CDS + 3'UTR,2,0.4211760163,0.3879652198,0.2956947684,0.2740078019,0.2343150824,0.2766072022,0.04881414771,0.06141977808
7366,CDS + 3'UTR,2,0.4150802195,0.3882247008,0.2497782707,0.2741825981,0.2744300663,0.2761296643,0.06071148813,0.06146303811
7367,CDS + 3'UTR,2,0.3664891124,0.3880887229,0.263694793,0.2734809635,0.3109500706,0.2765926095,0.05886605382,0.06183770639
7368,CDS + 3'UTR,2,0.3900214434,0.3881208144,0.3219292164,0.2732350478,0.2367646992,0.2767323829,0.05128472298,0.06191175687
7369,CDS + 3'UTR,2,0.408983171,0.3896143649,0.2438909709,0.2726979567,0.283039093,0.2760198798,0.06408677995,0.06166780028
7370,CDS + 3'UTR,2,0.3427063227,0.3889728896,0.2670995891,0.2728498554,0.3236669898,0.2763729215,0.06652709097,0.0618043344
7371,CDS + 3'UTR,2,0.3956543505,0.3907117642,0.2880650461,0.2724941136,0.2599332631,0.2752293352,0.05634728819,0.0615647879
7372,CDS + 3'UTR,2,0.3789027631,0.3916473746,0.2799974382,0.2720007597,0.2767440975,0.2748490587,0.06435572356,0.06150280819
7373,CDS + 3'UTR,2,0.4097449183,0.3896021564,0.2487578392,0.2730732163,0.2735146582,0.2756647184,0.06798258424,0.06165990946
7374,CDS + 3'UTR,2,0.3383271098,0.3918328632,0.2830579877,0.2721111139,0.3092751503,0.2745679528,0.0693397671,0.06148807076
7375,CDS + 3'UTR,2,0.4069544077,0.3919993203,0.238519311,0.2715712814,0.2866925597,0.2747652337,0.06783369184,0.06166416532
7376,CDS + 3'UTR,2,0.3442523479,0.3902181901,0.2898802757,0.2721256604,0.2964414358,0.2757748833,0.06942591816,0.06188126686
7377,CDS + 3'UTR,2,0.4831722081,0.3909736894,0.2372761965,0.2722968614,0.2347154468,0.2751813622,0.04483613372,0.06154808779
7378,CDS + 3'UTR,2,0.4643474221,0.392334529,0.222358197,0.269464997,0.2505725026,0.2765261795,0.06272176653,0.06167429476
7379,CDS + 3'UTR,2,0.2311891615,0.3905000083,0.3198872209,0.2700077048,0.3717603683,0.2777035501,0.07716323435,0.06178873726
7380,CDS + 3'UTR,2,0.4325653613,0.3912716366,0.2856752574,0.269804561,0.2274320424,0.2772085793,0.05432736874,0.06171522415
7381,CDS + 3'UTR,2,0.3488319516,0.3918678116,0.2891251147,0.2692683393,0.2996539474,0.2772164334,0.06238893792,0.06164741707
7382,CDS + 3'UTR,2,0.3818981946,0.3908255897,0.250521481,0.2694936609,0.3002473712,0.2778273463,0.06733297557,0.06185340439
7383,CDS + 3'UTR,2,0.4444812536,0.3913699951,0.2643419802,0.2696797976,0.2347965389,0.2772918705,0.05638020486,0.06165833771
7384,CDS + 3'UTR,2,0.2989349365,0.3920394264,0.335124284,0.2692194143,0.3060628474,0.2770144451,0.05987792835,0.06172671495
7385,CDS + 3'UTR,2,0.3241752684,0.3895944595,0.2848854065,0.2697406655,0.3097497225,0.2785716884,0.08118963242,0.06209318638
7386,CDS + 3'UTR,2,0.4557787776,0.3905334782,0.275252223,0.2696316304,0.2128667086,0.2778568441,0.05610233545,0.06197804692
7387,CDS + 3'UTR,2,0.4028047323,0.3910225615,0.2681102753,0.2696697125,0.2650883198,0.2774896333,0.06399666518,0.06181809264
7388,CDS + 3'UTR,2,0.3010994196,0.3881338969,0.2901583314,0.271077062,0.3435858786,0.2786007592,0.06515636295,0.06218828154
7389,CDS + 3'UTR,2,0.4286999702,0.3877856638,0.2620536089,0.2712113766,0.2410081029,0.2786948739,0.06823832542,0.06230808361
7390,CDS + 3'UTR,2,0.40550071,0.3886801019,0.2473077178,0.270835785,0.2776130736,0.2781741155,0.069578439,0.06230999571
7391,CDS + 3'UTR,2,0.3422201574,0.3857418958,0.2959710062,0.2725401353,0.2907494903,0.2789623791,0.07105935365,0.06275558867
7392,CDS + 3'UTR,2,0.4601236582,0.3867180809,0.2297016084,0.272654203,0.2559811771,0.2781010577,0.0541934967,0.06252665729
7393,CDS + 3'UTR,2,0.3404922485,0.3872239668,0.2881934047,0.2723805193,0.3010945618,0.2778660072,0.07021982223,0.06252950667
7394,CDS + 3'UTR,2,0.3151783347,0.3851447746,0.2927203178,0.2733513949,0.324626565,0.2786146525,0.06747481227,0.06288917726
7395,CDS + 3'UTR,2,0.4780579507,0.3864087168,0.2754406929,0.2728833217,0.2015682608,0.2780688647,0.04493304342,0.06263909694
7396,CDS + 3'UTR,2,0.4296722412,0.3866202027,0.2508037984,0.2735948347,0.2551483512,0.2773057885,0.06437563896,0.06247917525
7397,CDS + 3'UTR,2,0.3747010231,0.3851449903,0.2611870766,0.2742368333,0.2951336503,0.2779246105,0.06897825003,0.06269356702
7398,CDS + 3'UTR,2,0.402756691,0.3854521345,0.2658088803,0.2744654015,0.2676532865,0.2774901681,0.06378114223,0.06259229761
7399,CDS + 3'UTR,2,0.3053318858,0.3846728817,0.3033970594,0.2745198343,0.317312777,0.2781287469,0.07395832241,0.06267853975
7400,CDS + 3'UTR,2,0.3059049547,0.3839453898,0.3202437758,0.2748682745,0.3117368519,0.278444222,0.06211449206,0.06274211593
7401,CDS + 3'UTR,2,0.5308830738,0.3857084695,0.2345452756,0.2740230815,0.1913666874,0.2777328042,0.04320500791,0.06253564768
7402,CDS + 3'UTR,2,0.3459877968,0.3864071414,0.3021944761,0.2736056929,0.2831224203,0.277469922,0.06869532168,0.062517248
7403,CDS + 3'UTR,2,0.2763852477,0.3840022817,0.3266821504,0.2746428655,0.3246370554,0.2786034869,0.07229556143,0.06275137011
7404,CDS + 3'UTR,2,0.5078153014,0.385763314,0.2435007095,0.2740296906,0.2094117999,0.2776186572,0.03927222639,0.06258834256
7405,CDS + 3'UTR,2,0.3617705703,0.384763198,0.3044181168,0.275393063,0.2654221058,0.27734999,0.06838914752,0.06249375353
7406,CDS + 3'UTR,2,0.4492146969,0.3837888382,0.2043584287,0.2753079204,0.2735155821,0.2781040203,0.07291132957,0.06279922593
7407,CDS + 3'UTR,2,0.431763947,0.384744646,0.2534530163,0.2749492692,0.2531860471,0.2776419742,0.06159698218,0.0626641144
7408,CDS + 3'UTR,2,0.388571918,0.3840795588,0.2337258458,0.2754297299,0.3070633411,0.2776694553,0.07063887268,0.06282125916
7409,CDS + 3'UTR,2,0.3129420877,0.3839052144,0.3055314124,0.2743767565,0.3162345886,0.2786830613,0.06529191136,0.06303497003
7410,CDS + 3'UTR,2,0.4463284612,0.3836383823,0.2825782001,0.2751649769,0.2268069685,0.2783238629,0.04428640008,0.06287278035
7411,CDS + 3'UTR,2,0.440292716,0.3841726895,0.2328661382,0.27592082,0.2623966038,0.2772503158,0.06444457918,0.06265617763
7412,CDS + 3'UTR,2,0.3092138767,0.3838598125,0.3124559522,0.2757552819,0.3054647446,0.2775604332,0.07286538184,0.06282447572
7413,CDS + 3'UTR,2,0.464710772,0.3846746992,0.2471080124,0.2754820405,0.2330251932,0.2771221617,0.05515599996,0.06272110189
7414,CDS + 3'UTR,2,0.3964840472,0.3839120995,0.2240197361,0.2758330846,0.3071329594,0.2775061017,0.07236325741,0.06274871756
7415,CDS + 3'UTR,2,0.3136811554,0.384901258,0.3004640341,0.2751233509,0.3180530071,0.2772729298,0.06780181825,0.06270246427
7416,CDS + 3'UTR,2,0.4741951823,0.3853464942,0.2547478676,0.2753816253,0.2262754738,0.2767883701,0.04478148371,0.06248351401
7417,CDS + 3'UTR,2,0.4133096337,0.3859541848,0.2366226315,0.2752639724,0.2860649526,0.2764364356,0.0640026927,0.06234541126
7418,CDS + 3'UTR,2,0.3409363627,0.3842614125,0.2778831422,0.2757952487,0.3148124218,0.2773908395,0.06636809558,0.06255250289
7419,CDS + 3'UTR,2,0.4283710122,0.3836392079,0.2459589839,0.2764264671,0.2671518326,0.2774143871,0.05851817876,0.0625199433
7420,CDS + 3'UTR,2,0.3559467196,0.3854156651,0.2552573085,0.2752922211,0.3246825337,0.2767823,0.06411343813,0.06250981954
7421,CDS + 3'UTR,2,0.3481901586,0.3847229943,0.2567252815,0.2744099278,0.3213382959,0.2782125525,0.07374626398,0.06265453123
7422,CDS + 3'UTR,2,0.4108442366,0.3859213986,0.2837021649,0.2735868201,0.2559935451,0.2778751384,0.04946006462,0.06261664983
7423,CDS + 3'UTR,2,0.3531636596,0.3859678302,0.2973332405,0.2735806882,0.2834532261,0.2778606631,0.06604990363,0.06259082481
7424,CDS + 3'UTR,2,0.3402472734,0.3848826859,0.2530041337,0.273657576,0.3336576223,0.2788032571,0.07309094071,0.06265648785
7425,CDS + 3'UTR,2,0.4556382895,0.3866487622,0.2576168776,0.2731634859,0.2373504788,0.277756994,0.04939437285,0.06243076464
7426,CDS + 3'UTR,2,0.3638970554,0.3868836835,0.3205778003,0.2733744558,0.2640089393,0.2774178697,0.05151621252,0.06232399708
7427,CDS + 3'UTR,2,0.3457349539,0.3848620258,0.2974723279,0.2736345407,0.2852845192,0.2788283043,0.07150819898,0.06267513493
7428,CDS + 3'UTR,2,0.3406897485,0.3857079506,0.3056162,0.2733963031,0.287339896,0.2783160612,0.06635406613,0.06257969169
7429,CDS + 3'UTR,2,0.3892225027,0.3862497389,0.2656331658,0.2732936226,0.2760688066,0.2778154675,0.06907553971,0.06264117667
7430,CDS + 3'UTR,2,0.3269970119,0.3846337263,0.2750682533,0.2741583638,0.3225902319,0.278498942,0.07534451038,0.0627089737
7431,CDS + 3'UTR,2,0.4267039597,0.3859058339,0.2874048054,0.2740851449,0.2345412374,0.2775893928,0.05134999752,0.06241963506
7432,CDS + 3'UTR,2,0.3867485821,0.3864132736,0.2750301957,0.2735648228,0.2689882219,0.2776624942,0.06923306733,0.06235941518
7433,CDS + 3'UTR,2,0.3292384446,0.3845582563,0.3044318557,0.2743020466,0.2962266803,0.2784833392,0.07010301203,0.06265636384
7434,CDS + 3'UTR,2,0.4692824781,0.3868007425,0.2404397875,0.2734122496,0.2449526191,0.2774113154,0.04532512277,0.06237569787
7435,CDS + 3'UTR,2,0.3215810657,0.3875940073,0.3595327735,0.272880302,0.2630953789,0.2771660371,0.05579082668,0.06235965872
7436,CDS + 3'UTR,2,0.3368073404,0.3854534451,0.3053773046,0.2733018383,0.2909820676,0.2785775382,0.06683332473,0.06266718432
7437,CDS + 3'UTR,2,0.433363378,0.3864231158,0.2812699676,0.273015029,0.2385006398,0.2781225249,0.0468660444,0.06243933616
7438,CDS + 3'UTR,2,0.3335388601,0.3854071226,0.2829286754,0.2736243971,0.3136697412,0.2785619408,0.0698627755,0.06240654569
7439,CDS + 3'UTR,2,0.3325824142,0.3858509172,0.2898901701,0.2728355426,0.3116053939,0.2787356347,0.06592200696,0.06257791147
7440,CDS + 3'UTR,2,0.4978298247,0.3871190738,0.2195478827,0.272339477,0.2304580659,0.2780613896,0.05216423422,0.06248006504
7441,CDS + 3'UTR,2,0.3881174326,0.3880639695,0.26513201,0.2716292009,0.2798907459,0.2776648812,0.0668598488,0.06264195228
7442,CDS + 3'UTR,2,0.2894769311,0.3854575858,0.3378386199,0.2722765727,0.3008502126,0.2791874161,0.07183422148,0.06307842853
7443,CDS + 3'UTR,2,0.5007469654,0.3868576333,0.2306134999,0.2715868337,0.2197290063,0.2786567526,0.04891055822,0.06289878301
7444,CDS + 3'UTR,2,0.2953979969,0.3876633335,0.3749761879,0.2709804153,0.2696723044,0.2784041533,0.05995354056,0.06295210021
7445,CDS + 3'UTR,2,0.3432272375,0.3856255278,0.2888833582,0.2717328088,0.2946375012,0.2793005442,0.07325194031,0.06334112007
7446,CDS + 3'UTR,2,0.4915448427,0.387807066,0.2210861742,0.2707489306,0.23746638,0.2784339404,0.04990256578,0.06301006526
7447,CDS + 3'UTR,2,0.3132821321,0.3868338332,0.3021316528,0.2713437201,0.3131485581,0.2788065689,0.07143763453,0.06301587988
7448,CDS + 3'UTR,2,0.3760738969,0.3860524584,0.2376913428,0.2712010605,0.3178531826,0.2794110278,0.06838159263,0.06333545586
7449,CDS + 3'UTR,2,0.3876366019,0.386275601,0.3069486022,0.2713831073,0.2543032169,0.2788505925,0.05111160502,0.06349070193
7450,CDS + 3'UTR,2,0.3854508996,0.3868216567,0.3275670409,0.2707847307,0.2377832234,0.2787096737,0.04919887334,0.06368394112
7451,CDS + 3'UTR,2,0.3706241846,0.3849367879,0.2748219967,0.2711110568,0.2847426534,0.2798439654,0.06981113553,0.06410819143
7452,CDS + 3'UTR,2,0.4440937042,0.3861532114,0.2581381202,0.2709586611,0.2416823804,0.2790661795,0.05608581752,0.06382194846
7453,CDS + 3'UTR,2,0.3487369418,0.3869625304,0.2768413723,0.2705272095,0.3042298555,0.278713415,0.07019183785,0.06379684568
7454,CDS + 3'UTR,2,0.4174597859,0.3852616768,0.2262792885,0.2709220888,0.2906213999,0.279719151,0.0656395033,0.06409708452
7455,CDS + 3'UTR,2,0.4425733089,0.3868678398,0.2591812611,0.2709204933,0.2479277849,0.2783797031,0.05031767115,0.06383196493
7456,CDS + 3'UTR,2,0.392867595,0.3876616053,0.2804680467,0.2703140257,0.2682866752,0.2781028537,0.05837769806,0.06392151644
7457,CDS + 3'UTR,2,0.3477504253,0.3855688497,0.2797783017,0.271921823,0.31106776,0.2782245258,0.06140346453,0.06428480265
7458,CDS + 3'UTR,2,0.4145710468,0.3863188423,0.2728556693,0.2718968702,0.2524563074,0.2776428511,0.06011699885,0.06414143881
7459,CDS + 3'UTR,2,0.373305738,0.3865288779,0.2291475385,0.2717228839,0.321193397,0.2775222471,0.07635333389,0.06422599358
7460,CDS + 3'UTR,2,0.3771516979,0.3847334169,0.2150917947,0.2725263042,0.3418522477,0.27819624,0.06590430439,0.06454404052
7461,CDS + 3'UTR,2,0.4447042942,0.386878214,0.2232764959,0.2719803724,0.2726608217,0.2767508054,0.05935842544,0.06439060941
7462,CDS + 3'UTR,2,0.3856127262,0.3870221097,0.2500309348,0.2718916047,0.2990893424,0.2766189972,0.06526697427,0.06446728949
7463,CDS + 3'UTR,2,0.3576697111,0.3856434107,0.2704930007,0.2712523934,0.3102040589,0.2778092029,0.06163324788,0.06529499474
7464,CDS + 3'UTR,2,0.4402210414,0.3861042857,0.2955970764,0.2705754541,0.2223618031,0.2776178794,0.04182007164,0.06570238289
7465,CDS + 3'UTR,2,0.3429689705,0.386593689,0.3017629981,0.2701996326,0.2826197743,0.2774021411,0.07264822721,0.06580453874
7466,CDS + 3'UTR,2,0.2940461636,0.3852389272,0.2960590124,0.2703857504,0.3257014751,0.2779541124,0.08419336379,0.0664212117
7467,CDS + 3'UTR,2,0.4704787135,0.3854698192,0.2490512729,0.2698914897,0.2241088748,0.2780402567,0.05636120588,0.06659843614
7468,CDS + 3'UTR,2,0.3444424868,0.3858070102,0.2819438875,0.2692262271,0.3035383821,0.2783048488,0.07007516176,0.06666191565
7469,CDS + 3'UTR,2,0.299418956,0.3852792215,0.3312329054,0.2687933004,0.2956860662,0.2787704118,0.07366208732,0.06715706931
7470,CDS + 3'UTR,2,0.5072693229,0.3853113856,0.2414502054,0.2687691143,0.2048491389,0.2786716178,0.04643134773,0.067247885
7471,CDS + 3'UTR,2,0.3828153312,0.3854156327,0.2543452382,0.2687118301,0.2965976,0.2785327874,0.06624176353,0.06733975243
7472,CDS + 3'UTR,2,0.3117222786,0.3836263146,0.2886795104,0.2687691672,0.3216487765,0.2796584029,0.07794938982,0.06794611793
7473,CDS + 3'UTR,2,0.5198911428,0.3845129862,0.2170096487,0.2690217657,0.2153326571,0.2788716067,0.04776654392,0.06759364335
7474,CDS + 3'UTR,2,0.3786395192,0.3843065213,0.2501645088,0.2689435648,0.3050042987,0.2789553598,0.06619168073,0.06779455571
7475,CDS + 3'UTR,2,0.3068129718,0.3819657523,0.3091636002,0.2692966476,0.3144883513,0.2801243901,0.06953509152,0.06861321162
7476,CDS + 3'UTR,2,0.5072458982,0.3835598532,0.22785905,0.2681257386,0.218747288,0.279700594,0.04614778608,0.06861381484
7477,CDS + 3'UTR,2,0.2934215665,0.3832723781,0.3099365234,0.2674016014,0.3302869201,0.2803010076,0.06635501236,0.06902501248
7478,CDS + 3'UTR,2,0.4382602572,0.3813507494,0.2027005255,0.267238877,0.2815487981,0.2816937895,0.07749040425,0.0697165831
7479,CDS + 3'UTR,2,0.4067844152,0.3823720962,0.2637118101,0.266759474,0.2633731663,0.2810684832,0.06613060832,0.06979994541
7480,CDS + 3'UTR,2,0.3814966083,0.3824160989,0.2634216845,0.2663180085,0.2800161839,0.2812218735,0.07506547123,0.07004401786
7481,CDS + 3'UTR,2,0.3223723769,0.3804358311,0.2863350213,0.2668536402,0.3131694794,0.2820599351,0.07812310755,0.07065059226
7482,CDS + 3'UTR,2,0.4579916,0.379771531,0.247015357,0.2666743305,0.2406693399,0.2823463816,0.0543236807,0.0712077545
7483,CDS + 3'UTR,2,0.3408412635,0.3805010136,0.2781686783,0.2658545714,0.3044291139,0.2824005034,0.07656093687,0.07124390965
7484,CDS + 3'UTR,2,0.3447908461,0.3779237226,0.3036921918,0.2667943537,0.2811230719,0.283492497,0.07039381564,0.07178942403
7485,CDS + 3'UTR,2,0.5362936258,0.3795812432,0.2257078588,0.264978097,0.1960937977,0.2835824423,0.04190476239,0.07185821431
7486,CDS + 3'UTR,2,0.37135607,0.3792263601,0.2519415915,0.2648140777,0.3033258617,0.2838976253,0.07337649912,0.07206193274
7487,CDS + 3'UTR,2,0.3692539632,0.3770793427,0.2420402467,0.265092694,0.3015427589,0.2851637004,0.0871630609,0.07266425872
7488,CDS + 3'UTR,2,0.4064233303,0.3782440968,0.2482895851,0.2643134894,0.2622285187,0.2847447643,0.0830585584,0.07269764524
7489,CDS + 3'UTR,2,0.3566265404,0.3782125399,0.257661283,0.2644009091,0.3049610853,0.2844950939,0.08075104654,0.07289145235
7490,CDS + 3'UTR,2,0.2955389619,0.3770374577,0.3086842895,0.2641609732,0.3175503016,0.2853508497,0.07822642475,0.07345071421
7491,CDS + 3'UTR,2,0.5376065969,0.3771373663,0.220674485,0.2633574083,0.2001737356,0.2856465207,0.04154514149,0.0738586986
7492,CDS + 3'UTR,2,0.3739593923,0.3764122199,0.2779398263,0.2634047132,0.2772435844,0.286066995,0.07085715979,0.07411606577
7493,CDS + 3'UTR,2,0.3286424875,0.3740989681,0.278698355,0.2639387798,0.3134840727,0.2871407708,0.07917510718,0.07482147529
7494,CDS + 3'UTR,2,0.524977088,0.3755369276,0.2238920927,0.2634270173,0.1999771297,0.2863960536,0.05115368962,0.07463999563
7495,CDS + 3'UTR,2,0.3771823943,0.37448413,0.2519466281,0.263947846,0.2959050536,0.2865790313,0.07496593893,0.07498898744
7496,CDS + 3'UTR,2,0.3067747355,0.3726763297,0.3833716512,0.2642183002,0.2360092402,0.2874911224,0.07384438068,0.07561424104
7497,CDS + 3'UTR,2,0.4733090401,0.3721236598,0.2346264124,0.2646772165,0.2395309806,0.2874981722,0.05253358558,0.07570094476
7498,CDS + 3'UTR,2,0.3577392101,0.3712511238,0.2639642358,0.2652903978,0.3051640987,0.2875416553,0.0731324777,0.07591681718
7499,CDS + 3'UTR,2,0.2847341299,0.3696114179,0.3102326095,0.2656700067,0.3210712671,0.2882604772,0.08396193385,0.07645809208
7500,CDS + 3'UTR,2,0.5275304914,0.3706745673,0.211582765,0.2659900876,0.2090477645,0.2870340886,0.05183894932,0.07630124991
7501,CDS + 3'UTR,2,0.3597018123,0.3698418755,0.2496238649,0.2663603788,0.3107936382,0.2872312156,0.07988066971,0.07656652262
7502,CDS + 3'UTR,2,0.300548315,0.3679033622,0.232565254,0.2669174531,0.3512099981,0.2881027931,0.115676485,0.07707638373
7503,CDS + 3'UTR,2,0.3900336623,0.3678075954,0.2431780994,0.2668565603,0.2681473494,0.2878543166,0.09864095598,0.07748152032
7504,CDS + 3'UTR,2,0.379399538,0.3680535764,0.2229384184,0.2663221547,0.316398561,0.2879507804,0.08126340806,0.07767348038
7505,CDS + 3'UTR,2,0.3472573459,0.3663215868,0.2725062966,0.2662373127,0.2815081775,0.2891120834,0.09872820973,0.07832900947
7506,CDS + 3'UTR,2,0.3823684156,0.3666284218,0.2810369432,0.2657923276,0.2709004879,0.2892572215,0.06569416821,0.07832202222
7507,CDS + 3'UTR,2,0.372710228,0.3668383505,0.2442513257,0.2659949468,0.3064518869,0.2888296878,0.07658655941,0.07833700767
7508,CDS + 3'UTR,2,0.2984666526,0.3651299473,0.2709820569,0.2660614425,0.3245849311,0.2901436469,0.1059663594,0.07866495512
7509,CDS + 3'UTR,2,0.3917956352,0.3667196762,0.2636982799,0.2654623548,0.2681652904,0.2893682921,0.07634079456,0.07844966967
7510,CDS + 3'UTR,2,0.3353367746,0.3667436589,0.2704855204,0.2657250809,0.3114838004,0.2891303258,0.08269390464,0.07840092694
7511,CDS + 3'UTR,2,0.2835585177,0.3637326989,0.2919917703,0.266701201,0.3245904744,0.2906063423,0.09985923767,0.07895974983
7512,CDS + 3'UTR,2,0.4576823115,0.3654607989,0.2952380776,0.2663360391,0.2060445249,0.2894696772,0.04103510082,0.0787334783
7513,CDS + 3'UTR,2,0.3127212524,0.3653196979,0.298175782,0.2666600827,0.3029269278,0.2893063381,0.08617600054,0.07871387526
7514,CDS + 3'UTR,2,0.2820209563,0.3636475876,0.2686864138,0.2671975205,0.3384750485,0.2900782235,0.1108175963,0.07907666266
7515,CDS + 3'UTR,2,0.4491091371,0.3645036738,0.2658600509,0.2671463193,0.2291916907,0.2893507503,0.05583908409,0.07899925089
7516,CDS + 3'UTR,2,0.3138093352,0.3644125946,0.2474463284,0.2673765106,0.339015156,0.2891839921,0.09972913563,0.07902689748
7517,CDS + 3'UTR,2,0.279633075,0.3618426602,0.2682520151,0.2680548081,0.3499231935,0.2907093581,0.1021916941,0.07939316756
7518,CDS + 3'UTR,2,0.4152466059,0.3640643764,0.2445764393,0.2671116291,0.2636452317,0.2895574169,0.07653176039,0.07926657153
7519,CDS + 3'UTR,2,0.3361026347,0.3620949987,0.254572928,0.2686895723,0.3238766193,0.2900730805,0.08544780314,0.07914234344
7520,CDS + 3'UTR,2,0.3394083977,0.3621820457,0.2623984218,0.2682806563,0.2975029945,0.2902765634,0.100690186,0.07926073
7521,CDS + 3'UTR,2,0.3349734247,0.3628078129,0.2507872283,0.2682108179,0.3028064668,0.2898044163,0.111432828,0.07917694906
7522,CDS + 3'UTR,2,0.3478355408,0.3633270137,0.2722578943,0.2681450699,0.3051799536,0.2894755052,0.07472663373,0.0790524072
7523,CDS + 3'UTR,2,0.2945636809,0.3615168493,0.3057960868,0.2685839918,0.3070884943,0.2906052882,0.09255170822,0.07929386711
7524,CDS + 3'UTR,2,0.4279996455,0.3633639663,0.2296756506,0.267900745,0.2768679261,0.2898454646,0.06545676291,0.07888982045
7525,CDS + 3'UTR,2,0.3148365915,0.3633455146,0.2757618129,0.2681932589,0.3198521435,0.2896627551,0.08954941481,0.07879846906
7526,CDS + 3'UTR,2,0.3197834492,0.3605643157,0.2433754802,0.269122191,0.338752389,0.2911167575,0.09808864444,0.07919673296
7527,CDS + 3'UTR,2,0.4064624608,0.3618914429,0.2397952825,0.2691033365,0.279633671,0.2901080446,0.07410855591,0.07889717305
7528,CDS + 3'UTR,2,0.3735493422,0.3617537815,0.2446849197,0.2694263173,0.2978795469,0.2900980258,0.08388616145,0.07872187169
7529,CDS + 3'UTR,2,0.2936300337,0.3602104176,0.287753731,0.2702952376,0.3227636814,0.290828394,0.09585255384,0.07866594782
7530,CDS + 3'UTR,2,0.3934435844,0.3623427257,0.263281852,0.2696092337,0.2614369094,0.2897525128,0.08183762431,0.07829552582
7531,CDS + 3'UTR,2,0.312612474,0.3636460397,0.278606385,0.2686161494,0.3183805943,0.2894092795,0.09040050954,0.07832853012
7532,CDS + 3'UTR,2,0.2590335608,0.3612663236,0.3008634448,0.2691224558,0.3275844455,0.2908406977,0.1125185788,0.07877052245
7533,CDS + 3'UTR,2,0.4637736976,0.3628594346,0.2359003723,0.2683800029,0.2446524799,0.290226483,0.05567346513,0.07853407953
7534,CDS + 3'UTR,2,0.3332359791,0.3625433698,0.2679455876,0.2684265224,0.3052596152,0.2902518019,0.0935588479,0.07877830556
7535,CDS + 3'UTR,2,0.2979492843,0.3602679145,0.2808175981,0.2690549938,0.3208950758,0.2915385347,0.1003379598,0.07913855677
7536,CDS + 3'UTR,2,0.348654002,0.3610691711,0.3171813488,0.2692178113,0.2688506544,0.2909492087,0.06531399488,0.0787638085
7537,CDS + 3'UTR,2,0.2779475451,0.3609348033,0.3288328052,0.2681726446,0.3145464063,0.2920281064,0.07867325842,0.07886444554
7538,CDS + 3'UTR,2,0.2833945751,0.3596994132,0.3032243848,0.2683519984,0.309962064,0.2928464588,0.103418991,0.07910212926
7539,CDS + 3'UTR,2,0.4583576918,0.3605886478,0.2547540069,0.267934485,0.223082304,0.2924320403,0.06380596012,0.07904482619
7540,CDS + 3'UTR,2,0.3105363548,0.3611017492,0.2447150946,0.2671755468,0.3576224148,0.2927867476,0.08712612092,0.07893595607
7541,CDS + 3'UTR,2,0.2896232307,0.3598420743,0.2678424418,0.2670726925,0.3423870206,0.2938383393,0.1001473144,0.07924689422
7542,CDS + 3'UTR,2,0.3779513836,0.360421304,0.2451595068,0.2670878559,0.2792112231,0.2934616387,0.09767790139,0.0790292012
7543,CDS + 3'UTR,2,0.3773481846,0.3614509638,0.227740556,0.2675327983,0.3179211617,0.2925928723,0.07699005306,0.07842336479
7544,CDS + 3'UTR,2,0.3016618788,0.3614855129,0.2888097167,0.2673958782,0.3152660429,0.2929345626,0.09426239878,0.07818404497
7545,CDS + 3'UTR,2,0.3675157726,0.3617925595,0.2661641836,0.2674507637,0.2942308187,0.2926959369,0.07208924741,0.07806073972
7546,CDS + 3'UTR,2,0.3108404577,0.3618433625,0.3122685552,0.2673439194,0.2914987803,0.2931272477,0.08539219946,0.07768546999
7547,CDS + 3'UTR,2,0.3338064551,0.3613992561,0.2543709278,0.267436251,0.3292255998,0.2934292391,0.08259700239,0.07773525272
7548,CDS + 3'UTR,2,0.4716207981,0.3623856682,0.2340168655,0.2673353368,0.2415100038,0.2927847046,0.05285232514,0.07749428903
7549,CDS + 3'UTR,2,0.30133757,0.3637137223,0.3522509933,0.267019088,0.2766487598,0.2922838852,0.0697626695,0.07698330269
7550,CDS + 3'UTR,2,0.266392529,0.3632721722,0.3195398152,0.2671564231,0.3229304552,0.2925939973,0.09113717824,0.07697740584
7551,CDS + 3'UTR,2,0.5210633278,0.3651577879,0.2251322865,0.266676498,0.2056643963,0.2915626241,0.04814004153,0.07660308843
7552,CDS + 3'UTR,2,0.300434202,0.3671519481,0.3146030009,0.2660091799,0.3085816503,0.2907530064,0.07638114691,0.07608586419
7553,CDS + 3'UTR,2,0.3861223161,0.3654072925,0.2600046694,0.2661312137,0.2770834863,0.2920566631,0.07678953558,0.07640482876
7554,CDS + 3'UTR,2,0.4471264184,0.3657779679,0.246068418,0.266231693,0.2468064427,0.2919127563,0.05999873951,0.07607758143
7555,CDS + 3'UTR,2,0.2995266318,0.3668879423,0.3275789022,0.2663948726,0.3011476994,0.2911550792,0.07174681872,0.07556210444
7556,CDS + 3'UTR,2,0.30165115,0.3647991873,0.2821228504,0.2669066854,0.3407765627,0.2924585989,0.0754493922,0.07583552743
7557,CDS + 3'UTR,2,0.4711588621,0.3671297155,0.234482199,0.2667109633,0.2381316274,0.2909779536,0.05622733012,0.07518136692
7558,CDS + 3'UTR,2,0.2807100415,0.3688616317,0.3289359808,0.266342623,0.322801888,0.2901373854,0.06755215675,0.07465835903
7559,CDS + 3'UTR,2,0.4137481749,0.3681333717,0.230998531,0.2668985117,0.2796517909,0.290422385,0.07560153306,0.07454572953
7560,CDS + 3'UTR,2,0.4315579832,0.3693557553,0.2578346133,0.2671285387,0.2422444224,0.2892981058,0.06836299598,0.07421759795
7561,CDS + 3'UTR,2,0.3639084399,0.370063664,0.2810751796,0.2668240957,0.2868565917,0.2892747162,0.06815975904,0.07383752167
7562,CDS + 3'UTR,2,0.3131784499,0.3702018838,0.2821291089,0.2672297575,0.3310519755,0.2892711615,0.07364047319,0.07329719551
7563,CDS + 3'UTR,2,0.4886106253,0.3724837277,0.2235089391,0.2666998029,0.2436432242,0.2879014313,0.0442372039,0.07291503595
7564,CDS + 3'UTR,2,0.3433147073,0.3741322979,0.3270933032,0.2659264166,0.2665063143,0.2873936146,0.06308570504,0.07254766868
7565,CDS + 3'UTR,2,0.3137977123,0.3733843122,0.3000224233,0.2661287025,0.3124139905,0.2878114074,0.07376587391,0.07267557578
7566,CDS + 3'UTR,2,0.4775262475,0.3744498067,0.2504332364,0.2661904648,0.2226288319,0.2870257031,0.04941170663,0.07233402361
7567,CDS + 3'UTR,2,0.3582410514,0.3757494234,0.2678787112,0.2660424221,0.3007412553,0.2862900678,0.07313895226,0.07191808517
7568,CDS + 3'UTR,2,0.282954216,0.3743227951,0.3178032041,0.2668449575,0.3206579685,0.2869101785,0.07858464867,0.07192206862
7569,CDS + 3'UTR,2,0.5272111893,0.3756304152,0.2027809769,0.266932996,0.2188905925,0.286014802,0.05111728609,0.07142178672
7570,CDS + 3'UTR,2,0.3998040855,0.3767834447,0.2292375416,0.266424828,0.2900916338,0.2856100447,0.08086676896,0.07118168161
7571,CDS + 3'UTR,2,0.3472293019,0.3762987264,0.2611790001,0.2667194609,0.3146871924,0.2859389462,0.07690452784,0.07104286575
7572,CDS + 3'UTR,2,0.5014082789,0.3787089922,0.2185435891,0.2660925046,0.2281064093,0.284702412,0.05194172636,0.0704960912
7573,CDS + 3'UTR,2,0.3033573031,0.380513867,0.28241992,0.2655089326,0.3155095875,0.2841154747,0.09871318936,0.0698617253
7574,CDS + 3'UTR,2,0.3429406583,0.3790370625,0.2741698027,0.266348343,0.3029157519,0.2846005831,0.07997378707,0.07001401107
7575,CDS + 3'UTR,2,0.441282928,0.3815874528,0.2649720311,0.265375849,0.2487589717,0.2835007679,0.04498607665,0.06953592948
7576,CDS + 3'UTR,2,0.296025306,0.3818130579,0.2997583151,0.2654057996,0.3223210573,0.2835992675,0.08189534396,0.06918187602
7577,CDS + 3'UTR,2,0.3744778335,0.3816805139,0.2489747107,0.2649246784,0.3049991727,0.2840872601,0.0715482831,0.06930754888
7578,CDS + 3'UTR,2,0.4288779795,0.384395057,0.2305631638,0.2635338746,0.2720106244,0.2831476923,0.06854823232,0.0689233772
7579,CDS + 3'UTR,2,0.3257822394,0.3855987839,0.24951756,0.2631264232,0.3494478464,0.282766787,0.07525232434,0.06850800705
7580,CDS + 3'UTR,2,0.4267565012,0.3837518618,0.2033544183,0.2634875253,0.2931751013,0.2841158859,0.0767140016,0.06864472865
7581,CDS + 3'UTR,2,0.4060401917,0.3863858584,0.2508369386,0.2632039122,0.2806575894,0.2823370229,0.06246522814,0.06807320872
7582,CDS + 3'UTR,2,0.3829210997,0.3875389785,0.2681606412,0.2630881753,0.2817086875,0.2817140754,0.0672095716,0.06765877288
7583,CDS + 3'UTR,2,0.3927975893,0.387116155,0.2322244942,0.2637269512,0.2954825759,0.2818166681,0.07949537039,0.0673402274
7584,CDS + 3'UTR,2,0.4039632678,0.3887727588,0.2273292542,0.2636875533,0.2973085046,0.2804922048,0.07139898837,0.06704748441
7585,CDS + 3'UTR,2,0.351321578,0.3908844862,0.2639587522,0.2624196537,0.3160130382,0.28005573,0.06870663166,0.06664013178
7586,CDS + 3'UTR,2,0.3468399048,0.3896967243,0.2884234786,0.2631129194,0.2950598001,0.2805712491,0.06967678666,0.0666191082
7587,CDS + 3'UTR,2,0.4516232014,0.392173665,0.2361781895,0.262293781,0.2548891306,0.2794136293,0.05730946362,0.06611892655
7588,CDS + 3'UTR,2,0.4047109783,0.3933693729,0.2456821501,0.2622309655,0.2845193744,0.2785203971,0.06508745253,0.06587926652
7589,CDS + 3'UTR,2,0.356471628,0.3915067658,0.2746850848,0.2629313104,0.2929742634,0.2793714788,0.07586904615,0.06619044738
7590,CDS + 3'UTR,2,0.4861860275,0.3921811875,0.2320915163,0.2621026922,0.22897394,0.2795306586,0.05274851248,0.0661854649
7591,CDS + 3'UTR,2,0.4430913329,0.3935972553,0.2386063188,0.26114203,0.2598210573,0.2793241166,0.05848129839,0.06593660153
7592,CDS + 3'UTR,2,0.31810987,0.3913987968,0.305000782,0.2614106165,0.3103370667,0.280952308,0.06655226648,0.06623828104
7593,CDS + 3'UTR,2,0.3423752785,0.3931034744,0.306214124,0.260896522,0.2914143801,0.2800210517,0.05999621376,0.06597895427
7594,CDS + 3'UTR,2,0.370818913,0.3930299371,0.2817407846,0.2609493205,0.2778608799,0.2802337147,0.06957943738,0.06578703001
7595,CDS + 3'UTR,2,0.2820087373,0.3918919299,0.3068050742,0.2614672786,0.3334732652,0.2808188379,0.07771292329,0.06582195633
7596,CDS + 3'UTR,2,0.5002515912,0.3929662626,0.2317885607,0.2605311329,0.2205635309,0.2807663146,0.04739629477,0.06573629188
7597,CDS + 3'UTR,2,0.4181863666,0.394203309,0.23878479,0.2603468308,0.2826777399,0.2798726954,0.06035106257,0.06557716704
7598,CDS + 3'UTR,2,0.3569858074,0.3921070352,0.2890475392,0.2610143973,0.2864452004,0.2810103165,0.06752140075,0.06586825326
7599,CDS + 3'UTR,2,0.4338933229,0.3951221846,0.2729750872,0.2594899626,0.2339342833,0.2797373975,0.05919727683,0.065650457
7600,CDS + 3'UTR,2,0.3960410953,0.3942271549,0.2380429804,0.2603082702,0.2956318259,0.2799255507,0.07028408349,0.065539025
7601,CDS + 3'UTR,2,0.3460310102,0.3932590533,0.2832401693,0.2607752271,0.3025220931,0.280397878,0.06820673496,0.06556784236
7602,CDS + 3'UTR,2,0.5303830504,0.3949147038,0.2298615277,0.2602041898,0.1956015378,0.2795710953,0.04415386915,0.06531001194
7603,CDS + 3'UTR,2,0.4264492989,0.3954249166,0.243925184,0.2605399879,0.2664631605,0.2788198372,0.06316232681,0.06521525891
7604,CDS + 3'UTR,2,0.3681607842,0.3932217244,0.2458585203,0.261300518,0.3102913499,0.2798341541,0.0756893307,0.06564360387
7605,CDS + 3'UTR,2,0.4000761509,0.3947460108,0.2807027996,0.2603494398,0.2569957972,0.2794230713,0.06222524121,0.06548147816
7606,CDS + 3'UTR,2,0.4237527847,0.3955532338,0.2315320671,0.2601331718,0.2799015641,0.2789378045,0.06481356919,0.06537578991
7607,CDS + 3'UTR,2,0.2923322022,0.3936945546,0.3039981127,0.2606228042,0.3292425275,0.2799961174,0.07442723215,0.06568652336
7608,CDS + 3'UTR,2,0.4781589508,0.3957391322,0.2517279983,0.2600073215,0.2262494266,0.2788603665,0.04386360943,0.06539318003
7609,CDS + 3'UTR,2,0.3858723938,0.3966888022,0.2471002936,0.2594433736,0.2903831005,0.2785279321,0.07664414495,0.06533989208
7610,CDS + 3'UTR,2,0.3546661139,0.3936764423,0.286852479,0.2608440517,0.2877490222,0.279911669,0.07073235512,0.06556783626
7611,CDS + 3'UTR,2,0.5054337382,0.3938961167,0.2284498811,0.2619080618,0.2194578648,0.2790823346,0.04665854573,0.0651134863
7612,CDS + 3'UTR,2,0.4034235477,0.3944938794,0.2541776896,0.2617999759,0.280629456,0.2786925813,0.06176930666,0.06501356247
7613,CDS + 3'UTR,2,0.3456293344,0.3925591856,0.3030532002,0.2623412747,0.2834611535,0.2798332443,0.0678563267,0.06526629375
7614,CDS + 3'UTR,2,0.5372672081,0.3944722287,0.1901460737,0.2623422358,0.2172743976,0.2785610279,0.05531232059,0.06462450498
7615,CDS + 3'UTR,2,0.31599769,0.3950593024,0.2832136452,0.2625647999,0.3287750483,0.2778885994,0.07201368362,0.06448729602
7616,CDS + 3'UTR,2,0.3380504847,0.3932452399,0.2786916494,0.2627459064,0.3078900576,0.2789015431,0.07536782324,0.06510730828
7617,CDS + 3'UTR,2,0.4951109886,0.3954171635,0.2175685018,0.2622595552,0.2393809855,0.2776390426,0.04793952405,0.06468423596
7618,CDS + 3'UTR,2,0.3796927333,0.3948749106,0.2706282735,0.2627821993,0.2794896364,0.2776780315,0.07018937916,0.06466485597
7619,CDS + 3'UTR,2,0.3106039166,0.3937621355,0.2836421728,0.2634349875,0.3310102224,0.2781237062,0.07474368811,0.06467916882
7620,CDS + 3'UTR,2,0.5212560892,0.3950829644,0.2220260501,0.2633136265,0.215313375,0.2770232473,0.04140452668,0.06458016066
7621,CDS + 3'UTR,2,0.3818728328,0.3942690928,0.2585834861,0.2640709639,0.2925512195,0.2770441789,0.06699244678,0.06461576317
7622,CDS + 3'UTR,2,0.3441255093,0.3935573868,0.2962615788,0.2643833499,0.2874186337,0.2772940855,0.07219426334,0.06476517702
7623,CDS + 3'UTR,2,0.5098764896,0.3934436262,0.224588722,0.2644221146,0.2119641006,0.2774058081,0.05357061327,0.0647284505
7624,CDS + 3'UTR,1,0.4706000686,0.3935284764,0.1873777509,0.2647199631,0.2803480625,0.2770797726,0.06167418882,0.06467178706
7625,CDS + 3'UTR,2,0.2724948227,0.3927196346,0.3216254413,0.265290251,0.3354723454,0.2772520192,0.07040736079,0.06473809397
7626,CDS + 3'UTR,2,0.5089957118,0.3953246631,0.2467374802,0.2644799218,0.1988891959,0.2758345414,0.04537766799,0.06436087219
7627,CDS + 3'UTR,2,0.4294630885,0.3958792955,0.24934569,0.2641353175,0.2577670217,0.2757295523,0.06342419982,0.06425583283
7628,CDS + 3'UTR,2,0.322612226,0.3943021562,0.2900444567,0.2649184953,0.3095965385,0.2763869502,0.07774679363,0.06439239667
7629,CDS + 3'UTR,2,0.355291307,0.3949758794,0.2859615386,0.2650499191,0.2893831432,0.2756896105,0.06936407089,0.06428458975
7630,CDS + 3'UTR,2,0.3796779513,0.394711756,0.2426868379,0.2651342671,0.306407094,0.275892847,0.0712281093,0.06426112778
7631,CDS + 3'UTR,2,0.3451866508,0.3936199211,0.2466192096,0.2652186884,0.335919708,0.276763452,0.07227440178,0.06439793613
7632,CDS + 3'UTR,2,0.4368084073,0.3937836416,0.2734754384,0.2656023555,0.2340811491,0.2763154417,0.05563500524,0.06429855842
7633,CDS + 3'UTR,2,0.3802393377,0.3941878438,0.2642285526,0.2659796059,0.2940965295,0.2755944844,0.06143559515,0.06423806325
7634,CDS + 3'UTR,2,0.3560858369,0.39404006,0.2875050604,0.2656283829,0.2936162949,0.2757443108,0.06279284507,0.06458724332
7635,CDS + 3'UTR,2,0.3854732513,0.395086275,0.2526872456,0.2655953888,0.2969458401,0.2749143649,0.06489366293,0.06440396761
7636,CDS + 3'UTR,2,0.4006148577,0.3952419076,0.2673786879,0.265659453,0.26928702,0.2747167859,0.0627194047,0.06438184981
7637,CDS + 3'UTR,2,0.3034569621,0.3939628582,0.2878875136,0.2658827981,0.3291413188,0.2756426852,0.07951422781,0.0645116555
7638,CDS + 3'UTR,2,0.5219219923,0.3940718282,0.2069812119,0.2660183614,0.2209683657,0.275346373,0.05012845621,0.06456343513
7639,CDS + 3'UTR,2,0.3421458006,0.3942053169,0.2964631319,0.2657594783,0.2947040498,0.2754270505,0.06668697298,0.06460815249
7640,CDS + 3'UTR,2,0.3541098535,0.3936636701,0.2951911688,0.2654735578,0.2800306082,0.276154251,0.07066838443,0.06470851954
7641,CDS + 3'UTR,2,0.4963604808,0.3934146348,0.235392198,0.2663353557,0.220713973,0.2757593814,0.04753332585,0.06449062629
7642,CDS + 3'UTR,2,0.3539954722,0.3944244001,0.3089929521,0.2664717419,0.2709513307,0.2747543128,0.06606023014,0.06434954321
7643,CDS + 3'UTR,2,0.3123552501,0.3925553799,0.2843513489,0.2664125828,0.3247885704,0.2764134191,0.0785048008,0.0646186159
7644,CDS + 3'UTR,2,0.4652576149,0.3931756422,0.2510070503,0.2664187232,0.2336196899,0.2759898683,0.05011564866,0.06441576355
7645,CDS + 3'UTR,2,0.37837556,0.3933858618,0.282720983,0.2666312577,0.2735926509,0.2756970694,0.06531081349,0.06428580866
7646,CDS + 3'UTR,2,0.3288319111,0.3924534433,0.2896038294,0.2669670256,0.3072938621,0.2762041314,0.07427038252,0.06437539728
7647,CDS + 3'UTR,2,0.5218072534,0.3933114216,0.218640089,0.2671369128,0.2098811865,0.2754542245,0.04967148602,0.06409743913
7648,CDS + 3'UTR,2,0.3589278162,0.3945145454,0.2726873755,0.266658726,0.2940632105,0.2748495324,0.07432161272,0.06397719374
7649,CDS + 3'UTR,2,0.2862223983,0.3929882903,0.3148352206,0.2670044821,0.3295895457,0.2756433086,0.06935282052,0.06436391622
7650,CDS + 3'UTR,2,0.4173780382,0.394421389,0.3143583536,0.266838501,0.2237448841,0.2747844769,0.04451877251,0.06395563073
7651,CDS + 3'UTR,2,0.395050317,0.3946014099,0.2525321245,0.2668145735,0.2835069299,0.2746780081,0.06891062111,0.06390600679
7652,CDS + 3'UTR,2,0.3466327786,0.3918264892,0.261847496,0.2684096202,0.3193594515,0.2755345216,0.07216022909,0.06422936684
7653,CDS + 3'UTR,2,0.4564007521,0.3936798196,0.28249681,0.2678064369,0.2137322724,0.2744948363,0.04737008736,0.06401890535
7654,CDS + 3'UTR,2,0.3899065554,0.3938796755,0.291974932,0.2675972842,0.2491214722,0.2744288309,0.06899707019,0.06409420772
7655,CDS + 3'UTR,2,0.2961579263,0.390789941,0.2794605494,0.2690851925,0.3297944665,0.2756991649,0.09458705783,0.06442569988
7656,CDS + 3'UTR,2,0.4697791934,0.3935618211,0.2608502209,0.2681711124,0.2213210166,0.2741513142,0.04804955795,0.06411574981
7657,CDS + 3'UTR,2,0.3310976028,0.3934181076,0.2907862365,0.2684547616,0.3081182837,0.2740198931,0.06999788433,0.06410723529
7658,CDS + 3'UTR,2,0.339855969,0.3915516768,0.2827862203,0.2695160963,0.307664603,0.2744526094,0.06969325989,0.06447961531
7659,CDS + 3'UTR,2,0.431448549,0.3931761924,0.2398086786,0.2686726535,0.2614111304,0.2738434684,0.06733167171,0.06430768273
7660,CDS + 3'UTR,2,0.3616467714,0.3936415393,0.2639414072,0.2687807372,0.2948496342,0.2733416911,0.0795622021,0.06423602891
7661,CDS + 3'UTR,2,0.349103719,0.3906010147,0.2758278251,0.2698633855,0.3006501198,0.2747801941,0.07441833615,0.06475540148
7662,CDS + 3'UTR,2,0.3738202453,0.3918343227,0.2712618113,0.2694600271,0.2906464934,0.2741059264,0.06427145004,0.06459971955
7663,CDS + 3'UTR,2,0.3995856047,0.3913885403,0.2560523748,0.2693196451,0.2693997324,0.274547152,0.07496229559,0.06474465886
7664,CDS + 3'UTR,2,0.339255929,0.3893053528,0.2729522884,0.2699092096,0.3110882342,0.2757395329,0.07670354098,0.0650459012
7665,CDS + 3'UTR,2,0.5597238541,0.3899881702,0.1991324127,0.2701843241,0.202614814,0.2749099327,0.03852888942,0.06491756826
7666,CDS + 3'UTR,2,0.3912104964,0.3908053361,0.2608551383,0.2696226815,0.2866606712,0.2743726498,0.06127363816,0.06519932761
7667,CDS + 3'UTR,2,0.3254520595,0.3883901525,0.2988324165,0.2700614074,0.3074809611,0.2757112792,0.06823457032,0.065837155
7668,CDS + 3'UTR,2,0.4586088359,0.3892779034,0.2561960518,0.2696153523,0.2287321985,0.2755091811,0.05646289885,0.06559755765
7669,CDS + 3'UTR,2,0.3353417516,0.3894058686,0.2814329267,0.2691479048,0.3092331886,0.2757545775,0.07399208844,0.06569164367
7670,CDS + 3'UTR,2,0.3988392353,0.388655971,0.2388452142,0.269107007,0.29862234,0.2763880687,0.06369318068,0.06584894666
7671,CDS + 3'UTR,2,0.4561889768,0.3907265536,0.269299686,0.2687603762,0.2239802331,0.2750433115,0.05053108186,0.06546975221
7672,CDS + 3'UTR,2,0.3504460454,0.3911186695,0.335180819,0.2690238599,0.2526604831,0.2743782932,0.06171265244,0.06547917132
7673,CDS + 3'UTR,2,0.330552578,0.3895543858,0.2781162858,0.2691713274,0.3034004867,0.2755924607,0.08793061972,0.06568182032
7674,CDS + 3'UTR,2,0.4545161128,0.3897987124,0.2791012526,0.2697124701,0.2114652097,0.2747993151,0.05491738021,0.0656894966
7675,CDS + 3'UTR,2,0.294459343,0.3897763524,0.3119302094,0.2694211412,0.3176669478,0.2748710336,0.0759434998,0.06593146678
7676,CDS + 3'UTR,2,0.3979276419,0.3892687459,0.2496561706,0.2701463245,0.2946354747,0.2745672064,0.0577807501,0.06601771731
7677,CDS + 3'UTR,2,0.4269039631,0.3898363013,0.2496298552,0.2698843637,0.258972764,0.2743142528,0.06449343264,0.06596507635
7678,CDS + 3'UTR,2,0.3676649034,0.3903780635,0.2683368921,0.2698827533,0.2928994,0.2738875618,0.07109878957,0.06585161509
7679,CDS + 3'UTR,2,0.3905615807,0.3882170662,0.2501014471,0.2710065423,0.2921103239,0.2746744798,0.06722664088,0.06610190501
7680,CDS + 3'UTR,2,0.3761182725,0.3897182632,0.3069868088,0.2704271058,0.2640422583,0.2738981137,0.05285262316,0.0659565113
7681,CDS + 3'UTR,2,0.4268122315,0.3895170592,0.2941510677,0.2701721514,0.2221166044,0.2742593316,0.05692008883,0.0660514507
7682,CDS + 3'UTR,2,0.3808614314,0.3875588641,0.2251287997,0.2706701759,0.32833004,0.2753450612,0.06567968428,0.06642589192
7683,CDS + 3'UTR,2,0.4760702848,0.3884107046,0.2444164157,0.270090536,0.2325790972,0.2750863334,0.04693413898,0.06641241913
7684,CDS + 3'UTR,2,0.384978354,0.389317783,0.2628612816,0.2699903183,0.2868674397,0.2744138533,0.06529293954,0.06627803924
7685,CDS + 3'UTR,2,0.3254826665,0.3874843482,0.3075642288,0.2707209792,0.2975607514,0.2753461486,0.06939233094,0.06644851882
7686,CDS + 3'UTR,2,0.4923910499,0.3883678749,0.2451230437,0.2702250008,0.2199090123,0.2749749487,0.04257691652,0.06643217001
7687,CDS + 3'UTR,2,0.3885821104,0.3887071446,0.2657431662,0.2697385803,0.2808671594,0.2750569129,0.06480760127,0.06649735644
7688,CDS + 3'UTR,2,0.356058538,0.3867878504,0.2793884873,0.2700763922,0.2897515297,0.27636542,0.07480140775,0.06677033156
7689,CDS + 3'UTR,2,0.5005202889,0.3873953581,0.2338218093,0.2701459333,0.2216765583,0.2759661367,0.04398130625,0.06649256544
7690,CDS + 3'UTR,2,0.3690677881,0.3888562448,0.2849382758,0.2693550501,0.2792315185,0.2753363995,0.06676243991,0.06645229971
7691,CDS + 3'UTR,2,0.2834400833,0.3879480671,0.3560536206,0.2687741261,0.2879789472,0.2764794521,0.072527349,0.0667983484
7692,CDS + 3'UTR,2,0.5516899824,0.3878785491,0.2059230208,0.2692054268,0.1974546313,0.276334589,0.04493238777,0.06658142894
7693,CDS + 3'UTR,2,0.3616178036,0.3877292722,0.2863209844,0.2699781362,0.2781807184,0.2757821918,0.07388051599,0.06651039436
7694,CDS + 3'UTR,2,0.2900884449,0.3864107188,0.3091787398,0.2698923577,0.3189011216,0.2768573072,0.08183169365,0.06683961246
7695,CDS + 3'UTR,2,0.5377480984,0.3866962973,0.2100872397,0.2701371275,0.2049469948,0.2765911341,0.04721767828,0.06657543704
7696,CDS + 3'UTR,2,0.3265534043,0.3872805644,0.3013835847,0.2702983633,0.2973763645,0.2761352189,0.07468666136,0.06628584899
7697,CDS + 3'UTR,2,0.3457965255,0.3854839768,0.3024752736,0.2707511958,0.2739982903,0.2772684481,0.07772992551,0.0664963745
7698,CDS + 3'UTR,2,0.5096539855,0.3875895575,0.2031528503,0.2700460216,0.2307583541,0.2761135459,0.05643477291,0.06625086982
7699,CDS + 3'UTR,2,0.3478316665,0.3877110731,0.2922888696,0.2701040329,0.2908680439,0.2759574313,0.06901138276,0.06622745646
7700,CDS + 3'UTR,2,0.2780141234,0.3870208923,0.308637917,0.2703133011,0.3303936124,0.2763464101,0.08295433223,0.06631938992
7701,CDS + 3'UTR,2,0.4805374742,0.388628852,0.2263148129,0.2703304781,0.2386098057,0.2751650181,0.05453789234,0.06587564535
7702,CDS + 3'UTR,2,0.3084629178,0.3893342055,0.2850310206,0.269888095,0.3227166831,0.2748907607,0.08378940821,0.06588693243
7703,CDS + 3'UTR,2,0.3432214856,0.3893512338,0.2717538774,0.2695398102,0.3073545694,0.2751738235,0.07767000049,0.06593512567
7704,CDS + 3'UTR,2,0.5252254605,0.3897262007,0.209386915,0.269905444,0.2139800489,0.2746761192,0.05140755326,0.06569222957
7705,CDS + 3'UTR,2,0.3378680944,0.3900119711,0.2766940296,0.2701474177,0.2924897075,0.2742148988,0.09294810891,0.06562570548
7706,CDS + 3'UTR,2,0.3157810271,0.3875243925,0.281835556,0.2708894355,0.3059795499,0.2754737183,0.09640385956,0.06611244697
7707,CDS + 3'UTR,2,0.5004831553,0.3873605359,0.2136612833,0.2710531117,0.2415991724,0.2753901865,0.04425641149,0.06619615988
7708,CDS + 3'UTR,2,0.332849443,0.3881141625,0.2526486516,0.2706892701,0.3292282522,0.2749267567,0.08527367562,0.06626980412
7709,CDS + 3'UTR,2,0.2952995002,0.3868259277,0.2826897204,0.2707485082,0.3400624394,0.2758685589,0.08194831014,0.06655699904
7710,CDS + 3'UTR,2,0.545324564,0.3879083138,0.214956373,0.2707681743,0.1988265216,0.2750069184,0.04089255258,0.06631658771
7711,CDS + 3'UTR,2,0.3765559196,0.3873450402,0.2676979005,0.2716984879,0.2827182412,0.2745473588,0.07302793115,0.0664091079
7712,CDS + 3'UTR,2,0.3116657138,0.3864832856,0.2852728367,0.2715797111,0.3312145472,0.2752546553,0.07184692472,0.06668234388
7713,CDS + 3'UTR,2,0.399785459,0.3875052873,0.3075199723,0.271061084,0.2306448817,0.2748732518,0.06204969808,0.06656037266
7714,CDS + 3'UTR,2,0.3542970419,0.3874667544,0.2641987503,0.2711568762,0.2993537784,0.2748927299,0.08215045929,0.0664836355
7715,CDS + 3'UTR,2,0.3448647261,0.3862029906,0.3107019067,0.2709928323,0.272639662,0.2759854216,0.07179370522,0.06681875144
7716,CDS + 3'UTR,2,0.4460192919,0.3877343822,0.2464218289,0.2702695876,0.2490507364,0.2752122331,0.05850812793,0.06678379257
7717,CDS + 3'UTR,2,0.3467979431,0.3869302519,0.2877586782,0.2706218451,0.2950060368,0.2753800791,0.07043732703,0.06706781941
7718,CDS + 3'UTR,2,0.349042207,0.3850232258,0.2968843281,0.2712256256,0.283921808,0.2763039421,0.07015164942,0.06744720186
7719,CDS + 3'UTR,2,0.4622415602,0.387051056,0.2501082122,0.2706231182,0.2325947583,0.2751771608,0.05505547673,0.06714865961
7720,CDS + 3'UTR,2,0.3380135298,0.3869760279,0.274794817,0.2706085021,0.3089280427,0.2750456275,0.0782635361,0.06736983755
7721,CDS + 3'UTR,2,0.3397048712,0.3865009539,0.2752341628,0.2698976265,0.307572335,0.2756619157,0.07748862356,0.06793949935
7722,CDS + 3'UTR,2,0.4221427143,0.3855278168,0.2626217604,0.2703741768,0.2502531111,0.2760542944,0.0649824068,0.06804370773
7723,CDS + 3'UTR,2,0.3849215209,0.3852908552,0.2763339281,0.2711317724,0.2709901631,0.2755476136,0.06775441021,0.06802975596
7724,CDS + 3'UTR,2,0.3185828328,0.3832918286,0.3094599247,0.2710031811,0.3082033098,0.2772623232,0.06375401467,0.0684426656
7725,CDS + 3'UTR,2,0.4490576982,0.3838236265,0.2430427074,0.2716279089,0.2438966632,0.2763338812,0.06400290877,0.06821458121
7726,CDS + 3'UTR,2,0.3559734821,0.3843707442,0.250690192,0.2709864054,0.3138509989,0.2763073385,0.0794852972,0.06833551028
7727,CDS + 3'UTR,2,0.3682637215,0.3828330226,0.2456650436,0.2708160821,0.3145617545,0.2774948761,0.07150949538,0.06885601687
7728,CDS + 3'UTR,2,0.4075284302,0.3830663297,0.2782506645,0.2711902454,0.2621205449,0.2770039199,0.05210032314,0.06873950195
7729,CDS + 3'UTR,2,0.403093338,0.383588234,0.2515645623,0.2706037581,0.2792105675,0.276964532,0.06613156199,0.06884347312
7730,CDS + 3'UTR,2,0.3447238207,0.381653301,0.2678844333,0.2705521207,0.3151890934,0.2783569628,0.07220266759,0.06943761278
7731,CDS + 3'UTR,2,0.3894888759,0.3819779273,0.2870361805,0.2699284581,0.2719178796,0.2784069231,0.05155706406,0.06968668867
7732,CDS + 3'UTR,2,0.3346906304,0.3828404002,0.323664248,0.2690257693,0.2751676738,0.2784818323,0.06647746265,0.06965199569
7733,CDS + 3'UTR,2,0.3509164751,0.3801058464,0.2756345272,0.2697390253,0.2997415066,0.2799216403,0.07370753586,0.07023348557
7734,CDS + 3'UTR,2,0.4127528369,0.381304314,0.3115565181,0.269346025,0.2278276235,0.2793998735,0.04786303639,0.06994978478
7735,CDS + 3'UTR,2,0.3428992927,0.3818944898,0.2923594117,0.2690559955,0.2933212519,0.2792088455,0.0714200139,0.06984066674
7736,CDS + 3'UTR,2,0.3260521889,0.379409223,0.2970768213,0.269774531,0.3119793534,0.2805008741,0.06489159912,0.07031536889
7737,CDS + 3'UTR,2,0.4995440543,0.3808933176,0.2343723029,0.2691342963,0.2157261074,0.2798241792,0.0503575094,0.0701482032
7738,CDS + 3'UTR,2,0.3495772183,0.3810262147,0.2874271274,0.2687190993,0.2951754332,0.2801248243,0.06782019138,0.07012985763
7739,CDS + 3'UTR,2,0.3762340844,0.3782011058,0.2565501332,0.2704416297,0.292529434,0.2809301443,0.07468634844,0.07042711736
7740,CDS + 3'UTR,2,0.4902835488,0.3803795371,0.2653155625,0.2696803404,0.2003382742,0.2797853773,0.04406263679,0.07015474262
7741,CDS + 3'UTR,2,0.4055320024,0.3824259106,0.2404371798,0.2685626285,0.2787095308,0.2791254288,0.07532130182,0.06988602965
7742,CDS + 3'UTR,2,0.3751825094,0.3802661277,0.243399024,0.269672337,0.3132915199,0.2799358744,0.06812690943,0.07012565876
7743,CDS + 3'UTR,2,0.4295829535,0.3826714709,0.285303086,0.2690611657,0.2295833826,0.2785055574,0.0555306077,0.06976180286
7744,CDS + 3'UTR,2,0.3621175587,0.3827998634,0.2923101783,0.2691147573,0.2741906047,0.2784425106,0.07138161361,0.06964286654
7745,CDS + 3'UTR,2,0.3607175648,0.3807182264,0.2584938407,0.2697185911,0.3033203781,0.2796901692,0.07746820897,0.06987301153
7746,CDS + 3'UTR,2,0.3781019747,0.3824455753,0.2739492357,0.2694006279,0.2799781263,0.2788240846,0.06797067076,0.06932971114
7747,CDS + 3'UTR,2,0.3857421875,0.3836250376,0.2697250843,0.2689700592,0.270406574,0.278420255,0.07412610948,0.06898464719
7748,CDS + 3'UTR,2,0.3555500507,0.3818642404,0.2609350979,0.2695178401,0.3040763736,0.2793700416,0.07943849266,0.06924787639
7749,CDS + 3'UTR,2,0.4219326377,0.3834643375,0.2830062211,0.269842061,0.2403019518,0.2779548831,0.05475918204,0.06873871558
7750,CDS + 3'UTR,2,0.353777349,0.3839689963,0.3132703006,0.2702423878,0.2618575692,0.277287367,0.07109479606,0.06850124593
7751,CDS + 3'UTR,2,0.3872486055,0.3812967643,0.2597975433,0.271009719,0.2805639505,0.2787765283,0.07238996029,0.06891698539
7752,CDS + 3'UTR,2,0.4322061837,0.3820366614,0.2936906517,0.2713440139,0.2221482098,0.2779419689,0.05195495486,0.06867735302
7753,CDS + 3'UTR,2,0.327469945,0.3827193927,0.285779655,0.2714576159,0.3049587309,0.2771471916,0.08179164678,0.06867579669
7754,CDS + 3'UTR,2,0.3534150124,0.3821094934,0.2659777403,0.2712038714,0.2988805473,0.2779271765,0.08172665536,0.06875945502
7755,CDS + 3'UTR,2,0.4169706702,0.3832402531,0.2540706396,0.2710172301,0.2558118701,0.277232358,0.07314679027,0.06851015473
7756,CDS + 3'UTR,2,0.333597213,0.3832217675,0.2778367698,0.270744166,0.3080631495,0.2775421849,0.0805028975,0.06849187789
7757,CDS + 3'UTR,2,0.2743418813,0.3817994103,0.297932297,0.2711412705,0.3328818083,0.2783455512,0.09484402835,0.06871376438
7758,CDS + 3'UTR,2,0.5298913121,0.3833068505,0.2201362997,0.2706432566,0.2027568966,0.2774833115,0.04721540958,0.06856657742
7759,CDS + 3'UTR,2,0.3845593333,0.3831542779,0.248932153,0.2706552245,0.2815876603,0.2775685554,0.08492087573,0.06862193849
7760,CDS + 3'UTR,2,0.3381123543,0.3818638731,0.2501167655,0.2712207414,0.3133453131,0.2780539142,0.09842556715,0.0688614672
7761,CDS + 3'UTR,2,0.3489612639,0.3835500766,0.3322750926,0.2707175244,0.2535068989,0.277185254,0.06525675952,0.06854714118
7762,CDS + 3'UTR,2,0.3619045019,0.3840568937,0.2857364416,0.2708592191,0.2877955735,0.2766505113,0.0645635426,0.0684333723
7763,CDS + 3'UTR,2,0.3161481619,0.3831688061,0.2341291159,0.2712188497,0.3697558641,0.2771140734,0.07996691018,0.06849826798
7764,CDS + 3'UTR,2,0.4275221825,0.3849815782,0.3128395081,0.2703410668,0.2125920802,0.2763707278,0.04704618827,0.06830662368
7765,CDS + 3'UTR,2,0.3692520857,0.3856089581,0.2562439442,0.2700474894,0.295437336,0.2759808438,0.07906665653,0.06836270429
7766,CDS + 3'UTR,2,0.3693733215,0.3840860903,0.2314971834,0.2708234774,0.3149120212,0.2766430566,0.08421744406,0.06844737167
7767,CDS + 3'UTR,2,0.4072466791,0.3853423491,0.2956762314,0.2705691969,0.2415906638,0.2759665681,0.05548640713,0.06812188234
7768,CDS + 3'UTR,2,0.3978108764,0.3854129083,0.2324694991,0.2708289253,0.2866005003,0.2756265806,0.08311910182,0.06813158188
7769,CDS + 3'UTR,2,0.3457256556,0.3842190377,0.22969082,0.2709252877,0.3330710232,0.2764463941,0.09151247889,0.06840927657
7770,CDS + 3'UTR,2,0.3950378895,0.3854287528,0.2350452691,0.2705585113,0.2832283378,0.2758011388,0.08668851107,0.06821159255
7771,CDS + 3'UTR,2,0.3524379134,0.3860696305,0.2838385105,0.2702847084,0.2939716876,0.2754114019,0.06975191087,0.06823425423
7772,CDS + 3'UTR,2,0.3329256773,0.3852041259,0.262983501,0.2701097628,0.3126392663,0.2761449976,0.09145157784,0.06854110789
7773,CDS + 3'UTR,2,0.4574952126,0.3871924579,0.2548809648,0.2686307212,0.2364393771,0.2758860143,0.05118445307,0.0682908006
7774,CDS + 3'UTR,2,0.337302506,0.3873340517,0.2859763801,0.2686672593,0.3036188781,0.2757205831,0.0731022507,0.06827809904
7775,CDS + 3'UTR,2,0.3389267623,0.3867827076,0.2675700784,0.2683231471,0.3083092868,0.2763914637,0.0851938501,0.06850267444
7776,CDS + 3'UTR,2,0.4452809691,0.3888032444,0.2501648068,0.2673361911,0.2432407737,0.2755565513,0.06131340563,0.0683040069
7777,CDS + 3'UTR,2,0.3564282954,0.3893112872,0.2692595124,0.2669568429,0.298049897,0.2754277553,0.07626228034,0.06830410943
7778,CDS + 3'UTR,2,0.2836452723,0.3880829569,0.3409552872,0.2666379225,0.2951839566,0.2767095737,0.08021555096,0.06856954228
7779,CDS + 3'UTR,2,0.5221061707,0.3891239025,0.2313857228,0.2662988126,0.1992866844,0.2762216926,0.04722140357,0.06835558778
7780,CDS + 3'UTR,2,0.4417240024,0.3894915763,0.2192209661,0.2662307709,0.2775977254,0.2760670919,0.06145729497,0.06821055692
7781,CDS + 3'UTR,2,0.3077548444,0.3878112275,0.3150914907,0.266555449,0.3034454584,0.2772503659,0.07370822132,0.0683829532
7782,CDS + 3'UTR,2,0.5008903742,0.3881858688,0.2361373156,0.2667157441,0.208291322,0.2769189119,0.05468093604,0.06817947072
7783,CDS + 3'UTR,2,0.3534928858,0.3878630426,0.2760412097,0.267222815,0.3023108244,0.2766314123,0.06815509498,0.06828272636
7784,CDS + 3'UTR,2,0.3586944938,0.3865066905,0.2576936185,0.2672522277,0.3137927353,0.2777270641,0.06981915236,0.06851401371
7785,CDS + 3'UTR,2,0.4760560095,0.3880914669,0.2512569726,0.2664197069,0.2232029438,0.2772402873,0.04948407784,0.06824853537
7786,CDS + 3'UTR,2,0.410138011,0.3882600341,0.2473900616,0.2664874647,0.2736731768,0.277047733,0.06879874319,0.06820476442
7787,CDS + 3'UTR,2,0.359619379,0.3878964119,0.2574837506,0.2667390492,0.3175821006,0.2771570997,0.06531474739,0.0682074347
7788,CDS + 3'UTR,2,0.4608572125,0.3892865404,0.278586328,0.2662751038,0.2160155773,0.2765650848,0.04454081133,0.06787326685
7789,CDS + 3'UTR,2,0.3356721997,0.3894916333,0.3147158623,0.2667287048,0.2866611481,0.2760810362,0.06295073777,0.06769862161
7790,CDS + 3'UTR,2,0.3315460086,0.3888733104,0.2763428688,0.2665335223,0.3179594278,0.2766355164,0.07415170968,0.06795764654
7791,CDS + 3'UTR,2,0.435747683,0.389680003,0.2944414914,0.2660036221,0.2159534842,0.2765847333,0.05385734141,0.067731637
7792,CDS + 3'UTR,2,0.3662842214,0.3897593737,0.2943609953,0.2658990663,0.2676323652,0.2766686212,0.07172241807,0.06767293368
7793,CDS + 3'UTR,2,0.3509935141,0.3884073272,0.2872204185,0.2660563044,0.293043673,0.2776406303,0.06874236465,0.06789573249
7794,CDS + 3'UTR,2,0.4447578192,0.3902057353,0.249267444,0.2652368762,0.2437683046,0.2770259064,0.06220643595,0.06753147696
7795,CDS + 3'UTR,2,0.3433858752,0.3902092878,0.2888567746,0.2653840333,0.2974258065,0.2769306727,0.07033155859,0.0674760018
7796,CDS + 3'UTR,2,0.3322307169,0.3902353544,0.2781901956,0.2647652827,0.3133200407,0.2774909355,0.07625904679,0.06750842403
7797,CDS + 3'UTR,2,0.4673931599,0.3917146869,0.2479175627,0.2645200823,0.2260268629,0.2765336556,0.05866236985,0.06723157219
7798,CDS + 3'UTR,2,0.3368363976,0.3922933858,0.2978417575,0.2647139836,0.2907413244,0.2760966627,0.07458053529,0.06689596451
7799,CDS + 3'UTR,2,0.3590091765,0.3907960322,0.2953495681,0.2649612855,0.2714234591,0.276956081,0.07421777397,0.0672865991
7800,CDS + 3'UTR,2,0.4729098082,0.3917002629,0.2345374525,0.2649036106,0.2394352257,0.2763928212,0.05311745405,0.06700330307
7801,CDS + 3'UTR,2,0.3802502453,0.3908687305,0.2865697443,0.2657620233,0.2647929192,0.2765149854,0.06838711351,0.06685425923
7802,CDS + 3'UTR,2,0.3510957062,0.3920241617,0.2913922071,0.2641496049,0.287338078,0.2768202938,0.07017406076,0.06700593731
7803,CDS + 3'UTR,2,0.5299432874,0.393290529,0.206111297,0.2635659162,0.2115225196,0.2761764854,0.05242286623,0.06696706624
7804,CDS + 3'UTR,2,0.368773222,0.3942841832,0.2859737277,0.2644096205,0.2770125866,0.2746584604,0.06824046373,0.06664773286
7805,CDS + 3'UTR,2,0.3272282779,0.3927320581,0.3051217496,0.2641570119,0.2968736887,0.2760735236,0.07077629864,0.06703740414
7806,CDS + 3'UTR,2,0.456474185,0.3941179954,0.2303477526,0.2638317574,0.2597319186,0.2753855331,0.05344615132,0.06666471148
7807,CDS + 3'UTR,2,0.3739084601,0.3933108054,0.2664433122,0.2646985067,0.2873627543,0.2753535068,0.07228545845,0.0666371786
7808,CDS + 3'UTR,2,0.3120187819,0.3935101744,0.285959661,0.2639025239,0.3277056217,0.2758302875,0.07431589812,0.06675701221
7809,CDS + 3'UTR,2,0.4998705387,0.394193162,0.2222224474,0.2638647603,0.2275901437,0.2754600037,0.05031684041,0.06648207228
7810,CDS + 3'UTR,2,0.3959940374,0.3937583745,0.2459802032,0.2646915061,0.2840101421,0.2752284829,0.07401560247,0.06632163455
7811,CDS + 3'UTR,2,0.3202485144,0.3934256434,0.2730405331,0.2652727302,0.3306055367,0.2752807077,0.07610535622,0.06602091691
7812,CDS + 3'UTR,2,0.4937571883,0.3953802869,0.2053409219,0.2645186428,0.2544490099,0.2743416846,0.04645287991,0.06575938337
7813,CDS + 3'UTR,2,0.3622439802,0.3960121483,0.2785575688,0.2645739984,0.2865070105,0.2738903873,0.07269141078,0.06552346298
7814,CDS + 3'UTR,2,0.3686453104,0.3934633739,0.2840275466,0.2675006349,0.2814980745,0.2734201707,0.06582906842,0.06561581702
7815,CDS + 3'UTR,2,0.5045422316,0.3952710725,0.2134029269,0.2670001928,0.2265282571,0.2723960266,0.05552661046,0.06533270413
7816,CDS + 3'UTR,2,0.3666956127,0.3951484073,0.2667289674,0.2677572258,0.3016756773,0.2720357738,0.06489980221,0.06505858954
7817,CDS + 3'UTR,2,0.4012776315,0.3951259542,0.2088586688,0.2676142944,0.3182715774,0.2720888846,0.07159213722,0.06517086411
7818,CDS + 3'UTR,2,0.4328528643,0.3962622903,0.2602983415,0.2672238525,0.2561449409,0.2714562327,0.05070383102,0.0650576219
7819,CDS + 3'UTR,2,0.4056479931,0.3966722902,0.2511067986,0.2668183312,0.2801613808,0.2714440841,0.06308387965,0.06506529208
7820,CDS + 3'UTR,2,0.3558556437,0.3956014287,0.2912898064,0.266692066,0.2950001955,0.2724151177,0.05785433948,0.06529138521
7821,CDS + 3'UTR,2,0.435503304,0.3954687852,0.2532607913,0.2670538204,0.2521932125,0.2721445667,0.05904270336,0.06533282483
7822,CDS + 3'UTR,2,0.3493564129,0.3965663083,0.2839646935,0.2662190774,0.2902915478,0.2719868792,0.07638736069,0.06522773225
7823,CDS + 3'UTR,2,0.3210747838,0.3950603344,0.2876560986,0.2664632708,0.3172355294,0.2730899135,0.07403359562,0.06538647832
7824,CDS + 3'UTR,2,0.488899678,0.3962134596,0.2257085145,0.2657925209,0.2352484614,0.2727473846,0.05014334619,0.06524663223
7825,CDS + 3'UTR,2,0.3742029369,0.3966866404,0.2639144659,0.2657044685,0.2879160345,0.2723196166,0.07396653295,0.06528927134
7826,CDS + 3'UTR,2,0.3490121961,0.3948830154,0.2940759957,0.2662017891,0.2887274623,0.2733024048,0.06818429381,0.06561278752
7827,CDS + 3'UTR,2,0.4969524741,0.3960422125,0.2326094508,0.2659670195,0.2230453789,0.2725768583,0.04739268124,0.06541390647
7828,CDS + 3'UTR,2,0.3719574809,0.3965790201,0.2972231805,0.2660941606,0.2653524876,0.2718980798,0.06546687335,0.06542873639
7829,CDS + 3'UTR,2,0.3724668026,0.3957249537,0.2673916221,0.2658905296,0.2846603692,0.2726349639,0.07548117638,0.06574955108
7830,CDS + 3'UTR,2,0.4183127582,0.3965110194,0.2708782852,0.2651590763,0.2577949166,0.2724285355,0.05301403254,0.0659013669
7831,CDS + 3'UTR,2,0.3935982585,0.3960134853,0.2514330745,0.265488187,0.2872749865,0.2725674851,0.06769369543,0.06593084047
7832,CDS + 3'UTR,2,0.3240424693,0.39553032,0.3062697053,0.2647018502,0.299908936,0.2736771539,0.06977885962,0.06609067377
7833,CDS + 3'UTR,2,0.4713425934,0.3963626675,0.2202253938,0.2643719977,0.2557808161,0.2733690411,0.05265120417,0.06589629115
7834,CDS + 3'UTR,2,0.3536992073,0.3969731357,0.2777503133,0.2641582033,0.2912618518,0.2730211463,0.07728864253,0.0658475121
7835,CDS + 3'UTR,2,0.4190559983,0.3957359377,0.2045705914,0.2650177792,0.300632894,0.2734210789,0.07574056834,0.0658252012
7836,CDS + 3'UTR,2,0.4519438148,0.3978878956,0.2582207322,0.2642780282,0.2314807624,0.2722294474,0.05835475028,0.06560462513
7837,CDS + 3'UTR,2,0.3206377923,0.3977050431,0.3134444058,0.2651731875,0.2979223728,0.2716884943,0.06799541414,0.06543327211
7838,CDS + 3'UTR,2,0.4101030231,0.3961734325,0.2399204522,0.2655525785,0.2715103626,0.2726173187,0.07846617699,0.06565666753
7839,CDS + 3'UTR,2,0.4568977952,0.3971436366,0.2443181574,0.2654071897,0.2365268767,0.2719945105,0.06225719303,0.06545466115
7840,CDS + 3'UTR,2,0.271589756,0.397724165,0.3187897801,0.2648317352,0.3231184483,0.2720511435,0.08650206029,0.06539295507
7841,CDS + 3'UTR,2,0.4413957596,0.3961588152,0.2032816261,0.2652975701,0.277931571,0.2730208864,0.07739100605,0.06552272779
7842,CDS + 3'UTR,2,0.4632138908,0.3966780771,0.2390413433,0.2652650986,0.2362909019,0.2727224881,0.06145385653,0.06533433511
7843,CDS + 3'UTR,2,0.3956404924,0.3968140841,0.3016254604,0.2652744964,0.2483138591,0.2725997942,0.05442024022,0.0653116235
7844,CDS + 3'UTR,2,0.3033521771,0.3949645407,0.2926308215,0.2656346617,0.3257971406,0.2738712924,0.07821989059,0.06552950409
7845,CDS + 3'UTR,2,0.4801270664,0.3962535966,0.2302235812,0.2654519318,0.2403980941,0.2729609476,0.04925124347,0.06533352272
7846,CDS + 3'UTR,2,0.3047981262,0.3973022792,0.3008371294,0.2648115637,0.3123499155,0.2726019649,0.08201481402,0.06528419075
7847,CDS + 3'UTR,2,0.4231961966,0.3953961331,0.2319976091,0.2656467644,0.2797331214,0.2734260747,0.06507309526,0.06553102634
7848,CDS + 3'UTR,2,0.452449888,0.3963584408,0.2294484079,0.2653550597,0.2569777966,0.2729962135,0.06112390757,0.0652902842
7849,CDS + 3'UTR,2,0.3109426498,0.3969088305,0.2958304882,0.2656408412,0.3145493567,0.2722969992,0.07867746055,0.065153328
7850,CDS + 3'UTR,2,0.3684194088,0.3950323265,0.2815431952,0.2661717398,0.2874063253,0.273379874,0.06263110042,0.06541605904
7851,CDS + 3'UTR,2,0.5088093877,0.3958975323,0.223511517,0.2666210888,0.2188498378,0.2723939897,0.04882922769,0.06508738897
7852,CDS + 3'UTR,2,0.3834745884,0.3960260514,0.2674119473,0.267023542,0.2765354812,0.2720468553,0.07257794589,0.06490355232
7853,CDS + 3'UTR,2,0.253593266,0.3944235642,0.4890118837,0.2681015885,0.1988220513,0.272279015,0.05857277662,0.06519583338
7854,CDS + 3'UTR,2,0.4819183946,0.3948996946,0.2459410131,0.2680690991,0.2216873467,0.2719212217,0.05045321956,0.065109985
7855,CDS + 3'UTR,2,0.329113543,0.3950841147,0.3281327188,0.2678070782,0.2794890702,0.2718741311,0.06326468289,0.0652346768
7856,CDS + 3'UTR,2,0.4434847236,0.3927299861,0.2387302965,0.2684697682,0.2474896312,0.2732019613,0.07029537112,0.06559828473
7857,CDS + 3'UTR,2,0.4473351836,0.393130669,0.2380241603,0.2691627903,0.2474377453,0.2722236106,0.06720290333,0.06548292967
7858,CDS + 3'UTR,2,0.3164452612,0.393005858,0.3085135818,0.269687227,0.2942120731,0.2718708737,0.08082916588,0.06543604066
7859,CDS + 3'UTR,2,0.4364372492,0.3921294205,0.2212845087,0.2693969136,0.2769693732,0.2727413459,0.06530885398,0.06573231979
7860,CDS + 3'UTR,2,0.4311125278,0.3921593223,0.2481613159,0.269735015,0.2559536397,0.2723758193,0.06477246433,0.06572984266
7861,CDS + 3'UTR,2,0.3955566883,0.3917965207,0.2483120561,0.2700724633,0.2908304632,0.2722479591,0.06530081481,0.06588305603
7862,CDS + 3'UTR,2,0.3804124594,0.3909600426,0.2556727827,0.2701126626,0.2965340614,0.272893733,0.06738062203,0.06603356125
7863,CDS + 3'UTR,2,0.4457429051,0.3924759571,0.2223812193,0.2701832177,0.2749085128,0.2717034819,0.05696740746,0.06563734296
7864,CDS + 3'UTR,2,0.3965489566,0.3930188227,0.2506494224,0.2701772319,0.2795712948,0.2712147525,0.07323028147,0.06558919209
7865,CDS + 3'UTR,2,0.3317660093,0.3911440656,0.2910426259,0.2710230617,0.3018260002,0.271880918,0.075365372,0.06595195397
7866,CDS + 3'UTR,2,0.5028737783,0.3917899396,0.228608489,0.2709158951,0.2156294584,0.2714728437,0.05288825929,0.06582132145
7867,CDS + 3'UTR,2,0.4025639892,0.3921393972,0.2676550448,0.2705499263,0.2632798254,0.2715165798,0.06650114059,0.06579409712
7868,CDS + 3'UTR,2,0.3925319016,0.3903906036,0.2622958422,0.2709472938,0.2749662995,0.2723915745,0.0702059865,0.06627052915
7869,CDS + 3'UTR,2,0.3985574543,0.3911455128,0.2561995983,0.2705351243,0.2701468766,0.2721583823,0.07509600371,0.06616098224
7870,CDS + 3'UTR,2,0.2917432785,0.3920170952,0.3026717305,0.2700295504,0.3290753961,0.2719170721,0.07650959492,0.06603628402
7871,CDS + 3'UTR,2,0.3970944583,0.3911241617,0.2315345407,0.2700673543,0.3047269881,0.2724458756,0.06664400548,0.06636261069
7872,CDS + 3'UTR,2,0.4328720272,0.3912689868,0.2679727972,0.2698198747,0.2429833412,0.272369477,0.05617180839,0.06654166398
7873,CDS + 3'UTR,2,0.3998309672,0.3913740318,0.2701168656,0.2688794184,0.2652120888,0.2730160022,0.0648400411,0.06673055119
7874,CDS + 3'UTR,2,0.3457819819,0.3902975734,0.3180335164,0.2688688522,0.2757629156,0.2735699216,0.06042156368,0.06726365634
7875,CDS + 3'UTR,2,0.5155425072,0.3904807169,0.2296766937,0.2688359069,0.2020952851,0.2732832419,0.05268547311,0.06740013794
7876,CDS + 3'UTR,2,0.3176025152,0.3907866392,0.3498029411,0.268845191,0.2700437903,0.2729123132,0.06255080551,0.06745585944
7877,CDS + 3'UTR,2,0.3448643088,0.3891977284,0.2782688439,0.2690803977,0.3003328145,0.2741173942,0.07653400302,0.06760448194
7878,CDS + 3'UTR,2,0.4144527316,0.3921342067,0.2862106562,0.2675964823,0.2409166694,0.2728866873,0.05842002481,0.06738262675
7879,CDS + 3'UTR,2,0.4054514468,0.3915279228,0.2493132055,0.2676130019,0.2759540975,0.2734447477,0.06928128749,0.06741433064
7880,CDS + 3'UTR,2,0.3476818204,0.3897106588,0.2718042433,0.2683114763,0.3170146644,0.2743784668,0.06349927187,0.06759940083
7881,CDS + 3'UTR,2,0.4217911959,0.3933467716,0.2839720249,0.2668760549,0.2409210503,0.2727611104,0.0533156991,0.06701606507
7882,CDS + 3'UTR,2,0.3619762659,0.3933289215,0.2921440303,0.2671245368,0.2775225639,0.272644444,0.06835713238,0.06690210016
7883,CDS + 3'UTR,2,0.3819798231,0.3912245139,0.234924525,0.2691868361,0.3132423759,0.2726190211,0.06985331327,0.06696963175
7884,CDS + 3'UTR,2,0.4718976915,0.3924392663,0.2713553309,0.2681774493,0.204185009,0.2723605393,0.05256195366,0.06702274689
7885,CDS + 3'UTR,2,0.4111228883,0.3930133615,0.2538923025,0.2681840297,0.2681550682,0.2718848741,0.066829741,0.06691773618
7886,CDS + 3'UTR,2,0.3039824963,0.3914152246,0.2971638143,0.2688659845,0.3256607056,0.2724206649,0.07319299877,0.06729812808
7887,CDS + 3'UTR,2,0.4508930743,0.3921947889,0.2431069314,0.2685220791,0.2529738545,0.2721583299,0.05302608758,0.0671248042
7888,CDS + 3'UTR,2,0.3560499549,0.3916248567,0.3088221848,0.269257951,0.2717684805,0.2719307341,0.06335940212,0.06718646027
7889,CDS + 3'UTR,2,0.3497502208,0.3893670361,0.2646943331,0.2698253253,0.3142201304,0.2732341833,0.07133532315,0.06757345628
7890,CDS + 3'UTR,2,0.4652104974,0.39136182,0.281928122,0.2694775956,0.2051393986,0.2719701961,0.0477219969,0.06719038961
7891,CDS + 3'UTR,2,0.3305300474,0.3907546416,0.3052367866,0.2702041054,0.302834779,0.2717461936,0.06139842421,0.06729506049
7892,CDS + 3'UTR,2,0.365558207,0.3885884836,0.2915846407,0.2710471043,0.2730217874,0.2726264935,0.06983536482,0.06773792021
7893,CDS + 3'UTR,2,0.4003344178,0.390483775,0.2759584188,0.2704113334,0.2578835487,0.2716411769,0.06582354009,0.06746371635
7894,CDS + 3'UTR,2,0.3833989203,0.3911993846,0.2630658746,0.2680102445,0.2777308226,0.2731173303,0.07580441236,0.067673042
7895,CDS + 3'UTR,2,0.3162119389,0.3893414967,0.2664181292,0.2683402199,0.3327546716,0.2742499024,0.08461524546,0.06806838289
7896,CDS + 3'UTR,2,0.3987502456,0.3914254807,0.3221707344,0.2673368566,0.2234076262,0.2733078998,0.0556713976,0.06792976512
7897,CDS + 3'UTR,2,0.3912927508,0.3903681602,0.2508136034,0.2676491337,0.2900526226,0.2739863191,0.06784101576,0.06799638867
7898,CDS + 3'UTR,2,0.3627378643,0.3883736361,0.2370732725,0.2684526805,0.3257827163,0.2749994978,0.0744061619,0.06817418737
7899,CDS + 3'UTR,2,0.4080401361,0.3904116035,0.2781549096,0.2678947512,0.2509192526,0.2740227003,0.06288570911,0.06767094624
7900,CDS + 3'UTR,2,0.3268315196,0.3890230272,0.3182856739,0.268769927,0.2847713828,0.2742510602,0.07011140883,0.06795598655
7901,CDS + 3'UTR,2,0.3685850501,0.3890657615,0.2564767301,0.2681406699,0.3038551211,0.2746611826,0.071083121,0.06813238761
7902,CDS + 3'UTR,2,0.4706295729,0.3899877682,0.2896091044,0.267794802,0.1950714588,0.2741175385,0.04468989745,0.06809989228
7903,CDS + 3'UTR,2,0.3645040393,0.38987896,0.2871772349,0.2680704888,0.2781371772,0.273950362,0.07018152624,0.06810019142
7904,CDS + 3'UTR,2,0.3389191031,0.3883779824,0.293374896,0.2693469854,0.2885417044,0.2739574628,0.07916429639,0.06831757086
7905,CDS + 3'UTR,2,0.4258728623,0.3895102698,0.2553411424,0.2689793585,0.2552700937,0.2734748049,0.06351593137,0.06803556909
7906,CDS + 3'UTR,2,0.376968801,0.3893079109,0.2647984922,0.2688643167,0.2922263443,0.2737434072,0.06600634754,0.06808436685
7907,CDS + 3'UTR,2,0.3570489883,0.3888028599,0.2643988431,0.2682560841,0.2930449545,0.2746312095,0.08550724387,0.06830984936
7908,CDS + 3'UTR,2,0.4323502183,0.3885605291,0.2642496228,0.2686960535,0.2466971129,0.2745992245,0.05670312047,0.06814419585
7909,CDS + 3'UTR,2,0.4421933889,0.38898963,0.2269457132,0.2688312205,0.2653555572,0.2741468299,0.06550531834,0.06803232213
7910,CDS + 3'UTR,2,0.3468780816,0.3888763208,0.273902595,0.2689380834,0.300099194,0.2742638089,0.0791201666,0.06792178969
7911,CDS + 3'UTR,2,0.405184269,0.3904487129,0.2316347063,0.2685373431,0.2811630964,0.2733439334,0.08201795816,0.06767001306
7912,CDS + 3'UTR,2,0.3324460685,0.3899434242,0.231033206,0.2688280368,0.3516309559,0.2734195065,0.08488983661,0.06780903549
7913,CDS + 3'UTR,2,0.3852259219,0.3886800833,0.2193800956,0.2692497572,0.3000943661,0.2741145343,0.09529961646,0.06795562804
7914,CDS + 3'UTR,2,0.3683506846,0.3895581357,0.2751146853,0.2689916199,0.2683274746,0.2736784833,0.08820717037,0.06777176405
7915,CDS + 3'UTR,2,0.4435297847,0.3901102684,0.2053133249,0.2688892892,0.2709586024,0.2733498694,0.08019828796,0.06765057645
7916,CDS + 3'UTR,2,0.3248309493,0.3872441217,0.2770372629,0.2701521033,0.3278872371,0.2747373782,0.0702445507,0.06786640044
7917,CDS + 3'UTR,2,0.5555560589,0.3896475732,0.1947311759,0.2689454028,0.1994658262,0.273772458,0.05024699867,0.06763456827
7918,CDS + 3'UTR,2,0.3616003096,0.3888948176,0.2412420213,0.2697312357,0.3161551952,0.2737924706,0.08100248873,0.06758147916
7919,CDS + 3'UTR,2,0.3115166724,0.3890446428,0.3001961112,0.2689239232,0.311224401,0.2742700454,0.07706280798,0.06776139122
7920,CDS + 3'UTR,2,0.5624787807,0.3898888808,0.2039560676,0.268858969,0.1937299371,0.2736593101,0.03983519971,0.06759284176
7921,CDS + 3'UTR,2,0.4399677515,0.3899100594,0.2231601775,0.2689275635,0.2685982585,0.2734562665,0.06827381253,0.06770611266
7922,CDS + 3'UTR,2,0.2948612869,0.3888113942,0.4040252864,0.2691912169,0.2342570722,0.2740529403,0.06685638428,0.06794445096
7923,CDS + 3'UTR,2,0.4928206801,0.3913874369,0.2208745182,0.267889829,0.2276353091,0.2730517361,0.05866945162,0.06767100031
7924,CDS + 3'UTR,2,0.3492797911,0.3915290624,0.2931572497,0.2681861233,0.287743926,0.272733039,0.06981903315,0.06755177779
7925,CDS + 3'UTR,2,0.3522761166,0.38996507,0.2847799659,0.2684607659,0.2832613587,0.2739341419,0.07968259603,0.06764002535
7926,CDS + 3'UTR,2,0.3671632707,0.3909307823,0.2733246982,0.2683313191,0.2913631201,0.2733952384,0.06814890355,0.0673426637
7927,CDS + 3'UTR,2,0.3776016235,0.3918935869,0.2908673584,0.2686345994,0.2615254521,0.2723890034,0.07000558078,0.06708281352
7928,CDS + 3'UTR,2,0.2718242407,0.3906104773,0.2748383582,0.2693218395,0.3612537384,0.2727929173,0.09208358824,0.06727476991
7929,CDS + 3'UTR,2,0.4705253541,0.3918370992,0.2680121064,0.2685059827,0.2134303749,0.2724672923,0.04803212732,0.06718963007
7930,CDS + 3'UTR,2,0.31984514,0.3915484339,0.3396639824,0.2692126058,0.2694861293,0.2721564593,0.0710047707,0.06708250572
7931,CDS + 3'UTR,2,0.3355167508,0.3910064146,0.2909514308,0.2687307972,0.2892738283,0.2729604768,0.08425800502,0.0673023161
7932,CDS + 3'UTR,2,0.5350978971,0.3928854465,0.2165502757,0.2678749789,0.1977101564,0.2720844092,0.0506416373,0.06715516974
7933,CDS + 3'UTR,2,0.3108420372,0.3923881695,0.2969247699,0.2680206291,0.31691432,0.2724213077,0.07531882823,0.06716989768
7934,CDS + 3'UTR,2,0.3332873583,0.3922277749,0.272339046,0.2676760267,0.3122931123,0.272876356,0.08208049089,0.06721984693
7935,CDS + 3'UTR,2,0.4958322644,0.3933556255,0.2478636503,0.2674144834,0.2041288614,0.2722878903,0.05217526108,0.066942005
7936,CDS + 3'UTR,2,0.3588990867,0.3946458358,0.2637124658,0.2670228522,0.3017631769,0.2716164213,0.0756252557,0.06671489491
7937,CDS + 3'UTR,2,0.2877732515,0.3941851992,0.3023079038,0.2662314646,0.3284920454,0.2727879196,0.0814267993,0.06679542074
7938,CDS + 3'UTR,2,0.4794826508,0.3944382723,0.2638792396,0.2664258182,0.2160682678,0.2725462697,0.04056987539,0.06658964455
7939,CDS + 3'UTR,2,0.3253511488,0.3947967596,0.2912985682,0.2667493809,0.295238167,0.2720031623,0.08811207861,0.06645070193
7940,CDS + 3'UTR,2,0.4345312715,0.3937283862,0.1978207529,0.267184044,0.2887634337,0.2727213502,0.07888454944,0.06636622474
7941,CDS + 3'UTR,2,0.4693172276,0.3957031261,0.2206426263,0.2662345715,0.2473389357,0.2719460167,0.06270118803,0.0661162918
7942,CDS + 3'UTR,2,0.3717077971,0.3958924182,0.2777277231,0.2670902655,0.2831599414,0.2710666973,0.06740455329,0.06595062548
7943,CDS + 3'UTR,2,0.3256646991,0.3940164328,0.3245009482,0.2670436665,0.2754765749,0.2726051327,0.07435776293,0.06633477439
7944,CDS + 3'UTR,2,0.4871319532,0.3948255528,0.2212392688,0.2668598529,0.2409586608,0.2722248659,0.05067013949,0.06608973495
7945,CDS + 3'UTR,2,0.3155772984,0.3947776213,0.2818392813,0.2671606503,0.3233141899,0.2720857192,0.07926919311,0.0659760159
7946,CDS + 3'UTR,2,0.462469697,0.3939503893,0.1799498796,0.2675343718,0.2866536379,0.2724590626,0.07092685997,0.06605618238
7947,CDS + 3'UTR,2,0.3831775188,0.3958669238,0.3028526008,0.2666621581,0.2607210279,0.2716553081,0.05324885994,0.06581561617
7948,CDS + 3'UTR,2,0.4268599749,0.3966527879,0.2731091976,0.2665307455,0.2387747318,0.2712885208,0.06125608832,0.06552795121
7949,CDS + 3'UTR,2,0.3894927204,0.3952078845,0.2647486329,0.2667773031,0.2795051932,0.2722741032,0.06625340879,0.06574071352
7950,CDS + 3'UTR,2,0.4175346494,0.3950487513,0.2706125081,0.2676035156,0.2554853559,0.271890448,0.05636746436,0.0654572906
7951,CDS + 3'UTR,2,0.3566713631,0.3951756559,0.2547900379,0.2678688416,0.3107728362,0.2717561129,0.07776580006,0.0651993949
7952,CDS + 3'UTR,2,0.3318047523,0.3953414537,0.3017104268,0.2680466797,0.2985855639,0.2716349024,0.06789921224,0.06497696862
7953,CDS + 3'UTR,2,0.4700751603,0.3969601113,0.2494658828,0.267796981,0.2303280085,0.2704859659,0.05013092235,0.0647569458
7954,CDS + 3'UTR,2,0.3899526,0.3963536043,0.3098470569,0.2686866129,0.2494738102,0.2705681771,0.05072655529,0.06439160956
7955,CDS + 3'UTR,2,0.2862507701,0.3968591686,0.330701828,0.2679838395,0.3130959868,0.2709747631,0.06995139271,0.06418223195
7956,CDS + 3'UTR,2,0.5098786354,0.3968316104,0.2532669008,0.2683538945,0.1928501725,0.2709446948,0.04400423169,0.06386980284
7957,CDS + 3'UTR,2,0.2846438587,0.3980977017,0.3411354721,0.2680283519,0.301933825,0.2702216361,0.07228687406,0.0636523129
7958,CDS + 3'UTR,2,0.4264387488,0.3962076206,0.2216256559,0.2688649753,0.2791226506,0.2712063933,0.07281298935,0.06372101279
7959,CDS + 3'UTR,2,0.472990483,0.3973670226,0.2441168725,0.2686937889,0.2270952761,0.2705469498,0.05579733104,0.06339224074
7960,CDS + 3'UTR,2,0.3493761122,0.3981794722,0.2772918046,0.268114019,0.3007711768,0.2704008022,0.07256094366,0.0633057096
7961,CDS + 3'UTR,2,0.3338979781,0.3960997342,0.3050642908,0.268926145,0.2886549532,0.2713713195,0.07238276303,0.06360280467
7962,CDS + 3'UTR,2,0.5680596828,0.3955373237,0.1880329996,0.2695128881,0.1974262297,0.2714068716,0.04648108035,0.06354291995
7963,CDS + 3'UTR,2,0.3933098614,0.3968448047,0.2586280704,0.2677659739,0.2877466083,0.2718893365,0.06031551212,0.06349988795
7964,CDS + 3'UTR,2,0.3467783034,0.3955819642,0.2933267355,0.2683829667,0.3002732396,0.2724716263,0.05962175876,0.06356344632
7965,CDS + 3'UTR,2,0.4883798659,0.3961993265,0.2435365617,0.2680526429,0.2250427902,0.2722679957,0.04304080829,0.06348003849
7966,CDS + 3'UTR,2,0.3810068667,0.3967928834,0.3214262426,0.267826598,0.2451619059,0.2721194367,0.05240498483,0.06326108501
7967,CDS + 3'UTR,2,0.3482443094,0.3971987685,0.2980861366,0.2677512816,0.285286963,0.2718558246,0.06838259846,0.0631941286
7968,CDS + 3'UTR,2,0.4541797042,0.3974709511,0.2435536385,0.267430225,0.2457184792,0.271999302,0.05654821545,0.06309952509
7969,CDS + 3'UTR,2,0.3266569972,0.3992406231,0.3212241828,0.2673258851,0.2893534899,0.2707421973,0.06276537478,0.06269129885
7970,CDS + 3'UTR,2,0.4218489528,0.3982222698,0.2433834374,0.2673160819,0.2694607973,0.2715609376,0.06530682743,0.06290071559
7971,CDS + 3'UTR,2,0.4808526039,0.3993581702,0.2367713153,0.2662675616,0.2327493727,0.2715910073,0.04962671548,0.06278326551
7972,CDS + 3'UTR,2,0.3257760406,0.4002970146,0.3032366633,0.2659045635,0.2999736667,0.2713309658,0.07101359963,0.06246746052
7973,CDS + 3'UTR,2,0.3875028491,0.3982850611,0.2483902276,0.2666411947,0.2942874134,0.2724297838,0.06981948018,0.06264396534
7974,CDS + 3'UTR,2,0.4736269712,0.3996099554,0.2421424091,0.2661823526,0.2306535691,0.2717557757,0.05357705802,0.06245192197
7975,CDS + 3'UTR,2,0.4194287658,0.4006303031,0.2350876331,0.2660876343,0.2790371478,0.2711321244,0.06644643843,0.06214994398
7976,CDS + 3'UTR,2,0.3618993163,0.3991427724,0.2588597238,0.266372384,0.317127496,0.2721790504,0.06211346388,0.0623057984
7977,CDS + 3'UTR,2,0.4115386009,0.3997815611,0.2663618922,0.266414605,0.2707206309,0.2717094611,0.05137892067,0.06209437845
7978,CDS + 3'UTR,2,0.3914168477,0.4015881467,0.2629582882,0.2658356808,0.2823341191,0.2707936129,0.06329075247,0.06178256521
7979,CDS + 3'UTR,2,0.3225702643,0.4003111876,0.3129279613,0.2658677536,0.3083742857,0.2716907497,0.05612753332,0.06213031422
7980,CDS + 3'UTR,2,0.48481071,0.4015605216,0.2423278689,0.2654439067,0.2227447033,0.2712982928,0.05011677369,0.06169728482
7981,CDS + 3'UTR,2,0.3837284148,0.4010016954,0.3249322474,0.2665900618,0.2335095704,0.2710022734,0.05782981589,0.06140597525
7982,CDS + 3'UTR,2,0.3205507398,0.3998238413,0.2858811915,0.267382259,0.3181462884,0.271410262,0.07542181015,0.06138364399
7983,CDS + 3'UTR,2,0.4292336404,0.4003171053,0.2724721432,0.2672007596,0.2477158308,0.2712041273,0.05057837069,0.061278014
7984,CDS + 3'UTR,2,0.3350845873,0.401650184,0.3174386919,0.266177542,0.2774099708,0.2711278336,0.0700667724,0.06104444706
7985,CDS + 3'UTR,2,0.3596943021,0.40009597,0.285238862,0.2669946015,0.2851375639,0.271676364,0.06992924958,0.06123307083
7986,CDS + 3'UTR,2,0.5302915573,0.4016611306,0.1950213909,0.2667197,0.2279259861,0.270720108,0.04676105082,0.06089906857
7987,CDS + 3'UTR,2,0.4199181199,0.4005137991,0.2538858354,0.2683568664,0.2637019753,0.2704194753,0.06249404699,0.06070986496
7988,CDS + 3'UTR,2,0.3167579472,0.4008471891,0.2839742303,0.2676934869,0.3255437016,0.2706059839,0.07372410595,0.06085334582
7989,CDS + 3'UTR,2,0.4294627309,0.4003371345,0.2930427194,0.2675872965,0.2346631438,0.2712301261,0.04283148423,0.06084544891
7990,CDS + 3'UTR,2,0.3570304513,0.4005540228,0.2951286733,0.2676440698,0.2893523872,0.2710646248,0.05848851055,0.06073728971
7991,CDS + 3'UTR,2,0.4184480906,0.4002074794,0.2458617538,0.2675834894,0.2714662552,0.2713825691,0.06422385573,0.06082646982
7992,CDS + 3'UTR,2,0.4619386792,0.4011144818,0.2110573053,0.2678500197,0.2597160339,0.2705619385,0.06728801131,0.06047356711
7993,CDS + 3'UTR,2,0.3367053568,0.4025891569,0.2905506492,0.2671295855,0.3066712618,0.2699656911,0.06607271731,0.06031557466
7994,CDS + 3'UTR,2,0.4087958336,0.4011220699,0.2188928127,0.267513579,0.3008543551,0.2708273799,0.07145696133,0.06053698014
7995,CDS + 3'UTR,2,0.4413251281,0.4013702803,0.2349177301,0.266572835,0.2685531378,0.2713019037,0.05520395935,0.06075498958
7996,CDS + 3'UTR,2,0.4261182547,0.4039866328,0.2509938478,0.2651153579,0.2700425386,0.2703520381,0.05284535512,0.06054598042
7997,CDS + 3'UTR,2,0.4043495655,0.4015240281,0.2616610527,0.2653909035,0.2782464027,0.2721544071,0.05574299023,0.06093067225
7998,CDS + 3'UTR,2,0.4543524683,0.4043068893,0.2275471091,0.2635874613,0.2633997202,0.2714453733,0.05470072478,0.0606602865
7999,CDS + 3'UTR,2,0.3765126467,0.4037670878,0.2538145185,0.26461092,0.2995325923,0.2712581227,0.07014031708,0.06036387911
